persona_id,nombre,familia_norm,pais_base,anio_nacimiento,ocupacion,grado,betweenness,pagerank,comunidad,componente
4127,Luis Felipe Villarán,villarán,peru,1845,"Abogado , catedrático universitario y político",410,517714.34052200976,5.537002491798682e-4,1,1
6140,Walter Humala,humala,peru,1951,Cantautor y Músico,557,473134.02319157176,6.449631554294357e-4,1,1
4148,Luis Jaime Cisneros,cisneros,peru,1921,"Escritor , periodista , poeta , lingüista y profesor universitario",364,391641.1981940222,5.713772472725381e-4,1,1
3248,José Evaristo Uriburu,álvarez_de_arenales,argentina,1831,Abogado,398,328970.067365829,8.115692182238283e-4,2,1
5185,Pastor Obligado,obligado,argentina,1818,Abogado,324,267974.40099922166,6.587663958332918e-4,2,1
2543,Guido Di Tella,di_tella,argentina,1931,Ingeniero Economista,276,240510.30193736675,5.818834956768783e-4,2,1
5217,Patrocinio González Garrido,ortiz_mena,mexico,1934,Político,194,212888.57149853342,4.89333976679242e-4,6,1
2334,Francisco Uriburu (hijo),uriburu,argentina,1872,Político Periodista,313,208066.9770902311,6.087027019385792e-4,2,1
1324,Cuauhtémoc Cárdenas,cárdenas,mexico,1934,Político,266,198005.3877313392,5.776498463698164e-4,6,1
1395,Demetrio Sodi de la Tijera,sodi,mexico,1944,Empresario y político,169,188637.6025836135,4.985452783627969e-4,6,1
5663,Roque Sáenz Peña,sáenz_peña,argentina,1851,"Abogado , diplomático , político y militar",263,168155.09016868274,6.464292474714839e-4,2,1
2565,Guillermo Fernández de Soto,camacho,colombia,1953,"Abogado, político y diplomático",219,163071.35222693332,3.9207108725091983e-4,7,1
2889,Jaime Arrubla Paucar,arrubla,colombia,1953,Abogado,172,146223.6023766568,3.495435872836521e-4,7,1
5467,Rafael Roncagliolo,orbegoso,peru,1944,Sociólogo periodista profesor columnista,235,144957.98810953085,3.9003927960934263e-4,1,1
5976,Tomás Lander,lander,venezuela,1787,"Político , Periodista , Empresario , Publicista",177,144923.44186069767,3.708595306418371e-4,4,1
2039,Felipe Tudela y Barreda,osma,peru,1915,"Diplomático , catedrático y abogado",272,142763.11657494796,3.9763178941468197e-4,1,1
3494,José de la Puente Radbill,de_la_puente,peru,1921,Abogado,261,131849.50565206105,4.011908373829614e-4,1,1
582,Antonio Guzmán Blanco,blanco_venezuela,colombia,1829,militar político diplomático estadista caudillo,178,129768.97285309422,3.6126313810399245e-4,4,1
989,Carlos Lozano y Lozano,lozano,colombia,1904,"Abogado , político , diplomático",254,129197.75584900191,4.082219966236991e-4,4,1
2000,Federico Varela Cortés de Monroy,cortés_de_monroy,chile,1826,Político,27,128178.25876484753,1.651475641807396e-4,13,1
5021,Nemesio Camacho,camacho,colombia,1869,Abogado,265,125945.72478517353,4.2419504266285127e-4,4,1
4852,Melchor de Santiago Concha y Cerda,concha_chile,chile,1799,Político,313,118958.75288726008,4.0052021855625276e-4,1,1
1475,Domingo Faustino Sarmiento,sarsfield,argentina,1811,"Docente , político , escritor",202,115180.38774364283,4.22987108740876e-4,4,1
533,Anselmo Rojo,rojo,argentina,1799,Militar,181,115143.96297300025,3.255034902217428e-4,4,1
2283,Francisco Melo,portales,chile,1966,Actor y productor,336,110907.42216036706,4.313725496871705e-4,4,1
4080,Luis Bedoya Reyes,bedoya,peru,1919,Político y abogado,345,110351.41278399657,5.114625144677686e-4,1,1
2494,Gonzalo Alegría,alegría,peru,1962,"Economista , sociólogo y escritor",418,108523.66413438109,6.740804504044987e-4,1,1
3173,José Antonio Meade Kuribreña,garcía_de_león,mexico,1969,"Político , economista y abogado",169,108113.00853884299,3.6553437722251406e-4,5,1
499,Andrés Velasco Brañes,velasco_chile,chile,1960,"Economista , académico , investigador , consultor y político",167,107441.31383280986,3.506385444461037e-4,5,1
771,Bartolomé Mitre,mitre,argentina,1821,"militar , político , historiador , escritor , periodista , estadista",226,107301.51701500425,4.3508454754741704e-4,4,1
3708,Juan Mario Laserna,laserna,colombia,1967,Político y economista,173,106946.60464802716,3.1289025440269403e-4,7,1
4267,Manuel Amador Guerrero,amador,colombia,1833,"Político , médico",281,105779.932610716,4.5175192099898776e-4,7,1
5034,Nicolás Avellaneda,avellaneda,argentina,1837,Abogado,253,104549.26521344189,5.442315186919842e-4,2,1
6043,Valentín Alsina,maza,argentina,1802,Abogado,237,101992.57607699008,4.6577797191729324e-4,4,1
1855,Eustorgio Salgar,salgar,colombia,1831,"Abogado , militar y político",237,100523.31313529637,3.6661085973796253e-4,4,1
690,Arturo Salazar Larraín,salazar_y_meléndez,peru,1926,Abogado y periodista,295,99414.69379429014,4.112092790667002e-4,1,1
354,Alfredo Toro Hardy,toro_venezuela,venezuela,1950,"Autor , académico , diplomático",41,98483.1574405181,1.9489679612940737e-4,10,1
4952,Miguel Mariano de Villegas,villegas,argentina,1771,"Jurisconsulto , político y funcionario argentino",386,97969.32593997088,5.379796369171298e-4,4,1
2974,Jesús Reyes-Heroles González-Garza,reyes_heroles,mexico,1952,"Político , diplomático , economista y empresario",128,97445.40715830395,3.4824143723110945e-4,6,1
2723,Hipólito Yrigoyen,cambaceres,argentina,1852,"Abogado , comisario , estanciero y profesor",272,95628.25334784506,6.663051650359783e-4,2,1
3953,León Errázuriz,errázuriz,chile,1968,"Director, productor, guionista, montajista",139,95473.82424403654,2.812979800997918e-4,5,1
937,Carlos Cruz-Coke Ossa,cruz-coke,chile,1932,Jurista,353,93133.4922958617,4.470943084300723e-4,4,1
3372,José María Quijano Wallis,mosquera,colombia,1847,Abogado,180,93102.2347486175,3.626187004436655e-4,3,1
916,Carlos Arango Vélez,borrero,colombia,1897,Abogado,235,92638.89891502308,3.49160917913027e-4,4,1
202,Alberto Rodríguez Saá,rodríguez_saá,argentina,1949,"Abogado , profesor de Pintura Plástica",204,90658.02976315573,4.945463937586143e-4,2,1
1334,Dalmacio Vélez Sarsfield,sarsfield,argentina,1800,"Abogado , político , profesor",216,89711.23470463666,4.231434409377299e-4,4,1
5642,Rodrigo Wainraihgt,kast,chile,1978,"Político (desde 2016) , personalidad televisiva (2011-2014) y abogado (desde 2005)",398,89224.73450211491,4.896030808701232e-4,4,1
2925,Javier Diez Canseco,cisneros,peru,1948,Abogado y Sociólogo,387,87823.11733286518,5.649120077557268e-4,1,1
2729,Horacio Rodríguez Larreta,rodríguez_larreta,argentina,1965,"Político , economista",222,86363.97584324332,5.529177872916355e-4,2,1
636,Aquilino Villegas Hoyos,villegas_colombia,colombia,1880,"Político, poeta, escritor",251,85351.55192205943,4.338424638837651e-4,7,1
1073,Carmelo Arango,borrero,colombia,1854,"Político , abogado",160,85076.73421603092,2.8830313560703944e-4,3,1
5608,Roberto Rocca,rocca,argentina,1922,"Empresario , filántropo",13,85052.00000000001,1.5323644511342022e-4,15,1
51,Ántero Flores-Aráoz,aráoz,peru,1942,Abogado,375,83747.95088800091,5.842419961828482e-4,1,1
2089,Fernando Lazcano Echaurren,echaurren,chile,1848,"Abogado , político y terrateniente",611,82094.8161617389,6.940174310543115e-4,4,1
1360,Dante Caputo,caputo,argentina,1943,"Diplomático , político y politólogo",109,81633.2553674051,2.792634147182475e-4,2,1
3206,José Cabero y Salazar,salazar_y_muñatones,peru,1777,Magistrado y catedrático universitario,246,81346.09211282866,4.1215966010233547e-4,1,1
831,Bernardo O'Higgins,cruz_chile,chile,1778,"Militar , político y escritor",267,80968.5210379425,5.345254811727502e-4,1,1
2071,Fernando Castillo Velasco,velasco_chile,chile,1918,Arquitecto y político,159,80711.2142033476,2.714446863807918e-4,5,1
2976,Jesús Silva-Herzog Flores,silva_herzog,mexico,1935,Economista,164,80551.60309294671,4.4343327826222047e-4,6,1
4617,Marco Aurelio Denegri,denegri,peru,1938,"Crítico literario , lingüista y sexólogo",255,79825.47332956722,3.764170138126766e-4,1,1
4760,Marquesado del Valle de Oaxaca,cortés_de_monroy,chile,NA,NA,11,79725,1.4610611478936393e-4,13,1
3051,Jorge Alessandri,velasco_chile,chile,1896,"Ingeniero civil , emprendedor , político e ingeniero",601,79224.63924257366,6.796383969170874e-4,4,1
3893,Julio Subercaseaux,subercaseaux,chile,1926,Político,544,78920.54196166602,6.408827812788353e-4,4,1
3671,Juan Lozano y Lozano,lozano,colombia,1902,"Intelectual, periodista, político, poeta",151,78444.33372232178,2.884216886232462e-4,3,1
2568,Guillermo Garrido-Lecca Frías,álvarez_calderón,peru,1917,Médico,265,77565.11576929023,4.021281441734734e-4,1,1
2079,Fernando Errázuriz,errázuriz,chile,1777,Político,323,77323.59668600267,5.09464355635996e-4,8,1
869,César Acuña,acuña,peru,1952,Empresario,54,75767.72020980858,2.4734843367001086e-4,1,1
1988,Federico Pinedo (hijo),pinedo,argentina,1895,"Abogado, economista",213,75525.86895765636,4.999687469624093e-4,2,1
4965,Miguel Tedín,güemes,argentina,1852,Ingeniero,210,74492.04992290532,5.028348051331125e-4,2,1
4253,Magdalena de Guzmán,pizarro,chile,1550,NA,3,74424,5.92543049564209e-5,13,1
5650,Rojo Edwards,edwards,chile,1977,Político,256,73875.65384294253,3.94848186922369e-4,5,1
3092,Jorge Heraud Pérez,heraud,peru,1939,NA,268,73221.61689050868,4.128750657790719e-4,1,1
159,Alberto Benavides Ganoza,benavides_perú,peru,1949,"Poeta , escritor , filósofo , gestor cultural , agricultor y profesor universitario",143,72142.61221649722,2.8798966778749495e-4,1,1
2663,Henrique Capriles,capriles,venezuela,1972,Abogado y Político,30,72074.94197859043,2.799736588684279e-4,10,1
5854,Simón Bolívar,bolívar,colombia,1783,Militar y político,32,71365.58389074959,3.1009967668171727e-4,10,1
3006,Joaquín Lavín León,lavín,chile,1979,Administrador de empresas y político,206,71263.74282522996,3.3770469203216896e-4,5,1
2701,Hernando Groot Liévano,groot,colombia,1917,NA,126,71037.97283490839,3.102757288504013e-4,3,1
2125,Fernando Tola Mendoza,de_habich,peru,1915,Filólogo,270,70872.69270247286,4.415274236685335e-4,1,1
5611,Roberto Urdaneta,urdaneta,colombia,1890,"Periodista, político, diplomático",220,70787.02671458716,3.953581416765333e-4,8,1
1653,Emilio Cárdenas,montes_de_oca,argentina,1944,"abogado , diplomático , analista internacional, director ejecutivo",148,69900.71760551537,3.4375470154818894e-4,2,1
3861,Julio Ernesto Portugal,portugal,peru,1894,Médico y político,265,69721.03293974097,4.4899398763016923e-4,1,1
2319,Francisco Santos Calderón,calderón_colombia,colombia,1961,Periodista y político,200,69443.59865727132,3.591378638322532e-4,4,1
4765,Martín Cortés Zúñiga,moctezuma,mexico,1532,Explorador,17,69121.00000000001,2.235784099930495e-4,13,1
6048,Vanessa Ciangherotti,soler,mexico,1974,"Actriz , actriz de televisión, modelo",17,69121,1.7036714683419182e-4,15,1
5387,Raúl Bolaños Cacho Cué,bolaños_cacho,mexico,1988,Político,59,68505.48840430447,1.9399197523353086e-4,6,1
253,Alejandro Char,char,colombia,1966,Ingeniero Civil,210,68219.05515980363,3.620163127795803e-4,4,1
2621,Gustavo Monckeberg Barros,monckeberg,chile,1914,Médico y político,638,67952.6919591481,7.745265832255217e-4,4,1
361,Alicia Cañas,zañartu,chile,1901,"Política , suffragette y alcaldesa",222,67668.11933707699,3.1372755651271625e-4,8,1
4830,Mauricio Macri,awada,argentina,1959,"Empresario , político e ingeniero civil",97,66932.94953128665,3.887796683912624e-4,2,1
2549,Guillermo Bermúdez,samper,colombia,1924,Arquitecto,163,66675.67964965539,2.810364527371923e-4,5,1
2923,Javier Correa Elías,belaúnde,peru,1898,Abogado y diplomático,314,65990.004123418,4.1499382465545005e-4,1,1
5709,Sótero del Río,del_río_chile,chile,1900,"Médico cirujano , académico , investigador , empresario , dirigente gremial y político",558,65612.18398142915,6.196721498031839e-4,4,1
923,Carlos Boloña,acuña,peru,1950,Economista y Político,54,64798.43336348089,2.169518937322639e-4,1,1
5967,Tomás Cipriano de Mosquera,arboleda,colombia,1798,"Militar , Político y Escritor",220,64783.754062805725,3.453483005683565e-4,4,1
5997,Torcuato Di Tella (hijo),di_tella,argentina,1929,"Sociólogo , teórico social , historiador , autor .",193,64606.41231233972,4.163317318441826e-4,2,1
4967,Miguel Uribe Londoño,quintero,colombia,1952,"Abogado , economista , periodista , empresario y político",167,64158.87406608843,3.0299848930556185e-4,8,1
5104,Omar Fayad,derbez,mexico,1962,"Abogado , político y profesor",168,63571.448823866085,4.933110423579126e-4,6,1
4182,Luis Redonet y López-Dóriga,lópez-dóriga,mexico,1875,Político,139,63314.06740917854,2.8895590295587335e-4,8,1
5610,Roberto Urdaneta,caro,colombia,1890,"Periodista, político, diplomático",220,63208.59960277674,3.7481597664440925e-4,8,1
5139,Pablo Lanusse,lanusse,argentina,1965,Abogado,79,63169.29268508774,2.4341208856735322e-4,2,1
2683,Hernán Garrido Lecca,garrido-lecca,peru,1960,Economista,264,63123.62936948986,4.001212478558532e-4,1,1
4968,Miguel Uribe Turbay,quintero,colombia,1986,Abogado y político,218,62735.83676865352,3.732549369712979e-4,4,1
22,Álvaro Uribe Vélez,uribe,colombia,1952,"Abogado , escritor y político",216,62585.318644028775,3.5346162923135914e-4,4,1
2823,Isaac Humala,humala,peru,1931,Abogado,268,61466.75498424275,4.723450469439493e-4,1,1
2908,Jaime Thorne León,thorne,peru,1943,Abogado y político,158,60012.25270441225,3.3766614837292053e-4,1,1
5847,Silvia Pinal,pinal_hidalgo,mexico,1931,Actriz,113,59886.32044668736,3.7749879573644796e-4,6,1
2470,Gilberto Rincón Gallardo,rincón-gallardo,mexico,1939,Político y activista,72,58971.838886050624,3.1792278045130834e-4,6,1
2158,Florentino González,ibáñez_colombia,colombia,1805,Abogado,179,58967.83379460057,2.839191294496284e-4,4,1
2091,Fernando Lerdo de Tejada Luna,lerdo_de_tejada,mexico,1951,Abogado y político,116,58770.61330442572,3.0685697089129514e-4,6,1
965,Carlos Holguín Mallarino,caro,colombia,1832,"Político, abogado, militar, escritor, periodista y diplomático",166,58746.095666491565,3.0926467624193383e-4,3,1
5803,Sebastián Piñera,echenique,chile,1949,"Político , empresario , economista , inversor, consultor , ingeniero , dirigente deportivo y emprendedor",284,58743.39154332027,4.532908731850259e-4,5,1
2583,Guillermo Quintero Calderón,calderón_colombia,colombia,1832,"Militar, político y empresario",174,58660.19752557194,3.123203439618911e-4,7,1
4429,Manuel Vial,vial,chile,1894,NA,2,58509,3.874629935103582e-5,25,1
4437,Manuel Yrigoyen Arias,diez_canseco,peru,1829,"Abogado , diplomático , catedrático universitario",277,58264.94364898038,4.808044668564182e-4,1,1
3336,José Manuel Marroquín,nariño,colombia,1827,Escritor educador político periodista Estadista,171,58135.206257875194,3.3528319556066404e-4,8,1
4684,Mariano Ospina Vásquez,ospina,colombia,1869,"Político, militar, empresario",178,57943.73233549164,3.155167200279448e-4,7,1
1989,Federico Pinedo (padre),pinedo,argentina,1855,abogado,181,57715.62158194599,3.418011347084082e-4,8,1
3346,José María Arguedas,bustamante,peru,1911,"Narrador , poeta , educador , antropólogo , etnólogo , periodista , traductor .",251,57658.61570343779,3.896410843338144e-4,1,1
4291,Manuel Belgrano,belgrano,argentina,1770,"Abogado , periodista , político , diplomático , economista y militar",40,57331.72629757147,2.279462780024002e-4,2,1
4850,Melchor Concha y Toro,concha_chile,chile,1833,"Político , abogado y empresario",629,55648.521612643206,7.251625422570008e-4,4,1
3196,José Barraquer,barraquer,colombia,1916,Oftalmólogo,53,55176.450035778405,2.1880938782196086e-4,14,1
5149,Pablo Ruiz-Tagle,vial,chile,1959,"Abogado , jurista , asesor y profesor universitario",326,54524.934860273286,3.7295043885840235e-4,4,1
2719,Hipólito Francisco de Villegas,villegas,argentina,1761,Político,86,54103.05417471272,3.118267441563995e-4,2,1
5778,Santiago de Estrada,estrada,argentina,1935,"Político , diplomático y académico",34,53904.997552567176,2.1570518674969956e-4,2,1
3540,Juan Antonio Lavalleja,lavalleja,uruguay,1784,"Militar , político y gobernante",94,53812.04261313884,2.921460960189943e-4,8,1
2057,Fernando Alfaro Maciel,maciel,argentina,1791,"Hacendado, político y funcionario",25,53675.24812302527,2.0446964300704183e-4,2,1
1314,Cristian Castro,valdés,mexico,1974,"Cantante , compositor , cantautor y productor discográfico",15,53200,2.0627177580553058e-4,25,1
327,Alfredo Barnechea,segurola,peru,1952,"Político , periodista y escritor",65,53120.56407650448,1.83215781534949e-4,1,1
3375,José María Rivas Groot,groot,colombia,1864,Escritor e historiador,242,52584.013450017796,4.498982260193965e-4,7,1
3553,Juan B. Justo,justo,argentina,1865,Médico,222,52500.89161970934,4.935835579079533e-4,2,1
4407,Manuel Romero Rubio,díaz,mexico,1828,"Político , abogado y ministro",168,52374.14000687925,2.797159065883674e-4,4,1
2901,Jaime Larraín García-Moreno,valdés_chile,chile,1896,"Político , abogado y empresario",585,52093.953059885716,7.20855358901406e-4,4,1
5292,Pedro Michel Corona,villa_michel,mexico,1788,Político,163,51317.152640898414,2.6735980093150346e-4,4,1
2377,Franklin Pease García Yrigoyen,yrigoyen,peru,1939,Historiador y Escritor,197,51031.52233495948,3.212790764602433e-4,1,1
126,Agustín Edwards Ossandón,edwards,chile,1815,Político y empresario,178,50803.73238477294,3.1141955275202114e-4,5,1
5505,Ramón Valdivieso,valdivieso,chile,1902,Médico cirujano y académico,487,50492.317017947214,5.612563792890945e-4,4,1
4626,Marcos Paz,paz,argentina,1811,Abogado (con grado militar),195,49861.51447685738,3.4917727878286625e-4,4,1
6088,Vicente Torrijos,torrijos,colombia,1962,Politólogo e internacionalista,73,49472.94785547527,2.1728880989481403e-4,7,1
2395,Gabriel González Videla,videla,chile,1898,Abogado y político,345,49424.47112719298,4.129136767653098e-4,4,1
5061,Nicolás Yerovi,cano,peru,1951,"Escritor, periodista, poeta, dramaturgo, humorista",140,48954.10793315999,3.372515769797633e-4,1,1
3459,José Sanz de Santamaría,galeano,colombia,1767,Político y militar,88,48754.78313188129,2.644869348533319e-4,3,1
4396,Manuel Piqueras Luna,lavalle,peru,1946,Sociólogo y Político,170,48489.090098996,3.504900587517892e-4,1,1
709,Augusto Bunge,bunge,argentina,1877,"Médico, político, escritor, traductor, periodista",187,48327.21595817518,4.2765169845434745e-4,2,1
3617,Juan Francisco Sans,palacios_venezuela,venezuela,1960,"Compositor , pianista , concierto , profesor universitario y musicólogo",28,48150.240705910015,2.3067376707931853e-4,10,1
4723,Mario Polar Ugarteche,polar,peru,1912,Político y escritor,111,47339.563521047254,2.0564462477378384e-4,5,1
3018,Joaquín Prieto Hurtado,warnes,chile,1863,"Abogado , empresario y político",448,47163.685967924415,5.217593209953744e-4,4,1
4398,Manuel Prado Ugarteche,málaga,peru,1889,Ingeniero civil y político,302,46962.200270294175,4.95787434524693e-4,1,1
90,Adolfo Alsina,maza,argentina,1829,"Abogado , militar",217,46817.93482594064,3.840431287239523e-4,4,1
2891,Jaime Bulnes Sanfuentes,bulnes,chile,1923,Político y empresario,368,46816.579227444345,5.081171595074098e-4,5,1
2872,Iván Duque,duque,colombia,1976,"Político , abogado y escritor",186,46425.47963452803,3.1045813943410944e-4,4,1
1014,Carlos Ortiz de Zevallos Paz Soldán,del_solar,peru,1908,Diplomático y Político,193,46057.149225633635,2.9971248853474434e-4,1,1
4698,Mariano de Silva y Carvajal,carvajal_y_vargas,chile,1875,Político,56,45769.729228999866,1.9223552913617644e-4,9,1
276,Alejandro Neyra,neyra,peru,1974,"Abogado , escritor , diplomático",355,45598.720377074445,5.479230434822146e-4,1,1
5503,Ramón Subercaseaux Vicuña,errázuriz,chile,1854,"Pintor , diplomático , político y escritor",502,45518.58432266263,6.477982204355059e-4,4,1
2198,Francisco Bullrich,bullrich,argentina,1929,Arquitecto y pintor,139,44987.95136523901,0.00036089084256465856,2,1
2913,Jaime de Althaus,althaus,peru,1950,"Antropólogo , periodista y escritor",134,44501.125486694604,2.91259253907966e-4,1,1
5651,Rolando Ames,amez,peru,1938,"Abogado , sociólogo , politólogo y político",253,44481.6047087614,4.1731592965959087e-4,1,1
4623,Marcos Cueto,cueto_caballero,peru,1957,"Historiador , profesor universitario e investigador",155,44316.30785355041,2.8538703778874984e-4,1,1
3686,Juan Manuel Gómez Robledo,gómez-robledo,mexico,1959,Diplomático y Jurista,56,44089.13800250816,1.9020601348044558e-4,6,1
3397,José Miguel Carrera Fontecilla,pinto_chile,chile,1821,Político y militar,165,43932.92932974579,2.706256410910955e-4,4,1
240,Alejandro Aragón,bichir,mexico,1961,"Actor de televisión, actor de teatro y actor de cine",60,43754.3456405351,2.445108603637649e-4,6,1
4870,Mercedes Fontecilla,pinto_chile,chile,1799,Política,12,43290.52273272448,8.00326332701111e-5,9,1
5179,Paola Félix Díaz,llaca,mexico,1987,Política y activista social,16,42620.96615468871,1.4457106732417485e-4,6,1
1171,Celia Bustamante,bustamante,peru,1910,Gestora cultural,13,42576.00000000002,9.541539629383257e-5,1,1
5621,Rodolfo Enrique Zea,zea,colombia,1966,Economista,163,42072.13020144753,2.962193941712742e-4,8,1
2388,Gabino Uribe,uribe,peru,1782,Doctor en Teología y Jurisprudencia,244,41964.91695405805,3.329353029347888e-4,1,1
2606,Gustavo Alessandri Valdés,balmaceda,chile,1929,Abogado y político,346,41817.59001684165,4.718031745207351e-4,5,1
3116,Jorge Nieto,montesinos,peru,1951,Sociólogo,135,41655.77001646886,2.48929530709269e-4,1,1
227,Aldo Cantoni,cantoni-bravo,argentina,1892,"Dirigente Del C.A. Huracán , Presidente de la A.F.A.",64,41486.42570889974,1.903823266847098e-4,5,1
613,Antonio Santamarina,santamarina,argentina,1880,Político y coleccionista de arte,147,41471.004158948956,2.9836471567583453e-4,8,1
4896,Miguel Abadía Méndez,álvarez_del_casal,colombia,1867,"Abogado , humanista",214,41079.878228686604,3.6083297112075944e-4,8,1
3340,José Manuel Restrepo Abondano,restrepo,colombia,1970,"Economista , académico y político",199,41004.19240592486,3.165722662164789e-4,8,1
3017,Joaquín Prieto Concha,warnes,chile,1892,"Abogado , empresario y político",450,40972.71721813164,5.167233885238581e-4,4,1
4106,Luis Dibós Vargas-Prada,dibós,peru,1946,Ingeniero agrónomo,137,40935.768953278144,2.8394342182538375e-4,1,1
1349,Daniel Olaechea,olaechea,peru,1884,"Abogado , agricultor",285,40679.56042909699,4.8520590563355534e-4,1,1
1420,Diego Fernando Gómez,acevedo_colombia,colombia,1786,Político,130,40677.63176017974,2.9656385722819214e-4,3,1
6146,Xavier Icaza,lópez_negrete,mexico,1892,"Abogado , Escritor",29,40448.84012428875,1.486435721826419e-4,6,1
2579,Guillermo O'Donnell,o'donnell,argentina,1936,"Profesor universitario , escritor , politólogo , abogado e hispanoamericanista",136,40322.309512943335,3.294236008719949e-4,2,1
339,Alfredo Ferrero Diez-Canseco,diez_canseco,peru,1962,Abogado,134,40202.24703804441,2.480477241363971e-4,1,1
1347,Daniel Noboa,noboa,ecuador,1987,"Empresario , político y administrador",46,40091.52052185078,2.0852134346496353e-4,10,1
2881,Jack Schlossberg,onassis,argentina,1993,Escritor,54,39868.45924736858,1.9932906607105083e-4,11,1
2611,Gustavo Díaz Ordaz,díaz_ordaz,mexico,1911,"Abogado , político y diplomático",111,39672.38495295239,3.47698116970836e-4,6,1
3170,José Antonio Kast,kast,chile,1966,NA,186,39671.066314339,3.274801596434838e-4,5,1
4409,Manuel Salazar y Baquíjano,salazar_y_muñatones,peru,1777,Político,11,39625.84607000676,1.3252611626969884e-4,10,1
2734,Horacio Walker,walker_chile,chile,1887,Abogado y político,294,39567.38770321491,4.1037121753334386e-4,5,1
751,Aurelio García y García,garcía_y_garcía,peru,1836,"Político , militar y diplomático",289,39446.90542832059,4.862966498023094e-4,1,1
5820,Sergio Díaz-Granados,díaz_granados,colombia,1968,Abogado,178,39404.28040200632,3.0758194075854883e-4,4,1
5700,Rufino Cuervo,cuervo,colombia,1801,"Político , diplomático , periodista .",223,39256.249312403466,3.7502991958606385e-4,8,1
2323,Francisco Solano López,lópez_carrillo,paraguay,1827,militar y diplomático,136,39225.489381770916,2.893775385758724e-4,5,1
2084,Fernando Gómez-Mont Urueta,gómez-mont,mexico,1963,Abogado y político,139,39214.3565530829,2.8352004584883964e-4,5,1
4164,Luis Matte Valdés,matte,chile,1933,Político e ingeniero,204,39150.19384283414,2.944246048218648e-4,4,1
94,Adolfo Bioy Domecq,ocampo,argentina,1882,Abogado,181,39148.13624161873,4.552010461465154e-4,2,1
60,Óscar Jiménez Pinochet,pinochet,chile,1915,"Médico cirujano , diplomático y político",423,39007.27746966274,4.843972650224881e-4,4,1
5893,Susana Correa,borrero,colombia,1967,Ingeniera Industrial y Política,23,38841.49563925136,1.0165552136634317e-4,8,1
4948,Miguel Luis Amunátegui Johnson,amunátegui,chile,1909,Abogado y político,348,38808.0181344212,4.691476269015671e-4,5,1
5618,Rodolfo D'Onofrio,yoma,argentina,1949,Dirigente y empresario,166,38592.63661463944,4.183411789376896e-4,2,1
222,Alberto Zaldívar,zaldívar,chile,1929,"Abogado , consultor y político",285,38487.841517049106,3.9710457052744447e-4,5,1
944,Carlos Enrique Ferreyros Urmeneta,ferreyros,peru,1926,"Periodista . maestro , poeta , Político y abogado",252,38472.58767268492,3.835647809158829e-4,1,1
176,Alberto Fujimori,fujimori,peru,1938,Político e ingeniero agrónomo,50,38422.652886167314,2.1771486661042785e-4,1,1
3487,José de San Martín,balcarce,argentina,1778,Militar y político,27,38408.11436356611,2.5374330878462733e-4,9,1
1573,Eduardo Vásquez Jaramillo,ospina,colombia,1850,"Político , Terrateniente , Banquero",159,38168.823844804305,2.9253874861083316e-4,7,1
3121,Jorge Prat,echaurren,chile,1918,Político y abogado,209,37982.02379766519,3.398812032812201e-4,5,1
4593,Marcela Robles,robles,peru,1952,Escritora Poeta Cineasta Periodista,7,37741.72644198735,7.171907357284261e-5,1,1
575,Antonio García de León,garcía_de_león,mexico,1944,Historiador y profesor universitario,61,37635.510847969505,2.0233914456717697e-4,6,1
4899,Miguel Alemán Valdés,alemán,mexico,1900,"Abogado , empresario y político",119,37616.40998093642,3.3002383279310784e-4,6,1
3316,José León Herrera,león_barandiarán,peru,1930,"Filósofo , filólogo y docente universitario",351,37396.35013946731,5.35208880941357e-4,1,1
344,Alfredo Gutiérrez Ortiz Mena,ortiz_mena,mexico,1969,Juez,68,37343.60899275016,2.0410068526881543e-4,6,1
2149,Flor Silvestre,aguilar,mexico,1930,Cantante y actriz,14,37297.98422612882,3.1818979823628396e-4,22,1
1551,Eduardo López Rivas,urdaneta,venezuela,1850,"Editor , periodista , escritor",13,37276.000000000015,3.7714324607502925e-4,38,1
2273,Francisco Lombardi,drago,peru,1949,"Director de cine , productor de cine y guionista",19,37261,2.0082108292298882e-4,18,1
3191,José Ballivián,ballivián,bolivia,1805,Militar y político,14,37261,2.1164451038473936e-4,9,1
4624,Marcos Di Palma,di_palma,argentina,1972,"Piloto de carreras , piloto de automovilismo y político",66,37261,2.593285196562233e-4,2,1
4907,Miguel Arce,acuña,peru,1984,"Actor , modelo y personalidad televisiva",15,37261,1.4696303723238654e-4,1,1
5905,Sylvia Pasquel,pinal_hidalgo,mexico,1950,Actriz y productora,9,37260.99999999999,1.2119851268728186e-4,6,1
1662,Emilio Mitre (ingeniero),mitre,argentina,1853,"Periodista , político e ingeniero",197,37182.20977791109,3.3634580331578254e-4,4,1
3295,José Ignacio Palma,vicuña,chile,1910,Ingeniero civil y político,516,37021.48275002639,5.67615157806909e-4,4,1
5972,Tomás Herrán,arboleda,colombia,1843,Diplomático y político,164,36865.852787496115,2.7471119695637733e-4,7,1
2350,Francisco Zarco,mateos,mexico,1829,Periodista y político,162,36766.77787161921,2.626627033646337e-4,4,1
3134,Jorge Valdivieso Blanco,valdivieso,chile,1867,Abogado y político,493,36450.11888401408,5.661741046441463e-4,4,1
5627,Rodrigo Borja Cevallos,borja,ecuador,1935,"Político , profesor universitario y abogado",38,36376.249997576684,2.0033768879635082e-4,6,1
335,Alfredo Dammert Lira,alarco,peru,1944,Ingeniero industrial,156,36364.812349766325,3.1036673566894825e-4,1,1
784,Beltrán Urenda,zegers_chile,chile,1920,"Abogado , académico, empresario , dirigente gremial y político",238,36329.32169312953,3.679996505209632e-4,8,1
5966,Tomás Chadwick Valdés,chadwick,chile,1911,Abogado y político,449,36176.40550753961,5.123096725040924e-4,4,1
1794,Ernesto Sabato,sabato,argentina,1911,"Escritor , físico y pintor aficionado.",42,35936.3390343616,1.682721373695073e-4,2,1
1479,Domingo Godoy Matte,matte,chile,1922,Político,568,35897.35105523001,6.497705950644598e-4,4,1
1174,Celso Garrido-Lecca,garrido-lecca,peru,1926,Compositor y profesor universitario,316,35769.63613658897,3.678069967415697e-4,4,1
3396,José Miguel Carrera,valdivieso,chile,1785,Político y militar,30,35739.29467088152,1.5790214810786372e-4,9,1
3211,José Carlos Azcárraga Andrade,azcárraga,mexico,1965,Empresario,35,35631.95201387002,1.6448717136452253e-4,6,1
2471,Ginés Navarro Díaz de León,díaz_de_león,mexico,1916,Médico,154,35596.665802965814,4.4940831734182924e-4,6,1
2930,Javier Heraud,heraud,peru,1942,"Poeta , escritor y enseñante",348,35583.086838532035,5.083372433599951e-4,1,1
3364,José María Orihuela Morón,orihuela,argentina,1851,Abogado y político,140,35568.14245347957,3.5062799742587014e-4,2,1
807,Benjamín Subercaseaux,subercaseaux,chile,1902,"Psicólogo , escritor , diplomático y periodista",378,35319.344430072706,4.272904551463246e-4,4,1
4691,Mariano Puga Vega,concha_chile,chile,1899,"Abogado , político y diplomático",472,35147.11168267744,5.096783855791387e-4,4,1
672,Arturo Fontaine Aldunate,fontaine,chile,1921,"Abogado , periodista , académico , investigador , ensayista y político",538,35040.603548292056,6.241802137671426e-4,4,1
4403,Manuel Rafael García Aguirre,garcía-mansilla,argentina,1826,Doctor en Jurisprudencia Diplomático,23,34940.4136454917,2.6660620604955363e-4,2,1
555,Antonio Astete Abril,astete,peru,1908,Político,50,34903.80447344124,1.7322101066397398e-4,1,1
4010,Lizardo Alzamora Porras,alzamora,peru,1928,Político y empresario,112,34864.599815362664,2.106213233875908e-4,5,1
2065,Fernando Botero Zea,zea,colombia,1956,Expolítico y Empresario,186,34687.374768512826,3.8509382885599825e-4,3,1
5017,Nelson Manrique,gálvez,peru,1947,Historiador y Sociólogo,60,34408.294179168704,1.6527795050329358e-4,5,1
651,Armando Robles Godoy,robles,peru,1923,"Director de cine , periodista , escritor y guionista",245,34305.14329773427,3.5714257292458567e-4,1,1
2150,Flora Azcuénaga,azcuénaga,argentina,1767,filántropa,31,34260.68203591298,2.0583308635478855e-4,9,1
5043,Nicolás Grau,veloso,chile,1983,"Economista , ingeniero comercial, académico y político",344,34206.83625123664,3.890940173833864e-4,4,1
3202,José Bernardo de Tagle,del_solar,peru,1779,Militar,22,34188.99990825016,1.5567405150937377e-4,1,1
1796,Ernesto Samper,gnecco,colombia,1950,"Diplomático , abogado , economista y político",209,34184.59233533774,3.112523949589248e-4,4,1
686,Arturo Puga,camargo,chile,1879,Militar,139,34021.393614421395,2.324970645697486e-4,5,1
3090,Jorge Guillermo Llosa Pautrat,llosa,peru,1925,"Diplomático , docente universitario , escritor",253,33944.77782466434,4.0243580117940177e-4,1,1
6161,Zarko Luksic,luksic,chile,1956,Abogado y político,483,33751.34581501247,5.467234689717156e-4,4,1
4963,Miguel Samper,samper,colombia,1825,"Abogado , político , empresario",178,33696.131000877,2.7776546545568893e-4,4,1
4157,Luis Mackenna Shiell,mackenna,chile,1916,"Abogado , empresario y político",534,33682.76465232921,6.146491901241334e-4,4,1
2600,Guillermo de Osma y Scull,osma,peru,1853,Político y arqueólogo,139,33490.557514851585,2.2046304891404592e-4,8,1
5823,Sergio Galilea,galilea,chile,1948,Ingeniero y político,494,33444.39836595319,5.762295240498492e-4,4,1
1993,Federico Ringeling,vicuña,chile,1954,Abogado y político,483,33427.81306540479,5.707006625215496e-4,4,1
67,Óscar Trelles Montes,trelles,peru,1904,Médico,299,33308.8555556039,4.5320982719985846e-4,1,1
5585,Roberto Alemann,alemann,argentina,1922,"Economista , periodista , editor, profesor universitario , escritor y abogado",162,33282.40711779009,4.2107392051748564e-4,2,1
3383,José María Zuviría,zuviría,argentina,1830,"Abogado , político , escritor y magistrado",138,33150.53910940277,3.405083435469589e-4,2,1
1810,Estanislao Vergara,caicedo,colombia,1790,"abogado , diplomático , político",231,33014.15057985878,4.1929587384379374e-4,7,1
5968,Tomás Cullen,cullen,argentina,1863,Abogado,171,32539.530460017002,3.9495483696784495e-4,2,1
818,Bernardino Rivadavia,otálora,argentina,1780,Político,77,32388.49777954573,3.143638904062583e-4,2,1
551,Antonio Aguilar hijo,aguilar,mexico,1960,"Cantante , actor",10,32299.02464787465,2.2020901831707653e-4,22,1
6004,Tristán Matta,matta,chile,1830,Político,507,32021.81359058316,5.772495303233901e-4,4,1
5890,Stephanie Salas,pinal_hidalgo,mexico,1970,Cantante y actriz,8,31951.999999999993,1.77798550754185e-4,6,1
1446,Diego de Aliaga y Santa Cruz,aliaga,peru,1784,Político,11,31944,2.0085734601429052e-4,10,1
1887,Facundo Mutis Durán,mutis,colombia,1852,Político y jurista,7,31943.999999999993,1.4286997557550547e-4,42,1
3848,Julio César Turbay Quintero,quintero,colombia,1949,"Abogado , Político y Juez",216,31702.516594296798,3.189328380946592e-4,4,1
4944,Miguel Lerdo de Tejada,lerdo_de_tejada,mexico,1812,Abogado,159,31661.607208270823,2.265005822689626e-4,4,1
4728,Mario Vargas Llosa,vargas_llosa,peru,1936,Escritor,264,31649.245979381412,4.3119210759510703e-4,1,1
353,Alfredo Thorne,thorne,peru,1955,Economista,136,31327.409764795728,2.7052581027702714e-4,1,1
1660,Emilio Estrada Icaza,estrada_ecuador,ecuador,1916,Arqueólogo,15,31234.367257468013,1.5700816245398357e-4,10,1
1621,Elsa Noguera,de_la_espriella,colombia,1973,"Política , Economista",173,31212.42372133836,2.731804930172263e-4,4,1
4872,Mercedes Marín del Solar,claro_chile,chile,1804,"Educadora, poetisa, profesora",17,31208.606810763697,7.177764967098854e-5,5,1
5143,Pablo Neruda,del_carril,chile,1904,"Poeta , escritor , diplomático y político",331,31166.76447989873,4.029040973029433e-4,4,1
3608,Juan Esteban Montero,montero,chile,1879,Abogado y político,334,31151.939513859186,3.8216691474613645e-4,4,1
2178,Francisco Antonio Pinto,cruz_chile,chile,1785,"Militar , abogado y político",202,31096.83825449527,3.605131753369271e-4,4,1
5459,Rafael Pardo,pardo,colombia,1953,Economista,175,31090.579877277505,3.892515760422094e-4,3,1
2099,Fernando Monckeberg Barros,monckeberg,chile,1926,"Economista , cirujano y conferencista",134,30980.228031301824,2.639760839025082e-4,5,1
172,Alberto Edwards Vives,edwards,chile,1874,"Escritor , historiador , político y profesor universitario",485,30935.926879449737,5.820451726988842e-4,4,1
3302,José Javier Eguiguren,eguiguren,ecuador,1815,Abogado,136,30926.576405236057,2.1436748849956535e-4,8,1
5541,Ricardo Flores Magón,flores_magón,mexico,1873,"periodista , político , dramaturgo y filósofo",17,30921.49890475195,2.1571512400864095e-4,6,1
1809,Estanislao Vergara,tenorio,colombia,1790,"abogado , diplomático , político",231,30881.870906343476,4.156043396847071e-4,7,1
2235,Francisco Graña Reyes,graña,peru,1878,"Médico , catedrático universitario , empresario y político",256,30836.55246244743,4.255504769636254e-4,1,1
2929,Javier González-Olaechea,gonzález-olaechea,peru,1958,Internacionalista y politólogo,36,30815.421516060935,1.2512578989066892e-4,1,1
3198,José Batlle y Ordóñez,batlle,uruguay,1856,Político y periodista,84,30810.21146988541,2.6729923200324336e-4,8,1
3568,Juan Camilo Restrepo,herrán,colombia,1946,Abogado y Economista,177,30633.772633087803,3.342719731565552e-4,8,1
3031,Joaquín de Orbegoso,frayssinet,peru,1979,Actor y actor de televisión,132,30616.216345508776,2.8986188059302285e-4,1,1
3570,Juan Carlos Alsogaray,alsogaray,argentina,1946,Sociólogo y activista político,18,30600.576199137045,1.5841442704331106e-4,2,1
5127,Pío Tristán,tristán_del_pozo,peru,1773,Político y militar,26,30568.08674724829,1.5697013208996707e-4,11,1
554,Antonio Arenas,arenas,peru,1808,"Abogado , político",260,30486.02552766237,4.031643102006916e-4,1,1
4220,Luisa María Calderón Hinojosa,calderón_hinojosa,mexico,1956,"Política , psicóloga",132,30451.24562375588,2.5515207728515736e-4,5,1
585,Antonio Lemos Guzmán,lemos,colombia,1901,"político, médico y catedrático",349,30430.22826074048,3.827451680133805e-4,4,1
4676,Mariano Nicolás Valcárcel,valcárcel,peru,1850,"Abogado , político",35,30427.704739406192,1.7204579943489167e-4,2,1
5324,Pedro de Osma y Pardo,osma,peru,1868,"Abogado , político",288,30399.52330305036,4.650042431603963e-4,1,1
726,Augusto Pinochet,pinochet,chile,1915,Militar,351,30358.51436899835,4.0668590708854967e-4,4,1
1533,Eduardo Cruz-Coke,cruz_chile,chile,1899,"Diplomático , político y médico",531,30352.649117139856,6.182014351656193e-4,4,1
3572,Juan Carlos Belgrano,belgrano,argentina,1848,Abogado y juez,97,30301.32224001166,3.285062478241103e-4,2,1
1852,Eustoquio Díaz Vélez,díaz_vélez,argentina,1782,"militar , estadista y estanciero",16,30245.505185238373,1.737257645514861e-4,2,1
4099,Luis Claro Solar,claro_chile,chile,1857,"Abogado , Jurista",481,30182.669921134624,5.329641901934037e-4,4,1
754,Aurelio Iragorri Valencia,valencia,colombia,1966,"Abogado , político, funcionario",214,30104.523165440354,3.192510541063325e-4,4,1
1962,Federico Álvarez de Toledo,álvarez_de_toledo_argentina,argentina,1875,Periodista y político,190,29999.237760333443,4.7045207934521784e-4,2,1
1588,Elías Errázuriz Larraín,errázuriz,chile,1884,Abogado y político,516,29969.8407278627,5.802327652750363e-4,4,1
4686,Mariano París Ricaurte,parís,colombia,1788,"Militar , político",161,29933.704236741196,3.075612978440436e-4,8,1
4679,Mariano Ospina Hernández,ospina,colombia,1927,"Diplomático , ingeniero civil y empresario",145,29905.090838726886,2.5123494347887204e-4,8,1
2898,Jaime Garza,pinal_hidalgo,mexico,1954,"Actor , escritor , activista y pacifista",66,29781.323673982068,3.5012083112332613e-4,6,1
1309,Cristián Samper,samper,colombia,1965,Biólogo y ambientalista,23,29699.543454027833,1.1940432653540783e-4,3,1
3936,Ladislao Errázuriz Pereira,echaurren,chile,1909,"Abogado , político",310,29441.046748995832,4.250797709084128e-4,5,1
3385,José María de Mosquera,arboleda,colombia,1754,NA,15,29427.24314283469,1.6731567012422715e-4,21,1
4370,Manuel Montt,montt,chile,1809,Abogado y político,211,29403.055947819033,3.219989227141266e-4,9,1
3041,John F. Kennedy Jr.,onassis,argentina,1960,"Abogado , periodista y editor de revistas",55,29344.77390144286,2.9987302306838106e-4,11,1
1795,Ernesto Samper,samper,colombia,1950,"Diplomático , abogado , economista y político",211,29323.73866077577,3.0707737650537603e-4,4,1
3732,Juan Ramón Balcarce,balcarce,argentina,1773,"Político , diplomático y militar",27,29267.911097772325,2.1405043616747638e-4,2,1
3903,Justo José de Urquiza,álzaga,argentina,1801,Militar,64,29093.441897315995,3.0578187445371466e-4,2,1
1438,Diego Portales,portales,chile,1793,"Emprendedor , político , militar y diplomático",85,29074.317023475043,2.0243759059663125e-4,4,1
3622,Juan Gómez Martínez,gómez_martínez,colombia,1934,Político y Diplomático,157,29019.191932972753,3.034387841821729e-4,7,1
490,Andrés Pastrana,borrero,colombia,1954,"Diplomático , abogado , periodista , político y empresario",210,28993.687670206436,3.369115853958299e-4,8,1
198,Alberto Prebisch,prebisch,argentina,1899,Arquitecto,136,28971.547590599483,3.478567895558263e-4,2,1
1040,Carlos Sanz de Santamaría,sanz_de_santamaría,colombia,1905,Ingeniero hidráulico,229,28935.198359543087,4.3798488895808167e-4,3,1
933,Carlos Coll Benegas,benegas,argentina,1907,"Economista , banquero y periodista",100,28899.901138625857,1.8873889616730907e-4,5,1
5438,Rafael García Granados,garcía_granados,mexico,1893,Historiador,64,28884.34136668561,2.3046068570889135e-4,6,1
2665,Henry Eder,caicedo,colombia,1935,Empresario,155,28677.503843589133,2.816687759608635e-4,7,1
649,Aristóteles Onassis,onassis,argentina,1906,"Industria naviera, empresario , inversor , bienes raíces, finanzas y comercio",42,28615.351601864524,2.211859814671638e-4,11,1
1363,Darío Echandía,echandía,colombia,1897,Abogado Político Estadista,120,28604.880880787365,2.528839007970791e-4,3,1
5980,Tomás Reyes,vicuña,chile,1914,Político y arquitecto,253,28580.38308528761,3.6826634052401335e-4,8,1
3404,José Miguel Vicuña,vicuña,chile,1920,"Escritor , bibliotecario y poeta",354,28578.64161380869,4.531356155538321e-4,4,1
5719,Salvador Allende,allende,chile,1908,Médico cirujano y político,414,28571.54002165539,4.8644026136003657e-4,4,1
1018,Carlos Pedro Blaquier,blaquier,argentina,1927,"Abogado, empresario agroindustrial",135,28412.240798353156,3.6760323774254894e-4,2,1
2143,Fidel Cano Gutiérrez,cano,colombia,1854,Periodista y político,167,28239.087885251407,3.615869347613422e-4,3,1
4060,Lucio Norberto Mansilla,garcía-mansilla,argentina,1792,Militar,29,28134.95513746193,2.5324158941790237e-4,2,1
4152,Luis Lacalle Pou,ponce_de_león,uruguay,1973,"Procurador, abogado y político",95,28064.25556357823,1.9955322475220648e-4,8,1
1315,Cristian Galleguillos,galleguillos,chile,1962,Médico,17,28029.132979220114,1.2762333086051408e-4,13,1
2588,Guillermo Subercaseaux,subercaseaux,chile,1872,Ingeniero y político,493,28024.309006449148,5.643293639388296e-4,4,1
4156,Luis M. Farías,farías,mexico,1920,Político,153,27979.476565193498,4.443999698207616e-4,6,1
3162,José Antonio Gandarillas Luco,gandarillas,chile,1839,"Político , abogado y juez",423,27945.952019404038,5.011518632259085e-4,4,1
4058,Lucio Alfredo Cornejo Linares,cornejo_argentina,argentina,1903,Abogado y político,194,27845.351934774804,4.630698442814081e-4,2,1
483,Andrés Marroquín Osorio,ricaurte,colombia,1860,NA,164,27820.904764535506,3.2606304551598613e-4,7,1
1712,Enrique Goytisolo Bolognesi,bolognesi,peru,1891,Diplomático,12,27764.370055137733,9.906746793134808e-5,46,1
1970,Federico Errázuriz Zañartu,echaurren,chile,1825,Político y abogado,496,27758.01262882851,5.709438477070509e-4,4,1
3052,Jorge Alessandri Vergara,balmaceda,chile,1979,Abogado y político,50,27752.35940344855,1.2344645825299112e-4,5,1
906,Carlos Alberto Pueyrredón,pueyrredón,argentina,1887,"Abogado, político, historiador",178,27731.638429031624,4.017943208165612e-4,2,1
5479,Raimundo Fernández Villaverde,carvajal_y_vargas,chile,1848,Político y ministro,130,27699.566327932313,2.2130713417740575e-4,8,1
3005,Joaquín Lavín,lavín,chile,1953,"Economista , locutor , ingeniero y político",191,27679.753749271924,3.081641150300755e-4,5,1
2509,Gonzalo Portocarrero,portocarrero_perú,peru,1949,Sociólogo,353,27376.93151369678,5.375463328558538e-4,1,1
1569,Eduardo Santos Montejo,santos,colombia,1888,Abogado periodista historiador Político,296,27176.898384281823,5.48743786460589e-4,3,1
1800,Ernesto Villegas (periodista),villegas_venezuela,venezuela,1970,"Periodista , político , escritor",31,27087.71155001311,2.280053801411258e-4,10,1
6135,Vladimir Villegas,villegas_venezuela,venezuela,1961,"Periodista , político",31,27087.71155001311,2.2800538014107184e-4,10,1
2695,Hernán Yabar Carazas,yábar,peru,1915,Político,15,26857.228994868437,1.474032117992642e-4,12,1
111,Adrián Beccar Varela,varela,argentina,1880,Abogado,172,26841.279275550787,3.847228767139168e-4,2,1
2977,Jesús Silva-Herzog Márquez,silva_herzog,mexico,1965,Ensayista,69,26798.75908345568,2.012371470322983e-4,6,1
127,Agustín Edwards Ross,edwards,chile,1852,"Empresario , banquero y político",241,26761.52336143677,3.8849527418040374e-4,4,1
994,Carlos Manuel O'Donnell,o'donnell,colombia,1834,Diplomático y político,131,26631.250000000004,2.711169852131726e-4,8,1
2288,Francisco Monterde,garcía_icazbalceta,mexico,1894,"Escritor , historiador y poeta",54,26625,2.1738685469175066e-4,6,1
2376,Frank Pérez-Garland,lavalle,peru,1974,Director de cine y guionista,11,26625,1.2301498486858608e-4,1,1
2644,Héctor Palma Troconis,troconis,venezuela,1976,Actor,8,26625,1.6038409646286497e-4,10,1
3563,Juan Blázquez de Valverde,de_valverde,peru,1603,Jurista y catedrático,242,26625,3.8001967219067524e-4,1,1
2525,Gregorio Aráoz de Lamadrid,díaz_vélez,argentina,1795,Militar y político,23,26610.455172055317,1.6767500921257092e-4,2,1
244,Alejandro Borensztein,borensztein,argentina,1958,"Productor de televisión , escritor y realizador de televisión",139,26550.711238566764,3.698247181605231e-4,2,1
3011,Joaquín Mosquera,arboleda,colombia,1787,"Abogado, político, militar, diplomático y empresario",229,26484.51604146885,4.3900538735965684e-4,7,1
3043,John Wayne,díaz_ceballos,mexico,1907,Actor,37,26433.392943065755,1.6366498433168083e-4,6,1
2675,Hernán Alessandri,morandé,chile,1900,Médico,523,26405.756052644563,6.011667152102946e-4,4,1
2132,Fernando Villarán de la Puente,lavalle,peru,1946,Ingeniero y Político,66,26380.22015501719,1.594703715426159e-4,1,1
2906,Jaime R. Echavarría,echavarría,colombia,1923,Cantautor y político,12,26196.763283489232,1.232402084148727e-4,32,1
1368,Dardo Rocha,rocha,argentina,1838,Abogado Militar Periodista,184,26172.736281380807,4.492039721524716e-4,2,1
2200,Francisco Bulnes Sanfuentes,bulnes,chile,1917,Abogado y político,312,26147.699652822856,4.394392494712629e-4,8,1
5046,Nicolás Maduro,maduro,venezuela,1962,"Diplomático , político , sindicalista y conductor de autobús",24,26067.051551852972,1.8978958673963514e-4,10,1
3251,José Félix Aramburú Salinas,aramburú,peru,1892,"Abogado , diplomático y político",256,25894.734377001347,3.7805392309674997e-4,1,1
2417,Gaspar Manrique,manrique,colombia,NA,NA,13,25884.448702468475,2.024883415798673e-4,37,1
2995,Joaquín García Borrero,borrero,colombia,1894,Ingeniero civil,140,25785.47350332879,2.8999358420202183e-4,3,1
5944,Teresa Marinovic,vial,chile,1973,Columnista y docente universitario,120,25771.67608855297,2.0009559125791463e-4,5,1
3237,José Elías Ávalos,elías,peru,1954,Abogado,39,25761.05108540021,2.3384395485199548e-4,1,1
2212,Francisco Durand,durand,peru,1950,Sociólogo y Académico,136,25727.367292272666,2.616584583186464e-4,1,1
970,Carlos Ibarguren,uriburu,argentina,1877,Abogado y político .,159,25686.383436687902,3.8345948024644667e-4,2,1
2934,Javier Prado y Ugarteche,prado,peru,1871,"Historiador , abogado",298,25648.089585157973,4.5332092959746466e-4,1,1
2328,Francisco Tudela,osma,peru,1955,Abogado,147,25612.64431382243,2.785771245508642e-4,1,1
1300,Cristián Campos,di_girolamo,chile,1956,Actor,175,25458.02479528118,3.1427852314719665e-4,5,1
6137,Vladimiro Montesinos,montesinos,peru,1945,"Exmilitar, abogado, escritor",246,25365.888910068687,3.642457173485047e-4,1,1
5710,Saúl Monreal Ávila,monreal,mexico,1977,Político,32,25337.527078855364,1.245015526710658e-4,6,1
4390,Manuel Pérez de Tudela,tudela,peru,1774,"Abogado , magistrado y político",244,25146.96378450413,3.5731604451913956e-4,1,1
5153,Pablo Yrarrázaval,valdés_chile,chile,1951,Empresario,324,25133.35639034647,3.471975370671631e-4,4,1
723,Augusto Matte,bello,chile,1843,"Abogado , diplomático y político",486,25099.876048697184,5.458263377235545e-4,4,1
4528,María Luisa Carvajal Dávalos,carvajal_y_vargas,chile,1853,NA,11,25093.58294482251,1.5687714671967182e-4,9,1
2391,Gabriel Carreño Mallarino,carreño,colombia,1909,"Abogado, escritor, periodista, diplomático",228,24978.95302456028,4.2239099738963006e-4,7,1
5425,Rafael Bielsa (jurista),bielsa,argentina,1889,Abogado Jurista,134,24925.2239706999,3.2321950618776854e-4,2,1
4696,Mariano Tanco,argáez,colombia,1816,Diplomático,17,24902.69268829421,1.7245879889927506e-4,3,1
275,Alejandro Miró Quesada Garland,cisneros,peru,1915,Periodista,349,24759.275756219464,5.056218550145722e-4,1,1
1302,Cristián Labbé Galilea,galilea,chile,1948,Político y militar,184,24692.717285961495,3.357600797890592e-4,5,1
3484,José de Mosquera y Prieto,arboleda,colombia,1707,NA,17,24607.099398162194,3.955658338040313e-4,21,1
4273,Manuel Antonio Garretón,garretón,chile,1943,Sociólogo y escritor,161,24260.017083695202,2.8477238852374386e-4,5,1
1814,Esteban Jaramillo,jaramillo_colombia,colombia,1874,"Abogado , Economista , Político",159,24216.088072008566,2.525063268672028e-4,8,1
4656,Mariano Adrián Varela,varela,argentina,1834,Periodista,190,24106.750498153287,3.0287007408354616e-4,4,1
1772,Ernesto Alayza Grundy,alayza,peru,1916,Abogado,373,24052.63845513006,5.542359661790467e-4,1,1
507,Andrés de Santa Cruz,santa_cruz,peru,1792,Militar y político,11,24052.09842179321,1.5708584067806373e-4,10,1
3054,Jorge Astaburuaga,claro_chile,chile,1855,Abogado,406,23991.969641311334,4.7304908001990776e-4,4,1
3130,Jorge Tadeo Lozano,álvarez_del_casal,colombia,1771,"Escritor, político, periodista, científico",89,23978.30594467323,2.3850349695809172e-4,3,1
1507,Dumek Turbay,turbay,colombia,1971,Abogado y político,167,23969.69550319141,2.4713447957893514e-4,4,1
3576,Juan Carlos Blanco Fernández,blanco,uruguay,1847,"abogado , legislador",52,23870.177985574788,1.717570367892689e-4,8,1
4391,Manuel Pablo Olaechea,olaechea,peru,1843,Abogado y político,69,23600.02402810244,2.3902211620079053e-4,11,1
1968,Federico Errázuriz Echaurren,echaurren,chile,1850,Abogado y político,480,23530.426758931037,5.489510379038983e-4,4,1
355,Alfredo Vásquez Cobo,carrizosa,colombia,1869,Abogado y militar,145,23520.062108239777,2.2773707980372845e-4,8,1
4329,Manuel Gálvez,bunge,argentina,1882,"Narrador, poeta, ensayista, historiador y biógrafo",170,23451.85766377744,4.373641151441488e-4,2,1
789,Benita Martínez Pastoriza de Sarmiento,sarmiento,argentina,1819,NA,8,23330.31351242198,1.3573953436058484e-4,49,1
4720,Mario Laserna Pinzón,laserna,colombia,1923,"Embajador, Educador, Filósofo, Escritor, Político",159,23312.54751967557,2.4920950164708966e-4,8,1
5242,Pedro Alejandrino del Solar,del_solar,peru,1829,"Político , abogado , periodista , diplomático , magistrado y educador",263,23221.249394315615,4.174057710511101e-4,1,1
2713,Higinio Cualla,ricaurte,colombia,1841,Político,158,23218.648873855193,3.124179118836914e-4,7,1
3026,Joaquín Vial,vial,chile,1953,"Economista , académico, investigador y consultor",479,23194.881764558042,5.262009037763265e-4,4,1
5297,Pedro Nel Ospina,lleras,colombia,1858,"Militar , político , ingeniero de minas",216,23129.879893635276,3.466244302471668e-4,8,1
5271,Pedro Gálvez Egúsquiza,gálvez,peru,1822,"Abogado , diplomático , político",255,23103.80160500743,3.894277409397688e-4,1,1
809,Benjamín Vicuña Mackenna,mackenna,chile,1831,"Abogado , escritor y político",370,23037.19975704895,4.3207867281652484e-4,4,1
5583,Robert Duvall,billinghurst,argentina,1931,"Actor , director , productor",31,22959.57552548471,1.360238345614374e-4,2,1
3771,Juan de Dios Vial Larraín,vial,chile,1924,Filósofo y abogado,503,22878.396257320623,5.836045098306653e-4,4,1
3954,León Febres-Cordero Ribadeneyra,febres-cordero,ecuador,1931,"Ingeniero mecánico, ejecutivo y político",18,22862.52313438792,1.6422965385024077e-4,10,1
2342,Francisco Vergara Mayorga,olmos,colombia,1647,Contador,37,22803.225397242237,1.8120611809232772e-4,3,1
356,Alfredo Vázquez Carrizosa,carrizosa,colombia,1909,Político,139,22778.706143744104,2.2226743974066609e-4,8,1
250,Alejandro Carrillo Castro,fernández_veraud,mexico,1941,"Político , diplomático y abogado",156,22638.287769243496,4.5445506305476615e-4,6,1
1464,Diosdado Cabello,cabello,venezuela,1963,"Político , presentador de televisión , militar e ingeniero",32,22569.70891771752,3.001441604071298e-4,10,1
2124,Fernando Tola Cires,de_habich,peru,1885,"Diplomático , político y abogado",251,22523.408474828677,3.7936642997349996e-4,1,1
5396,Raúl Ferrero Rebagliati,ferrero,peru,1911,"Abogado , jurista , catedrático universitario",362,22388.841186711205,5.362862402781553e-4,1,1
426,Aníbal Pinto,cruz_chile,chile,1825,Abogado y político,475,22289.764217025957,5.362952853380193e-4,4,1
2442,Germán Arenas y Loayza,arenas,peru,1870,Abogado,299,22254.72953729987,4.6542873515119306e-4,1,1
5428,Rafael Carranza Hernández,carranza,mexico,1919,Político,7,22249.761019394045,7.52514591572583e-5,6,1
4279,Manuel Antonio Sanclemente,sanclemente,colombia,1813,"Abogado, estadista",122,22181.349442844934,2.231069752398253e-4,8,1
258,Alejandro Eder,eder,colombia,1975,Político,119,22106.405513819245,2.394333996805313e-4,5,1
4269,Manuel Ancízar,samper,colombia,1812,"Antropólogo , periodista , filósofo , diplomático , abogado , político , escritor e impresor",136,22074.93159468749,2.642855313894866e-4,3,1
5277,Pedro Ibáñez Ojeda,ibáñez,chile,1913,"Político , empresario , economista y profesor universitario",275,22072.722686263154,3.8549468547727656e-4,4,1
552,Antonio Alfonso Cavada,cavada,chile,1826,Profesor en la Universidad de San Marcos,471,21951.884252876393,5.199350330961772e-4,4,1
2424,Gastón von Mühlenbrock,von_mühlenbrock,chile,1954,"Ingeniero comercial , procurador de Derecho y político",357,21891.847038633266,3.9451059211369964e-4,4,1
2824,Isaac León Frías,tamayo_perú,peru,1944,"Periodista , Escritor , crítico de cine y profesor universitario",129,21780.739286737746,2.67430588642313e-4,1,1
5454,Rafael Martín del Campo,martín_del_campo,mexico,1910,NA,57,21755.61534731446,2.2156221152215647e-4,6,1
4917,Miguel Cervantes Díaz Lombardo,díaz_lombardo,mexico,1942,Artista plástico y museógrafo,54,21724.8454029176,2.1730343611980554e-4,6,1
1161,Cecilia Morel,piñera,chile,1954,Política y orientadora familiar,55,21699.456661558786,1.6098096333285462e-4,5,1
4909,Miguel Arroyo Diez,arroyo,colombia,1871,NA,170,21679.048936185052,3.330266253454486e-4,7,1
3039,Johannes Kaiser (político),kaiser,chile,1976,Político y activista,46,21655.83955991668,1.0710621876578876e-4,5,1
2909,Jaime Tohá,tohá,chile,1938,Ingeniero forestal y político,368,21643.80740591819,4.184247621024793e-4,4,1
912,Carlos Antonio López,lópez_carrillo,paraguay,1792,"político , estadista , jurista , maestro , periodista",121,21626.91367350421,2.366474641561384e-4,5,1
673,Arturo Fontaine Talavera,fontaine,chile,1952,"Poeta , novelista , ensayista y filósofo",417,21610.23652648123,4.858945525484455e-4,4,1
3150,José Alfredo Martínez de Hoz,martínez_de_hoz,argentina,1925,"Economista , abogado y político",84,21529.074365895543,1.795136343454816e-4,5,1
4094,Luis Carlos Vélez,char,colombia,1977,Periodista,55,21482.30322439246,1.8954560769366446e-4,3,1
464,Andrés Allamand,allamand,chile,1956,Abogado y político,432,21434.111556752312,5.069386814617498e-4,4,1
5146,Pablo Piñera,echenique,chile,1950,"Economista , académico , investigador y político",267,21365.903226828505,3.7953770590689153e-4,5,1
195,Alberto Montt Montt,montt,chile,1860,Abogado,472,21361.567166642923,5.289739676165241e-4,4,1
3556,Juan Bautista Alberdi,aráoz,argentina,1810,"Escritor , abogado , diplomático , político , periodista , economista , filósofo , jurista y músico",74,21334.34220924607,2.6084927244345875e-4,2,1
6057,Venustiano Carranza,carranza,mexico,1859,Empresario y político,11,21313.971917642535,1.7839353076963123e-4,6,1
5332,Pepe Aguilar,aguilar,mexico,1968,Cantante y artista discográfico,13,21309,3.4955844039040625e-4,22,1
3819,Julia Mengolini,pueyrredón,argentina,1982,Periodista política Co-directora de Futuröck Locutora de radio,61,21304.000000000004,2.1397025147612848e-4,2,1
4652,Mariana Rodríguez Mier y Terán,mier_y_terán,mexico,1976,Política,102,21304.000000000004,3.0880525569362133e-4,6,1
5767,Santiago Moure,moure,colombia,1968,Presentador de televisión y actor,33,21304.000000000004,1.6817821973525007e-4,3,1
1,Álex LeBarón,lebaron,mexico,1980,Administración de empresas,102,21304.000000000004,3.0351579789542624e-4,6,1
249,Alejandro Camacho,fuentes_berain,mexico,1954,"Actor , actor de televisión, actor de cine y productor de televisión",58,21304,2.484328627360961e-4,6,1
1270,Constantino Llaca,llaca,mexico,1880,Abogado,5,21304,1.3050669220049385e-4,6,1
1854,Eustoquio Gómez,gómez_venezuela,venezuela,1868,Militar,6,21304,1.3194785230649772e-4,2,1
2105,Fernando Ortiz Monasterio,ortiz_monasterio,mexico,1923,"Médico , cirujano plástico y profesor universitario",53,21304,2.226466148523949e-4,6,1
2440,Gerardo Werthein,werthein,argentina,1955,"Dirigente deportivo, empresario , veterinario y político",130,21304,3.3163570193845397e-4,2,1
4710,Mario Brescia Cafferata,cafferata,peru,1929,"Empresario , ingeniero agrónomo , banquero",12,21304,1.4465739570689427e-4,1,1
4847,Melania Urbina,lavalle,peru,1977,Actriz y guionista,4,21304,1.0809153166013274e-4,59,1
5574,Ricardo Zuloaga,tovar,venezuela,1867,"Ingeniero , empresario",19,21304,1.9642894827985886e-4,10,1
1182,Che Guevara,guevara,argentina,1928,revolucionario y guerrillero,152,21303.31834465986,3.7206931204057756e-4,2,1
360,Alicia Arango,olmos,colombia,1958,Administradora de Empresas,30,21262.143013054585,1.4540138090458562e-4,8,1
315,Alfonso López Caballero,lópez,colombia,1944,"Economista , diplomático y político",146,21219.643978430835,2.592990212434499e-4,3,1
58,Óscar Guillermo Garretón,garretón,chile,1943,"Economista , empresario , consultor y político",223,21205.369356427207,3.387745768571465e-4,5,1
4361,Manuel María Mallarino,cabal,colombia,1808,"Abogado, educador, diplomático, periodista",187,21132.17921665157,3.1087120816104667e-4,8,1
1523,Eduardo Alessandri,velasco_chile,chile,1903,Político y abogado,533,21111.4037282106,5.950546188517501e-4,4,1
934,Carlos Concha Subercaseaux,concha_chile,chile,1863,Abogado y político,364,21053.91945246398,4.179043308512501e-4,4,1
3027,Joaquín Walker Martínez,walker_chile,chile,1853,"Abogado , diplomático , periodista , y político",456,20982.22882993545,5.144665381487566e-4,4,1
3873,Julio Mario Santo Domingo Braga,pumarejo,colombia,1958,Politólogo,38,20950.25240435142,1.3857999243201813e-4,7,1
2018,Felipe Kast,kast,chile,1977,"Economista , político y consultor",128,20950.178019444003,2.327955100389827e-4,5,1
5299,Pedro Nel Ospina,ospina,colombia,1858,"Militar , político , ingeniero de minas",214,20943.42111072751,3.379165115581514e-4,8,1
5004,Narciso Campero,campero,bolivia,1813,"Militar político , masón , escritor y publicista",160,20875.05988219082,2.477838362577199e-4,4,1
5531,Ricardo Bentín Sánchez,mujica,peru,1853,"Empresario minero , político",257,20873.265525719165,3.9820620591699555e-4,1,1
3474,José Vargas Lleras,lleras,colombia,NA,"Abogado, diplomático, columnista",251,20868.49868011749,4.8489002478341504e-4,3,1
5545,Ricardo González Vigil,gonzález_vigil,peru,1949,"Poeta , escritor y crítico literario",126,20848.23824670304,2.723089956303756e-4,1,1
302,Alex Fort Brescia,brescia,peru,1957,Empresario,7,20824.92053362105,1.1409150884818944e-4,18,1
1356,Daniel Yarur,yarur,chile,1955,"Ingeniero , economista , contador auditor , académico y empresario",411,20805.06004319892,4.681818769738491e-4,4,1
4619,Marco Fidel Suárez,barrientos,colombia,1855,"Escritor, diplomático, político, historiador.",159,20779.84421199055,2.6604912692520486e-4,8,1
5442,Rafael Grau,grau,peru,1876,"Abogado , político",291,20734.995744873882,4.38091384158574e-4,1,1
799,Benjamín Claro Velasco,claro_chile,chile,1902,abogado,341,20705.046961376742,3.754405738395868e-4,4,1
3177,José Antonio Romero Feris,romero_feris,argentina,1941,Abogado,33,20675.225369003467,1.423754859327165e-4,2,1
1283,Cornelio Casablanca,canaveris,argentina,1861,Político Financiero,28,20555.27532673234,1.4041777523744091e-4,2,1
1471,Domingo Caycedo,caicedo,colombia,1783,"Militar , estadista , político",171,20484.02090743978,3.261017331139191e-4,7,1
2688,Hernán Larraín Matte,matte,chile,1974,"Abogado , político y productor de cine",172,20480.669676330475,2.886705585842011e-4,5,1
3705,Juan María Bordaberry,bordaberry,uruguay,1928,Estanciero,110,20468.05934830727,2.383746206594836e-4,8,1
100,Adolfo López Mateos,mateos,mexico,1909,"Abogado , político y profesor",162,20339.954717985765,4.507232393426912e-4,6,1
5969,Tomás García de Zúñiga,garcía_de_zúñiga,argentina,1783,"Hacendado, político, militar",43,20250.937586844608,1.6900117306558408e-4,9,1
3544,Juan Antonio Ribeyro,ribeyro,peru,1810,"Abogado , magistrado , político",260,20175.633105617602,3.9311126631657467e-4,1,1
5084,Numa Pompilio Llona,llona,ecuador,1832,"Poeta , cónsul , catedrático y periodista",250,20097.257655994345,3.797461850520159e-4,1,1
2259,Francisco José Eguiguren Escudero,eguiguren,peru,1855,Abogado y jurista,308,20078.69777967401,4.6919291466070704e-4,1,1
1664,Emilio Ocampo,ocampo,argentina,1963,"Economista , historiador y profesor universitario",142,20033.214912597952,3.3324697669399336e-4,2,1
755,Aurelio Loret de Mola,loret_de_mola,peru,1953,Abogado,134,20029.117333098537,2.5591679467360087e-4,1,1
6023,Víctor Castro Iglesias,castro_taboada,peru,1860,"abogado , magistrado y político",291,19946.285941969374,4.5260667928254475e-4,1,1
1353,Daniel Samper Ospina,gnecco,colombia,1974,"Periodista , youtuber , escritor , editor, humorista y productor de televisión",64,19889.93768797521,1.5213562681839625e-4,7,1
1168,Cecilio de Álzaga,álzaga,argentina,1785,Político y empresario,47,19882.24820260645,2.1452062901657814e-4,2,1
65,Óscar Ramírez Durand,durand,peru,1953,Terrorista y Político,32,19845.610799080045,1.6023878797470525e-4,1,1
564,Antonio Campos Di Girolamo,di_girolamo,chile,1985,Actor (desde 2006) y director de teatro (desde 2012),333,19817.364979868966,4.0185815858902716e-4,4,1
2329,Francisco Tudela y Varela,osma,peru,1876,Abogado y diplomático,315,19756.005752133682,4.8211117859074757e-4,1,1
2953,Jenaro Prieto,prieto,chile,1889,"Abogado , periodista y escritor",314,19615.883650942662,3.515889175128781e-4,4,1
692,Arturo Yrarrázaval Correa,mackenna,chile,1881,Abogado y político,485,19562.69896182945,5.448476500637998e-4,4,1
1061,Carlos Walker Martínez,walker_chile,chile,1842,"Político , escritor y abogado",446,19547.995123477867,5.003735849144528e-4,4,1
4961,Miguel Rincón Rincón,rincón,peru,1951,Terrorista y Escritor,12,19507.413275334453,2.1574681106221303e-4,12,1
746,Aurelio Amoedo,fortabat,argentina,1882,abogado,152,19507.372684125945,3.789268762449685e-4,2,1
1719,Enrique Larraín Alcalde,gandarillas,chile,1861,Abogado,373,19506.41126857556,4.336160591924479e-4,4,1
3702,Juan Manuel Urtubey,urtubey,argentina,1969,"Político , abogado , empresario y profesor",191,19487.550721242507,4.68535515470498e-4,2,1
3421,José Pardo y Barreda,lavalle,peru,1864,Abogado y diplomático,305,19456.099562014355,4.7993048424026935e-4,1,1
6044,Valentín Gómez Farías,gómez_farías,mexico,1781,Médico y político,43,19439.180982337606,1.5309057104646322e-4,9,1
281,Alejandro Santo Domingo,pumarejo,colombia,1977,Empresario y financiero,35,19427.07754873638,1.3412436900684036e-4,7,1
4974,Miguel de Azcuénaga,azcuénaga,argentina,1754,"Militar , funcionario y gobernante",19,19350.383540516515,1.4882230974599657e-4,9,1
4296,Manuel Bulnes,bulnes,chile,1799,Militar y político,219,19319.870344342624,3.4541132532168696e-4,8,1
664,Arturo Aylwin,aylwin,chile,1927,Abogado,422,19305.899511498217,4.73158042719301e-4,4,1
5049,Nicolás Marambio Montt,montt,chile,1886,Abogado y político,329,19280.438989082915,3.710958429250053e-4,4,1
5482,Ramón Barros Luco,valdés_chile,chile,1835,Abogado y político,483,19239.13900624056,5.496992875580605e-4,4,1
4300,Manuel Bulnes Sanfuentes,bulnes,chile,1911,Político y abogado,246,19214.19877163382,3.3405794993982436e-4,4,1
2218,Francisco Freire Caldera,freire,chile,1839,"Abogado , político y agricultor",474,19211.31510372031,5.276763940691419e-4,4,1
5496,Ramón Mujica Pinilla,mujica,peru,1956,"Antropólogo , historiador , docente universitario",249,19126.056597930543,3.737772443038118e-4,1,1
5131,Pablo Borrero Ayerbe,ayerbe,colombia,1864,Médico,197,19061.073483066237,3.1482372945568703e-4,8,1
4841,Maximiano Errázuriz Valdivieso,errázuriz,chile,1832,Agrimensor,371,19044.41392279237,4.3367836457782084e-4,4,1
5204,Patricio Fernández,chadwick,chile,1969,"Periodista , analista político y escritor",100,19032.941167311015,2.068781613429498e-4,5,1
2740,Hugo Chávez,chávez,venezuela,1954,Político y oficial militar,32,19024.58355849048,3.140020234371218e-4,10,1
661,Arturo Alessandri Besa,velasco_chile,chile,1923,Político y abogado,426,19019.765003952543,4.792503862004231e-4,4,1
1564,Eduardo Pizano de Narváez,azuola,colombia,1957,"Abogado , ejecutivo , político",181,19014.97953276605,3.3390779061366686e-4,7,1
1987,Federico Pinedo (bisnieto),pinedo,argentina,1955,Abogado,151,18969.120172383715,3.8985718426806496e-4,2,1
5724,Salvador María del Carril,del_carril,argentina,1798,Abogado,65,18916.777868724977,2.715322220074375e-4,2,1
952,Carlos Fernando Galán,galán,colombia,1977,"Internacionalista, periodista, gestor público y político y alcalde mayor de Bogotá",181,18869.164364240816,2.729144853690053e-4,4,1
3265,José de San Martín,san_martín,argentina,1778,Militar y político,23,18832.296684839144,2.0996516503525917e-4,9,1
2932,Javier Ortiz de Zevallos,del_solar,peru,1917,Abogado,133,18788.380548773497,2.7611556750186794e-4,1,1
5236,Pedro Íñiguez Larraín,bello,chile,1873,"Político , ingeniero civil",354,18780.218665353346,4.2844305646847506e-4,4,1
13,Álvaro Leyva,durán_colombia,colombia,1942,"Abogado, diplomático, político y defensor de los derechos humanos",185,18720.887685996193,3.012586212731857e-4,8,1
3698,Juan Manuel Santos,calderón_colombia,colombia,1951,Político y economista,185,18678.64210639118,2.797106674009828e-4,4,1
2845,Isabel de Silva y Carvajal,carvajal_y_vargas,chile,1880,NA,8,18643.884836335004,1.961285654248302e-4,9,1
4088,Luis Caputo,caputo,argentina,1965,"Político , economista , profesor universitario y trader",148,18617.83023794113,3.773304080402614e-4,2,1
3837,Julio Argentino Pascual Roca,paz,argentina,1873,"Abogado , político",196,18589.43841870505,4.888881437885269e-4,2,1
3605,Juan Emilio Roca Andrade,roca_y_rodríguez,ecuador,NA,político y abogado,25,18472.333091884306,2.41812698114609e-4,10,1
1656,Emilio Claro Cruz,claro_chile,chile,1865,Abogado,371,18450.286761304065,4.2524901695206773e-4,4,1
3388,José María del Carril,del_carril,argentina,1836,Abogado,50,18389.95732932439,1.6696380464067953e-4,9,1
1056,Carlos Vial Infante,vial,chile,1892,Ingeniero civil y empresario,236,18378.955365980135,3.1458068711438477e-4,4,1
2475,Gino Costa,león-velarde,peru,1956,Abogado,134,18371.280817697316,2.8547390116877286e-4,1,1
1313,Cristián de la Fuente,garcía-huidobro,chile,1974,"Presentador de televisión , actor de cine , modelo , actor de televisión y piloto de aviación",103,18340.535474131782,2.301123396387914e-4,5,1
5644,Rogelio Frigerio (nieto),frigerio,argentina,1970,Licenciado en Economía,151,18337.89401544576,3.812059786953778e-4,2,1
299,Alessia Injoque,alegría,chile,1982,"Activista , asesora e ingeniero industrial",163,18299.904347330474,2.388665350088379e-4,4,1
2115,Fernando Rospigliosi,rospigliosi,peru,1947,"Periodista , político y activista por los derechos humanos",161,18272.966706908675,3.6001654038578186e-4,1,1
958,Carlos Galleguillos Barraza,galleguillos,chile,1925,Profesor Básico,27,18189.284913203694,1.4741050374091275e-4,13,1
2702,Hernando Holguín y Caro,caro,colombia,1871,NA,300,18179.21131981273,5.222439906899588e-4,7,1
437,Ana Jacoba García de Zúñiga,warnes,argentina,1748,Ejército Patriota,49,18149.653430509377,2.7053848297812366e-4,9,1
3984,Leopoldo Sucre Figarella,sucre,argentina,1926,"Ingeniero , político , gerente",26,18137.426492678438,2.1031312449560605e-4,10,1
5817,Sergio Bitar,bitar,chile,1940,"Ingeniero civil , economista y político",384,18134.70595827931,4.348960491156488e-4,4,1
3467,José Tola,de_habich,peru,1943,Pintor,16,18127.10258372135,1.1273691764203151e-4,1,1
5463,Rafael Reyes Prieto,reyes,colombia,1849,Militar y Estadista,140,17989.43635424015,2.2556015982343427e-4,8,1
4191,Luis Schmidt Quezada,schmidt,chile,1887,Abogado y político,478,17983.062245868994,5.254318628196014e-4,4,1
3493,José de la Puente Brunke,álvarez_calderón,peru,1961,Historiador,126,17980.83336375776,2.2782538449086362e-4,1,1
2317,Francisco Ruiz-Tagle,portales,chile,1790,Político,127,17919.945949074434,1.962441670226894e-4,8,1
1737,Enrique Santos Castillo,calderón_colombia,colombia,1917,Periodista y abogado,89,17873.096741808404,2.375547034491812e-4,3,1
4177,Luis Ospina Vásquez,lleras,colombia,1905,Historiador,150,17838.327861367838,2.5415783634463767e-4,8,1
4606,Marcelo Torcuato de Alvear,alvear,argentina,1868,Abogado,208,17800.401075284633,5.056681860282484e-4,2,1
4615,Marco Arana,silva_santisteban,peru,1962,"político , sociólogo , docente universitario",141,17791.911612193922,2.6651537047756e-4,1,1
4288,Manuel Bedoya Suárez,bedoya,peru,1855,"Militar , escritor y periodista",258,17659.663716626605,3.8346408743412133e-4,1,1
266,Alejandro Garretón,garretón,chile,1900,Médico y académico,418,17644.188489284665,4.72263151711741e-4,4,1
377,Alonso Alegría Amézquita,alegría,peru,1940,Dramaturgo y director de escena,40,17612.840957705106,1.3638397043214034e-4,1,1
317,Alfonso López Pumarejo,lópez,colombia,1886,Político y empresario,164,17559.944794463387,3.0514227370169884e-4,3,1
4347,Manuel José García,garcía-mansilla,argentina,1784,"Diplomático , político y militar",75,17516.981434362533,3.231102526371254e-4,2,1
1586,Efraín Trelles,trelles,peru,1953,"Historiador , escritor , narrador, periodista y comentarista deportivo",137,17469.378305121852,2.553478402793865e-4,1,1
2622,Gustavo Petro,petro,colombia,1960,"Economista , político , escritor y ambientalista",40,17466.4817722738,1.8461015595509352e-4,3,1
3942,Lauchlin Currie,wiesner,colombia,1902,Economista,37,17452.796645339422,1.2872870207042436e-4,5,1
4261,Malucha Pinto,pinto_chile,chile,1955,"Actriz , directora de teatro , escritora y dramaturga",147,17411.325936436973,2.459072041799334e-4,5,1
2615,Gustavo Madero Muñoz,madero,mexico,1955,Empresario,58,17357.527683898024,2.0061409989669072e-4,6,1
4070,Luis Alberto Lacalle,ponce_de_león,uruguay,1941,"abogado, periodista, político",109,17320.941046941607,2.362000266250071e-4,8,1
5114,Osvaldo Hiriart,pinochet,chile,1895,Abogado y político,331,17302.241238179256,3.633684028653256e-4,4,1
5338,Percy Gibson Parra,gibson,peru,1908,"Poeta , dramaturgo , ensayista , bibliotecario",245,17242.215946202756,3.636873786687909e-4,1,1
1044,Carlos Slim,slim,mexico,1940,"Magnate empresarial , Inverionista , Filántropo",74,17241.92617433197,2.519660552790935e-4,6,1
6119,Virgilio Barco,barco,colombia,1921,Ingeniero civil,216,17226.40597837865,4.1183780732652797e-4,3,1
4895,Miguel Ángel Yunes Márquez,yunes,mexico,1976,Político,47,17204.82632790078,1.6218764333681207e-4,6,1
2642,Héctor A. Murena,gallardo,argentina,1923,"Escritor , traductor y poeta",143,17201.55619323364,3.716619012129638e-4,2,1
2497,Gonzalo Córdoba Mallarino,mallarino,colombia,1963,Abogado y empresario de medios,33,17138.23489132795,1.451939089672569e-4,3,1
1842,Eugenio Velasco Letelier,velasco_chile,chile,1918,Abogado,330,17119.67670815601,3.531527810105387e-4,4,1
4154,Luis Llosa Urquidi,llosa,peru,1951,"Director de cine , productor de cine y guionista",139,17050.316122176137,2.9539711986816875e-4,1,1
337,Alfredo Etcheberry,etcheberry,chile,1931,Abogado y profesor universitario,400,17023.202785420242,4.334535764238222e-4,4,1
1655,Emilio Castro,rocha,argentina,1821,Hacendado y gobernante,111,17011.162741681117,3.5507736302040386e-4,2,1
2024,Felipe Osterling,mariátegui,peru,1932,Abogado,159,16978.872744311655,3.0507726393801343e-4,1,1
2060,Fernando Belaúnde Terry,belaúnde,peru,1912,"Arquitecto , profesor , político",66,16957.49617901736,1.853215333124445e-4,1,1
4715,Mario Galán Gómez,galán,colombia,1910,Abogado y pedagogo,145,16941.31260650904,3.265752475147743e-4,3,1
3623,Juan Gabriel Valdés,subercaseaux,chile,1947,Politólogo y diplomático,207,16934.874308494702,3.184746468710325e-4,5,1
5189,Patricia Bullrich,bullrich,argentina,1956,Política,89,16911.587172980235,3.4681655338086436e-4,2,1
4096,Luis Carranza Ugarte,ugarte,peru,1966,"Economista , y profesor universitario",129,16898.09788308738,2.492555708710689e-4,1,1
1318,Cristina Fernández de Kirchner,kirchner,argentina,1953,Política (desde 1969),78,16886.61262510377,2.3468273733014301e-4,2,1
3677,Juan Manuel Abal Medina,abal_medina,argentina,1945,"Periodista , político y abogado",98,16873.54294150317,2.790728674800533e-4,2,1
3040,John F. Kennedy,onassis,argentina,1917,Político [ 1 ] ​,63,16815.617522225188,2.45028072246963e-4,11,1
2572,Guillermo Larco Cox,larco,peru,1932,Ingeniero civil,47,16778.38908831967,1.956480517596735e-4,1,1
1019,Carlos Pellegrini,pellegrini,argentina,1846,Abogado,188,16721.62712380978,4.4196207549193693e-4,2,1
999,Carlos Menem,yoma,argentina,1930,"Abogado , político",119,16712.73391915477,3.755676633451553e-4,2,1
4926,Miguel Emilio Luna y Peralta,luna,peru,1852,Militar y abogado,242,16706.24388889733,3.5977380384718426e-4,1,1
940,Carlos Cueto Fernandini,cueto_caballero,peru,1913,Docencia,304,16676.28039647693,4.6203967113633956e-4,1,1
5434,Rafael Errázuriz Urmeneta,errázuriz,chile,1861,Diplomático y político,468,16664.68149089927,5.157775035951653e-4,4,1
237,Alejandro Eder,caicedo,colombia,1975,Político,119,16601.062707551282,2.0716391967268616e-4,5,1
622,Antonio de Boza y Garcés,boza_de_lima,chile,1717,NA,243,16556.576161821034,3.5757196504689124e-4,1,1
4205,Luis Valdés Larraín,valdés_chile,chile,1913,Abogado y político,271,16518.066612753104,3.845475313627105e-4,8,1
1038,Carlos Saavedra Lamas,saavedra,argentina,1878,"Abogado , diplomático , político",187,16505.329054143684,4.3212330808000375e-4,2,1
3475,José Vicente Concha,concha,colombia,1867,Abogado,142,16460.627819145342,2.58046043952362e-4,8,1
2138,Fernando de Szyszlo,varela,peru,1925,Artista plástico,150,16423.87846847355,3.2225278165812996e-4,1,1
4171,Luis Alberto Monsalvo,gnecco,colombia,1976,"Político , Economista",162,16366.602136940935,3.22794343963249e-4,3,1
4165,Luis Melián Lafinur,lafinur,uruguay,1850,"abogado , periodista , diplomático , profesor",133,16363.159599503804,3.155711540109392e-4,2,1
3812,Julián Trujillo Largacha,largacha,colombia,1828,"Abogado , militar , político",191,16335.394039010349,2.665287911436437e-4,4,1
704,Augusto Bedoya Suárez,bedoya,peru,1857,Militar y político,255,16323.469990485279,3.728634909509159e-4,1,1
2554,Guillermo Camacho,camacho,colombia,1876,"Político , periodista , abogado . diplomático",141,16305.825940470831,3.0745299897525885e-4,3,1
5273,Pedro García de la Huerta Izquierdo,matte,chile,1869,Político y abogado,523,16302.871459766597,5.693101542380971e-4,4,1
2770,Ignacio Gutiérrez Vergara,caicedo,colombia,1806,"Político , periodista , militar",159,16291.428424886713,3.0645307778204745e-4,7,1
5761,Santiago Gamboa,samper,colombia,1965,"Escritor, filólogo , periodista, diplomático, columnista de prensa, corresponsal periodístico",55,16275.590280263747,1.2922747187017535e-4,7,1
4134,Luis Güemes,güemes,argentina,1856,"Médico, político",180,16269.919379368423,4.3474199305668413e-4,2,1
3935,Ladislao Errázuriz Lazcano,echaurren,chile,1882,"Abogado , Diputado , Senador",510,16251.45323427397,5.614268712231963e-4,4,1
2046,Fenelón Quintana,quintana,argentina,1891,Abogado,133,16194.054791639455,3.2271502549648855e-4,2,1
556,Antonio Baraya,ricaurte,colombia,1770,Político y militar,14,16158.874307416445,1.2268323604328006e-4,7,1
3900,Julio Zegers Samaniego,zegers_chile,chile,1830,Abogado y político,479,16133.28056637833,5.204629220950339e-4,4,1
5626,Rodolfo Urtubey,urtubey,argentina,1959,"Abogado, político y juez",67,16129.368801090632,2.0973251793184232e-4,2,1
1723,Enrique Matta Figueroa,matta,chile,1900,Abogado y político,507,16093.165154325648,5.527513881149715e-4,4,1
600,Antonio Nariño,álvarez_del_casal,colombia,1765,Político y Militar,24,16090.339705094617,1.556837388756232e-4,3,1
4278,Manuel Antonio Matta,matta,chile,1826,Abogado,343,16086.577007118658,3.7237631488488276e-4,4,1
6145,Xavier González Zirión,gonzález_torres,mexico,1968,Político y empresario,131,16038.673683806313,3.4993745194417765e-4,6,1
5568,Ricardo Silva-Santisteban,silva_santisteban,peru,1941,"Poeta , editor , crítico literario , traductor y docente universitario",347,15984.344570527006,5.054967855537397e-4,1,1
2148,Fito Páez,pueyrredón,argentina,1963,"Compositor, músico, cantante, guionista, director de cine y novelista [ 2 ] ​",8,15984.000000000004,2.114400843770156e-4,2,1
502,Andrés Wiese,lavalle,peru,1983,"Actor , modelo , empresario",8,15984,2.986996654663412e-4,59,1
1550,Eduardo López Bustamante,urdaneta,venezuela,1881,"Editor , escritor , legislador",7,15983.000000000007,2.507853303955983e-4,38,1
2754,Humberto Zurita,pinal_hidalgo,mexico,1954,"actor productor y director de cine, televisión y teatro",10,15981.818181818177,2.542408157345109e-4,6,1
2429,Jorge Edwards Brown,edwards,chile,1780,minero y político,6,15981.000000000005,1.309614070832946e-4,5,1
3429,José Portugal Catacora,portugal,peru,1911,Escritor y pedagogo,5,15981.000000000005,9.545551667801529e-5,20,1
5040,Nicolás Freire,freire,peru,1808,Militar,3,15981.000000000005,8.456024110068608e-5,83,1
5557,Ricardo Meruane,meruane,chile,1956,Humorista y tallista,5,15981.000000000005,1.0224048787533835e-4,8,1
4533,María Luisa Piraquive,piraquive,colombia,1949,Pastora Cantante Youtuber Filántropa,11,15981.000000000004,1.859123497317249e-4,70,1
4972,Miguel Vega Uribe,vega,colombia,1931,Militar,8,15981.000000000004,8.564758388083738e-5,8,1
1189,Christina Onassis,onassis,argentina,1950,"Empresaria, socialité",9,15981.000000000002,1.321016678705276e-4,11,1
991,Carlos Mac Allister,mac_allister,argentina,1968,Exfutbolista,23,15981,1.8996029592094923e-4,2,1
1513,Edgardo Rebagliati,rebagliati,peru,1895,"Político , periodista",240,15981,3.7036468550989796e-4,1,1
2075,Fernando Díaz Ramírez,hidalgo_y_costilla,mexico,1904,"Abogado, Historiador",4,15981,1.6808151170500288e-4,6,1
2366,Francisco de Tagle Bracho y Sánchez,tagle_bracho,peru,1714,NA,243,15981,3.787414204720139e-4,1,1
2570,Guillermo Gastañeta,gastañeta,peru,1874,Médico,240,15981,3.7036468550976606e-4,1,1
3008,Joaquín Maciel y Lacoizqueta,maciel,argentina,1729,"Militar , conquistador , poblador , hacendado , comerciante , funcionario y gobernante colonial",10,15981,1.767065262256617e-4,2,1
3355,José María Díaz Ordaz,díaz_ordaz,mexico,1822,Militar,6,15981,1.0228233118592067e-4,6,1
4113,Luis Eduardo Falú,falú,argentina,1951,Estudiante de historia y obrero de Gas del Estado,5,15981,1.22080910394683e-4,2,1
4563,María Teresa Campos,velasco_chile,chile,1941,"Presentadora de televisión , periodista , escritora , locutora , política y directora de televisión",3,15981,9.198864690274725e-5,7,1
4817,Matilde León,alarco,peru,2000,Actriz y guionista,5,15981,8.436429544058972e-5,1,1
5464,Rafael Reyes Spíndola,reyes_spíndola,mexico,1860,Escritor y periodista,6,15981,1.3175357869955081e-4,6,1
5923,Tatiana Santo Domingo,pumarejo,colombia,1983,Empresaria,15,15981,1.045172549946903e-4,7,1
220,Alberto Wills Ferro,wills,colombia,1906,Arquitecto,73,15980.999999999995,2.0122890093536303e-4,3,1
1371,David Alfaro Siqueiros,miró_quesada,mexico,1896,NA,3,15980.999999999995,9.728676585384841e-5,6,1
2452,Germán Riesco,echaurren,chile,1854,Abogado y político,476,15966.279755846976,5.320628449774346e-4,4,1
4159,Luis María Rodríguez,marcó_del_pont,argentina,1938,"Abogado , Jurista , Criminólogo y Escritor",66,15962.894797916038,2.273111893833719e-4,2,1
4211,Luis de Ayala y Vergara,ayala,colombia,1768,Político,86,15931.286093917312,2.2228836506573736e-4,3,1
3434,José Rafael Balmaceda,balmaceda,chile,1850,político y diplomático,180,15918.194468078313,2.900278107443455e-4,4,1
5037,Nicolás Caputo,caputo,argentina,1958,Empresario y político,23,15876.612144980792,1.3738650837035086e-4,2,1
2592,Guillermo Thorndike,thorndike,peru,1940,"periodista, escritor",247,15823.566257751616,3.8362834841066393e-4,1,1
5170,Paloma Valencia,laserna,colombia,1978,"Política , abogada , filósofa , escritora , columnista y profesora",156,15711.061003072753,2.5913909179076756e-4,8,1
550,Antonio Aguilar,aguilar,mexico,1919,Cantante y actor,10,15552.113331143022,2.486037453109392e-4,22,1
385,Alonso II de Fonseca,ulloa,peru,1440,Arzobispo,28,15546.463217392184,1.6954346378583504e-4,11,1
101,Adolfo León Gómez,acevedo_colombia,colombia,1857,"Periodista, escritor, académico, historiador",218,15515.882366692162,4.1359114931448454e-4,3,1
4583,María del Carmen Martín del Campo,martín_del_campo,mexico,1911,Política,106,15515.533203121146,3.1661811084581393e-4,6,1
2918,Javier Bedoya Denegri,bedoya,peru,1980,Abogado,38,15477.442443635418,1.4478907000298164e-4,1,1
3128,Jorge Saravia,saravia,uruguay,1958,Político,93,15447.307478127763,1.7874088068481006e-4,8,1
5977,Tomás Liberato Perón,perón,argentina,1839,"Médico, legislador",164,15418.45877673998,2.3883956301522932e-4,4,1
3229,José Domingo Choquehuanca,choquehuanca,peru,1792,Político y abogado,20,15392.611103098825,1.4288808127409185e-4,2,1
6079,Vicente Izquierdo Sanfuentes,sanfuentes,chile,1850,Médico y político,344,15368.189455560494,3.723022355999301e-4,4,1
311,Alfonso Dávila Ortiz,dávila,colombia,1922,Ingeniero civil,80,15288.498486383784,2.106525582370804e-4,3,1
2792,Ignacio Walker,echenique,chile,1956,"Abogado , investigador , académico , y político",398,15282.826575703963,4.343617866742542e-4,4,1
4394,Manuel Pardo y Lavalle,lavalle,peru,1834,Economista,84,15271.829178912883,2.4559783367149557e-4,1,1
2035,Felipe Santiago Matta Aguirre,matta,chile,1869,"Ingeniero , empresario y político",336,15265.424390070473,3.6254350346891814e-4,4,1
17,Álvaro Noboa,noboa,ecuador,1950,"Político , empresario y banquero",32,15261.973752466727,1.7328007651989797e-4,10,1
4336,Manuel González Prada,de_la_puente,peru,1844,"Escritor , filósofo y político",36,15244.964523357594,1.4642641036160392e-4,1,1
4934,Miguel Gómez Martínez,gómez,colombia,1961,"economista , político",187,15208.966624308743,3.1859093906608346e-4,7,1
2594,Guillermo Udaondo,ortiz_basualdo,argentina,1859,Médico,50,15189.86943900374,1.5274244508194895e-4,2,1
104,Adolfo Rodríguez Saá,rodríguez_saá,argentina,1947,Abogado,199,15188.506758220472,4.774546155145238e-4,2,1
3217,José Cayetano Carreño,carreño,venezuela,1774,Compositor,25,15113.154891896575,1.8116125161699555e-4,10,1
3127,Jorge Sapag,sapag,argentina,1951,Abogado y político,28,15069.670587816698,1.8112057131546922e-4,27,1
5201,Patricio Aylwin,aylwin,chile,1918,"Abogado , profesor universitario , jurista y político",360,15040.88330150988,4.0524216232261986e-4,4,1
4192,Luis Solari,solari,peru,1948,Médico,253,15035.453337203366,3.73404368077201e-4,1,1
4430,Manuel Vicente Maza,maza,argentina,1779,Abogado,59,15020.386126609641,2.2850711241937332e-4,9,1
858,Braulio Guerra Malo,malo,mexico,1948,"Abogado , político , escritor , educador y funcionario público",100,14975.942475318721,2.8417939466858597e-4,6,1
4447,Manuel de Mendiburu,mendiburu,peru,1805,"Militar , político , historiador",13,14964.070438209586,1.2784170292935365e-4,11,1
3425,José Piñera Carvallo,echenique,chile,1917,"Ingeniero , diplomático y político",216,14946.896951203667,3.187024895195266e-4,5,1
3266,José Gálvez Barrenechea,gálvez,peru,1885,"Poeta , escritor , periodista , catedrático universitario , político , abogado , diplomático",262,14922.759410989476,4.0046352822315005e-4,1,1
803,Benjamín Huamán de los Heros,de_los_heros,peru,1878,"Abogado , magistrado y político",242,14919.336317790983,3.5677271536875175e-4,1,1
5838,Silvestre Ochagavía Echaurren,echaurren,chile,1862,"Político , abogado y ministro",462,14866.00084649817,5.087134177469101e-4,4,1
2819,Isaac Alzamora,alzamora,peru,1850,"Político , catedrático universitario , diplomático",299,14831.49141953328,4.5153963308849936e-4,1,1
1823,Eudoro Aráoz,aráoz,argentina,1883,Político,77,14827.02063283575,2.6244956258439405e-4,2,1
5841,Silvia Alessandri,morandé,chile,1927,Política,240,14816.355838140576,3.4643721647981547e-4,8,1
2926,Javier Errázuriz Echaurren,echaurren,chile,1853,"abogado, político",453,14813.257682990185,5.024750189288125e-4,4,1
2142,Fidel Cano Correa,cano,colombia,1965,Periodista,42,14806.003259679459,1.5661106092964395e-4,3,1
576,Antonio González Balcarce,balcarce,argentina,1774,Militar,41,14785.290119123465,1.7454885035145693e-4,2,1
6027,Víctor Eguiguren Escudero,eguiguren,peru,1852,Diplomático,301,14764.889370998731,4.552203993143506e-4,1,1
864,Buenaventura Cousiño,cousiño,chile,1808,Abogado y Profesor,160,14704.000333028225,2.854794962532823e-4,9,1
1063,Carlos Williams León,león_barandiarán,peru,1924,Arquitecto,34,14652.65187223315,1.3552009877077563e-4,1,1
2585,Guillermo Seoane,seoane_heredia,peru,1848,"Diplomático , jurista , político , profesor",306,14650.268649530928,4.6396627211463856e-4,1,1
2649,Héctor Yunes Landa,yunes,mexico,1958,Político,124,14619.487898395351,3.210204790315906e-4,6,1
1301,Cristián García-Huidobro,garcía-huidobro,chile,1952,Actor,318,14598.096456912184,3.648183971350535e-4,4,1
4519,María Josefa Álvarez de Arenales,álvarez_de_arenales,argentina,1807,Activista,42,14538.77172601746,2.1745017270386334e-4,2,1
2037,Felipe Sapag,sapag,argentina,1917,Empresario Político,31,14533.321459306868,1.8168030262409306e-4,27,1
1310,Cristián Undurraga,undurraga,chile,1954,Arquitecto,96,14533.061429491398,1.966283739066099e-4,5,1
2687,Hernán Larraín Fernández,matte,chile,1947,Abogado y político,154,14532.787334712708,2.6044552556862263e-4,5,1
4451,Manuel de Tezanos-Pinto,garcía-huidobro,chile,1978,"Periodista , youtuber , escritor deportivo, locutor y presentador de televisión",35,14459.890923544723,1.5625057110747994e-4,3,1
2064,Fernando Botero,zea,colombia,1932,NA,89,14442.455649067097,2.1668278297817556e-4,3,1
3328,José Manuel Balmaceda,balmaceda,chile,1840,Político y periodista,176,14433.245266750508,2.6980390201000406e-4,4,1
5734,Samuel Moreno,rojas,colombia,1960,Abogado y economista,98,14431.075159916578,2.1958099365058654e-4,3,1
4910,Miguel Arroyo Hurtado,arroyo,colombia,1826,NA,198,14409.910382015816,3.470860593167944e-4,7,1
4416,Manuel Taboada,taboada,argentina,1817,Militar y estanciero,38,14404.037793299774,1.4588410985657838e-4,9,1
3373,José María Ramos Mejía,segurola,argentina,1842,"Médico , escritor , político",184,14386.636511002966,4.3449616460102913e-4,2,1
1651,Emilio Bello,bello,chile,1868,"Abogado , diplomático y político",377,14384.7256766964,4.423727247740718e-4,4,1
3311,José López Portillo,lópez-portillo,mexico,1920,Abogado y político,164,14350.066460995311,4.436284130906173e-4,6,1
5341,Piedad Larrea Borja,borja,ecuador,1912,"Escritora , poetisa , filóloga , catedrática de universidad y catedrática de enseñanza secundaria",20,14339.71581736105,1.171035230292612e-4,11,1
4950,Miguel Luis Amunátegui,amunátegui,chile,1828,"Escritor , historiador y político",511,14329.163973920398,5.566655733452308e-4,4,1
3577,Juan Carlos Concha Gutiérrez,concha_chile,chile,1933,Médico cirujano y político,324,14320.35565468171,3.53365189078814e-4,4,1
5810,Segundo Cernadas,neyra,argentina,1972,"Emprendedor, Actor, Político",31,14302.790331107763,1.715058075534883e-4,2,1
2300,Francisco Pizano de Brigard,brigard,colombia,1926,"Arquitecto , gobernador y embajador de Colombia",81,14299.295910445424,2.201135631560914e-4,3,1
5556,Ricardo Melgar Bao,melgar,peru,1946,Historiador Antropólogo,242,14268.508154292347,3.483448500463036e-4,1,1
4713,Mario Cafiero,cafiero,argentina,1956,político e ingeniero industrial,66,14266.63763285065,1.9636418176184525e-4,2,1
4832,Mauricio Pastor Daract,daract,argentina,1855,Abogado Juez,133,14242.123343942443,3.215436237587701e-4,2,1
4935,Miguel García Granados,garcía_granados,mexico,1809,Militar,45,14233.234839648476,1.699415481426822e-4,9,1
968,Carlos Hurtado Ruiz-Tagle,ruiz-tagle,chile,1937,Economista y político,410,14226.117607021906,4.5257668265921697e-4,4,1
5952,Thania Vega,vega,colombia,1954,Política,30,14197.333333335258,1.359604657285613e-4,8,1
5456,Rafael Moreno Valle Rosas,moreno_valle,mexico,1968,"Politólogo , economista y abogado",146,14185.019423215408,3.836989034817413e-4,6,1
316,Alfonso López Michelsen,lópez,colombia,1913,Abogado,233,14183.970614439359,4.270258003962815e-4,3,1
4,Álvaro Castaño Castillo,lópez,colombia,1920,"Periodista , locutor , empresario , abogado",80,14154.366051390572,2.0672583380257624e-4,3,1
5390,Raúl Damonte Taborda,botana,argentina,1909,Periodista y político,64,14137.842976901986,2.4648466580325936e-4,2,1
5295,Pedro Montt,montt,chile,1849,Político y abogado,424,14129.67690214322,4.8567359367288553e-4,4,1
2643,Héctor Noguera,portales,chile,1937,Actor y director de teatro,111,14127.338259545008,2.3392570056039418e-4,5,1
131,Agustín Mantilla,mantilla,peru,1944,Economista y Sociólogo,251,14080.625128811886,3.8168450029573586e-4,1,1
270,Alejandro López de Romaña,bustamante,peru,1846,"Hacendado, comerciante, político",48,14076.990947134496,1.8341727064273756e-4,11,1
1699,Enrique Cueto,cueto,chile,1959,Ingeniero comercial y Empresario,199,14046.525273385549,3.1160969948549716e-4,5,1
3353,José María Cordovez Moure,cordovéz,colombia,1835,Escritor e historiador,146,14025.845688094028,3.1325577630960657e-4,3,1
4924,Miguel Echenique,echenique,peru,1863,Empresario agrícola y político,58,13998.835077295675,1.403177834553805e-4,1,1
85,Adán Chávez,chávez,venezuela,1953,"Político , docente y diputado",30,13994.14773532386,2.2552273889435922e-4,10,1
2822,Isaac Hevia,concha_chile,chile,1870,Ingeniero civil y político,328,13978.946229850868,3.4877337805980837e-4,4,1
5729,Salvador del Solar,del_solar,peru,1970,"Actor de televisión, actor de cine , abogado , político , actor de teatro , director de cine , actor y guionista",135,13978.724135016655,2.779076950465485e-4,1,1
4337,Manuel González de Cosío,gonzález_de_cosío,mexico,1836,Político y militar,14,13963.899565727328,9.634565656402954e-5,6,1
4721,Mario Marcel,tohá,chile,1959,Economista y académico,365,13947.032924156176,3.936334185749316e-4,4,1
793,Benito Laso de la Vega,eléspuru,peru,1783,"Abogado , magistrado , periodista",14,13940.791483652863,1.300703375879169e-4,11,1
4423,Manuel Ulloa Elías,cisneros,peru,1922,Abogado,288,13936.600217931698,4.231485512357545e-4,1,1
1691,Enrique C. Creel,creel-terrazas,mexico,1854,"Político , diplomático , banquero y ministro",12,13901.019912349208,1.1482845067155969e-4,6,1
2924,Javier Díaz Orihuela,orihuela,peru,1932,Ingeniero civil,76,13866.991481923194,2.2435395371838313e-4,1,1
1082,Carmen Morla Lynch,vicuña,chile,1893,Escritora,238,13842.514125982121,3.3175104136474597e-4,4,1
1716,Enrique José Arboleda,arboleda,colombia,1953,"Abogado, escritor, catedrático, político",229,13819.941411417865,3.885618338976081e-4,7,1
2587,Guillermo Snopek (padre),snopek,argentina,1916,"Político , abogado y magistrado",147,13795.952402836621,4.10413822915506e-4,2,1
3267,José Gálvez Egúsquiza,gálvez,peru,1819,Abogado,258,13785.86862157157,3.8926007855871053e-4,1,1
5550,Ricardo Joaquín Durand,durand_argentina,argentina,1916,Abogado,60,13770.10393406386,2.227150505473266e-4,2,1
3560,Juan Bautista de Lavalle,lavalle,peru,1782,"Militar , político",9,13727.4163485496,1.4458259900349788e-4,1,1
1033,Carlos Rospigliosi Vigil,rospigliosi,peru,1879,Médico,245,13720.270018058543,3.6119392295798846e-4,1,1
870,César Ameghino,ameghino,argentina,1871,Abogado,131,13718.213740303312,3.241100795021928e-4,2,1
3171,José Antonio Kast Adriasola,kast,chile,1993,Abogado y político,134,13690.04816533758,2.4290210043602725e-4,5,1
134,Agustín Nieto Caballero,caballero,colombia,1889,"Educador, filósofo, psicólogo y abogado",25,13675.222377802433,8.673807223543472e-5,3,1
401,Amado Sapag,sapag,argentina,1921,empresario y político,28,13669.419775079037,1.6677208250870983e-4,27,1
2506,Gonzalo Ortiz de Zevallos Roedel,ortiz_de_zevallos,peru,1914,Abogado,248,13620.77850635202,3.5966223308504536e-4,1,1
2134,Fernando Zavala,zavala,peru,1971,"Empresario , economista y político",14,13601.916323952451,1.121731626061593e-4,1,1
5970,Tomás Godoy Cruz,godoy,argentina,1791,Abogado,53,13593.071461793124,2.1325506600521145e-4,9,1
3066,Jorge Claro,claro_chile,chile,NA,Ingeniero civil y economista,104,13584.307391673483,1.8235174126799455e-4,5,1
308,Alfonso Barrantes,barrantes,peru,1927,Abogado laboralista y político,246,13577.252805969107,3.7728653010772525e-4,1,1
669,Arturo Droguett,valdés_chile,chile,1906,"Médico , político , profesor",360,13531.430186521764,4.076114573206692e-4,4,1
4930,Miguel Francisco Aráoz,aráoz,argentina,1817,Empresario,53,13492.70215915971,1.782198847717286e-4,2,1
1482,Domingo Matte Larraín,matte,chile,1889,Ingeniero civil,354,13492.055700807065,4.052751442099694e-4,4,1
4431,Manuel Vicente Villarán,villarán,peru,1873,"Abogado , catedrático universitario y político",296,13484.163100786356,4.485276146892005e-4,1,1
5151,Pablo Valenzuela,sanfuentes,chile,1941,Bioquímico y empresario,317,13473.339923528269,3.551654508714704e-4,4,1
1833,Eugenio Garza Lagüera,garza_sada,mexico,1923,Empresario,20,13450.591402609343,1.5159990036279957e-4,15,1
2630,Gustavo de Greiff Restrepo,de_greiff,colombia,1929,Jurista,214,13448.042288815708,4.000623157212231e-4,3,1
3606,Juan Enrique Concha Subercaseaux,concha_chile,chile,1876,"Abogado , político y académico",240,13399.218050976879,3.4532667975972786e-4,8,1
5240,Pedro Alcántara Herrán,arboleda,colombia,1800,Militar y político,164,13397.88251407582,2.662097231375374e-4,8,1
504,Andrés Zaldívar,zaldívar,chile,1936,Abogado y político,400,13388.836038839701,4.3109498319447503e-4,4,1
1727,Enrique Olaya Herrera,herrera,colombia,1880,"Periodista , editor, diplomático , abogado y político",152,13379.395750947535,2.9366463746888374e-4,3,1
1535,Eduardo Dibós Chappuis,alarco,peru,1927,"Político , ingeniero y piloto de automovilismo",13,13348.662488462978,1.397644236891449e-4,1,1
2147,Fiorella Cayo,cayo,peru,1975,"Actriz , cantante , bailarina , cantautora y empresaria",8,13309.999999999998,1.4347345419572625e-4,14,1
5068,Nicole Faverón,cayo,peru,1988,"Modelo, psicóloga clínica y exreina de belleza",8,13309.999999999998,1.4347345419570907e-4,14,1
2750,Humberto Rodríguez Pastor,rodríguez_pastor,peru,1937,Antropólogo y profesor universitario,347,13283.15174763467,4.972033258025105e-4,1,1
2573,Guillermo León Valencia,laserna,colombia,1909,"Abogado , político , diplomático",188,13236.027962020189,2.807554996370058e-4,8,1
384,Alonso III de Fonseca,ulloa,chile,1475,"Sacerdote católico , político y mecenas",25,13227.522566552158,1.4923342770436807e-4,11,1
753,Aurelio Iragorri Hormaza,valencia,colombia,1937,"ingeniero, político, funcionario",204,13225.550309708775,2.897595117501405e-4,4,1
1889,Facundo Zuviría,zuviría,argentina,1794,Jurisconsulto y político,68,13217.109126069978,2.7212396836455996e-4,2,1
3883,Julio Philippi Bihl,philippi,chile,1878,Abogado,320,13216.390949558821,3.440414518806737e-4,4,1
4762,Martín Arrau,garcía-huidobro,chile,1979,Político e ingeniero,152,13215.31727754424,2.4933489952209015e-4,5,1
1051,Carlos Trejo Lerdo de Tejada,lerdo_de_tejada,mexico,1879,Diplomático y político,109,13199.167208129491,2.937262658621363e-4,6,1
5368,Prócoro Crespo,candioti,argentina,1872,Abogado .,187,13156.460124678497,4.3765352310544577e-4,2,1
3466,José Tohá,tohá,chile,1927,"Periodista , escritor y político",366,13127.508184442615,4.0889729128324245e-4,4,1
5116,Osvaldo Vial Vial,vial,chile,1890,"Abogado , diplomático y político",362,13112.012752500195,4.1274986193918405e-4,4,1
1595,Eladio Vergara,vergara-azcárate,colombia,NA,NA,79,13088.11711085315,2.0611477340869193e-4,3,1
1492,Domingo Víctor Santa María,santa_maría,chile,1854,Político y geógrafo,476,13076.60821200405,5.205514295105466e-4,4,1
2333,Francisco Uriburu,uriburu,argentina,1837,Empresario,82,13062.772601141733,2.232644488877821e-4,2,1
5508,Ramiro Llona,llona,peru,1947,artista plástico,151,13051.169776892863,3.121229695206077e-4,1,1
5472,Rafael Urdaneta,parís,venezuela,1788,"Militar , político",40,13048.049374515651,1.3359700921999586e-4,3,1
5839,Silvestre Ochagavía Errázuriz,echaurren,chile,1820,Abogado,365,13036.465845965346,4.079224198015156e-4,4,1
856,Bonifacio del Carril,del_carril,argentina,1911,"Abogado , escritor , historiador , diplomático , político , jurista y traductor",133,13032.603134419267,3.0521944530171214e-4,2,1
5971,Tomás Gonzales Reátegui,reátegui,peru,1947,Ingeniero,54,12995.10317355051,2.0485736712031106e-4,1,1
5802,Sebastián Lerdo de Tejada Covarrubias,lerdo_de_tejada,mexico,1966,Abogado,153,12994.258185350145,3.9909107897507595e-4,6,1
4502,María Eugenia Estenssoro,estenssoro,argentina,1958,"Periodista, política",9,12977.206329025183,1.5588148833201943e-4,20,1
5395,Raúl Ferrero Costa,ferrero,peru,1941,Abogado y jurista,350,12958.2388473568,5.011038510807763e-4,1,1
562,Antonio Cafiero,cafiero,argentina,1922,"Contador público , político",200,12957.77068828448,4.6008084903780466e-4,2,1
1525,Eduardo Berrío González,berrío,colombia,1913,"Político , abogado",202,12949.7288147894,3.481661544660846e-4,7,1
3391,José Mariano Astigueta (padre),astigueta,argentina,1850,Médico,51,12933.170505184604,1.8149003603358622e-4,2,1
1333,Dalmacio Mera Figueroa,mera_figueroa,argentina,1970,Político,186,12908.305811518116,4.4545000983162267e-4,2,1
2293,Francisco Obregón,obregón,colombia,1801,"Abogado, político y diplomático",169,12904.23196526072,3.315420283367804e-4,7,1
3182,José Antonio Viera-Gallo,chadwick,chile,1943,Abogado y politólogo,176,12902.11188597562,2.8082289023148376e-4,5,1
4065,Luis Ángel Pinasco,pinasco,peru,1941,Actor,133,12868.750000000742,2.7518520347833656e-4,1,1
4900,Miguel Alemán Velasco,alemán,mexico,1932,Político y empresario,164,12864.485157298795,4.431097272121874e-4,6,1
4500,María Eugenia Bielsa,bielsa,argentina,1958,"Arquitecta , docente",65,12849.784720952468,2.032659223504698e-4,2,1
318,Alfonso Patiño Roselli,camargo,colombia,1923,"Abogado , político",173,12771.378085302546,3.1221412287412673e-4,7,1
2063,Fernando Bolívar,palacios_venezuela,venezuela,1810,NA,21,12755.185179737166,2.0504759174567232e-4,10,1
4235,Máximo Pacheco Matte,matte,chile,1953,"Economista , político, empresario",363,12715.06991591186,3.981356918496201e-4,4,1
5565,Ricardo Salas Edwards,edwards,chile,1870,Abogado,364,12709.581069546693,4.0546440812280955e-4,4,1
2397,Gabriel París,parís,colombia,1910,Militar,160,12701.049147926891,3.143992742577613e-4,7,1
5555,Ricardo Matte Pérez,matte,chile,1860,Abogado,439,12688.777209961117,4.7931913722965843e-4,4,1
3435,José Rafael Mosquera,arboleda,colombia,1793,"Hacendado, Abogado, Empresario y Político",7,12685.028452483673,1.2798990198151108e-4,21,1
2937,Javier Tobar Ahumada,gutiérrez_díaz,colombia,1844,Político,151,12632.569629242415,2.7889993148504853e-4,7,1
3833,Julio Arboleda,arboleda,colombia,1817,"Escritor, militar, político",171,12632.245448145195,2.737123669042261e-4,8,1
329,Alfredo Bateman,quijano,colombia,1909,Ingeniero e historiador,92,12626.339128941438,2.389662625340585e-4,3,1
4367,Manuel María de Iriondo,candioti,argentina,1873,Abogado,189,12618.597745987232,4.4953536349373884e-4,2,1
5498,Ramón Ribeyro,ribeyro,peru,1839,"Abogado , magistrado , catedrático universitario , político",262,12612.567000764926,3.8937597744811595e-4,1,1
1488,Domingo Santa María,santa_maría,chile,1825,Abogado y político,479,12593.951315671855,5.222970362547604e-4,4,1
503,Andrés Wood,montt,chile,1965,"Director de cine , guionista y productor de cine",107,12584.03589677184,1.939762260130985e-4,5,1
2448,Germán Ignacio Riesco,echaurren,chile,1888,"Diplomático , abogado y político",472,12503.861210960471,5.180796177258862e-4,4,1
4001,Lino de Pombo,o'donnell,colombia,1797,"Militar , ingeniero , diplomático",90,12451.559239935637,2.1978155083289167e-4,3,1
2463,Germán Zea Hernández,zea,colombia,1905,"Abogado , político y diplomático",156,12430.278520400523,3.1870253588382036e-4,3,1
1725,Enrique Montt Montt,montt,chile,1861,"Abogado , escritor y político",352,12413.558554953384,4.023066459990464e-4,4,1
2586,Guillermo Snopek,snopek,argentina,1975,Abogado,69,12399.383030671002,2.1669298327595002e-4,2,1
2206,Francisco Concha Castillo,concha_chile,chile,1855,Abogado,358,12391.946876578377,3.9856697475952255e-4,4,1
213,Alberto Uribe Sierra,uribe,colombia,1932,Ganadero y empresario,142,12389.124266949977,2.5885033768202544e-4,3,1
1021,Carlos Pizarro Leongómez,acevedo_colombia,colombia,1951,"Activista, guerrillero y político",72,12368.898555727275,2.0079509474912465e-4,7,1
6138,Waldemar Cerrón,cerrón,peru,1972,Profesor y Político,31,12308.218474163363,1.2970945760296834e-4,12,1
5998,Torcuato de Alvear,alvear,argentina,1822,Político,68,12302.782475871085,2.2626107188363103e-4,2,1
1979,Federico Luna y Peralta,luna,peru,1853,"Empresario , político",28,12294.252607964625,1.3377361831404952e-4,2,1
3014,Joaquín París Ricaurte,parís,colombia,1795,"Militar , político",137,12282.357633983378,2.2826648055794603e-4,8,1
217,Alberto Vial Infante,vial,chile,1876,"Abogado , agricultor y político",435,12266.688493654752,4.737779655823489e-4,4,1
3703,Juan Manuel de Rosas,ortiz_de_rozas,argentina,1793,"Estanciero , militar y político",33,12261.40932643233,2.2239983732722646e-4,2,1
1053,Carlos Uribe Cordovez,brigard,colombia,1854,"Jurista , diplomático , político",161,12260.915266022757,3.0615879256800125e-4,7,1
136,Agustín Pedro Justo,justo,argentina,1876,"militar , político , ingeniero civil , ingeniero militar y docente",168,12251.443010651816,4.062008582975474e-4,2,1
351,Alfredo Salazar Southwell,salazar_y_meléndez,peru,1913,Piloto de aviación,9,12249.670974179553,6.171140549207039e-5,1,1
3095,Jorge Holguín Mallarino,arboleda,colombia,1848,"Estadista , militar",147,12243.725039636722,2.4512699057432046e-4,8,1
3674,Juan Luis Sanfuentes,sanfuentes,chile,1858,Político y abogado,344,12235.31186563062,3.921257665228613e-4,4,1
2309,Francisco Reyes Morandé,morandé,chile,1954,Actor,220,12220.203511518856,3.3044251645690943e-4,5,1
1741,Enrique Shaw,bunge,argentina,1921,Empresario,17,12218.842240267963,1.3618298832058706e-4,2,1
3838,Julio Argentino Roca,paz,argentina,1843,"Oficial militar , diplomático y político",65,12206.45458729577,2.0963409641007062e-4,2,1
2596,Guillermo Valencia,valencia,colombia,1873,"Escritor, político, diplomático",156,12184.08192723542,3.066174158472316e-4,7,1
4960,Miguel Puch,puch,argentina,1804,Militar,34,12172.783805809437,1.6497553065709594e-4,2,1
6078,Vicente Huidobro,concha_chile,chile,1893,"Poeta , escritor , periodista y dramaturgo",44,12133.173989029321,1.6154121715584261e-4,4,1
2322,Francisco Solano Concha Cienfuegos,concha_chile,chile,1863,"Político , médico y abogado",434,12122.572977842909,4.724422720350776e-4,4,1
4201,Luis Undurraga García-Huidobro,garcía-huidobro,chile,1871,Abogado,434,12122.572977842909,4.724422720345986e-4,4,1
2085,Fernando Gómez Martínez,gómez_martínez,colombia,1897,"Periodista , Político , Diplomático",134,12102.48511279512,2.16149507962966e-4,8,1
3,Álvaro Alsogaray,alsogaray,argentina,1913,economista militar ingeniero aeronáutico civil,51,12097.054591270036,2.2054454663214307e-4,2,1
4913,Miguel Belgrano,belgrano,argentina,1777,"Militar, poeta y educador",45,12089.477214340974,1.9379697214021152e-4,2,1
2078,Fernando Elías Calles Álvarez,elías-calles,mexico,1939,Político y diplomático,106,12089.24592874503,2.949277051733339e-4,6,1
5620,Rodolfo Elías Calles,elías-calles,mexico,1900,Político,106,12089.24592874503,2.949277051731396e-4,6,1
31,Ángel Gallardo,ortiz_basualdo,argentina,1867,Doctor en Ciencias Naturales,191,12086.302041164043,4.5498367960098676e-4,2,1
1522,Eduardo A. Roca,roca,argentina,1921,Abogado y diplomático,133,12008.216073077394,3.1776613999788485e-4,2,1
1062,Carlos Wiesse Portocarrero,portocarrero_perú,peru,1859,"Historiador , abogado , diplomático , catedrático universitario",249,11996.589502214032,3.7159158209292047e-4,1,1
2029,Felipe Portocarrero Suárez,portocarrero_perú,peru,1957,Sociólogo,135,11986.762385014319,2.6927090951880435e-4,1,1
500,Andrés Villamizar,pachón,colombia,1974,Economista,49,11965.716024733174,1.6824887671563875e-4,3,1
5431,Rafael Delgado Barreneche,holguín,colombia,1906,Funcionario y abogado,224,11952.732564314372,3.9070487730601485e-4,7,1
660,Arturo Alessandri,morandé,chile,1868,Abogado y político,494,11933.717851734464,5.332257666964939e-4,4,1
1755,Enrique de la Riva Agüero Riglos,riva_agüero,peru,1857,Abogado y diplomático,306,11910.944404132699,4.549541770474033e-4,1,1
2725,Honorio Pueyrredón,pueyrredón,argentina,1876,"Abogado , diplomático , político y futbolista",198,11910.5874182449,4.6157873673887404e-4,2,1
1005,Carlos Morla Lynch,vicuña,chile,1888,diplomático,204,11891.569192512638,3.1246424284317264e-4,8,1
2641,Héctor José Cámpora,cámpora,argentina,1909,Político y odontólogo,105,11891.554280111086,3.0941442572371094e-4,2,1
1557,Eduardo Medina Mora,medina_mora,mexico,1957,Abogado y político,80,11888.883631448865,2.810275771625841e-4,6,1
5569,Ricardo Valdés Bustamante,valdés_chile,chile,1880,NA,176,11879.132235942125,2.446668755253419e-4,4,1
714,Augusto Ferrero Costa,ferrero,peru,1944,Abogado,246,11870.131007804688,3.6335993866368536e-4,1,1
2746,Hugo Vaca Narvaja,vaca_narvaja,argentina,1915,Abogado,92,11869.55523033636,2.768944743415432e-4,2,1
674,Arturo Frei Bolívar,frei,chile,1939,Abogado y político,227,11866.181413389442,3.361000243472213e-4,5,1
812,Benjamín Walker,echenique,chile,1992,"Cantante , cantautor , guitarrista y actor",339,11855.353571543184,3.7791566776178287e-4,4,1
5527,Renato Cisneros,cisneros,peru,1976,"Periodista, escritor, poeta, presentador de televisión y de radio",18,11846.431378530597,1.1299253861402337e-4,1,1
2458,Germán Uribe Hoyos,uribe,colombia,1884,Ingeniero y político,140,11811.239329998023,2.537212314487281e-4,3,1
3816,Julita Astaburuaga,claro_chile,chile,1919,Socialité,19,11809.25615591487,1.0341796176384265e-4,5,1
3053,Jorge Astaburuaga Lyon,claro_chile,chile,1880,"político, corredor de bolsa",148,11765.31687517527,2.3712492248817516e-4,8,1
4082,Luis Benjamín Cisneros,cisneros,peru,1837,"Funcionario público , diplomático",249,11762.976610157955,3.5300919448871316e-4,1,1
929,Carlos Capriles,capriles,venezuela,1923,"Periodista , historiador , escritor , diplomático y político",21,11754.753694383737,1.8627165379780095e-4,10,1
5974,Tomás José Sanabria y Meleán,toro_venezuela,venezuela,1796,abogado y político.,25,11747.316070547493,2.22135157106852e-4,10,1
1511,Edgardo Lander,lander,venezuela,1942,Sociólogo,24,11739.856156957796,1.2797879779586244e-4,10,1
4406,Manuel Rivas Vicuña,vicuña,chile,1880,"Abogado , político , diplomático y escritor",351,11721.310982944527,3.9768450830400163e-4,4,1
2550,Guillermo Billinghurst,billinghurst,peru,1851,"Político , empresario y periodista",49,11717.81841865781,1.9902445021741124e-4,11,1
1222,Claudio Arredondo,pinto_chile,chile,1962,Actor y político,110,11675.734984441371,2.1736311387948233e-4,5,1
5361,Porfirio Muñoz Ledo,muñoz_ledo,mexico,1933,político diplomático,166,11660.307483762992,4.65264912404423e-4,6,1
5055,Nicolás Rodríguez Saá,rodríguez_saá,argentina,1984,Político y abogado,194,11652.697854229886,4.5486680033039116e-4,2,1
1567,Eduardo Rodríguez Larreta,rodríguez_larreta,uruguay,1888,"Abogado , periodista y político",98,11646.747749629843,1.977890769566584e-4,8,1
4982,Misael Pastrana,borrero,colombia,1923,Abogado y Economista,62,11639.557587100457,1.4682054405876888e-4,7,1
3610,Juan Federico Elmore,elmore,peru,1841,"Abogado , jurista , diplomático , catedrático universitario",31,11625.40414514817,1.3582754963877746e-4,1,1
5602,Roberto Matta,echaurren,chile,1911,"Pintor , escultor , arquitecto , diseñador , grabador , litógrafo , artista gráfico y artista visual",126,11622.453439620012,2.3988602482793157e-4,5,1
2242,Francisco Javier Correa Errázuriz,errázuriz,chile,1870,Abogado,233,11603.098339331624,3.292427746417464e-4,8,1
4724,Mario Ruiz Massieu,ruiz-massieu,mexico,1950,Abogado,111,11587.757256394638,2.9015668651031644e-4,6,1
470,Andrés Aylwin,aylwin,chile,1925,"Político , abogado y activista por los derechos humanos",396,11577.282951637766,4.2876127948917887e-4,4,1
5755,Santiago Cafiero,cafiero,argentina,1979,Ministro,194,11561.40527055756,4.518059261022723e-4,2,1
3264,José Francisco Yunes Zorrilla,yunes,mexico,1969,Administración de empresas,128,11560.511199351391,3.334455687235588e-4,6,1
3875,Julio Montt,montt,chile,1926,Médico y político,405,11543.580979380878,4.383979277728987e-4,4,1
108,Adolfo Veloso,veloso,chile,1927,"Abogado , académico y político",358,11539.838269274782,3.9419237114523035e-4,4,1
682,Arturo Matte,matte,chile,1893,"Abogado , empresario y político",469,11536.662662774366,5.12069239489129e-4,4,1
2604,Gustavo Alatriste,pinal_hidalgo,mexico,1922,"Director de cine , productor de cine , escritor , actor , director de escena y emprendedor",14,11529.604602205705,1.5184516606024564e-4,6,1
3468,José Tola Pasquel,tola,peru,1914,"Ingeniero, matemático, profesor, rector",345,11527.993646179706,4.921846102519372e-4,1,1
1477,Domingo García Belaúnde,belaúnde,peru,1944,Abogado,345,11525.264960968896,4.921480510236498e-4,1,1
5045,Nicolás Lindley López,lindley,peru,1908,Militar ( EP ),20,11505.154016088187,1.2888886169279596e-4,1,1
3707,Juan Mariano Cossío,gonzález_de_cosío,mexico,1799,"Abogado , magistrado y político",17,11459.555530643678,9.575989431652188e-5,6,1
1614,Eliseo Canaveri,canaveris,argentina,1859,Agente de bolsa Tesorero Político,59,11452.003972086815,2.2404510547173264e-4,2,1
2589,Guillermo Sucre,sucre,venezuela,1933,"Poeta , traductor y crítico literario",25,11449.123388650472,2.023331348223882e-4,10,1
3174,José Antonio Ramos Sucre,sucre,venezuela,1890,"Escritor , poeta , traductor , cónsul",25,11449.123388650472,2.0233313482237114e-4,10,1
333,Alfredo Castro,concha_chile,chile,1955,"Actor , guionista , director de teatro y director de cine",320,11437.285119310653,3.5441408878669615e-4,4,1
3257,José Fernández-Villaverde,carvajal_y_vargas,chile,1902,"Diplomático , político",6,11436.935481322838,6.0228084839670276e-5,8,1
3193,José Balta Hugues,balta,peru,NA,Ingeniero de minas,31,11431.096542412419,1.5607105608185176e-4,1,1
5372,Primo Villa Michel,villa_michel,mexico,1893,"Político , abogado y ministro",113,11415.591339734536,3.322653869322517e-4,6,1
677,Arturo Umberto Illia,illia,argentina,1900,Médico y político,185,11410.589688188715,4.3933391914371023e-4,2,1
5315,Pedro Saravia Fratti,saravia,uruguay,1952,Político y abogado,102,11408.740870794401,2.1375532452315598e-4,8,1
1221,Claudio Alarco von Perfall,alarco,peru,1941,Psicólogo,345,11395.95252607288,4.911016357676272e-4,1,1
4124,Luis Felipe Borja Pérez,borja,ecuador,1845,Político y abogado,16,11387.385622547314,1.8317021118106224e-4,10,1
2523,Gregorio Amunátegui Jordán,amunátegui,chile,1901,Ingeniero civil y político,358,11368.471971766885,4.0324227274308777e-4,4,1
408,Amancio Williams,bunge,argentina,1913,Arquitecto y urbanista,145,11364.514319585795,3.5658252394265986e-4,2,1
274,Alejandro Miró-Quesada Cisneros,cisneros,peru,1944,Periodista y Empresario,345,11356.166749673397,4.913807942115774e-4,1,1
566,Antonio Cisneros,cisneros,peru,1942,"Escritor , poeta , periodista, catedrático, guionista y ensayista",342,11356.166749673397,4.876849882519034e-4,1,1
2869,Iván Berrío Jaramillo,berrío,colombia,1909,Militar,60,11341.818859182897,1.4674258091774216e-4,9,1
3847,Julio César Turbay,quintero,colombia,1916,Político,194,11341.2390224376,3.5863595088619514e-4,3,1
983,Carlos Lemos Simmonds,lemos,colombia,1933,"Periodista , diplomático , político y abogado",178,11298.579670924235,3.11370770418895e-4,3,1
2680,Hernán Echavarría Olózaga,echavarría,colombia,1911,"Economista, industrial, político",12,11298.040578189717,1.3088926929479322e-4,32,1
815,Bernabé Aráoz,aráoz,argentina,1776,Comerciante y Militar,31,11290.88153799561,1.6600050944354323e-4,2,1
1410,Diego de Angulo Lemos,angulo,colombia,1841,Militar Abogado Estadista,165,11271.729345031292,2.6822311044447875e-4,8,1
1978,Federico Luna Araníbar,luna,peru,1820,Político,9,11269.114656503614,8.416310128703724e-5,2,1
5089,Octavio Errázuriz,errázuriz,chile,1942,Abogado,411,11263.356717617095,4.470796757154364e-4,4,1
1059,Carlos Vicuña Fuentes,vicuña,chile,1886,"Escritor , abogado , político y enseñante",350,11229.960053231189,4.058936658928334e-4,4,1
2732,Horacio Urteaga,urteaga,peru,1877,"Historiador , escritor , político y catedrático universitario",240,11212.488615061127,3.49534976819392e-4,1,1
4307,Manuel Carvajal Sinisterra,borrero,colombia,1916,Empresario,152,11206.003500347344,2.9405682031650706e-4,7,1
3125,Jorge Riesco Errázuriz,errázuriz,chile,1852,Funcionario y político,433,11202.666043876918,4.903088082904847e-4,4,1
1812,Esteban Bullrich,alvear,argentina,1969,Político,19,11154.337271729088,1.307208344790674e-4,2,1
6039,Víctor Mosquera Chaux,chaux,colombia,1919,Político,174,11141.287422335368,3.187241463683686e-4,3,1
263,Alejandro Galvis Galvis,galvis_galavís,colombia,1891,"Abogado, periodista y político",155,11065.129625530999,3.214162298703958e-4,3,1
4442,Manuel de Balmaceda Ballesteros,balmaceda,chile,1803,Hacendado,49,11055.347560713846,1.604409134969846e-4,9,1
2623,Gustavo Rojas Pinilla,rojas,colombia,1900,"Militar , ingeniero civil , político",34,11033.33995798123,1.1414909652905442e-4,3,1
1733,Enrique Salvador Sanfuentes,sanfuentes,chile,1848,Abogado y político,32,11005.570503617504,1.1823653623636029e-4,4,1
3414,José Obdulio Gaviria,escobar_gaviria,colombia,1952,Abogado,27,11003.695173790093,1.1671500214339914e-4,8,1
269,Alejandro Huneeus García-Huidobro,garcía-huidobro,chile,1874,Político y abogado,214,10992.164733321346,3.096958783695834e-4,8,1
2558,Guillermo Chadwick Ortúzar,chadwick,chile,1887,Político y empresario,214,10992.164733321346,3.0969587836935703e-4,8,1
3948,Laureano Nazar,nazar,argentina,1816,Militar y Político,21,10984.778714063461,1.6769311234674465e-4,2,1
3137,Jorge Yarur Banna,yarur,chile,1918,Abogado y empresario,317,10950.124143431913,3.6496597748225467e-4,4,1
4933,Miguel Gómez-Mont Urueta,gómez-mont,mexico,1953,Político y funcionario,55,10933.043864404854,1.9524585829517376e-4,6,1
1628,Elvira Rawson,rawson,argentina,1867,"Médica, política, profesora, sufragista",56,10900.271386364291,2.0493194286851468e-4,2,1
3682,Juan Manuel Dávila Pumarejo,dávila,colombia,1857,Militar y empresario,153,10895.700800884648,2.8912093055546994e-4,7,1
557,Antonio Basilio Cuervo,cuervo,colombia,1834,"Político , militar , geógrafo",241,10894.170547860931,4.1983763005240836e-4,7,1
4360,Manuel María Gálvez Egúsquiza,gálvez,peru,1837,"Abogado , catedrático universitario y político",306,10891.870097565316,4.551751799498608e-4,1,1
4373,Manuel Moreyra Loredo,moreyra,peru,1935,Abogado y economista,128,10870.42728725729,2.616291666303241e-4,1,1
998,Carlos Martínez Silva,martínez-silva,colombia,1847,"periodista , escritor , militar , diplomático",82,10838.271280796165,2.1075262053803218e-4,3,1
5659,Ronald Kay,parra_chile,chile,1941,"Poeta, teórico de arte, profesor, artista visual",314,10824.57243709134,3.575500689977415e-4,4,1
4904,Miguel Antonio Caro,azuola,colombia,1843,"Estadista , humanista .",98,10812.99293731613,1.7615099674783957e-4,8,1
3351,José María Cantilo (nieto),cantilo,argentina,1877,Diplomático y escritor,133,10804.34425495938,3.297152957733573e-4,2,1
2339,Francisco Valdés Vergara,valdés_chile,chile,1854,"Historiador , diplomático y político",350,10794.809176677147,3.903019885779537e-4,4,1
3836,Julio Argentino Noble,noble,argentina,1896,"Político, ingeniero civil, docente, escritor, y periodista",137,10699.712598202292,3.2680789139365667e-4,2,1
3696,Juan Manuel Polar Vargas,polar,peru,1868,"Escritor , educador",13,10685.692359447801,7.342765924645324e-5,1,1
593,Antonio Leocadio Guzmán,blanco_venezuela,venezuela,1801,Periodista y político,15,10684.91267070866,1.1113353804734597e-4,10,1
4776,Martín Soria,soria,argentina,1975,abogado y político,198,10682.76186735588,4.5617848228989526e-4,2,1
3131,Jorge Teillier,mendoza_ladrón_de_guevara,chile,1935,Poeta,13,10679.66424461288,1.0793115446416846e-4,1,1
2672,Hermann von Mühlenbrock,von_mühlenbrock,chile,1947,"Ingeniero comercial , empresario , dirigente gremial y consultor",408,10675.055113428598,4.424302592708534e-4,4,1
1571,Eduardo Umaña Luna,umaña,colombia,1923,"Abogado , docente y sociólogo",101,10664.606575626618,2.503030958631157e-4,3,1
2043,Felipe de Osma y Pardo,osma,peru,1865,"Abogado , catedrático universitario , diplomático , magistrado y político",299,10663.990862586448,4.3960957463914447e-4,1,1
5401,Raúl Isaías Baduel,baduel,venezuela,1955,"Político , alto cargo y militar",14,10657.518333845996,1.8832148658337602e-4,10,1
3392,José Mariano Luna,luna,peru,1775,"Político , periodista , recaudador de impuestos y tesorero (1818-1826)",11,10657.333333333332,1.836900603483249e-4,2,1
1060,Carlos Villaveces Restrepo,villaveces,colombia,1871,NA,10,10657.274368768862,1.0059606314411653e-4,7,1
2618,Gustavo Matamoros D'Costa,camacho,colombia,1928,"Militar , jinete",9,10657.000000000002,1.9937543230883663e-4,8,1
4621,Marcos Balcarce,balcarce,argentina,1777,Político y militar,7,10657.000000000002,1.5817856897832805e-4,9,1
553,Antonio Arboleda y Arrachea,arboleda,colombia,1770,NA,18,10657,1.3463334604943604e-4,7,1
948,Carlos Eugenio Lavín,garcía-huidobro,chile,1942,Ingeniero comercial y empresario,85,10657,1.8074631433659914e-4,5,1
2827,Isabel Allende,allende,chile,1942,Novelista,37,10657,1.8524111735280821e-4,11,1
3028,Joaquín de Cayzedo y Cuero,caicedo,chile,1773,Político y militar,5,10657,1.81483481599537e-4,7,1
3470,José Tomás Errázuriz,errázuriz,chile,1856,NA,54,10657,1.618469287619024e-4,9,1
5154,Paul von Metternich,carvajal_y_vargas,chile,1834,NA,6,10657,2.1379046496904308e-4,9,1
5888,Stefano Salvini,alarco,peru,1992,Actor,6,10657,1.887226970533367e-4,86,1
848,Blanca Luz Brum,miró_quesada,uruguay,1905,Periodista y pintora,6,10656.999999999996,2.3974258168494062e-4,6,1
558,Antonio Beingolea Balarezo,beingolea,peru,1881,Militar,8,10656.000000000004,1.0089066257078988e-4,88,1
1982,Federico More Barrionuevo,more,peru,1889,"Periodista , poeta , ensayista , crítico literario",6,10656.000000000004,1.9073711900671986e-4,20,1
4325,Manuel Felipe de Tovar,tobar,venezuela,1803,"Abogado , político , diplomático .",126,10656.000000000004,2.2379468821676144e-4,8,1
5489,Ramón Freire (marino),freire,peru,1849,Oficial naval,5,10656.000000000004,1.6951693510765088e-4,83,1
29,Ángel Concha,concha_chile,chile,1843,abogado y político,2,10656.000000000004,6.046789936421512e-5,84,1
2775,Ignacio Mariño y Torres,mariño,colombia,1770,Militar,6,10656.000000000002,9.161332999903657e-5,3,1
3985,Leopoldo Vázquez Mellado,vázquez-mellado,mexico,1881,Político,37,10656.000000000002,1.3686071132472575e-4,9,1
514,Andrea Casiraghi,santo_domingo,colombia,1984,NA,7,10656,1.5197738217790743e-4,7,1
700,Athina Roussel,onassis,argentina,1985,"Amazona , armadora y socialité",5,10656,1.2219895864633027e-4,11,1
845,Bigote Arrocet,velasco_chile,argentina,1949,Cantante y actor de cine,4,10656,1.5232795167906428e-4,7,1
880,César Quispe Luján,quispe,peru,NA,Administrador de empresas,4,10656,1.222362416588981e-4,12,1
2624,Gustavo Ross,ross_chile,chile,1879,Empresario y político,155,10656,2.4519882808604566e-4,4,1
3022,Joaquín Roca Rey,roca_rey,peru,1923,NA,7,10656,1.220979636839133e-4,12,1
3635,Juan Jiménez de Lobatón y Morales,jiménez_de_lobatón,peru,1634,NA,17,10656,1.2204296249329052e-4,11,1
4226,Luz Granier,bulnes,chile,1965,Ingeniera comercial y política,49,10656,1.1806575877037973e-4,5,1
4357,Manuel Maciel y Cabral de Alpoin,alpoim,argentina,1690,"Militar , conquistador , explorador , hacendado , funcionario y gobernante colonial",3,10656,1.177336975188878e-4,2,1
6116,Violeta Parra,parra_chile,chile,1917,Cantautora,13,10656,1.2197534694067984e-4,51,1
6041,Víctor Quispe Palomino,quispe_palomino,peru,1960,Terrorista y Narcotraficante,5,10656,1.2382206255869113e-4,102,1
1162,Cecilia Navia,navia,colombia,1980,Actriz,5,10655.999999999998,1.583938922896342e-4,2,1
2209,Francisco Díez Marina,díez_marina,mexico,1816,Político,3,10655.999999999998,1.3412748261044079e-4,6,1
2962,Jesús Carranza Neira,carranza,mexico,1813,"Militar , político y empresario",6,10655.999999999998,1.3730882377790103e-4,6,1
5619,Rodolfo Dorador Pérez Gavilán,pérez_gavilán,mexico,1969,Abogado,31,10655.999999999996,1.5238838034719655e-4,6,1
1793,Ernesto Pinto Lagarrigue,pinto_chile,chile,1918,Ingeniero civil y político,409,10653.762568869304,4.432121582104981e-4,4,1
4414,Manuel Seoane (político),seoane_heredia,peru,1900,Abogado y periodista,262,10618.382078357727,3.837806406594563e-4,1,1
4051,Lucas del Villar,montt,chile,1978,Abogado y político,407,10616.476369289034,4.414903448849771e-4,4,1
5815,Sergio Altamirano Pinto,pinto_chile,chile,1920,Médico cirujano y político,407,10616.476369289034,4.4149034488462325e-4,4,1
4801,Matías Ramos Mejía,segurola,argentina,1809,Militar,30,10589.778158942812,1.475122034069138e-4,2,1
5722,Salvador Camacho Roldán,camacho,colombia,1827,Abogado,212,10584.810644765288,3.9414936283750705e-4,3,1
2286,Francisco Miró-Quesada Rada,miró_quesada,peru,1948,"Abogado , jurista y periodista",284,10567.277630771845,4.20618914988338e-4,1,1
668,Arturo Corcuera,corcuera,peru,1935,Poeta y escritor,245,10555.635982306723,3.4324237528638054e-4,1,1
3678,Juan Manuel Abal Medina (hijo),abal_medina,argentina,1968,"Politólogo , político , profesor",191,10541.650049272126,4.425642687293891e-4,2,1
5757,Santiago Creel,creel-terrazas,mexico,1954,"Abogado , funcionario , activista y político",91,10538.314191731048,3.1762729545618113e-4,6,1
3943,Laura Allende Gossens,allende,chile,1911,Política,54,10525.16344225712,1.4283392641599113e-4,5,1
3055,Jorge Awad,awad,chile,1945,"Ingeniero comercial , académico, empresario , consultor y dirigente gremial",382,10502.001171922038,4.1953141688665877e-4,4,1
5274,Pedro García de la Huerta Matte,matte,chile,1903,Profesor y Abogado,348,10457.940823798983,3.874602492289065e-4,4,1
3723,Juan Pablo Llinás,llinás,colombia,1903,"Médico , científico y político",77,10456.568077155229,2.0144275210107047e-4,3,1
3856,Julio Cornejo,cornejo_argentina,argentina,1874,Abogado,191,10448.77820015211,4.480453863786811e-4,2,1
2422,Gastón Acurio Velarde,acurio,peru,1930,Ingeniero civil,79,10448.09420061541,2.3025649784477674e-4,1,1
3305,José Joaquín Casas,casas,colombia,1866,Abogado,168,10447.091962592882,3.150809809801295e-4,7,1
617,Antonio Valdés Cuevas,valdés_chile,chile,1852,Matemático,346,10446.669204161388,3.8564790844350323e-4,4,1
785,Benigno Rodríguez Jurado,"rodríguez_(san_luis,_argentina)",argentina,1861,"Abogado , político y juez",176,10414.322731730563,4.177789357575777e-4,2,1
2865,Ismael Valdés Vergara,valdés_chile,chile,1853,abogado y Bombero,345,10408.369875090768,3.846816866588124e-4,4,1
4426,Manuel Velarde Aspíllaga,paz,peru,1930,"Abogado , político",65,10378.750157877657,1.9379646162504896e-4,1,1
4616,Marco Aurelio Avellaneda,avellaneda,argentina,1835,Abogado,179,10374.999356703518,4.2827375403009277e-4,2,1
106,Adolfo Saguier,saguier,paraguay,1832,"militar , político",157,10360.567206373815,2.240811811694459e-4,4,1
3846,Julio César Saguier (político),saguier,argentina,1935,Abogado,183,10333.876523777668,4.353271859950315e-4,2,1
4119,Luis Ernesto Derbez,derbez,mexico,1947,Economista,43,10243.204084881727,1.8944631999398445e-4,6,1
2584,Guillermo Rawson,rojo,argentina,1821,"Médico , higienista y político .",147,10228.127875922006,3.3681434341888426e-4,2,1
3462,José Siurob,gonzález_de_cosío,mexico,1886,Político y militar,109,10221.018796174421,3.13665991149473e-4,6,1
4334,Manuel González Cosío y Rivera,gonzález_de_cosío,mexico,1915,Político y químico,109,10221.018796174421,3.1366599114943604e-4,6,1
4681,Mariano Ospina Pérez,ospina,colombia,1891,Ingeniero de minas,173,10220.560581367137,3.1937605227211466e-4,7,1
277,Alejandro Obregón,obregón,colombia,1920,"Pintor , escultor , muralista y grabador",83,10216.300947739346,2.0853235373835457e-4,3,1
5576,Richard Acuña,acuña,peru,1984,Administrador y político,33,10193.58699822957,1.826593367784219e-4,1,1
721,Augusto Leguía,leguía,peru,1863,"Político , negociante y empresario",70,10185.412689969195,2.033330206330347e-4,1,1
4597,Marcelino Uribe Arango,restrepo,colombia,1880,"Político , abogado",225,10184.932865221484,3.995715214818856e-4,7,1
343,Alfredo González Prada,de_la_puente,peru,1891,"Escritor , diplomático , periodista y editor",253,10160.110475231919,3.8675088186158863e-4,1,1
5375,Prudencio Rosas,ortiz_de_rozas,argentina,1800,Militar,23,10110.321895819836,1.6898402945506074e-4,2,1
465,Andrés Aramburú Menchaca,aramburú,peru,1909,"Abogado , jurista , periodista , profesor , catedrático universitario",267,10095.07111166189,3.879838570540205e-4,1,1
4174,Luis Montt Montt,montt,chile,1848,Abogado y político,422,10077.938655982534,4.7252010771520555e-4,4,1
3119,Jorge Polar Vargas,polar,peru,1856,"Abogado , magistrado , catedrático universitario",250,10070.410318599412,3.5530915076319684e-4,1,1
947,Carlos Ernesto Soria,soria,argentina,1949,"Político , abogado",198,10055.655244900308,4.5485207799636826e-4,2,1
1985,Federico Peralta Ramos,peralta_ramos,argentina,1939,Artista plástico,5,10049.374046968376,1.071468942698603e-4,2,1
3867,Julio Jung,concha_chile,chile,1942,Actor y actor de televisión,52,10032.25132242139,1.414009417199428e-4,5,1
3100,Jorge López Portillo Tostado,lópez-portillo,mexico,1959,Economista,159,10013.102867674208,4.21467668512263e-4,6,1
3637,Juan José Castelli,castelli,argentina,1764,Político y abogado,54,9912.828505578502,2.3385950947167505e-4,2,1
4493,María Emma Mejía,casas,colombia,1953,"Periodista , diplomática , política y cineasta",17,9897.292840086127,8.10170367785423e-5,7,1
5704,Rufino Torrico,torrico,peru,1833,Abogado,10,9896.425524547085,1.374704534167214e-4,10,1
1065,Carlos Zavala Loayza,zavala,peru,1882,"Abogado , jurisconsulto , magistrado , diplomático , catedrático universitario",243,9895.084159251268,3.4504460184434186e-4,1,1
4243,Macedonio de la Torre,de_la_torre,peru,1893,NA,250,9894.345626586339,3.6176821254375364e-4,1,1
6019,Víctor Andrés Belaúnde,belaúnde,peru,1883,"Pensador, educador, jurista, diplomático, político, escritor",296,9889.742611926535,4.4044334562928837e-4,1,1
3247,José Eusebio Caro,azuola,colombia,1817,"Filósofo, poeta, escritor, ideólogo",140,9886.64596812978,2.230576554799184e-4,8,1
2712,Hernando de Soto (economista),polar,peru,1941,Economista y político,141,9882.364067557404,2.813233632613109e-4,1,1
806,Benjamín Roca García,roca_y_rodríguez,peru,1868,agricultor y político,10,9880.335812053267,1.1960664242421057e-4,10,1
2562,Guillermo Edwards Matte,edwards,chile,1889,Político y abogado,475,9874.518590047792,5.095556553705747e-4,4,1
5932,Teodoro Elmore,elmore,peru,1850,Ingeniero y político,249,9862.60212714472,3.539040570351859e-4,1,1
5110,Osías Ramírez Gamarra,ramírez,peru,1976,político,143,9856.287026081156,2.952282243259349e-4,1,1
5259,Pedro Carlos Olaechea,olaechea,peru,1865,Abogado,57,9851.945460911376,2.0445977445518996e-4,11,1
4477,María Correa Morandé,morandé,chile,1912,Política y escritora,103,9820.957034388879,1.943694661156869e-4,9,1
3426,José Piñera Echenique,echenique,chile,1948,Economista y político,208,9815.45379355482,3.197784224224983e-4,5,1
2385,Fulvio Rossi,tohá,chile,1970,Político y médico,152,9815.03637646916,2.5281279010823783e-4,5,1
802,Benjamín Gaitán,pérez_manosalva,colombia,1850,Empresario,133,9746.044166708305,2.7393270467349236e-4,3,1
268,Alejandro Hales,hales,chile,1923,Abogado y político,390,9722.886998804739,4.1767914996015823e-4,4,1
5816,Sergio Arboleda,arboleda,colombia,1822,"Escritor , periodista , militar , político",182,9715.025797652012,3.1375065172962704e-4,7,1
1869,Ezio Neyra,neyra,peru,1980,"Escritor, docente universitario, investigador, editor",134,9692.49418647169,2.80245996507794e-4,1,1
4660,Mariano Campero,campero,argentina,1983,Abogado Político,54,9692.184146492858,1.821859116032573e-4,2,1
3156,José Antonio Arévalo González,gonzález_torres,mexico,1971,Político,30,9688.515867994047,1.1953421068780291e-4,6,1
272,Alejandro Luna Ledesma,sodi,mexico,1939,"Arquitecto , pintor , profesor universitario , escenógrafo y diseñador de iluminación",67,9685.02578168529,2.5367085949804e-4,6,1
3188,José Antonio de Lavalle y Pardo,lavalle,peru,1858,Abogado y político,12,9682.066834165065,1.0925616445130912e-4,1,1
2522,Gregorio Amunátegui Aldunate,amunátegui,chile,1830,"Historiador , Jurista , Literato , Político",474,9639.467108353803,5.079249053115222e-4,4,1
2626,Gustavo Santos Montejo,santos,colombia,1894,"Escritor, artista",89,9624.60505442158,2.2212673494606056e-4,3,1
808,Benjamín Vicuña,aylwin,chile,1978,Actor y empresario,330,9603.801148609013,3.676736555080453e-4,4,1
1688,Enrique Basadre Stevenson,basadre,peru,1848,Médico,250,9580.646040628082,3.7039055384419523e-4,1,1
3024,Joaquín Samuel de Anchorena,anchorena,argentina,1876,Abogado,140,9565.02200567704,3.2924393382926007e-4,2,1
2320,Francisco Santos Galvis,calderón_colombia,colombia,1848,"Abogado, periodista, político, empresario de medios",213,9558.832372627981,3.9452550015236826e-4,3,1
2780,Ignacio Prado Pastor,prado,peru,1940,Filósofo y editor,132,9550.917616864044,2.513603024783186e-4,1,1
2056,Fernando Alessandri,velasco_chile,chile,1897,Abogado,471,9532.781541421233,5.068680775141075e-4,4,1
6087,Vicente Sanfuentes (político),sanfuentes,chile,1825,Político,467,9516.415168177331,5.006065295222644e-4,4,1
1542,Eduardo Frei Ruiz-Tagle,frei,chile,1942,Ingeniero civil y político,409,9500.731175404513,4.3855824617337923e-4,4,1
2033,Felipe Sandoval Precht,precht,chile,1957,"Ingeniero civil , dirigente gremial y político",383,9491.02177696069,0.00041047398508735903,4,1
3111,Jorge Matte Gormaz,matte,chile,1876,Abogado y político,471,9439.50743759558,5.042555690009511e-4,4,1
3059,Jorge Basadre,basadre,peru,1903,"Historiador , político y bibliotecario",247,9432.681868157153,3.5758748383227874e-4,1,1
3300,José Ignacio de Gorriti,zuviría,argentina,1770,Militar,51,9425.949747141536,2.657114259110195e-4,2,1
5302,Pedro Pablo Alayza Tijero,alayza,peru,1958,Curador,133,9413.151603078495,2.4128508413836865e-4,1,1
3132,Jorge Trelles,trelles,peru,1944,Abogado,146,9387.279050642748,2.9857298659763154e-4,1,1
5359,Porfirio Díaz,díaz,mexico,1830,Militar y político,55,9377.477203678154,2.0506292818922993e-4,9,1
3363,José María Orihuela,orihuela,argentina,NA,Abogado y político,29,9375.272027640569,1.5763597039095145e-4,2,1
1706,Enrique García Sayán,garcía_y_garcía,peru,1905,Abogado y diplomático,253,9373.837416941691,3.647772838918023e-4,1,1
2931,Javier Mariátegui Chiappe,mariátegui,peru,1928,"Psiquiatra , Escritor",257,9368.693738525655,3.6567698438116995e-4,1,1
6084,Vicente Saadi,saadi,argentina,1913,"Abogado, periodista y político",135,9359.08554345173,3.5824060102118916e-4,2,1
2567,Guillermo Garrido-Lecca Álvarez-Calderón,álvarez_calderón,peru,1941,Economista,18,9357.90714569854,9.07161244084822e-5,1,1
3523,Joseph P. Kennedy,onassis,argentina,1888,"Inversor , empresario y diplomático",51,9355.108743697321,1.8849668544123702e-4,11,1
3098,Jorge Huneeus Zegers,zegers_chile,chile,1835,Abogado,397,9337.030762827784,4.4440788588083745e-4,4,1
1007,Carlos Neuhaus Rizo-Patrón,ugarteche,peru,1926,Abogado y Político,256,9334.096344477477,3.6875623348317147e-4,1,1
5120,Otto Dörr Zegers,zegers_chile,chile,1936,"Médico , Psiquiatra y Profesor",327,9330.053750572151,3.6097715439978236e-4,4,1
186,Alberto Lleras Camargo,camargo,colombia,1906,Periodista,177,9323.124955101981,3.4102494254401044e-4,3,1
879,César Negret,mosquera,colombia,1960,Diplomático y abogado,236,9321.020235222493,4.119903732074714e-4,3,1
4027,Lorenzo María Lleras,lleras,colombia,1811,Periodista,207,9308.474625369661,3.9084454286576054e-4,3,1
1720,Enrique Larreta,rodríguez_larreta,argentina,1875,escritor historiador académico diplomático coleccionista de arte,160,9303.721228779068,3.778880570602253e-4,2,1
2400,Gabriel Revéiz Pizarro,pizarro_colombia,colombia,1915,"Militar , político",53,9287.31190771685,1.346742718649294e-4,9,1
2752,Humberto Romero,romero_feris,argentina,1942,Político,69,9263.74328038885,2.214721462039532e-4,2,1
790,Benito Alberto Nazar Anchorena,anchorena,argentina,1884,Abogado Juez Político,140,9256.428285592967,3.284242723015176e-4,2,1
5982,Tomás S. de Anchorena,anchorena,argentina,1827,Abogado,137,9240.544063564557,3.2233101673337773e-4,2,1
1576,Eduardo Wiesner Durán,wiesner,colombia,NA,"Político , Economista",139,9237.96226142404,2.794045308160022e-4,3,1
3711,Juan Martín Echenique,tristán_del_pozo,peru,1841,Político,49,9225.624172462296,2.150933212935269e-4,11,1
5289,Pedro María Carreño,carreño,colombia,1872,"Escritor, académico, político y diplomático",160,9220.020148993695,2.953384171800824e-4,7,1
798,Benjamín Clariond,reyes_retana,mexico,1948,Administrador de empresas y Político,117,9202.839097666198,2.971067560043905e-4,6,1
5499,Ramón Saadi,saadi,argentina,1949,Político y abogado,200,9193.741579954176,4.5781555868779674e-4,2,1
1192,Cilia Flores,maduro,venezuela,1956,Abogada y política,27,9173.246367593361,2.207806931849601e-4,10,1
5707,Ruperto Godoy,godoy,argentina,1803,Periodista y comerciante.,43,9167.349394373987,1.37289319454535e-4,9,1
3769,Juan de Dios Vial Guzmán (1814),vial,chile,1814,Político,159,9146.472211751918,2.5003391442489354e-4,4,1
1346,Daniel Mazuera,gómez,colombia,1945,"Abogado, economista y periodista",205,9138.733066188817,3.557511253635537e-4,7,1
2462,Germán Vargas Lleras,lleras,colombia,1962,Abogado y político,214,9130.508868932178,4.052751474407783e-4,3,1
885,Calixto Torres Umaña,restrepo,colombia,1885,"Médico pediatra, educador, escritor",204,9128.72367595453,3.8376028195539954e-4,3,1
1556,Eduardo Matte,matte,chile,1847,Político y abogado,474,9114.799741616125,5.071373642941997e-4,4,1
5614,Rocío Banquells,pinal_hidalgo,mexico,1958,"Cantante , actriz y política",22,9091.11978467647,1.2736401220767813e-4,6,1
837,Bertha Puga,camargo,chile,1909,Escritora y política,160,9051.96761650943,3.0977862920925065e-4,3,1
5528,Renzo Costa,acuña,peru,NA,NA,12,9032.200387157012,1.0236632741645624e-4,1,1
36,Ángel Parra,parra_chile,chile,1943,"Compositor de bandas sonoras, cantante , músico , escritor , cantautor , novelista , actor de cine , guitarrista y artista discográfico",15,9010.202518321268,1.4470943753624806e-4,51,1
4151,Luis José de Orbegoso,orbegoso,peru,1795,"Militar , político , agricultor",18,9001.549780075617,9.760875655639963e-5,1,1
4580,María de la Concepción Palacios y Blanco,palacios_venezuela,venezuela,1758,NA,32,8997.3741945318,3.0784199972066654e-4,10,1
4840,Maximiano Errázuriz,errázuriz,chile,1945,político y profesor de derecho,219,8996.151862310062,3.2481550301016374e-4,5,1
942,Carlos Dogny,larco,peru,1909,"empresario , deportista",16,8977.195481405612,1.1724352467903709e-4,1,1
4846,Medardo Rivas,groot,colombia,1825,"Político , periodista , militar , editor , escritor",214,8969.406767545153,3.9745936462944677e-4,3,1
1335,Daniel Alomía Robles,robles,peru,1871,"compositor , musicólogo",243,8968.87304232727,3.3385780860139316e-4,1,1
4400,Manuel Quijano Ordóñez,mosquera,colombia,1813,"Político, abogado, diplomático",8,8943.985658753341,1.199677568276213e-4,3,1
5801,Sebastián Lerdo de Tejada,lerdo_de_tejada,mexico,1823,"Abogado , Jurista , Docente",41,8924.248901924337,1.1495704744642681e-4,9,1
4110,Luis E. Valcárcel,valcárcel,peru,1891,Historiador y antropólogo,17,8924.164247094279,1.3735288359218836e-4,12,1
447,Ana María Palma,vicuña,chile,1944,Actriz,81,8912.023661258554,1.375655434156968e-4,5,1
4820,Matilde Rodríguez Larreta,rodríguez_larreta,uruguay,1941,Política,81,8898.860453887843,1.5755344764243603e-4,8,1
3088,Jorge Guillermo Borges,lafinur,argentina,1874,"Escritor , filósofo , abogado y traductor",49,8895.660880458558,2.153353364297807e-4,2,1
4372,Manuel Montt Lehuedé,montt,chile,1904,Abogado y político,471,8886.54209781411,5.029040496270472e-4,4,1
5257,Pedro Campos Di Girolamo,di_girolamo,chile,1988,Actor (desde 2010) y director de teatro,27,8884.861694585661,1.2081572891565982e-4,5,1
3442,José Rizo Pombo,pombo,colombia,1934,"Ingeniero , político",192,8881.633179436276,3.3752133028487434e-4,7,1
5134,Pablo Emilio Madero,madero,mexico,1921,Político e ingeniero químico,90,8880.681127307473,2.933648219083123e-4,6,1
1553,Eduardo Ladislao Holmberg,holmberg,argentina,1852,NA,13,8876.666666666222,1.261170845837655e-4,2,1
662,Arturo Alessandri,velasco_chile,chile,1868,Abogado y político,483,8861.866615041707,5.141228246736589e-4,4,1
1837,Eugenio Larrabure y Unanue,larrabure,peru,1844,"Abogado , diplomático , escritor , historiador , periodista y político",20,8851.692039798127,1.1001179790973549e-4,1,1
5536,Ricardo Claro,claro_chile,chile,1934,"Abogado , académico y empresario",334,8843.990660515345,3.6456257805657886e-4,4,1
4054,Luciano Cruz-Coke,cruz-coke,chile,1970,Actor y político,22,8837.297618875085,1.1013101410922825e-4,5,1
966,Carlos Holguín Sardi,holguín,colombia,1940,Abogado y político,168,8813.389728201535,2.6038862751748753e-4,8,1
3488,José de Santiago Concha,santiago_concha,peru,1667,Político y militar,247,8791.382494588841,3.580842691775702e-4,1,1
3490,José de Santiago Concha y Traslaviña,santiago_concha,peru,1735,NA,244,8791.382494588841,3.5438293395167276e-4,1,1
4853,Melchor de Santiago Concha y Errazquin,santiago_concha,peru,1716,NA,247,8791.382494588841,3.580842691773475e-4,1,1
1041,Carlos Scheck,scheck,uruguay,1893,Escritor y periodista,82,8764.848266955887,1.6903499571402472e-4,8,1
5133,Pablo Escobar,escobar_gaviria,colombia,1949,Capo de la droga y político,140,8756.086167463345,2.897615513601231e-4,3,1
3078,Jorge Frei,frei,chile,1971,Abogado y político,391,8748.206033580718,4.1609858374208267e-4,4,1
137,Agustín Rodríguez Jurado,"rodríguez_(san_luis,_argentina)",argentina,1900,Abogado,152,8738.94480506013,3.648578920006975e-4,2,1
7,Álvaro Espinoza (actor),concha_chile,chile,1974,Actor,100,8684.083155722423,2.054768992794071e-4,5,1
328,Alfredo Barros Errázuriz,errázuriz,chile,1875,Jurista y político,207,8680.848528165468,2.925710492817444e-4,8,1
5011,Natalio Botana,botana,argentina,1937,"Politólogo, historiador, periodista, profesor",11,8679.474584425,8.073982863470874e-5,2,1
436,Ana Faustina Sarmiento,sarsfield,argentina,1832,Profesora,11,8618.58022516433,9.079193942912059e-5,4,1
2199,Francisco Bulnes Correa,bulnes,chile,1886,Político y abogado,474,8615.293299325469,5.069581557007445e-4,4,1
1708,Enrique Godoy,godoy,argentina,1850,Militar,45,8588.362395244914,1.54589134356181e-4,2,1
2612,Gustavo Errázuriz Larraín,errázuriz,chile,1884,"Ingeniero agrónomo , agricultor y político",206,8578.607259674982,2.916204043112332e-4,8,1
2678,Hernán Cubillos,allamand,chile,1936,"Oficial naval , diplomático y empresario",27,8573.07883775744,1.091771139826407e-4,5,1
2816,Irma Serrano,díaz_ceballos,mexico,1933,Cantante actriz política,115,8560.975892836346,3.4138008967053886e-4,6,1
3402,José Miguel Morales Dasso,benavides_perú,peru,1945,Abogado y empresario,128,8560.359341566733,2.302776855438145e-4,1,1
1668,Emilio Riva Palacio Morales,riva_palacio,mexico,1910,Político,111,8533.0995357174,3.0970991671739327e-4,6,1
2917,Javier Alva Orlandini,alva,peru,1927,Abogado,295,8527.617590540354,4.2696801987165224e-4,1,1
1228,Claudio Vicuña Guerrero,subercaseaux,chile,1833,Político y diplomático,188,8527.542081104368,2.728290919648661e-4,4,1
4047,Lucas Gnecco,gnecco,colombia,1942,Político,158,8523.700000000044,2.423882733002168e-4,4,1
4700,Mariano de la Llosa y Vizcarra,llosa,peru,1790,"abogado , magistrado , político",16,8507.856176452346,1.2301832670443994e-4,1,1
628,Antonio de Vergara Azcárate,olmos,colombia,1612,"Militar , Político , Caballero y Tesorero",19,8505.128214996885,1.5620771709936893e-4,3,1
4104,Luis Cuervo Márquez,cuervo,colombia,1863,Médico,232,8504.129523614714,4.0911188433979517e-4,7,1
5826,Sergio Saavedra,velasco_chile,chile,1927,Ingeniero civil,383,8503.449607106559,4.071996306324721e-4,4,1
3298,José Ignacio Villegas,villegas_colombia,colombia,1871,"Abogado, político",226,8468.301893910264,3.8991852044406605e-4,7,1
4602,Marcelo Alonso,portales,chile,1969,Actor y director de teatro,339,8443.500996856847,3.8034357992627367e-4,4,1
5121,Otto Eléspuru Revoredo,eléspuru,peru,1924,"Militar , político , investigador",12,8440.836020029072,1.0841393533661989e-4,11,1
2468,Gianfranco Brero,pinasco,peru,1953,Actor y presentador de televisión,130,8431.250000000926,2.579036103244716e-4,1,1
1797,Ernesto Sanz de Santamaría,sanz_de_santamaría,colombia,NA,abogado,159,8415.997618435847,2.9071796791531004e-4,7,1
2860,Ismael Edwards Matte,edwards,chile,1891,Político y arquitecto,466,8367.737328510091,4.965445248770621e-4,4,1
2499,Gonzalo Ibáñez,ibáñez,chile,1945,Abogado y político,204,8364.781745019356,3.171068016441446e-4,5,1
146,Agustina López de Osornio,garcía-mansilla,argentina,1769,Estanciera,20,8330.225014930902,2.210710551422819e-4,2,1
3955,León Ortiz de Rozas,garcía-mansilla,argentina,1760,Militar y político,18,8330.225014930902,2.0478268191855621e-4,2,1
259,Alejandro Errázuriz Mackenna,errázuriz,chile,1888,Abogado y político,463,8319.162296416584,4.939622627122581e-4,4,1
431,Aníbal Zañartu,zañartu,chile,1847,Abogado y político,466,8319.162296416584,4.968319381749653e-4,4,1
1501,Dositeo Errázuriz Zañartu,errázuriz,chile,1828,Abogado,463,8319.162296416584,4.939622627119349e-4,4,1
1957,Fanor Velasco,velasco_chile,chile,1843,"Periodista , escritor y político",463,8319.162296416584,4.939622627118373e-4,4,1
3072,Jorge Errázuriz,errázuriz,chile,1870,Abogado,463,8319.162296416584,4.939622627114804e-4,4,1
5404,Raúl Marín Balmaceda,balmaceda,chile,1907,Abogado y político,463,8319.162296416584,4.939622627109947e-4,4,1
4682,Mariano Ospina Rodríguez,ospina,colombia,1805,Abogado,172,8297.532356979667,3.079937687868315e-4,7,1
5350,Plácido Sánchez de Bustamante,sánchez_de_bustamante,argentina,1814,"Político , juez y abogado",69,8281.908993331557,2.3463144388092001e-4,2,1
1380,David Turbay Turbay,turbay,colombia,1952,NA,214,8278.127944589201,3.9965381766584885e-4,3,1
6118,Virgilio Acuña,acuña,peru,1951,Ingeniero civil y Político,27,8275.648296810687,1.3114987154390419e-4,1,1
415,Amenodoro Urdaneta,parís,colombia,1829,"Escritor, artista, político, educador",160,8271.643401974281,2.333097511865396e-4,4,1
5784,Sara Concha,concha_chile,chile,1995,"Estudiante , activista y política",139,8263.122129725365,2.1529997711220385e-4,5,1
1754,Enrique de Argáez,argáez,colombia,1858,"Político , geógrafo , historiador , diplomático",13,8262.944081604433,1.1395156421518482e-4,3,1
3126,Jorge Rojas Zegers,zegers_chile,chile,1947,Cirujano y músico,404,8200.227270882655,4.544911747521736e-4,4,1
4304,Manuel Candamo,álvarez_calderón,peru,1841,"Político , empresario , periodista",294,8181.1792397314475,4.3101853145171507e-4,1,1
5028,Nicanor Mujica Álvarez-Calderón,álvarez_calderón,peru,1913,Político,17,8161.519207933805,9.969852095153994e-5,1,1
1196,Ciro Alegría,alegría,peru,1909,"Escritor, educador, periodista y político",77,8148.528360551226,2.1781975275735166e-4,1,1
560,Antonio Bentín,mujica,peru,1826,Empresario,51,8148.237339160052,1.9186359931464282e-4,11,1
6095,Victor Caro,azuola,colombia,1877,"Escritor, poeta, científico, catedrático, filántropo, periodista",228,8125.069648742653,3.972313363170618e-4,7,1
638,Arístides Pinto,concha_chile,chile,1859,Militar y abogado,317,8120.744605832278,3.328191020789089e-4,4,1
598,Antonio Miró Quesada de la Guerra,miró_quesada,peru,1875,"periodista , abogado",290,8099.676929493393,4.296574288336023e-4,1,1
4478,María Cristina Arango,borrero,colombia,1928,Política,166,8095.39154285642,2.9733932901188315e-4,7,1
114,Adriana Cisneros,cisneros_venezuela,venezuela,1979,Empresario Inversionista CEO en Organización Cisneros,10,8082.823246260929,1.2773378416350666e-4,68,1
2428,Genoveva Ricaurte Mauris,parís,colombia,1755,Espía,17,8081.128464497395,1.1631922056804764e-4,8,1
3393,José Martín París Álvarez,parís,colombia,1746,Funcionario y militar,17,8081.128464497395,1.1631922056803333e-4,8,1
4836,Mauricio Santamaría,sanz_de_santamaría,colombia,1966,economista y político,41,8056.09731700424,1.4406309783599237e-4,3,1
4996,Néstor Kirchner,kirchner,argentina,1950,Político y abogado,85,8050.086587076932,2.639550238885602e-4,2,1
267,Alejandro Guarello,guarello,chile,1951,Compositor y director de orquesta,318,8040.321120703008,3.4162212699374384e-4,4,1
2968,Jesús Ignacio García,valencia,colombia,1951,Abogado,185,8025.642185342037,2.526269012783457e-4,4,1
3387,José María de la Cruz Prieto,cruz_chile,chile,1799,NA,32,8023.587998273191,2.1290551328222404e-4,9,1
2076,Fernando Durand,durand,peru,1954,Médico,245,8017.987192448249,3.479109593273203e-4,1,1
3138,Jorge Yoma,yoma,argentina,1953,Abogado,100,8017.807051459562,3.0353352362620065e-4,2,1
4670,Mariano Ignacio Prado,málaga,peru,1825,Militar,81,8005.981337177254,2.2284235868657166e-4,1,1
1684,Enrique Barco Guerrero,barco,colombia,NA,Médico,159,8004.564420040945,2.914061207040815e-4,7,1
93,Adolfo Bioy Casares,ocampo,argentina,1914,"Escritor , guionista , periodista , editor",142,7994.498191684425,3.416274213703735e-4,2,1
4958,Miguel Ocampo,ocampo,argentina,1922,"Pintor , diplomático , dibujante , escultor y arquitecto",139,7994.498191684403,3.3520582884591073e-4,2,1
4627,Marcos Peña,braun,argentina,1977,"Político , politólogo",25,7989.5291171742765,1.5547285536893432e-4,2,1
4353,Manuel José Yrarrázaval,mackenna,chile,1834,Abogado y político,144,7979.512243851993,2.215431046529231e-4,8,1
2638,Héctor González Guevara,gonzález_guevara,mexico,1917,Médico,103,7973.247582828024,2.821225890190108e-4,6,1
3456,José Santiago Portales y Larraín,portales,chile,1764,Político,26,7971.87580117695,1.7380392996073655e-4,9,1
5559,Ricardo Ortiz de Zevallos y Tagle,del_solar,peru,1844,Político,49,7961.206762098032,1.8950563002667614e-4,11,1
3370,José María Químper,químper,peru,1828,"Abogado , político , docente , periodista",160,7956.624326165074,2.2438461516113525e-4,4,1
2632,Héctor Acurio Cruz,acurio,peru,1968,Ingeniero Civil,16,7942.371808154883,7.144607225431923e-5,5,1
410,Ambrosio Montt Luco,montt,chile,1830,Abogado y Político,92,7941.491716791606,1.8660241844181572e-4,4,1
1483,Domingo Matte Mesías,bello,chile,1812,Político y abogado,97,7929.134430270458,1.8888853862706551e-4,8,1
855,Bolívar Ulloa,ulloa,peru,1909,"Diplomático, docente universitario",18,7924.881870674035,1.2879141779424227e-4,11,1
497,Andrés Townsend,diez_canseco,peru,1915,Abogado y periodista,252,7919.339833402033,3.6576630230333477e-4,1,1
2258,Francisco José Chaux,chaux,colombia,1899,"Abogado, politólogo y diplomático",166,7916.938656426937,3.004385526868674e-4,3,1
4117,Luis Enrique Osorio,obregón,colombia,1896,Escritor,85,7899.207073910247,2.0779057810354845e-4,3,1
3841,Julio Berrío París,berrío,colombia,1867,Militar,58,7878.820497674975,1.3654692872145036e-4,9,1
2795,Ignacio de Osma,osma,peru,1822,Político y diplomático,64,7873.937797718038,1.6381658866152947e-4,1,1
1460,Dionisio Puch,puch,argentina,1804,Militar,30,7851.722000699021,1.8285700348887165e-4,2,1
6124,Virgilio Roel Pineda,roel,peru,1929,"Economista , escritor y docente universitario",243,7835.7899381577345,3.4774781332610463e-4,1,1
4120,Luis Ernesto Videla,videla,chile,1961,Ingeniero comercial y empresario,99,7820.322330147399,1.9350220407796304e-4,5,1
4102,Luis Cousiño Mac Iver,cousiño,chile,1903,Abogado de derecho penal y académico Universidad de Chile,325,7818.8893842575635,3.5112585589735953e-4,4,1
4012,Lizardo Montero,montero,peru,1832,"Militar , político",56,7817.234102267015,1.5821312924166903e-4,1,1
4440,Manuel Zapata Orihuela,orihuela,peru,1921,Pintor,17,7798.552235825189,1.301707909653173e-4,12,1
4592,Marcela Cubillos,allamand,chile,1967,Política y abogada,147,7755.65686718056,2.4177579932237522e-4,5,1
4940,Miguel Kast,kast,chile,1948,"Economista , docente y político",206,7737.664399252845,3.1971031133496834e-4,5,1
1094,Carolina Cano,cano,peru,1985,Actriz modelo,21,7686.736667715005,1.1932710216684648e-4,3,1
342,Alfredo Fortabat,fortabat,argentina,1894,Empresario,17,7677.7652182926,9.768556355331144e-5,2,1
4690,Mariano Puga,concha_chile,chile,1931,"Sacerdote católico , músico , activista y defensor de los derechos humanos",174,7658.000289862571,2.523798268579823e-4,5,1
429,Aníbal Pinto Santa Cruz,pinto_chile,chile,1919,Economista,322,7641.821868955153,3.4182147817723725e-4,4,1
5598,Roberto Garza Sada,garza_sada,mexico,1895,empresario,18,7626.956644651668,1.5669478078722817e-4,15,1
3891,Julio Romero (político),romero_feris,argentina,1916,Político,68,7625.586399273002,2.1964553543705434e-4,2,1
5991,Tomasa de la Quintana,escalada,argentina,1776,Dama patricia,30,7610.495992215227,2.1613911360246477e-4,9,1
3528,Juan Agustín Uricoechea Navarro,uricoechea,colombia,1824,Abogado,158,7609.953210978357,2.3150252140922067e-4,4,1
4090,Luis Carlos Galán,galán,colombia,1943,"Abogado , economista y periodista",192,7608.664441212154,3.4799858135192566e-4,3,1
4582,María de los Remedios de Escalada,balcarce,argentina,1797,Ejército Patriota,35,7585.05502453815,2.4739301147163787e-4,9,1
2720,Hipólito Jesús Paz,campero,argentina,1917,Político Abogado Diplomático,185,7579.305811518069,4.2214635545317837e-4,2,1
896,Camilo Torres Tenorio,tenorio,colombia,1766,Político y abogado,84,7578.38351968506,2.0101978481547436e-4,3,1
1340,Daniel Domingo de Escalada,escalada,argentina,1819,Militar,17,7568.939982048196,1.2829149235355514e-4,2,1
2040,Felipe Ward,edwards,chile,1972,Abogado y político,72,7553.09440327238,1.6007180305980425e-4,3,1
891,Camilo Blas,urteaga,peru,1910,NA,17,7532.53869416286,1.1919067917991102e-4,1,1
589,Antonio José de Sucre,sucre,colombia,1795,"Militar , político",22,7523.502867005927,2.054672631130371e-4,10,1
3559,Juan Bautista Paz,paz,argentina,1772,Político,24,7517.439405193908,1.5830926703748837e-4,2,1
2001,Feliciano José Pueyrredón,pueyrredón,argentina,1767,Sacerdote,34,7516.0303907601165,1.9396493445932372e-4,9,1
2711,Hernando de Lavalle y García,lavalle,peru,1898,"abogado , político , banquero",240,7485.675608612085,3.408850326701433e-4,1,1
3561,Juan Bautista de Lavalle y García,lavalle,peru,1887,"Diplomático , abogado , magistrado",240,7485.675608612085,3.408850326700213e-4,1,1
3750,Juan Vicente Bolívar y Ponte,palacios_venezuela,venezuela,1726,NA,33,7462.842020901001,3.170892754493048e-4,10,1
1608,Eliodoro Matte Ossa,bunster,chile,1905,Empresario,184,7450.2698745858315,2.480881921118296e-4,5,1
2241,Francisco José Jattin Safar,jattin,colombia,1938,Diplomático,170,7430.898163458539,2.4818923389257583e-4,4,1
4959,Miguel Piñera,echenique,chile,1954,"Cantante , emprendedor , compositor de canciones y guitarrista",35,7409.889723877486,1.0331877064028497e-4,5,1
199,Alberto Pumarejo,pumarejo,colombia,1893,Abogado,146,7401.60441790973,2.8240739275349133e-4,3,1
2871,Iván Duque Escobar,duque,colombia,1937,"Abogado, político, deportista",161,7390.149096250324,3.226280402792531e-4,3,1
1615,Eliseo Payán,hurtado,colombia,1825,"Político , comerciante y militar",115,7389.369894104493,1.890154140718365e-4,8,1
5805,Sebastián Salazar Bondy,salazar_y_meléndez,peru,1924,Escritor,249,7381.059534905969,3.623471863946126e-4,1,1
2140,Fernando de la Rúa,de_la_rúa,argentina,1937,Abogado y profesor,97,7370.8560665136965,2.9672720899364416e-4,2,1
1778,Ernesto Bustamante,bustamante,peru,1950,Biólogo y político,31,7345.780982039965,1.5034841063224456e-4,1,1
1689,Enrique Basombrío,echenique,peru,1898,Agrónomo y Político,16,7343.885957406951,8.0022321479424e-5,5,1
124,Agustín Edwards Eastman,edwards,chile,1927,"Periodista , editor y empresario",326,7343.509538220715,3.5106101870573055e-4,4,1
3285,José Guilisasti,guilisasti,chile,1957,Agrónomo y empresario,181,7340.023163637233,2.7399414360936036e-4,5,1
980,Carlos Larraín Claro,claro_chile,chile,1871,"Abogado , Diputado, Ministro y funcionario público",125,7338.008736328723,2.064804992799287e-4,4,1
64,Óscar Pinochet de la Barra,pinochet,chile,1920,"Abogado , diplomático , poeta , político , explorador , historiador , escritor y humanista",101,7333.826433458221,1.8177506918700347e-4,5,1
324,Alfonso de los Heros,de_los_heros,peru,1939,Abogado,129,7323.610779502545,2.651336664258347e-4,1,1
4344,Manuel José Barrenechea,barrenechea_chile,chile,1857,"Médico , cirujano y político",366,7322.606926858046,4.028046366983728e-4,4,1
5992,Tomasa de la Quintana,san_martín,argentina,1776,Dama patricia,34,7321.683211369934,2.3208654702933586e-4,9,1
5633,Rodrigo Lloreda Caicedo,cabal,colombia,1942,"Abogado, periodista, empresario",201,7310.015574318716,3.494587692525739e-4,7,1
6162,Zenón Freire Caldera,freire,chile,1827,Agricultor y político,140,7304.924094172339,2.3321346092397294e-4,8,1
1467,Dolores Vargas París,urdaneta,venezuela,1800,NA,18,7294.912272112502,1.0233353133989078e-4,3,1
1784,Ernesto Fontaine,fontaine,chile,1934,"Economista , académico, investigador y consultor",129,7280.7493465740135,2.072876945879637e-4,5,1
6105,Victoria Tristán de Echenique,echenique,peru,1823,NA,21,7278.23867279559,9.757981523182998e-5,5,1
4826,Mauricio Fernandini,fernandini,peru,1966,Periodista,3,7277.68856652457,9.49472003002296e-5,10,1
917,Carlos Arenas y Loayza,arenas,peru,1885,Abogado,250,7270.804178475656,3.611843573946309e-4,1,1
5837,Sigrid Alegría,portales,chile,1974,"Actriz , cantante , folclorista",4,7258.27181015579,9.459634449548875e-5,5,1
301,Alex Chamán Portugal,portugal,peru,NA,"Sociólogo , profesor universitario y político",10,7257.5097202661,1.377943219299133e-4,20,1
4854,Melitón Porras Osores,porras,peru,1860,Abogado y diplomático,252,7254.0712163406815,3.599558208572024e-4,1,1
1994,Federico Salazar,salazar_y_meléndez,peru,1960,"Periodista , profesor universitario , filósofo y presentador de televisión",253,7248.883289920971,3.6306092990094787e-4,1,1
988,Carlos Loret de Mola Mediz,loret_de_mola,mexico,1921,Periodista,102,7242.5296043840035,2.6362898365206894e-4,6,1
571,Antonio Gómez Robledo,gómez-robledo,mexico,1908,"Escritor , filósofo y diplomático",56,7232.7268806763495,1.9210075223822918e-4,6,1
2308,Francisco Ramos Mejía (político),ramos_mejía,argentina,1909,"Político , embajador y abogado",74,7224.4270033473485,1.3453126780986298e-4,5,1
3117,Jorge Pinto Rodríguez,pinto_chile,chile,1944,"Historiador , escritor de no ficción y profesor universitario",19,7211.556859010964,8.28848615572003e-5,5,1
5107,Orlando Fals Borda,camacho,colombia,1925,Sociólogo,6,7206.495821499296,8.8944545912751e-5,3,1
4384,Manuel Odriozola Romero,odriozola,peru,1826,"Médico , catedrático universitario y político",247,7200.7217251112315,3.6248198675264905e-4,1,1
97,Adolfo Güemes,güemes,argentina,1873,Médico,70,7193.269053359643,2.529262867821193e-4,2,1
2103,Fernando Ochagavía Valdés,ochagavía,chile,1928,Político,116,7181.666824856413,2.077270104133603e-4,5,1
4112,Luis Eduardo Azuola y Rocha,azuola,colombia,1764,"Abogado, militar, funcionario real, prócer",103,7168.220093559968,2.3182443477605782e-4,3,1
4077,Luis Barriga Errázuriz,errázuriz,chile,1895,Abogado y político,131,7160.431223331205,2.1088544221803816e-4,5,1
3673,Juan Luis Ossa Bulnes,bulnes,chile,1942,"Abogado , economista , profesor , escritor y político",201,7152.749579130237,3.0455075715302236e-4,5,1
3320,José Luis Balmaceda,balmaceda,chile,NA,Diplomático,315,7150.317892340967,3.38220308250427e-4,4,1
4806,Mateo Garrido-Lecca,garrido-lecca,peru,1992,"Comediante , locutor , actor , celebridad de Internet y tiktoker",12,7146.393702178761,9.154299719125071e-5,1,1
2252,Francisco Javier Zaldúa,orbegozo,colombia,1811,"Abogado, escritor",138,7140.203266595285,2.7415974410088914e-4,3,1
2340,Francisco Vergara Azcárate,caicedo,colombia,1712,Abogado,84,7110.810485176989,2.0716862882869737e-4,3,1
102,Adolfo María Holmberg,holmberg,argentina,1889,Naturalista,12,7101.333333334508,1.1415815198495621e-4,2,1
1047,Carlos Sodi Candiani,sodi,mexico,1838,Político y abogado,22,7098.666666667074,1.6465398833950427e-4,6,1
1394,Demetrio Sodi Guergué,sodi,mexico,1866,Político y jurista,19,7098.666666667074,1.4468142474334433e-4,6,1
1997,Federico Sodi Romero,sodi,mexico,1890,"Abogado, novelista y dramaturgo",19,7098.666666667074,1.4468142474332915e-4,6,1
4133,Luis Figueroa Yábar,yábar,peru,1928,"Cineasta , pintor , guionista y director de cine",15,7094.8965530611595,1.860149044699844e-4,12,1
3872,Julio Mario Santo Domingo,pumarejo,colombia,1923,Empresario,23,7067.018009028868,1.0149729237001492e-4,7,1
1342,Daniel Figallo,león_barandiarán,peru,1961,Abogado,136,7019.136893642567,2.806906257496332e-4,1,1
702,Augusto Leguía,diez_canseco,peru,1863,"Político , negociante y empresario",64,7008.459036136956,1.812400767549611e-4,1,1
4009,Lizardo Alzamora Mayo,alzamora,peru,1858,"Abogado , magistrado , catedrático universitario y político",257,7000.930901481993,3.7311885323695703e-4,1,1
4915,Miguel Braun,braun,argentina,1973,"profesor, economista",23,6998.61599593598,1.5767926101869603e-4,2,1
207,Alberto Ulloa Cisneros,cisneros,peru,1862,"Periodista , diplomático y político",244,6989.991151342736,3.374843273187753e-4,1,1
5173,Pamela Vértiz,vértiz,peru,1970,Periodista y presentadora de televisión,6,6986.341187921072,1.1130390704692536e-4,57,1
5445,Rafael Urdaneta Vargas,parís,venezuela,1823,Político y militar,159,6986.221041855278,2.284952768505994e-4,4,1
2344,Francisco Wiesner Rozo,wiesner,colombia,1904,Ingeniero civil,81,6984.326690829119,1.94845455361245e-4,3,1
6114,Villanueva Saravia,saravia,uruguay,1964,político,88,6977.588412250563,1.7558038157380765e-4,8,1
2698,Hernando Carrizosa Pardo,carrizosa,colombia,1896,"Político , abogado",224,6968.202067004731,3.819943070824476e-4,7,1
57,Óscar Benavides,benavides_perú,peru,1876,Militar y político,246,6961.581938762059,3.5483407001250935e-4,1,1
5588,Roberto Celedón Fernández,bulnes,chile,1947,Abogado y político,203,6955.386145425443,3.0524495548401773e-4,5,1
5918,Tancredo Pinochet,pinochet,chile,1879,"Político , escritor , poeta , diplomático y novelista",17,6949.229687541452,9.899446187907109e-5,5,1
927,Carlos Calderón Reyes,calderón_colombia,colombia,1854,"Abogado , periodista , política",207,6915.408802882893,3.7238337181379807e-4,3,1
3820,Julia Pou,ponce_de_león,uruguay,1947,Política,85,6912.691791883134,1.7494003522040307e-4,8,1
4018,Lorena Ponce de León,ponce_de_león,uruguay,1976,"paisajista , emprendedora",83,6912.691791883134,1.7124750331491405e-4,8,1
2599,Guillermo Wiese de Osma,lavalle,peru,1927,Abogado,128,6908.3253720338425,2.5716556830843553e-4,1,1
509,Andrónico Lukšić Abaroa,luksic,chile,1926,Empresario,325,6896.65423247167,3.5742012395236167e-4,4,1
1641,Emiliano Figueroa,vicuña,chile,1866,Abogado y político,342,6892.725505010008,3.667821100211792e-4,4,1
1013,Carlos Ortiz de Rozas,ortiz_de_rozas,argentina,1926,Abogado y diplomático,132,6867.615363944823,3.0507865361166227e-4,2,1
2302,Francisco Prat,echaurren,chile,1948,Ingeniero civil industrial y político,395,6857.970331927591,4.303096693512686e-4,4,1
2614,Gustavo Lagos Matus,cruz_chile,chile,1924,"Abogado , politólogo , académico y político",388,6851.438176514986,4.13339046271084e-4,4,1
341,Alfredo Ferreyros Gildemeister,ferreyros,peru,1950,Empresario y explorador,22,6831.124021620682,1.2628753150391403e-4,1,1
4953,Miguel Mario Campero,campero,argentina,1880,"Jurista, político",178,6828.55981921002,4.1170324637306824e-4,2,1
2413,Gabriela Sodi Miranda,sodi,mexico,1959,Historiadora del arte y política,118,6815.108027101042,3.488328687576484e-4,6,1
2620,Gustavo Mohme,llona,peru,1930,Ingeniero civil y periodista,90,6784.736395668167,2.4364477166947862e-4,1,1
1422,Diego García-Sayán,garcía_y_garcía,peru,1950,Abogado,142,6783.539727641638,2.752108505113021e-4,1,1
5064,Nicolás de Piérola,piérola,peru,1839,Político,51,6779.367526842443,2.005932489281196e-4,11,1
5781,Santos Acosta,acosta_del_castillo,colombia,1827,"Militar , médico , político",147,6771.46611266987,2.8691452508630363e-4,3,1
5281,Pedro José Berrío,berrío,colombia,1865,"Político , militar",174,6765.927879479812,2.963238361606938e-4,7,1
3415,José Olaguer Feliú y Azcuénaga,azcuénaga,argentina,1790,militar y empresario teatral,28,6760.568055519422,1.9445251024477041e-4,9,1
4586,María del Carmen Ureta,ureta,peru,1945,actriz,7,6755.015833926332,5.8960097651327614e-5,1,1
2130,Fernando Valcárcel,valcárcel,peru,1972,Compositor y director de orquesta,15,6736.145773053742,1.5912634377770476e-4,12,1
5534,Ricardo Carrasquilla,nariño,colombia,1820,"Escritor, militar y político",157,6735.803277453175,2.9959054862215923e-4,7,1
1976,Federico Lleras Acosta,lleras,colombia,1877,"Médico veterinario , científico y bacteriólogo",208,6716.36905141413,3.906350585802888e-4,3,1
5562,Ricardo Rivera Schreiber,schreiber,peru,1892,Abogado y diplomático,244,6708.087909236868,3.3656572280841933e-4,1,1
1680,Enrique Álvarez del Castillo,álvarez_del_castillo,mexico,1923,Político y abogado,150,6702.793553535342,4.071786769074466e-4,6,1
129,Agustín Haya de la Torre,de_la_torre,peru,1948,Sociólogo,139,6694.3206712634055,2.687671657893189e-4,1,1
1381,David de Tezanos Pinto,pinto_chile,chile,1849,"Abogado , profesor , funcionario",42,6678.760741444044,1.4974217548198763e-4,2,1
5293,Pedro Miguel Aráoz,aráoz,argentina,1759,Sacerdote,42,6676.206687304847,1.6608005459993775e-4,2,1
537,Antolín Robles y Lugo,robles_arnao,peru,1853,Abogado,242,6658.75,3.493042285347395e-4,1,1
3424,José Pedro Varela,varela,uruguay,1845,"Periodista , político , escritor y sociólogo",45,6646.394594022846,1.3605511987036567e-4,8,1
4799,Matías Ovalle Errázuriz,errázuriz,chile,1822,Diplomático,203,6643.787986277564,2.7316513015180043e-4,8,1
797,Benjamín Boza,boza_de_lima,peru,1846,Abogado,49,6639.009005927368,2.1328688374258245e-4,11,1
5617,Rodolfo Cerrón-Palomino,cerrón,peru,1940,lingüista,242,6617.830968630327,3.405089313875079e-4,1,1
4905,Miguel Antonio Checa Eguiguren,eguiguren,peru,1889,Abogado y político,257,6617.501658088943,3.723707850743118e-4,1,1
2693,Hernán Velarde,diez_canseco,peru,1863,"Abogado , diplomático , periodista , escritor",245,6615.53433687055,3.563305497141693e-4,1,1
2032,Felipe Salaverry,salaverry,peru,1806,Militar y político,245,6580.875826119787,3.4916078919432816e-4,1,1
5907,Tadea González Manrique,álvarez_del_casal,colombia,1736,NA,14,6541.564044395263,1.2734511069298647e-4,3,1
3136,Jorge Villamil,cordovéz,colombia,1929,"Compositor de canciones , músico , productor , médico",49,6523.114678303716,1.3450528281654483e-4,7,1
2250,Francisco Javier Vergara,vergara-azcárate,colombia,1860,Geógrafo e historiador,7,6522.718469300556,7.453737803062043e-5,3,1
472,Andrés Bello,bello,chile,1781,"filósofo , poeta , traductor , filólogo , ensayista, político y diplomático",112,6518.419861951919,1.9071093107738893e-4,5,1
5255,Pedro Cáceres Velásquez,cáceres_velásquez,peru,1940,Periodista y empresario,128,6517.356117276015,2.4784114417664735e-4,1,1
265,Alejandro García-Huidobro,garcía-huidobro,chile,1952,Político,354,6514.034870460163,3.7638403609520745e-4,4,1
2958,Jesús Alzamora,alzamora,peru,1985,"Actor, presentador, escritor y mago",19,6493.862585477605,1.0874378318237167e-4,1,1
2009,Felipe Bulnes,bulnes,chile,1969,"Abogado , académico y político",136,6491.731880679999,2.261037496795421e-4,5,1
5126,Pío Isaac Acuña,acuña_argentina,argentina,1788,Abogado,56,6461.622722017176,2.3785634201407686e-4,2,1
4103,Luis Cousiño Talavera,cousiño,chile,1874,"Abogado , notario y director del museo nacional de bellas artes de Santiago de Chile .",320,6459.857425847275,3.389277480860411e-4,4,1
2249,Francisco Javier Mariátegui y Tellería,mariátegui,peru,1793,"Abogado , magistrado y diplomático",255,6427.978476624637,3.5317013516631877e-4,1,1
4862,Mercedes Aráoz,aráoz,peru,1961,"Política , economista y profesora de universidad",18,6427.312227860419,1.0909596476197526e-4,2,1
2348,Francisco Xavier de Luna Pizarro,pizarro,peru,1780,"Sacerdote , abogado .",241,6424.1662847434845,3.404333455115273e-4,1,1
4410,Manuel Sarabia Díaz de León,díaz_de_león,mexico,NA,Periodista y político,10,6417.457279701561,1.2282786554366132e-4,6,1
193,Alberto Montoya Puyana,puyana,colombia,1944,Arquitecto,27,6396.174482954133,1.1313087645231531e-4,8,1
5912,Tadeo Vergara,sanz_de_santamaría,colombia,NA,Profesor y Militar,87,6380.376135732045,2.0511821004842135e-4,3,1
238,Alejandro Agustín Lanusse,lanusse,argentina,1918,Militar,26,6371.239100469955,1.5454336353003264e-4,2,1
3796,Juana Ringeling,vicuña,chile,1986,Actriz,6,6357.6519706578265,9.88457706012097e-5,5,1
4352,Manuel José Yrarrázaval,concha_chile,chile,1834,Abogado y político,141,6350.393312282508,2.1284844763519887e-4,8,1
3687,Juan Manuel Galán,galán,colombia,1972,Internacionalista Politólogo,169,6348.64234889854,2.337017684310912e-4,4,1
5646,Rogelio Julio Frigerio,frigerio,argentina,1914,"Economista , periodista y político",140,6347.344672826108,3.249575354066851e-4,2,1
3947,Laureano Gómez,gómez,colombia,1889,"Periodista, ingeniero y político",242,6295.090832843668,4.0965944514032037e-4,7,1
1834,Eugenio Garza Sada,garza_sada,mexico,1892,Empresario,20,6289.345212205145,1.6324198563972563e-4,15,1
3246,José Eugenio Guzmán Irarrázaval,montt,chile,1841,Agricultor vitivinícola,239,6280.014525618388,3.019053073761672e-4,4,1
3450,José Sabogal Wiesse,portocarrero_perú,peru,1923,Ingeniero agrónomo y Sociólogo,25,6276.296083171154,1.6157653622795627e-4,1,1
4903,Miguel Alva Orlandini,alva,peru,1940,Letrado,286,6272.574467102501,4.0741298820198715e-4,1,1
2608,Gustavo Balcázar,quintero,colombia,1927,"Abogado , político",191,6269.785963519447,3.440619099411712e-4,3,1
2782,Ignacio Ramírez,mateos,mexico,1818,"escritor , abogado , periodista , poeta y político",12,6269.746931024761,8.31771163107153e-5,6,1
1345,Daniel Matamala,sanfuentes,chile,1978,"Periodista , escritor , editor , presentador , locutor y reportero",106,6258.96331386188,1.975877551353139e-4,5,1
5038,Nicolás Esguerra,esguerra,colombia,1838,"Abogado, político y escritor",214,6246.161535920876,3.8531994181629646e-4,3,1
5749,Santiago Antúnez de Mayolo,antúnez,peru,1887,NA,247,6234.897109851435,3.492896818347584e-4,1,1
693,Asdrúbal Chávez,chávez,venezuela,1954,Ingeniero químico,20,6233.144208155215,1.5538781181321918e-4,10,1
6141,Walter Villegas,villegas,argentina,1893,"Abogado , sociólogo , funcionario y político",136,6231.750425703888,3.104382586562443e-4,2,1
5570,Ricardo Vicuña,vicuña,chile,1955,Realizador de televisión,94,6218.363554434289,1.853371529937346e-4,5,1
3712,Juan Martín de Pueyrredón,pueyrredón,argentina,1777,Militar y político,37,6210.657559976485,1.7797348600253438e-4,2,1
4342,Manuel Isidoro Belzu,zuviría,bolivia,1808,Militar y político,20,6201.203457280705,1.4857446139821443e-4,2,1
3327,José Manuel Astigueta (padre),astigueta,argentina,1882,Abogado,131,6201.018020317614,3.0234637977842805e-4,2,1
2381,Froilán Largacha,holguín,colombia,1823,Abogado,173,6177.020308907811,3.1149708564568915e-4,3,1
2670,Herman Chadwick Piñera,chadwick,chile,1945,"Abogado , dirigente gremial y político",129,6154.226934935763,2.1907196085019963e-4,5,1
3377,José María Samper,samper,colombia,1828,"Periodista, escritor, historiador, político, científico",157,6132.789109038984,3.0264798543459126e-4,3,1
3091,Jorge Guzmán Montt,montt,chile,1879,político y abogado,387,6125.979934011901,4.303954437750201e-4,4,1
1133,Casimiro Marcó del Pont,marcó_del_pont,argentina,1765,Militar,10,6088.7912383002185,1.0511327395536671e-4,2,1
733,Augusto Tamayo Vargas,tamayo_perú,peru,1914,"Poeta , novelista , ensayista , historiador y catedrático de universidad",257,6064.543205168297,3.733898214715056e-4,1,1
2765,Ignacio Cousiño,cousiño,chile,1915,"Empresario , dirigente gremial y político",106,6058.497946757589,1.7655988519160897e-4,5,1
157,Alberto Baldrich,baldrich,argentina,1898,Filósofo y sociólogo,131,6056.55500171068,3.1167253759420345e-4,2,1
218,Alberto Villamizar,pachón,colombia,1944,Diplomático y Pana,144,6049.239562991977,2.780898984058325e-4,3,1
4234,Máximo Pacheco Gómez,matte,chile,1924,"Jurista , filósofo , académico y político",392,6011.746153794656,4.1008323397924835e-4,4,1
469,Andrés Aramburú Sarrio,aramburú,peru,1845,Periodista,257,6010.019743097987,3.6505468423347334e-4,1,1
5476,Rafael Zea,zea,colombia,1978,Actor,11,6007.403771431865,7.511654548292815e-5,3,1
3348,José María Barrientos Jaramillo,barrientos,colombia,1830,NA,138,5988.190763282364,2.1631725602743671e-4,8,1
3367,José María Paz,paz,argentina,1791,militar,30,5969.773257191558,1.5611397409380314e-4,2,1
1498,Dominguito Fidel Sarmiento,sarsfield,argentina,1845,Militar,42,5965.954116836273,1.6682232966251802e-4,2,1
4444,Manuel Bernardo Álvarez del Casal,álvarez_del_casal,colombia,1743,"Abogado, político",26,5964.43034741123,1.0265838245187465e-4,3,1
3693,Juan Manuel Ospina,ospina,colombia,1946,"Político , economista",166,5961.863720353675,2.9565246764498457e-4,7,1
4332,Manuel González-Olaechea Casanova,gonzález-olaechea,peru,1921,Diplomático,250,5943.642887463389,3.4922110386954695e-4,1,1
961,Carlos Germán Belli,de_la_torre,peru,1927,"Escritor , traductor , periodista , catedrático universitario",243,5941.897765521196,3.387923415745384e-4,1,1
1731,Enrique Ruiz Guiñazú,ortiz_basualdo,argentina,1882,"jurista, político, embajador, profesor, escritor",140,5941.659388784011,3.296158585405445e-4,2,1
4389,Manuel Pérez Treviño,pérez_treviño,mexico,1890,"Diplomático , político , militar y ministro",114,5935.6286971943355,3.0195748627871136e-4,6,1
580,Antonio Guerra,de_la_espriella,colombia,1955,Economista,90,5933.436273044527,2.1625706695040927e-4,3,1
5624,Rodolfo Llinás,llinás,colombia,1934,NA,50,5928.286517198524,1.3451414620122535e-4,7,1
4789,Martha Hildebrandt,pérez_treviño,peru,1925,"Lingüista , política , profesora de universidad y escritora",20,5921.051528558072,9.461151765956728e-5,1,1
5898,Susana Higuchi,fujimori,peru,1950,Ingeniera civil,14,5913.217329895183,9.362872203503009e-5,1,1
6005,Tulio Febres-Cordero,febres-cordero,venezuela,1860,"Escritor , historiador , profesor y periodista",16,5907.168566630905,1.546780790546084e-4,10,1
5821,Sergio Fajardo,holguín,colombia,1956,"Matemático , Político , Académico",36,5864.0681163593135,1.3531816709328587e-4,3,1
6148,Xicoténcatl Leyva Mortera,alemán,mexico,1940,Político,157,5862.971328435851,4.1108191494816215e-4,6,1
2216,Francisco Eguiguren Praeli,eguiguren,peru,1953,Abogado y Político,137,5844.933570030769,2.511361236855438e-4,1,1
488,Andrés Pascal Allende,allende,chile,1943,Sociólogo y guerrillero,114,5836.943943489473,1.9894640216606895e-4,5,1
5537,Ricardo Cruzat Hurtado,cruzat,chile,1845,"Abogado , agricultor y político",329,5820.606820291644,3.486515494191523e-4,4,1
3280,José Gregorio Monagas,monagas,venezuela,1795,Político,166,5796.7051531196275,2.4053365244998927e-4,4,1
4285,Manuel Augusto Olaechea,olaechea,peru,1880,"Abogado , jurista",251,5794.121547540316,3.559490319712833e-4,1,1
3499,José de la Riva Agüero y Osma,osma,peru,1885,Abogado y Político,257,5779.033212170685,3.656337449678735e-4,1,1
5800,Sebastián Edwards Figueroa,edwards,chile,1953,Economista e investigador,105,5776.046397704836,1.8159074895697372e-4,5,1
4283,Manuel Augusto Montes de Oca,montes_de_oca,argentina,1867,Abogado,138,5765.28411469611,3.264352296344717e-4,2,1
179,Alberto Gallinal Heber,heber,uruguay,1909,"abogado , político",98,5760.613809298808,1.8873850044291406e-4,8,1
8,Álvaro Gómez Hurtado,gómez,colombia,1919,"Abogado , Periodista , Político",223,5756.873864599097,3.7624859590107873e-4,7,1
4671,Mariano Ignacio Prado,prado,peru,1825,Militar,79,5735.068635746095,2.162082332521514e-4,1,1
3212,José de la Riva Agüero y Looz Corswarem,riva_agüero,peru,1827,Diplomático,64,5729.375766217981,1.7195986798504762e-4,1,1
2289,Francisco Morales Bermúdez,morales_bermúdez,peru,1921,Político y oficial militar,24,5728.434625884229,1.4612615977009833e-4,1,1
5773,Santiago Roncagliolo,orbegoso,peru,1975,Novelista,136,5726.645377770997,2.645083802955911e-4,1,1
5268,Pedro Félix Vicuña,mackenna,chile,1805,Periodista y político,11,5714.78550886243,1.0180624494697363e-4,8,1
1693,Enrique Candioti,candioti,argentina,1936,"Abogado , diplomático",138,5706.3633555730985,3.171464627116038e-4,2,1
4833,Mauricio Pešutić,pinto_chile,chile,1948,"actor , director de teatro , dramaturgo",97,5695.208415186112,1.8776921550902874e-4,5,1
3631,Juan Ignacio Gorriti,gorriti,argentina,1766,canónigo de la Catedral de Salta,33,5686.747826088222,1.456208735814921e-4,2,1
3115,Jorge Muñoz Wells,leguía,peru,1962,"Político, abogado y empresario",172,5685.957676548767,3.113136323356386e-4,1,1
3221,José Cortés de Madariaga,madariaga,chile,1766,"sacerdote, escritor, político y canónigo",34,5665.122082533382,1.208264856146935e-4,9,1
2505,Gonzalo Ortiz de Zevallos Olaechea,ortiz_de_zevallos,peru,1946,Abogado,131,5660.376766557657,2.5454759005579013e-4,1,1
3446,José Rubén Uñac,uñac,argentina,1964,Político,94,5648.768709029854,2.7583388407352523e-4,2,1
3423,José Patricio Larraín Gandarillas,gandarillas,chile,1817,"Apicultor , abogado , agricultor , diplomático y político",142,5648.220651375534,2.3117843567056567e-4,9,1
4421,Manuel Toribio Ureta,ureta,peru,1813,"Abogado , político , magistrado",26,5644.116773831202,1.0899847968051966e-4,1,1
2828,Isabel Allende Bussi,allende,chile,1945,Socióloga y política,55,5637.124342752879,1.3780684283844552e-4,5,1
4506,María Eugenia de Escalada,san_martín,argentina,1781,Ejércitos patriotas,29,5636.497077297622,1.9771675097486206e-4,9,1
4284,Manuel Augusto Montes de Oca (médico),montes_de_oca,argentina,1831,"Médico , político",134,5634.297521339402,3.1744380464300966e-4,2,1
4187,Luis Sáenz Peña,sáenz_peña,argentina,1822,Abogado,173,5626.482512005171,3.98430815123592e-4,2,1
399,Amadeo Sabattini,sabattini,argentina,1892,"Farmacéutico , médico y político",88,5626.363797270998,2.656348082955218e-4,2,1
1140,Castor Jaramillo Arrubla,arrubla,colombia,1914,Abogado,9,5625.9385534805815,7.503269083290757e-5,8,1
3253,José Félix Lafaurie,cabal,colombia,1958,Político e Ingeniero Civil,66,5624.530965372195,1.6256071893716925e-4,7,1
1028,Carlos Rodríguez Braun,braun,argentina,1948,Economista,15,5616.899519627232,1.392697216796806e-4,2,1
4943,Miguel Lawner,barrenechea_chile,chile,1928,Arquitecto,317,5615.65329065884,3.4223573046186404e-4,4,1
6008,Tulio Ospina Pérez,ospina,colombia,1900,Ingeniero civil,55,5614.646575890811,1.2952967127108386e-4,9,1
2169,Francisca García-Huidobro,garcía-huidobro,chile,1973,Actriz y presentadora de televisión,10,5604.031440615917,9.971074117569434e-5,5,1
3064,Jorge Cañizares Esguerra,esguerra,ecuador,NA,Historiador y profesor universitario,18,5578.1902404422235,6.166462586082033e-5,3,1
33,Ángel Guarello,guarello,chile,1866,Político y abogado,46,5577.06807100318,1.6035156079220408e-4,11,1
1004,Carlos Moreyra y Paz Soldán,moreyra,peru,1898,"Ingeniero agrónomo , empresario y político",18,5575.242601354948,1.207876035117701e-4,1,1
3082,Jorge Gaitán Durán,durán_colombia,colombia,1924,"Poeta, escritor y crítico literario",53,5570.037725625335,1.403404644534123e-4,7,1
1704,Enrique Gómez Hurtado,gómez,colombia,1927,"Académico, catedrático, periodista, escritor",217,5563.976489165189,3.6918374190467613e-4,7,1
1747,Enrique Varela Vidaurre,varela,peru,1857,Militar y político,9,5554.487086319185,8.258580209305031e-5,9,1
667,Arturo Char,char,colombia,1967,"Administrador de empresas , político, cantante",22,5551.828235335581,1.1151442872598291e-4,3,1
3915,Kenji Fujimori,fujimori,peru,1980,Político y emprendedor,37,5536.523866339003,1.8326390180881583e-4,1,1
2196,Francisco Borja Quintero Gallo,quintero,colombia,1834,NA,166,5536.376424603566,2.331316481404671e-4,4,1
2724,Honorato Quintero Toscano,quintero,colombia,1844,NA,166,5536.376424603566,2.331316481404549e-4,4,1
875,César Benavides,benavides_chile,chile,1912,Militar,122,5529.664776820853,2.0603816544206155e-4,5,1
5957,Tilsa Lozano,vértiz,argentina,1982,Modelo y empresaria,8,5522.905241106783,1.4180940214695694e-4,57,1
3141,Jorge de la Rúa,de_la_rúa,argentina,1942,"Abogado, profesor, político",90,5521.245433212546,2.7507502577991217e-4,2,1
3019,Joaquín Prieto Warnes,garcía_de_zúñiga,chile,1813,diputado y empresario,23,5518.330676606032,1.292946304401709e-4,9,1
4083,Luis Cáceres Velásquez,cáceres_velásquez,peru,1930,Político,18,5510.700817539741,8.923492923748985e-5,1,1
5741,Sandro Mariátegui,mariátegui,peru,1921,Abogado,184,5504.785347853985,3.343683229762522e-4,1,1
3107,Jorge Macri,macri,argentina,1965,Empresario,23,5502.653069893993,1.4310304863817186e-4,2,1
1536,Eduardo Dibós Dammert,alarco,peru,1897,"político , deportista y empresario",12,5500.882332534092,1.3386326019689082e-4,1,1
110,Adolfo Zaldívar,zaldívar,chile,1943,Abogado y político,169,5496.981229094329,2.496594179465652e-4,5,1
536,Antauro Humala,humala,peru,1963,"Militar , político , escritor y columnista",31,5496.760971116686,1.4170589567888344e-4,1,1
6045,Valentín Virasoro,virasoro,argentina,1842,Político,17,5478.3070849714395,8.093165892035982e-5,2,1
5587,Roberto Camacho Weberberg,camacho,colombia,1951,Abogado,151,5475.788473717901,2.7283915868864066e-4,7,1
2667,Henry Pease,yrigoyen,peru,1944,"Politólogo , Periodista y Catedrático",147,5474.260524383758,2.8767052442837346e-4,1,1
3234,José Durand Flórez,durand,peru,1925,Escritor,242,5471.728998459909,3.386691938342191e-4,1,1
5418,Rafael Banquells,pinal_hidalgo,mexico,1917,"actor , director de cine",12,5466.654934641984,1.4305882590309854e-4,6,1
2090,Fernando Lazcano Mujica,echaurren,chile,1810,Político y abogado,110,5463.823909764781,1.862051415241989e-4,4,1
1802,Escolástico Zegada,gorriti,argentina,1813,Sacerdote,30,5446.1074544037665,1.5061447872261865e-4,2,1
175,Alberto Freundt Rosell,freundt,peru,1896,"abogado , diplomático y político",249,5437.915657182513,3.514583473947746e-4,1,1
4350,Manuel José Mosquera,arboleda,colombia,1800,NA,7,5436.39700767163,1.1899062125916051e-4,21,1
3463,José Tadeo Monagas,monagas,venezuela,1784,Político,172,5430.872674735979,2.454930547912823e-4,4,1
4089,Luis Carlos Camacho Leyva,camacho,colombia,1921,Militar,72,5429.682526739648,1.7182976303601e-4,3,1
1029,Carlos Rodríguez Larreta,rodríguez_larreta,argentina,1868,Abogado,77,5422.6056108874745,2.227588271766484e-4,2,1
527,Anita Fernandini de Naranjo,álvarez_calderón,peru,1902,política,7,5421.84465082197,8.836125399846907e-5,1,1
5632,Rodrigo Lloreda Caicedo,caicedo,colombia,1942,"Abogado, periodista, empresario",197,5420.754303755107,3.3664236016912885e-4,7,1
4348,Manuel José García-Mansilla,garcía-mansilla,argentina,1859,1) Presidente del Centro Naval 2) Presidente del Yacht Club Argentino 3) Inventor.,10,5419.881245677818,1.5516938196709506e-4,2,1
3114,Jorge Montt,montt,chile,1845,Oficial de Marina y político,101,5412.98550085489,1.7893573609823127e-4,5,1
630,Antonio de la Rúa (político),de_la_rúa,argentina,1905,"Abogado , político y profesor universitario",90,5411.922456706314,2.7506743409949527e-4,2,1
1789,Ernesto Jorge Lanusse,lanusse,argentina,1921,Funcionario,59,5404.173796833643,2.0777733726646232e-4,2,1
3185,José Antonio de Lavalle,lavalle,peru,1833,"Historiador, literato, diplomático, político",11,5394.632473201192,1.5057506463240735e-4,1,1
3480,José de Ayala y Vergara,ayala,colombia,1761,Abogado,80,5392.307475707401,1.847702718308887e-4,3,1
5029,Nicanor Parra,parra_chile,chile,1914,"poeta , matemático , físico , intelectual y académico",9,5380.30121385286,1.0864725502929189e-4,5,1
3447,José Rufino Echenique,tristán_del_pozo,peru,1808,Militar y político,26,5371.087550751285,1.710343536359984e-4,11,1
4238,Mónica Echeverría,velasco_chile,chile,1920,Escritora y profesora,7,5365.770880440655,9.628059439716318e-5,5,1
2008,Felipe Braun,portales,chile,1970,"Actor , productor , director , gestor cultural",9,5363.147742403095,1.501055336959593e-4,5,1
4069,Luis Alberto Heiremans,heiremans,chile,1928,Dramaturgo,318,5361.883508611325,3.39728051275758e-4,4,1
5141,Pablo Mackenna,mackenna,chile,1969,Presentador de televisión y escritor,9,5359.454934359641,8.328958429142684e-5,5,1
1134,Casimiro Ulloa,ulloa,peru,1829,"médico , docente , escritor , periodista , político",31,5353.802558050764,1.689957902575676e-4,11,1
5027,Nicanor Álvarez-Calderón,álvarez_calderón,peru,1854,Político,51,5353.31109021948,1.428884474234769e-4,1,1
3288,José Hilario López,durán_colombia,colombia,1798,Militar,146,5350.768622044654,2.806789050975442e-4,3,1
1739,Enrique Santos Montejo,calderón_colombia,colombia,1886,Periodista y político,12,5348.266600040706,8.652365658627766e-5,3,1
5475,Rafael Velarde Echevarría,velarde,peru,1817,Abogado,4,5345.427353142036,7.411619273358597e-5,1,1
3964,Leonidas Vial Guzmán,vial,chile,1843,"Ingeniero , empresario y político",380,5339.840488523993,4.114188659601048e-4,4,1
3103,Jorge Leyva Urdaneta,durán_colombia,colombia,1912,"Economista, abogado, diplomático y político",209,5336.362611304982,3.5734229866737666e-4,7,1
4387,Manuel Ortiz de Zevallos,del_solar,peru,1809,"Abogado , diplomático y político",244,5336.343707724043,3.436888359009963e-4,1,1
6020,Víctor García-Belaúnde Velarde,belaúnde,peru,1977,"Filósofo , psicólogo , educador , divulgador científico , investigador y activista humanista secular",281,5335.885218787088,3.965297654968045e-4,1,1
633,Aparicio Saravia,saravia,uruguay,1856,Político y líder militar,82,5332.950245493651,1.5972311317081057e-4,8,1
1442,Diego Saravia Saravia,saravia,uruguay,1941,político,85,5332.950245493651,1.6482577118354886e-4,8,1
2097,Fernando Massú,massú,chile,1957,"Ingeniero comercial , empresario y consultor",4,5330.585942210978,6.361730518001736e-5,5,1
1606,Eliana Navarro,vicuña,chile,1920,"Poeta , escritora y bibliotecaria",10,5329.866666666665,1.2375998829220014e-4,4,1
2172,Francisca Valenzuela,sanfuentes,chile,1987,Cantante compositora instrumentista,7,5329.592941176472,6.728794981970395e-5,5,1
391,Alonso Turrillo de Yebra,vergara-azcárate,colombia,NA,"Militar , Ingeniero y Tesorero",4,5329.125000000001,9.273221293192342e-5,3,1
678,Arturo Mackenna Íñiguez,mackenna,chile,1946,"Ingeniero civil , economista , empresario",313,5329.000000000003,3.378673123798268e-4,4,1
487,Andrés Pardo Tovar,álvarez_del_casal,colombia,1911,Musicólogo y folcrorista,147,5329.000000000002,2.66195445848382e-4,7,1
491,Andrés Pedraza,billinghurst,argentina,1915,piloto,14,5329.000000000002,1.657386676292963e-4,11,1
2582,Guillermo Prieto,guillermoprieto,mexico,1818,"político , escritor y periodista",156,5329.000000000002,2.311097827429312e-4,4,1
3261,José Francisco Echaurren,echaurren,chile,1854,NA,4,5329.000000000002,1.5949966127717176e-4,84,1
3339,José Manuel Quiroga Sarmiento,sarmiento,argentina,1777,NA,6,5329.000000000002,1.5730075073237302e-4,49,1
3408,José Morales Urresti,benavides_perú,peru,1918,Economista y político,128,5329.000000000002,2.4708894749349823e-4,1,1
4140,Luis Giusti López,lópez_venezuela,venezuela,1944,Ingeniero,2,5329.000000000002,1.21838637178866e-4,38,1
4309,Manuel Casabianca,camacho,colombia,1840,Militar y Político,151,5329.000000000002,2.7173510865684963e-4,7,1
4315,Manuel Dammert Ego-Aguirre,alarco,peru,1949,Sociólogo y Político,241,5329.000000000002,3.437609146657781e-4,1,1
4613,Marcial Tagle,concha_chile,chile,1973,"Actor , comediante , empresario",3,5329.000000000002,9.349812527802932e-5,141,1
4648,Mariana Garcés,garcés,colombia,NA,Abogada,149,5329.000000000002,2.688031629902926e-4,7,1
5560,Ricardo Portocarrero Caicedo,soublette,colombia,1840,Comerciante,150,5329.000000000002,2.700996853741264e-4,7,1
248,Alejandro Cabal Pombo,cabal,colombia,1897,Abogado,149,5329.000000000001,2.6912333660956706e-4,7,1
1015,Carlos Oviedo Cavada,cavada,chile,1927,NA,10,5329.000000000001,7.904938440771564e-5,4,1
1054,Carlos Urrutia Valenzuela,urrutia,colombia,1949,"Abogado , diplomático",30,5329.000000000001,1.23550299922037e-4,3,1
877,César Borja Lavayen,borja,ecuador,1851,"Médico , poeta y político",240,5329.000000000001,3.425211765204651e-4,1,1
1331,Dalia Inés,aguilar,mexico,1948,"Cantante , bailarina , actriz , escritora",5,5329.000000000001,1.4814054016494552e-4,22,1
1701,Enrique Del Solar Cáceda,del_solar,peru,1911,Biólogo marino y profesor universitario,240,5329.000000000001,3.4252117652037957e-4,1,1
2516,Gonzalo de la Puente y Lavalle,lavalle,peru,1923,Abogado,125,5329.000000000001,2.4251420513397113e-4,1,1
3034,Joe Manganiello,vergara-azcárate,colombia,1976,Actor,7,5329.000000000001,7.039600326330313e-5,5,1
3532,Juan Alfonso Chadwick Errázuriz,chadwick,chile,1914,"Empresario , polista y emprendedor",93,5329.000000000001,1.7681322012831364e-4,5,1
3719,Juan O'Donnell,o'donnell,colombia,1864,"Abogado , político y militar",4,5329.000000000001,6.42555522509143e-5,8,1
3756,Juan Yarur Lolas,yarur,chile,1894,Empresario,8,5329.000000000001,7.683545353467541e-5,4,1
4366,Manuel María Sanclemente,cabal,colombia,1848,Militar y político,149,5329.000000000001,2.691760262852828e-4,7,1
5474,Rafael Valentín Valdivieso,valdivieso,chile,1804,NA,11,5329.000000000001,8.522211843383703e-5,9,1
6130,Vittorio di Girolamo,di_girolamo,chile,1928,"Cineasta , pintor , diseñador gráfico , dramaturgo , divulgador artístico , escultor , escritor",2,5329.000000000001,7.612906000158254e-5,1,1
95,Adolfo Bullrich,alvear,argentina,1833,"Militar , Político , Comerciante y Empresario",5,5329,1.0426831378063765e-4,2,1
446,Ana María Orozco,del_solar,colombia,1973,Actriz,4,5329,7.96422754988373e-5,1,1
851,Blanca Varela,varela,peru,1926,Poetisa y escritora,5,5329,9.006906140324674e-5,1,1
1432,Diego Mazuera,mazuera,colombia,1950,Pintor,2,5329,8.140668198684803e-5,5,1
1692,Enrique Camacho Matamoros,camacho,colombia,1953,Empresario y dirigente de fútbol,32,5329,1.294031594001217e-4,3,1
1966,Federico Carlos Lehmann,mosquera,colombia,1914,Científico,33,5329,9.524952037990453e-5,8,1
2086,Fernando González Ochoa,restrepo,colombia,1895,Escritor Filósofo Abogado Poeta,19,5329,8.750266414836161e-5,3,1
2165,François Mujica Serelle,álvarez_calderón,peru,1940,Abogado,6,5329,8.82807055680732e-5,1,1
2414,Gabriela Velasco,velasco_chile,chile,1941,Actriz y presentadora de televisión,4,5329,1.7551671946209688e-4,7,1
2427,Genaro Delgado Parker,delgado_parker,peru,1929,Empresario,16,5329,7.718411776576873e-5,1,1
2513,Gonzalo Rueda Caro,caro,colombia,1921,"Periodista , diplomático , dirigente deportivo , futbolista y tenista amateur",78,5329,1.8521537777753313e-4,3,1
2530,Gregorio Pérez Companc,pérez_companc,argentina,1934,Empresario,2,5329,8.482360001385842e-5,2,1
2838,Isabel Parra,parra_chile,chile,1939,Cantante y compositora de canciones,6,5329,1.1162091355173306e-4,51,1
3044,John de Saulles,errázuriz,chile,1878,"Jugador de futbol americano, entrenador y agente de bienes raíces.",9,5329,7.954528229151944e-5,11,1
3074,Jorge Fernández-Maldonado,fernández-maldonado,peru,1922,Militar ( EP ),8,5329,8.830634804120959e-5,1,1
3118,Jorge Piqueras,lavalle,peru,1925,"Artista, pintor, escultor y fotógrafo",5,5329,7.402148519562409e-5,1,1
3186,José Antonio de Lavalle y Cortés,lavalle,argentina,1734,NA,4,5329,1.0781021487166714e-4,1,1
3628,Juan Guillermo Restrepo,jaramillo_colombia,colombia,1912,Político,15,5329,8.955374859653684e-5,7,1
3737,Juan Samper Sordo,samper,argentina,1897,"Político, empresario y abogado",4,5329,7.996681835194537e-5,3,1
3929,La Malinche,moctezuma,mexico,1500,"Intérprete , traductora y asesora",17,5329,2.299366167517348e-4,13,1
4013,Lizardo Segundo Ugarte Bejarano,ugarte,peru,1883,"abogado, político, jurista",240,5329,3.425211765200953e-4,1,1
4061,Lucio V. Mansilla,mansilla,argentina,1831,"Periodista , escritor , diplomático y militar",3,5329,8.554345982097535e-5,2,1
4223,Luz Bulnes,bulnes,chile,1927,Abogada,5,5329,9.085275211043173e-5,5,1
5118,Otilia Larrañaga,aguilar,mexico,1931,"Bailarina , actriz",4,5329,1.4032808108911812e-4,22,1
6003,Trinidad González Balcarce,balcarce,argentina,1810,NA,5,5329,9.506019637094614e-5,2,1
26,Álvaro de Miranda Neto,onassis,argentina,1973,Jinete,4,5329,1.3920872177309812e-4,11,1
42,Ángela Aguilar,aguilar,mexico,2003,Cantante,4,5329,1.4572745745840664e-4,22,1
1184,China Suárez,aylwin,argentina,1992,Actriz cantante,15,5328.999999999999,7.510723263775143e-5,4,1
2657,Harold Eder,caicedo,colombia,1903,Empresario,8,5328.999999999999,6.392873385045289e-5,7,1
2961,Jesús Carranza Garza,carranza,mexico,1863,Militar,6,5328.999999999999,1.655235619544617e-4,6,1
3669,Juan Lavalle,ross_argentina,argentina,1797,Político y militar,27,5328.999999999999,1.4133873821181562e-4,2,1
3793,Juana María Pueyrredón,pueyrredón,argentina,1775,NA,21,5328.999999999999,1.5895340802815684e-4,9,1
3869,Julio Luna Pacheco,luna,peru,NA,Abogado y Político,7,5328.999999999999,1.212034012388094e-4,12,1
4000,Lino Alarco,alarco,peru,1835,Médico,242,5328.999999999999,3.450868873385505e-4,1,1
890,Camila Valero,pinal_hidalgo,mexico,1997,Actriz modelo,5,5328.999999999998,1.4633644605583813e-4,6,1
3297,José Ignacio París Ricaurte,parís,colombia,1780,"Militar , empresario, político",9,5328.999999999998,1.0836578432036766e-4,8,1
3938,Lalo Parra,parra_chile,chile,1918,Cantautor,8,5328.999999999998,7.780921684711147e-5,5,1
4053,Luciano Benjamín Cisneros,cisneros,peru,1832,Abogado,11,5328.999999999998,8.119248337558299e-5,1,1
378,Alonso Baldrich,baldrich,argentina,1870,Escritor y militar,129,5315.664595650883,3.0306152864789193e-4,2,1
1545,Eduardo García de Zúñiga,garcía_de_zúñiga,uruguay,1867,Ingeniero civil y decano,30,5309.096683611008,1.3293997514454665e-4,8,1
4894,Miguel Ángel Yunes Linares,yunes,mexico,1952,Abogado y político,140,5300.04557728623,3.761228936269361e-4,6,1
561,Antonio Caballero Holguín,caballero,colombia,1945,"Escritor, periodista, humorista gráfico, caricaturista y novelista",86,5285.631199754622,1.9515395472446755e-4,3,1
5309,Juan de Arona,paz_soldán,peru,1839,"Poeta , dramaturgo , diplomático , lexicógrafo , periodista , historiador , traductor .",251,5278.589988112605,3.5245996244479076e-4,1,1
6024,Víctor Cock Arango,cock,colombia,1891,"Político , abogado",171,5271.103086464301,2.9593568734802907e-4,7,1
1456,Dionisio Meade y García de León,garcía_de_león,mexico,1944,"Abogado , economista",155,5267.689203192551,4.1346791494712516e-4,6,1
512,Andrónico Lukšić Abaroa,fontbona,chile,1926,Empresario,326,5257.3806660831215,3.510183641710979e-4,4,1
2287,Francisco Miró-Quesada Cantuarias,miró_quesada,peru,1918,"Filósofo , periodista , político , escritor , matemático , profesor universitario y lógico",285,5253.823319668935,4.0029967494535027e-4,1,1
2744,Hugo Trivelli,trivelli,chile,1913,Agrónomo y político,393,5251.263318112261,4.075268882107613e-4,4,1
1459,Dionisio Pérez Manrique de Lara,manrique,colombia,1599,"Jurista , Oidor y gobernante colonial .",8,5237.81102326169,1.3501692716830357e-4,37,1
1284,Cornelio Saavedra,otálora,argentina,1759,"Comerciante , militar , político y hacendado",26,5233.471918167807,1.747951770308812e-4,2,1
5284,Pedro Justo Berrío,berrío,colombia,1827,"Abogado, político, militar.",158,5220.815136844913,2.7192622892368076e-4,7,1
3124,Jorge Rafael Videla,videla,argentina,1925,NA,24,5208.3037383856745,1.1232915433357241e-4,2,1
2938,Javier Valle-Riestra,olaechea,peru,1932,"Abogado , político",139,5206.958876500842,2.632482062443813e-4,1,1
4097,Luis Caycedo y Flórez,caicedo,peru,1752,"Militar, hacendado y político",82,5199.348444153641,1.9172821382850656e-4,3,1
603,Antonio Oliart Astete,astete,peru,1905,Político,17,5196.980612282511,1.288686519246088e-4,18,1
312,Alfonso Esguerra Gómez,esguerra,colombia,1897,Profesor universitario y médico,207,5183.165842516074,3.7147439878186246e-4,3,1
4618,Marco Avellaneda,avellaneda,argentina,1813,Político,50,5174.841857876888,1.9476387394997603e-4,2,1
486,Andrés Palma,vicuña,chile,1955,"Economista , académico y político",386,5173.001171922036,4.017427270968176e-4,4,1
2690,Hernán Pinto,pinto_chile,chile,1953,Político y abogado,381,5173.001171922036,3.970677834305209e-4,4,1
2892,Jaime Castillo Velasco,velasco_chile,chile,1914,"Abogado , filósofo , académico y político",386,5173.001171922036,4.015023908843244e-4,4,1
3013,Joaquín Palma,vicuña,chile,1943,Político e ingeniero civil,385,5173.001171922036,4.0080892404127313e-4,4,1
3878,Julio Montt Vidal,montt,chile,1954,Médico cirujano y político,386,5173.001171922036,4.016690555614144e-4,4,1
5793,Saturnino Segurola,segurola,argentina,1776,Sacerdote católico,39,5162.480551120351,1.3468837670851008e-4,9,1
4695,Mariano Severo Balcarce,balcarce,argentina,1807,Ministro plenipotenciario argentino en Francia y España,8,5153.511561811514,8.967177691492432e-5,9,1
607,Antonio Pinto Durán,pinto_chile,chile,1882,Político y abogado,392,5143.632904426902,4.3174662451843273e-4,4,1
2997,Joaquín Godoy Ibáñez,matte,chile,1977,Político,148,5142.416759919541,2.3623027304926257e-4,5,1
5388,Raúl Bolaños Cacho Guzmán,bolaños_cacho,mexico,1948,Abogado,147,5128.8593112292765,4.000250164491546e-4,6,1
2773,Ignacio Lucas Albarracín,rojo,argentina,1850,Abogado,137,5124.046144583029,3.1585316149986887e-4,2,1
2769,Ignacio Escudero y Valdivieso,eguiguren,peru,1820,Político,18,5121.790670783772,7.34326283577278e-5,1,1
5760,Santiago Fujimori,fujimori,peru,1946,Abogado,40,5120.875409918074,1.701082371811256e-4,1,1
4594,Marcelino Augier,augier,argentina,1806,"Minero, estanciero y militar",29,5119.737170197391,1.4405257804395405e-4,2,1
6011,Uladislao Augier,augier,argentina,1826,Político y militar,29,5119.737170197391,1.4405257804394445e-4,2,1
2465,Gertrudis Medeiros,cornejo_argentina,argentina,1780,NA,28,5105.19924263683,1.563302280584475e-4,9,1
836,Bertha Hernández de Ospina,ospina,colombia,1907,"Escritora , política y suffragette",162,5104.557140106015,2.839996021484111e-4,7,1
610,Antonio Riva Palacio López,riva_palacio,mexico,1925,Político,107,5102.0500014421605,2.8597967421806886e-4,6,1
5818,Sergio Camargo,acosta_del_castillo,colombia,1832,"Político , militar , abogado , diplomático",154,5101.883738757211,2.926407471890166e-4,3,1
5812,Segundo Roca,paz,argentina,1800,Militar,16,5099.833926932513,1.2853118259553207e-4,2,1
4375,Manuel Mosquera Garcés,garcés,colombia,1907,"Periodista , político , académico",129,5097.306962128579,1.9597463468752402e-4,8,1
243,Alejandro Baillères,baillères,mexico,1960,Empresario,12,5093.003146792156,8.664331835482668e-5,6,1
3864,Julio Iglesias,vargas_llosa,peru,1943,"Cantante , compositor de canciones , artista discográfico, futbolista, compositor y empresario",31,5089.73624681731,1.3440825379078752e-4,14,1
4044,Lucas Caballero Barrera,caballero,colombia,1869,"Abogado , militar , político",162,5082.359267372036,3.2462712838183226e-4,3,1
3359,José María García de Toledo,madariaga,colombia,1769,Abogado,78,5077.147314981631,1.8076640964078628e-4,3,1
1730,Enrique Riva Palacio Galicia,riva_palacio,mexico,1944,Político,105,5076.411641405827,2.8135334028996485e-4,6,1
2113,Fernando Rojas Ochagavía,ochagavía,chile,1974,Ingeniero civil y político,127,5061.393524958709,2.1518064189274223e-4,5,1
4280,Manuel Arboleda Arboleda,arboleda,colombia,1905,Abogado y político,177,5057.096772220515,3.166725560737778e-4,3,1
3309,José Joaquín Valdés Valdés,valdés_chile,chile,1815,Abogado,198,5056.2823735898055,2.6480631892351805e-4,8,1
3768,Juan de Dios Vial Correa,vial,chile,1925,"Médico , cirujano y profesor universitario",217,5015.4842471891325,3.134557578283286e-4,5,1
5658,Romy Schmidt,schmidt,chile,1965,"Abogada , académica, investigadora y política",33,5007.237171991112,8.940242296969263e-5,5,1
4190,Luis Schmidt Montes,schmidt,chile,1949,"Ingeniero civil mecánico, empresario y dirigente gremial",189,5000.481468606043,2.795803411644429e-4,5,1
5538,Ricardo Cruzat Ochagavía,cruzat,chile,1962,Ingeniero comercial,317,4990.093537279987,3.326212679978216e-4,4,1
1528,Eduardo Braun Menéndez,braun,argentina,1903,Cardiólogo y físico,15,4983.7537793992815,1.2515267200452463e-4,2,1
4011,Lizardo Alzamora Silva,alzamora,peru,1900,"Abogado , jurista , catedrático universitario",34,4978.006087628858,1.2517962171564796e-4,1,1
3773,Juan de Dios Videla,videla,argentina,1815,Militar,33,4968.018118814157,1.662078029261811e-4,2,1
1057,Carlos Vial Izquierdo,vial,chile,NA,"Ingeniero civil , empresario y dirigente gremial",84,4950.391196865406,1.4088349195915363e-4,5,1
155,Alberto Bachelet,bachelet,chile,1923,"Político , militar y piloto de aviación",112,4940.241702446634,1.8905867965689777e-4,5,1
4655,Mariano A. Belaúnde,belaúnde,peru,1849,Abogado,58,4918.821403636856,1.7660270534814316e-4,11,1
5904,Sybila Arredondo,bustamante,chile,1935,Historiadora,20,4912.703373184682,1.4327071763337149e-4,1,1
2179,Francisco Antonio Pinto Cruz,cruz_chile,chile,1858,"Abogado , político , diplomático",24,4886.050215088759,9.558554488975831e-5,4,1
169,Alberto Donadío,galvis_galavís,colombia,1953,"Abogado, periodista, escritor y cronista",13,4881.102205042415,9.517317170201554e-5,3,1
5246,Pedro Antonio Echagüe,echagüe,argentina,1859,Abogado,68,4863.219996316875,2.0116007213309597e-4,2,1
4859,Melitón Reyes Andrade,reyes_larios,mexico,1918,Político,106,4862.948827155221,2.894350398274899e-4,6,1
1792,Ernesto Odriozola,odriozola,peru,1862,Médico,29,4836.796640825572,1.1933014151468158e-4,1,1
2203,Francisco Chirinos Soto,chirinos,peru,1932,Abogado,65,4821.076670883867,1.7949166937686635e-4,1,1
192,Alberto Mario Pumarejo,pumarejo,colombia,1929,Empresario y político,157,4808.288542663097,2.8187803442060824e-4,7,1
3580,Juan Carlos Esguerra,esguerra,colombia,1949,"jurista , político y abogado",185,4807.300953975954,3.324438880754887e-4,3,1
4292,Manuel Belgrano Cabral,belgrano,argentina,1803,"Abogado , poeta y dramaturgo",32,4806.540469114988,1.915941517999031e-4,2,1
984,Carlos Lleras Restrepo,lleras,colombia,1908,Abogado y contador,217,4795.057614507843,3.830740152230439e-4,3,1
260,Alejandro Freundt Rosell,freundt,peru,1895,"Magistrado , diplomático , docente universitario y político",242,4784.786584996659,3.3912278245594647e-4,1,1
792,Benito Rivadavia,otálora,argentina,1747,Militar,33,4763.738598406157,1.8953271353373138e-4,2,1
2789,Ignacio Valenzuela Fajardo y Olmos,caicedo,colombia,NA,"Alcalde , Filósofo",79,4748.681608677594,1.8888474753483463e-4,3,1
2221,Francisco García-Calderón Landa,garcía_calderón,peru,1834,Abogado y político,263,4748.090764093464,3.7624037385525195e-4,1,1
1642,Emiliano Salinas,salinas,mexico,1976,Analista financiero y economista,23,4731.072717558211,8.435417656510065e-5,6,1
3233,José Domingo Pumarejo,pumarejo,colombia,1793,"Empresario, político",156,4719.037577233761,2.8023225133431615e-4,7,1
5984,Tomás Uribe,uribe,colombia,1981,Empresario,45,4715.29501589098,1.337806117194506e-4,3,1
3645,Juan José Gorriti,gorriti,peru,1953,Sindicalista,8,4707.923566330652,9.528603520808742e-5,2,1
219,Alberto Williams,bunge,argentina,1862,Compositor,49,4706.4874321101415,1.8570926514578688e-4,2,1
703,Augusto Bedoya Cámere,bedoya,peru,1947,Ingeniero industrial,52,4700.078436203108,1.8256979398855e-4,1,1
2104,Fernando Orihuela Rojas,orihuela,peru,1982,Médico,23,4698.665962054777,1.3109897881325355e-4,12,1
1017,Carlos Paz Soldán y Benavides,paz_soldán,peru,1844,Escritor y político,254,4684.917436262439,3.546817850389294e-4,1,1
4535,María Malo,malo,mexico,1996,Modelo Reina de Belleza,3,4637.773054737064,5.7852549148774354e-5,6,1
1546,Eduardo Hernández Cházaro,cházaro,mexico,1898,Militar y político,101,4609.467811419689,2.7311079685824927e-4,6,1
4902,Miguel Allamand,allamand,chile,1925,"Ingeniero civil , empresario y político",139,4601.501896948771,2.2371118338045665e-4,5,1
763,Axel Kaiser,kaiser,chile,1981,"Abogado , escritor , columnista , profesor universitario y activista político",31,4579.611322114187,9.537226869394449e-5,5,1
1850,Eusebio Gregorio Ruzo,acuña_argentina,argentina,1795,funcionario,51,4576.139621999184,2.091025039164473e-4,2,1
2119,Fernando Santos Alvite,santos,ecuador,1944,Político y consultor,15,4575.541300229475,9.338601083399709e-5,3,1
2168,Francisca Güemes,güemes,argentina,1779,NA,29,4543.4155352255,1.7390963835507326e-4,9,1
1773,Ernesto Alemann,alemann,argentina,1893,Periodista,19,4533.276982652932,1.410873427384431e-4,2,1
2597,Guillermo Valencia,laserna,colombia,1873,"Escritor, político, diplomático",163,4512.521219085582,2.818199042981833e-4,7,1
924,Carlos Bonorino Udaondo,ortiz_basualdo,argentina,1884,Médico,137,4505.015908173313,3.1713571288429523e-4,2,1
4122,Luis Federico Leloir,ortiz_basualdo,argentina,1906,NA,137,4505.015908173313,3.171357128840794e-4,2,1
2919,Javier Bedoya de Vivanco,bedoya,peru,1948,Abogado,154,4498.989330850749,2.90008329475541e-4,1,1
839,Bertilda Samper Acosta,samper,colombia,1856,"Poeta , religiosa",130,4487.72161825352,2.029739008733872e-4,8,1
987,Carlos Loret de Mola,loret_de_mola,mexico,1976,Economista periodista presentador de noticias,60,4479.622941932098,1.9456182702359544e-4,6,1
1199,Clímaco Calderón,calderón_colombia,colombia,1852,"Abogado , profesor , escritor , diplomático",210,4474.53034039725,3.747062881028699e-4,3,1
5057,Nicolás Sanz de Santamaría,prieto,chile,NA,alcalde capitán,13,4461.542800876227,1.3229197056274482e-4,3,1
478,Andrés F. Dasso Hoke,hoke,peru,1893,Político y empresario,4,4452.016306207693,5.955328330648316e-5,1,1
3079,Jorge Géchem Turbay,turbay,colombia,1951,Economista,156,4446.788713124834,3.0084679514347766e-4,3,1
1078,Carmen Frei,frei,chile,1938,Política,90,4438.08883235496,1.5089419049080073e-4,5,1
264,Alejandro Galvis Ramírez,galvis_galavís,colombia,1942,Empresario Periodista,10,4437.7103367436075,5.9544579339640705e-5,3,1
4242,Macarena Santelices,pinochet,chile,1977,Periodista y política,62,4429.332536232501,1.234940094139868e-4,5,1
1463,Dionisio Romero Seminario,romero,peru,1936,"Empresario , economista y banquero",12,4427.717119161811,9.182135731964576e-5,11,1
5321,Pedro de Cisternas,cortés_de_monroy,chile,1505,NA,13,4408.4383849648075,1.6754445208983545e-4,13,1
5403,Raúl Madero,madero,mexico,1888,"Militar , político , e Ingeniero en minas",110,4402.217150503452,3.0368120727062876e-4,6,1
5433,Rafael Errázuriz Echaurren,echaurren,chile,1866,Agricultor y político,189,4392.620943384526,2.6529298307921345e-4,4,1
420,Amparo Noguera,portales,chile,1965,Actriz,11,4380.280413494002,6.518823607199274e-5,5,1
357,Alfredo del Mazo González,del_mazo,mexico,1943,Político y diplomático,158,4367.190087641886,4.079202307846659e-4,6,1
2715,Hilda Gadea,guevara,peru,1925,Economista y Política,18,4358.568735636637,9.12780648741469e-5,2,1
4074,Luis Antonio Eguiguren Escudero,eguiguren,peru,1887,"Periodista , abogado , político e historiador",254,4331.294849458827,3.5553371327609303e-4,1,1
5485,Ramón Errázuriz,errázuriz,chile,1785,Abogado,112,4326.6414790547105,1.857868745433876e-4,4,1
2454,Germán Santamaría,sanz_de_santamaría,colombia,1950,"Periodista , escritor , político y diplomático",142,4323.305008495409,2.801231148020167e-4,3,1
698,Ataliva Roca,paz,argentina,1839,Militar y empresario,43,4318.074067253605,1.4514617995126152e-4,2,1
2041,Felipe Zuleta Lleras,camargo,colombia,1960,Periodista,160,4314.151171147834,3.127822107195242e-4,3,1
990,Carlos María Elías,elías,peru,1841,"Hacendado, comerciante y político",22,4303.938387331138,1.2750473580096922e-4,1,1
3324,José Luis Durán Reveles,durán_reveles,mexico,1961,Político,37,4291.991780274864,1.4927076334158294e-4,6,1
3143,José Acevedo y Gómez,acevedo_colombia,colombia,1773,"Político , abogado y militar",95,4285.337161747102,2.2506236189516886e-4,3,1
4209,Luis Videla,videla,argentina,1790,Militar,29,4261.7419326606105,1.4625584532077635e-4,2,1
2677,Hernán Cortés,moctezuma,colombia,1485,"Conquistador , explorador y marqués",23,4259.483333333358,2.844134222569663e-4,13,1
3002,Joaquín López-Dóriga,lópez-dóriga,mexico,1947,"Locutor , periodista , presentador de noticias y reportero",15,4247.864696350751,1.2992036798891777e-4,8,1
2034,Felipe Santiago Ignacio de Otálora y del Ribero,otálora,argentina,1770,Hacendado,18,4247.583398591021,1.2023646253436796e-4,2,1
1068,Carlos de Piérola,piérola,peru,1852,"Político , empresario minero",44,4246.054655114074,1.7631913036135661e-4,11,1
1320,Cristina Girardi,lavín,chile,1962,Antropóloga y política,26,4244.9920527469585,6.694814893802246e-5,4,1
6012,Ulises Humala,humala,peru,1959,Ingeniero económico y Político,37,4243.1910064909125,1.3759853444748283e-4,1,1
2062,Fernando Berckemeyer (periodista),berckemeyer,peru,1978,Abogado,123,4242.251847272088,2.278234166228489e-4,1,1
2635,Héctor Echeverri Correa,borrero,colombia,1937,"Político , abogado , piloto de automovilismo",164,4238.430049633799,3.168664528740158e-4,3,1
5267,Pedro Diez Canseco Corbacho,diez_canseco,peru,1815,"Militar , agricultor y político",8,4235.0326334130405,8.955863808560666e-5,11,1
2412,Gabriela Michetti,illia,argentina,1965,Política,24,4230.206990843568,1.3388433672290338e-4,2,1
349,Alfredo Prieto Zenteno,echaurren,chile,1846,Político,136,4227.479188228524,2.0804760202184695e-4,4,1
5654,Román Alzamora,alzamora,peru,1847,"Abogado , jurista , catedrático universitario",247,4226.379253605369,3.4836941744108236e-4,1,1
4601,Marcelino de Mosquera,arboleda,colombia,1741,Empresario,7,4225.795530434095,1.5760806526684477e-4,21,1
3865,Julio Iglesias Jr.,vargas_llosa,peru,1973,"Cantante , modelo , presentador y actor",28,4214.756399096276,1.2040934322201398e-4,14,1
4335,Manuel González Olaechea,gonzález-olaechea,peru,1883,"Abogado , docente universitario y periodista",245,4212.534010834945,3.328998038782362e-4,1,1
2694,Hernán Vodanovic,vodanovic,chile,1946,Abogado y profesor,346,4211.672844331146,3.7139741387662284e-4,4,1
1742,Enrique Solano López,lópez_carrillo,paraguay,1858,"político , periodista y escritor",46,4197.450523339115,1.6711821631147525e-4,8,1
732,Augusto Tamayo San Román,tamayo_perú,peru,1953,"Cineasta , poeta y escritor",149,4192.3584187968545,2.861276828762435e-4,1,1
3852,Julio Caro,caicedo,colombia,1880,"Economista , Banquero",159,4183.481871046907,2.801698008374864e-4,7,1
3839,Julio Aurelio Amoedo,fortabat,argentina,1915,Político,29,4182.212738603083,1.4205411705234147e-4,2,1
1866,Ezequiel Ramos Mexía,ramos_mejía,argentina,1852,Político,52,4179.939978080388,1.6540185171280317e-4,2,1
926,Carlos Bulgheroni,bulgheroni,argentina,1945,Empresario,132,4177.2598589409445,3.138881438592514e-4,2,1
3063,Jorge Cárdenas Nannetti,arroyo,colombia,1906,economista y escritor,25,4172.051205485946,8.612063999021985e-5,7,1
3567,Juan Cárdenas Arroyo,arroyo,colombia,1939,"Pintor, caricaturista y dibujante",25,4172.051205485946,8.61206399901954e-5,7,1
442,Ana María Choquehuanca,choquehuanca,peru,1958,"Economista , dirigente gremial y política",10,4170.552322795711,8.519114236930407e-5,1,1
549,Antonio Álvarez Restrepo,restrepo,colombia,1906,"Periodista, economista, educador, escritor",151,4162.003975086322,2.6452958414946643e-4,7,1
620,Antonio Walker,walker_chile,chile,1961,Técnico agrícola y político,111,4160.966457889333,1.8441447258264206e-4,5,1
256,Alejandro Díaz de León,díaz_de_león,mexico,1969,Economista y funcionario,14,4152.266894872554,1.127137417204574e-4,6,1
949,Carlos Eugenio Restrepo,restrepo,colombia,1867,"Abogado , periodista y militar",175,4135.279553430524,3.013394031913543e-4,7,1
4454,Manuel de la Puente y Lavalle,lavalle,peru,1922,"Jurista , profesor universitario y abogado",20,4134.550342432025,7.551473316285178e-5,5,1
2449,Germán Leguía y Martínez,leguía,peru,1861,"Abogado , profesor , escritor , diplomático y político",253,4131.8004254427005,3.4799383277370877e-4,1,1
5891,Sully Sáenz,vértiz,peru,1987,"Modelo , presentadora de televisión y arquitecta",8,4123.389164555613,1.4402400909255026e-4,57,1
3077,Jorge Fontaine,fontaine,chile,1923,"Empresario , dirigente gremial y político",147,4122.779411739017,2.2089077711426428e-4,5,1
1359,Daniella Cabello,cabello,venezuela,1992,"Cantante , locutora , productora de televisión y política",29,4120.845539113186,2.4458082461847365e-4,10,1
1864,Ezequiel Hurtado,hurtado,colombia,1825,"Político , militar , abogado",166,4098.209013126869,2.870166650504718e-4,3,1
4981,Miodrag Marinović,zaldívar,chile,1967,"Ingeniero comercial , empresario y político",53,4090.636330974227,1.2431832083326702e-4,5,1
1109,Caroline Kennedy,onassis,argentina,1957,"Abogada , diplomática , escritora , socialité , periodista y política",47,4087.8137289329147,1.8940123777227337e-4,11,1
913,Carlos Antonio Lis,ucrós,colombia,1908,"Profesor , político y abogado",216,4086.748487568134,3.649301831835744e-4,7,1
1022,Carlos Restrepo Canal,restrepo,colombia,1896,"Escritor, historiador, poeta, pintos",216,4086.748487568134,3.649301831835349e-4,7,1
2262,Francisco José Madero González,madero,mexico,1930,Político,108,4080.3109180929755,2.934964310037613e-4,6,1
2575,Guillermo Lukšić,luksic,chile,1956,Empresario,317,4080.11501198557,3.377038099831452e-4,4,1
1098,Carolina Isakson de Barco,barco,colombia,1930,Política,143,4071.8304272784467,2.847240802183851e-4,3,1
3146,José Alfonso Cavada,cavada,chile,1832,Juez,85,4071.2954819782713,1.441100044223297e-4,4,1
6040,Víctor Paz Estenssoro,estenssoro,bolivia,1907,"Político , abogado y profesor",7,4056.107750205379,1.297105951352784e-4,20,1
2408,Gabriel Vargas Santos,santos,colombia,1830,Político,141,4049.772786761577,2.71748336204868e-4,3,1
2778,Ignacio Pérez Walker,walker_chile,chile,1948,Abogado y político,149,4044.4246180467453,2.4097783915699695e-4,5,1
3419,José Pablo Leyva,leyva,colombia,1911,médico,77,4043.3004741813024,1.5751142426812868e-4,3,1
1764,Enriqueta Vásquez de Ospina,ospina,colombia,1832,Empresaria,163,4043.2487079502985,2.857628568884105e-4,7,1
2382,Fuad Char,char,colombia,1937,Empresario y político,150,4043.210971801064,2.9982284161801415e-4,3,1
6115,Violeta Correa,belaúnde,peru,1927,Periodista y Secretaria,48,4042.8909758195855,1.21493819149421e-4,1,1
3109,Jorge Mario Eastman Vélez,eastman,colombia,1936,"Político , diplomático y periodista",205,4032.521117175225,3.68462753634739e-4,3,1
4964,Miguel Samper Strouss,gnecco,colombia,1983,"Abogado , político",180,4020.786852720432,3.185702553497615e-4,3,1
4914,Miguel Boyer,vargas_llosa,peru,1939,"Político , economista y profesor",25,4013.340294648398,1.0877998017046442e-4,14,1
4185,Luis Roel Alva,roel,peru,1984,Abogado y político,165,4011.1271820345037,2.9771486400747784e-4,1,1
2590,Guillermo Thornberry,villarán,peru,1954,Abogado,134,4008.365583977412,2.6461834652451063e-4,1,1
871,César Arredondo,pinto_chile,chile,1944,Actor,315,4006.7945513790837,3.2985311499125335e-4,4,1
2330,Francisco Umaña,umaña,colombia,1901,Periodista,136,4002.224627090658,2.558291489794855e-4,3,1
2406,Gabriel Valdés,subercaseaux,chile,1919,"Abogado , diplomático , académico y político",166,4001.0427225427984,2.387703116862529e-4,5,1
1999,Federico Valdés,valdés_chile,chile,1959,"Ingeniero industrial , académico y empresario",351,3996.708964895444,3.7104431724673345e-4,4,1
2547,Guillermo Arthur,errázuriz,chile,1948,Abogado y político,351,3996.708964895444,3.710443172466146e-4,4,1
1009,Carlos O'Donnell y Joris,o'donnell,colombia,1801,Militar,6,3996.0000000000014,7.441761534143403e-5,8,1
1582,Edwin Elmore,elmore,peru,1890,"escritor , académico",244,3995.812382955871,3.33231027882266e-4,1,1
911,Carlos Antolín Robles y Jiménez,robles_arnao,peru,1876,"Abogado , juez , periodista y político",240,3995.25,3.3565820718863275e-4,1,1
5597,Roberto Garretón,garretón,chile,1941,"Activista por los derechos humanos , abogado y jurista",343,3988.8631104491433,3.7046367769523486e-4,4,1
3651,Juan José Neira,acevedo_colombia,colombia,1793,Militar y político,17,3985.4098524214846,8.696195490074548e-5,3,1
2025,Felipe Pérez Manosalva,lleras,colombia,1836,"Escritor, político, periodista y geógrafo",204,3979.474625369678,3.6515341418833115e-4,3,1
2217,Francisco Eustaquio Álvarez,álvarez_del_casal,colombia,1827,Abogado,204,3979.474625369678,3.65153414188316e-4,3,1
1001,Carlos Meyer Pellegrini,pellegrini,argentina,1874,Abogado,155,3975.0969847312676,3.5121309195349344e-4,2,1
2986,Joaquín Barraquer,barraquer,colombia,1927,"Profesor universitario , oftalmólogo y médico",23,3973.905895359861,1.462679778779322e-4,14,1
4136,Luis Gallo Porras,porras,peru,1893,Político,22,3970.127217996873,1.2653085087716123e-4,1,1
5105,Onofre Betbeder,avellaneda,argentina,1861,Militar,15,3969.649569609016,1.2256170051842897e-4,2,1
921,Carlos Basadre Forero,basadre,peru,1859,Ingeniero de minas,17,3968.960222945036,5.9112659286434e-5,1,1
2791,Ignacio Verdugo Cavada,cavada,chile,1887,Abogado,318,3964.86606581028,3.398369427402663e-4,4,1
5430,Rafael Cavada,cavada,chile,1967,Periodista,318,3964.86606581028,3.3983694273985866e-4,4,1
5782,Santos Cavada Carvajal,cavada,chile,1826,Juez y abogado,318,3964.86606581028,3.3983694273978326e-4,4,1
1980,Federico Martínez de Hoz,martínez_de_hoz,argentina,1866,Político,19,3959.9545088535924,1.0303427867651176e-4,2,1
2721,Hipólito Lagos,schmidt,chile,1932,Empresario,134,3952.6781922715404,2.0292908574044116e-4,8,1
2610,Gustavo Cisneros,cisneros_venezuela,venezuela,1945,"Empresario , inversionista",14,3942.5812981316676,1.673177706003998e-4,68,1
2214,Francisco Echaurren,echaurren,chile,1824,político,158,3929.6221477895424,2.2124430156177894e-4,4,1
4324,Manuel Feliú,feliú,chile,1932,"Abogado , académico, empresario y dirigente gremial",312,3909.759387782596,3.270667474568622e-4,4,1
197,Alberto Otárola,otárola,peru,1967,Abogado,136,3908.0776251126686,2.6215097835493895e-4,1,1
4020,Lorenza Villegas de Santos,santos,colombia,1899,Política,144,3897.95662996419,2.86714931546968e-4,3,1
2514,Gonzalo Winter,etcheberry,chile,1987,Abogado y político,327,3895.2223327144893,3.3998230480275705e-4,4,1
422,Aníbal Chávez,chávez,venezuela,1957,Político,22,3894.1261989659283,1.8274107716622322e-4,10,1
1286,Cornelio Saavedra Rodríguez,saavedra,chile,1821,Militar y político,79,3880.198746479285,1.453886000718004e-4,8,1
511,Andrónico Lukšić Craig,fontbona,chile,1954,Empresario,19,3873.6111027446536,6.575862487495534e-5,4,1
992,Carlos Malpica,silva_santisteban,peru,1929,Ingeniero agrónomo y Político,23,3864.2524220947507,1.0762097242046012e-4,1,1
2933,Javier Ovalle Errázuriz,errázuriz,chile,1798,Diplomático,123,3863.664045238235,1.9291505981926612e-4,9,1
3536,Juan Andrés Fontaine,fontaine,chile,1954,"Economista , académico , investigador , consultor y político",189,3854.02533591336,2.7463072907974926e-4,5,1
1746,Enrique Uriburu,uriburu,argentina,1876,Abogado,139,3852.3157163533547,3.221128211582944e-4,2,1
5409,Raúl Prébisch,uriburu,argentina,1901,"Político , académico y economista .",139,3852.3157163533547,3.221128211581796e-4,2,1
27,Álvaro de Soto,polar,peru,1943,Diplomático,134,3852.024944654057,2.5308961853606337e-4,1,1
5827,Sergio Uñac,uñac,argentina,1970,"Abogado , procurador",92,3827.7932142805244,2.6377041185651415e-4,2,1
2243,Francisco Javier Errázuriz Aldunate,echaurren,chile,1773,"Militar , político , comerciante y agricultor",11,3810.282438564233,6.685890629304068e-5,9,1
2743,Hugo Neira Samanez,samanez,peru,1936,"Historiador , periodista , sociólogo y docente universitario",239,3800.9040982128317,3.2815620567299916e-4,1,1
728,Augusto Salazar Bondy,salazar_y_meléndez,peru,1925,"Filósofo , escritor",244,3799.022286798054,3.414072240190389e-4,1,1
4668,Mariano Fernández Amunátegui,amunátegui,chile,1945,"Diplomático , académico, investigador y político",164,3796.964171445136,2.301714880158948e-4,5,1
5237,Pedro Aquilino López,lópez,colombia,1857,Empresario,137,3790.252665931875,2.60028004944543e-4,3,1
4081,Luis Bedoya de Vivanco,bedoya,peru,1946,Abogado y político,151,3775.1106988944534,2.803597546574068e-4,1,1
98,Adolfo Ibáñez Boggiano,ibáñez,chile,1880,Empresario,166,3772.2776105542166,2.3476154808917002e-4,4,1
5750,Santiago Antúnez de Mayolo Rynning,antúnez,peru,1913,"Político , abogado , historiador y profesor universitario",245,3770.6240954789955,3.4050069493471127e-4,1,1
160,Alberto Benavides de la Quintana,benavides_perú,peru,1920,"Político , empresario , geólogo , ingeniero de minas y banquero",22,3764.499336132798,8.033305133999759e-5,1,1
4614,Marco Antonio Corcuera,corcuera,peru,1917,"Escritor, poeta, ensayista y promotor cultural.",246,3763.9908254832185,3.449829849049335e-4,1,1
1581,Edward Málaga,málaga,peru,1969,Neurobiólogo y músico,16,3755.895939042533,7.974396780901141e-5,1,1
6082,Vicente Ramón Roca,roca_y_rodríguez,ecuador,1792,Político y comerciante,19,3755.7933803436563,2.0433785158181664e-4,10,1
2005,Felipe Barreda y Laos,barreda,peru,1886,"Diplomático , historiador y político",71,3752.705407019172,1.935292074587396e-4,1,1
740,Augusto Wiese de Osma,lavalle,peru,1924,"banquero , empresario y filántropo",240,3747.6746279661606,3.322591135928168e-4,1,1
2445,Germán Choque Condori,choquehuanca,bolivia,1955,"Docente universitario , historiador y político",12,3746.8302306999394,1.3630439323855954e-4,20,1
424,Aníbal Fernández de Soto,camacho,colombia,1978,político y abogado,33,3744.539100322436,1.0871248822800979e-4,3,1
2940,Javier Velasco,velasco_chile,chile,1985,Abogado y político,321,3737.3842259636267,3.3352074523972867e-4,4,1
2502,Gonzalo Mariátegui,mariátegui,peru,1943,"Pintor , escritor y novelista",249,3724.4415307306585,3.421401330604998e-4,1,1
1433,Diego Mendoza,lleras,colombia,1857,"abogado, intelectual, político y escritor",200,3721.2452191389034,3.558667660093661e-4,3,1
4693,Mariano Saavedra,otálora,argentina,1810,Abogado,22,3719.6784221775847,1.393647746999361e-4,2,1
1541,Eduardo Frei Montalva,frei,chile,1911,Abogado y político,132,3703.9685298586287,2.1312292851670335e-4,5,1
163,Alberto Benegas Lynch (padre),benegas,argentina,1909,Economista e intelectual,135,3701.3568300738243,3.1302204236307674e-4,2,1
3992,Liborio Ramón Freire Caldera,freire,chile,1829,NA,134,3691.1323594732985,2.196727925507163e-4,8,1
5451,Rafael Loret de Mola,loret_de_mola,mexico,1952,Escritor y periodista,54,3685.800608459302,1.7184346457952877e-4,6,1
2625,Gustavo Saadi,saadi,argentina,1973,Abogado,67,3680.127479328059,1.974242491116789e-4,2,1
4297,Manuel Bulnes Pinto,bulnes,chile,1842,Militar y político,167,3679.722559271999,2.4194628182338537e-4,8,1
629,Antonio de la Rúa,de_la_rúa,argentina,1973,Abogado,67,3677.8518791306697,2.178440672691883e-4,2,1
1686,Enrique Barreda y Osma,barreda,peru,1847,"Inversionista , político",54,3662.8840472897255,1.4692006177962773e-4,1,1
3337,José Manuel Marroquín Osorio,ricaurte,colombia,1874,"Escritor, licenciado en derecho canónico, biógrafo, necrólogo, sacerdote católico, educador",16,3662.1828891822474,1.0116043695954362e-4,7,1
4028,Lorenzo Marroquín,ricaurte,colombia,1856,"Escritor, político y diplomático",16,3662.1828891822474,1.0116043695953025e-4,7,1
3709,Juan Martín Caicedo,caicedo,colombia,NA,"Abogado, economista, político",175,3650.7126338266735,3.1188796043444053e-4,3,1
3086,Jorge González Torres,gonzález_torres,mexico,1942,Político,123,3648.113764933456,3.450320471817578e-4,6,1
5449,Rafael Larco Hoyle,larco,peru,1901,Arqueólogo e investigador,21,3643.1643654068994,1.5399911831072053e-4,1,1
1840,Eugenio Ortega,frei,chile,1940,Sociólogo y político,165,3628.7739689805508,2.3772272519388907e-4,5,1
3958,León de Greiff,de_greiff,colombia,1895,poeta y escritor,31,3628.0681883682364,1.108003117853838e-4,3,1
5207,Patricio Lynch,zaldívar,chile,1824,"Marino , militar y diplomático",109,3626.252002630359,1.802509189240155e-4,5,1
1465,Dolores Costa,álzaga,argentina,1831,Política,30,3621.455374794577,1.8940017836172168e-4,2,1
3923,Lázaro Cárdenas,cárdenas,mexico,1895,Militar y político,118,3615.1704293197104,3.0807172182136124e-4,6,1
5473,Rafael Urdaneta Vargas,urdaneta,venezuela,1823,Político y militar,156,3614.1627074040803,2.180185810761237e-4,4,1
2403,Gabriel Ruiz-Tagle,ruiz-tagle,chile,1953,"Político , empresario y dirigente deportivo",167,3610.1914620778484,2.558985355678591e-4,5,1
4890,Michelle Bachelet,bachelet,chile,1951,Médica y política,64,3605.5752823747234,1.404319850775814e-4,5,1
1657,Emilio Cuervo,cuervo,colombia,1874,Escritor y educador,91,3597.9098365636855,2.0630115364580811e-4,3,1
323,Alfonso Villegas,restrepo,colombia,1884,"Intelectual , periodista y abogado",144,3585.3433015436417,2.776463504476402e-4,3,1
2294,Francisco Orrego Bauzá,vicuña,chile,1967,Abogado y político,182,3580.9506374674374,2.6540184882991376e-4,5,1
3073,Jorge Federico Sabato,sabato,argentina,1938,Político,61,3580.563740961368,1.9946803735588464e-4,2,1
3601,Juan Domingo Perón,perón,argentina,1895,Político y militar,86,3577.947111419589,2.675471701617972e-4,2,1
4803,Matías Walker,walker_chile,chile,1973,Abogado y político,90,3567.4561061465083,1.517368197128694e-4,5,1
246,Alejandro Bulgheroni,bulgheroni,argentina,1943,"empresario, ingeniero",130,3558.4761166384988,3.0054587652295935e-4,2,1
319,Luis Alfonso Plazas Vega,vega,colombia,1944,Político y oficial militar,26,3549.3333333338146,1.0663794809517511e-4,8,1
2106,Fernando Ospina Hernández,ospina,colombia,1929,"Político , ingeniero eléctrico y empresario",132,3545.3344229436443,1.9609237138020207e-4,8,1
5935,Teodoro Schmidt Quezada,schmidt,chile,1879,Ingeniero civil,354,3536.665250264174,3.81294590261799e-4,4,1
4637,Margarita López Portillo,lópez-portillo,mexico,1914,Escritora y política,109,3532.830466167807,2.91343186097142e-4,6,1
1317,Cristian Rivero,neyra,peru,1978,"Presentador de televisión , actor",23,3529.783725297861,1.5333855354076573e-4,1,1
4042,Lucía Pinochet,pinochet,chile,1943,Política y profesora,17,3521.27355434807,8.990014850070533e-5,5,1
1639,Emiliano Díaz del Castillo Zarama,díaz_del_castillo,colombia,1923,"Historiador , jurisconsulto y político",46,3516.4743047003108,1.1665479071309568e-4,7,1
2261,Francisco José Lloreda,cabal,colombia,1965,"Escritor , diplomático , político y abogado",194,3492.2915052795493,3.254983694523577e-4,7,1
2887,Jaime Alberto Cabal,cabal,colombia,1954,"Ingeniero , empresario , político",190,3492.2915052795493,3.1960510022574463e-4,7,1
1450,Diego de Angulo Lemos,largacha,colombia,1841,Militar Abogado Estadista,161,3479.3966881618962,2.416299804283685e-4,8,1
1830,Eugenio Cambaceres,cambaceres,argentina,1843,"Escritor , abogado , político",43,3469.6621086865607,1.7407162307567114e-4,2,1
2571,Guillermo González Mosquera,mosquera,colombia,1941,"Ingeniero civil, diplomático, político",165,3469.223916639324,2.857129344886031e-4,3,1
476,Andrés Concha,concha_chile,chile,1944,Empresario e ingeniero de ventas,326,3468.63382311059,3.4421457120972825e-4,4,1
2905,Jaime Pumarejo,pumarejo,colombia,1980,Político y administrador de sistemas de información,24,3460.229912598275,8.956285335753655e-5,7,1
5448,Rafael Larco Herrera,larco,peru,1872,Político y empresario,15,3455.299393603423,1.0390506572367191e-4,1,1
4240,Mónica de Greiff,de_greiff,colombia,1956,Abogada,138,3452.235731841901,2.6502659681393065e-4,3,1
510,Andrónico Lukšić Craig,luksic,chile,1954,Empresario,18,3451.7437053574354,7.95579000281341e-5,4,1
946,Carlos Enrique Paz Soldán,paz_soldán,peru,1885,"Médico , historiador y periodista",250,3443.293544120993,3.447548594243913e-4,1,1
4607,Marcelo Trivelli,trivelli,chile,1954,Ingeniero civil y político,318,3431.703538815425,3.2538731836105074e-4,4,1
5829,Sergio Velasco de la Cerda,velasco_chile,chile,1945,Político,100,3429.422916436171,1.6287268141244632e-4,5,1
4555,María Ramírez,antúnez,chile,NA,Activista sindical [ 1 ] ​,12,3422.7509409582476,6.276979288057154e-5,1,1
2347,Francisco Xavier de Echagüe,echagüe,argentina,1753,Tesorero,238,3414.092068578898,3.202461634851685e-4,1,1
3176,José Antonio Roca y Boloña,roca_y_rodríguez,peru,1845,"Presbítero , canónigo , profesor , periodista",9,3412.2505815013146,1.3536077031006975e-4,10,1
4732,Maritza Garrido-Lecca,garrido-lecca,peru,1965,Profesora de danza y bailarina,6,3401.8517268354813,6.471446190909472e-5,1,1
1647,Emilio Azcárraga Jean,azcárraga,mexico,1968,empresario,24,3399.6570811728125,1.6736944003723782e-4,6,1
1093,Carolina Barco,barco,colombia,1951,Diplomática y política,22,3397.7295626448413,9.343314551809621e-5,3,1
1419,Diego de Alvear (nieto),alvear,argentina,1825,"Político , hacendado y abogado",43,3390.364801164017,1.443928277784828e-4,2,1
4689,Mariano Prado Ugarteche,prado,peru,1870,"Empresario , banquero , catedrático universitario , político",81,3380.056768218288,2.3135129697218003e-4,1,1
827,Bernardo Larraín Matte,bunster,chile,1966,Ingeniero comercial y empresario,190,3378.0004373840143,2.740587643978743e-4,5,1
3226,José David Cabello,cabello,venezuela,1969,Político,21,3376.2183660030596,1.8174002617190425e-4,10,1
5102,Omar Acedo,cabello,venezuela,1988,"Cantante , actor , locutor , productor",23,3376.2183660030596,1.9628200988945296e-4,10,1
3080,Jorge Gabriel Larraín,bunster,chile,1940,"Ingeniero comercial , académico y empresario",190,3373.6438226513073,2.7400206659223723e-4,5,1
18,Álvaro Pérez Treviño,pérez_treviño,mexico,1930,Político,104,3370.1880024256498,2.712748809978911e-4,6,1
5238,Pedro Acevedo y Tejada,acevedo_colombia,colombia,1799,Soldado,91,3370.08751900794,2.1039598146999563e-4,3,1
1285,Cornelio Saavedra Montt,saavedra,chile,1884,Político y militar,77,3366.542040212768,1.4256981179839478e-4,8,1
5887,Stavros Niarchos,onassis,argentina,1909,"Armador , emprendedor y coleccionista de arte",8,3354.3396035471305,5.8394986327652565e-5,11,1
4730,Mario Videla,videla,argentina,1939,"Organista , clavecinista y flautista",26,3343.406617091594,1.2254217976720474e-4,2,1
901,Carlos Abascal Carranza,carranza,mexico,1949,Abogado,40,3339.9575757262237,1.537650354995673e-4,6,1
5783,Santos Díaz de Valdés Carrera,valdés_chile,chile,1803,Hacendado,37,3318.5775495068497,1.1310295695372281e-4,9,1
2118,Fernando Sanclemente Molina,sanclemente,colombia,1942,"Abogado, economista, político y diplomático",154,3317.8808030929004,2.816817526871117e-4,7,1
2935,Javier Reátegui Rosselló,reátegui,peru,1944,Economista,27,3313.672675282165,1.444663834785417e-4,1,1
5100,Ollanta Humala,humala,peru,1962,Político y militar,29,3313.4772582289656,1.3428954299544237e-4,1,1
2796,Ignacio de la Carrera y de las Cuevas,valdivieso,chile,1747,Militar y político,17,3308.7441373773563,1.0090840146733617e-4,9,1
1376,David García Yrigoyen,garcía_y_garcía,peru,1874,Abogado y político,77,3307.0926341952,2.1673418042597562e-4,1,1
6068,Vicente Almandos Almonacid (hijo),güiraldes,argentina,1882,"ingeniero , diplomático y aviador",128,3292.621956464881,2.8808024390481417e-4,2,1
5586,Roberto Angelini,angelini,chile,1948,Ingeniero civil y empresario,91,3290.956788225564,1.65100232862715e-4,5,1
4274,Manuel Antonio Garretón Walker,garretón,chile,1909,Profesor y político,331,3284.4233855039206,3.5144280449682814e-4,4,1
828,Bernardo Larraín Matte,matte,chile,1966,Ingeniero comercial y empresario,181,3282.3781133066072,2.631169223083905e-4,5,1
5391,Raúl Diez Canseco Terry,diez_canseco,peru,1948,"Economista , empresario y político",49,3280.496852835261,1.379486643220206e-4,1,1
1675,Emilio de la Cerda,errázuriz,chile,1978,Arquitecto y político,179,3277.972309932926,2.6059362433507614e-4,5,1
3866,Julio Jara Ladrón de Guevara,mendoza_ladrón_de_guevara,peru,1947,Periodista y Político,12,3277.9676187646114,9.601350472915169e-5,1,1
1543,Eduardo Gaitán Durán,durán_colombia,colombia,1927,"Empresario , ingeniero civil e ingeniero",22,3271.6782340918617,7.806425371658054e-5,3,1
3032,Joaquín del Pino,otálora,argentina,1729,Político y militar,20,3251.244190921018,1.396184655278137e-4,2,1
684,Arturo Prat Carvajal,echaurren,chile,1878,Abogado y político,319,3246.000069664192,3.3590920494520595e-4,4,1
4441,Manuel de Anchorena,anchorena,argentina,1933,Diplomático,72,3241.2771811222296,2.2107382311344973e-4,2,1
2402,Gabriel Reyes-Patria,reyes,colombia,NA,"Político , empresario y militar",142,3232.3554914880333,2.8528171248256987e-4,3,1
2254,Francisco Javier de Errázuriz Madariaga,errázuriz,chile,1744,"Abogado , comerciante y político",48,3230.2028336902144,1.739779409781489e-4,9,1
1085,Carmen Romano,lópez-portillo,mexico,1926,pianista actriz,110,3223.825749157256,2.916705215322124e-4,6,1
3097,Jorge Humberto López Portillo,lópez-portillo,mexico,1974,Político,108,3223.825749157256,2.870610166166779e-4,6,1
1095,Carolina Correa Londoño,rojas,colombia,1905,Política y suffragette,168,3218.0484283107908,2.9638811696253695e-4,7,1
4837,Max Arias-Schreiber Pezet,miró_quesada,peru,1923,Abogado,256,3214.8671525720165,3.519568738996548e-4,1,1
2545,Guido Girardi Brière,lavín,chile,1934,Médico cirujano y político,346,3204.307889314964,3.678068700322687e-4,4,1
4811,Mateo de la Cruz,cruz_chile,chile,1776,"Militar , político",33,3196.7999999998638,1.1789235890864563e-4,9,1
1224,Claudio Donoso,zegers_chile,chile,1933,Científico forestal,328,3187.425934000752,3.467681373627596e-4,4,1
5824,Sergio Jaramillo Caro,caro,colombia,1966,"Filósofo , diplomático , filólogo y político",16,3175.9609789494034,6.924187895309304e-5,5,1
3860,Julio Ego-Aguirre,paz_soldán,peru,1865,"Político , filósofo y catedrático universitario",248,3164.06046101114,3.41053625480942e-4,1,1
656,Arsenio López Decoud,lópez_carrillo,paraguay,1867,NA,42,3156.460244785573,1.573760770334892e-4,8,1
3453,José Sanfuentes,sanfuentes,chile,1951,"Académico , empresario y político",104,3146.5600127575676,1.7450754888011566e-4,5,1
6122,Virgilio Galvis,galvis_galavís,colombia,1950,"Médico, cirujano, educador, científico",23,3139.638012593581,8.687966038597794e-5,3,1
594,Antonio Lozano Gracia,aguilar,mexico,1953,Político,80,3135.360197450956,2.580425234559219e-4,6,1
3120,Jorge Prado Ugarteche,prado,peru,1887,Político y diplomático,71,3131.265856174373,2.0453901302588468e-4,1,1
2952,Jehová Villa Michel,villa_michel,mexico,1895,Médico y político,21,3106.73679091852,1.315020579113782e-4,6,1
5492,Ramón García de León y Pizarro,garcía_de_león,mexico,1745,"Militar , político y noble",6,3078.1114019356905,5.498264851404223e-5,6,1
1714,Enrique Iglesias,vargas_llosa,peru,1975,Cantautor productor musical,22,3075.2481869046514,1.1218315497873446e-4,14,1
6009,Tulio Ospina,ospina,colombia,1857,"Ingeniero , Científico , Historiador",16,3056.3008805550594,6.172447564043422e-5,7,1
5631,Rodrigo Galilea,galilea,chile,1966,"Abogado , empresario y político",143,3025.1209240243247,2.308207838309925e-4,5,1
1552,Eduardo López de Romaña,bustamante,peru,1847,Ingeniero y empresario,61,3021.650493679504,1.7103004267136657e-4,1,1
3578,Juan Carlos Cornejo Linares,cornejo_argentina,argentina,1916,"Abogado, político, periodista y escritor",71,3021.509897405251,2.173180513506215e-4,2,1
2297,Francisco Pérez Mackenna,mackenna,chile,1958,"Ingeniero comercial , empresario , académico, consultor, investigador y dirigente gremial",187,3018.4870535111318,2.786643226360438e-4,5,1
1973,Federico Ibarguren,uriburu,argentina,1833,Abogado Juez,36,3017.0282650679756,1.2820790007017936e-4,8,1
909,Carlos Alzamora Traverso,alzamora,peru,1926,"Abogado , diplomático",135,3009.007225662818,2.574514139859095e-4,1,1
2190,Francisco Belaúnde Terry,belaúnde,peru,1923,Abogado,171,3000.617864828217,3.0113865385813815e-4,1,1
2055,Fernando Abal Medina,abal_medina,argentina,1947,Estudiante de Ciencias Económicas,132,3000.5225357664012,3.0075158349737957e-4,2,1
3971,Leonor Oyarzún,aylwin,chile,1919,Orientadora familiar,92,2992.4226024667637,1.4834122576703335e-4,5,1
5,Álvaro Cruzat,cruzat,chile,1971,"Ingeniero agrónomo , ejecutivo de empresas y político",130,2991.4927607858026,2.0821665745531466e-4,5,1
380,Alonso Carvajal Peralta,carvajal,colombia,1913,"Médico, cirujano urólogo",72,2988.371450609363,1.6064671389646188e-4,3,1
4871,Mercedes Hurtado de Álvarez,álvarez_del_casal,colombia,1840,Escritora y poetisa,4,2986.619685935304,6.655034375268298e-5,8,1
5660,Roque Alvarado,sánchez_de_bustamante,argentina,1793,Militar,33,2982.769869853803,1.5981334986014291e-4,2,1
4405,Manuel Rengifo Vial,vial,chile,1830,Político,313,2977.651654957936,3.291337639316068e-4,4,1
3401,José Miguel Irarrázaval Alcalde,mackenna,chile,1801,Abogado y político,84,2977.300957055457,1.9041430140612822e-4,9,1
4067,Luis Alayza y Paz Soldán,alayza,peru,1883,"Escritor , diplomático y político",244,2974.7079110766745,3.350594567634949e-4,1,1
1240,Clemente de Althaus Dartnell,althaus,peru,1877,Banquero,19,2974.5672868499983,1.2911455564180988e-4,28,1
5766,Santiago Montt Albano,montt,chile,1817,Abogado,325,2962.227543244961,3.4493147180025493e-4,4,1
125,Agustín Edwards Mac-Clure,edwards,chile,1878,"Economista , empresario , banquero , escritor , diplomático y político",115,2960.164806007766,1.9309630029780824e-4,8,1
5571,Ricardo Videla,videla,argentina,1880,"Ingeniero , historiador y político",28,2954.441384446544,1.140011113020781e-4,2,1
5993,Tomasa de la Quintana,balcarce,argentina,1776,Dama patricia,29,2951.337785394401,1.9336129697546236e-4,9,1
2176,Francisco A. Barroetaveña,pinto_chile,argentina,1856,"político, abogado, escritor",76,2939.5920598294047,2.2169044409932616e-4,2,1
5115,Osvaldo Rengifo,vial,chile,1843,Abogado y político,345,2937.231404159077,3.665257012126595e-4,4,1
2900,Jaime Guzmán,errázuriz,chile,1946,Abogado y político,172,2923.962307748961,2.632758410598175e-4,5,1
5385,Raúl Barón Biza,sabattini,argentina,1899,"Escritor , político",63,2909.720187067459,2.0085499692377198e-4,2,1
779,Beatriz Caballero,caballero,colombia,1948,"Escritora, guionista, titiritera",13,2905.8677403119345,6.873195200306617e-5,3,1
2431,Gepe,matte,chile,1981,"Cantante , compositor y multiinstrumentista",92,2904.3351037854563,1.6431717195249706e-4,5,1
3379,José María Todd,álvarez_de_arenales,argentina,1809,Militar,27,2900.1071716298375,1.4203140465138522e-4,2,1
3919,Kike Morandé,morandé,chile,1954,Presentador de televisión y empresario,367,2900.0319664997432,3.912397402445378e-4,4,1
5996,Torcuato Di Tella,di_tella,argentina,1892,Industrial y filántropo,138,2898.1898524682233,3.1868807373671657e-4,2,1
6021,Víctor Andrés García Belaúnde,belaúnde,peru,1949,Abogado,173,2897.0208052357675,3.037058063537845e-4,1,1
3398,José Miguel Carrera,pinto_chile,chile,1785,Político y militar,12,2895.5773071447256,7.315652453087273e-5,9,1
3342,José Manuel Rivas Sacconi,groot,colombia,1917,Político y Abogado,58,2891.3172008382962,1.4283835029597292e-4,7,1
2270,Francisco Lagos Cházaro,cházaro,mexico,1878,Abogado y político,8,2889.7370557930935,7.797408417440499e-5,6,1
4084,Luis Caballero Holguín,caballero,colombia,1943,Pintor,41,2881.2279938780753,1.3756500387335666e-4,3,1
1836,Eugenio Heiremans,heiremans,chile,1923,Empresario y dirigente gremial,113,2871.142429613983,1.6843783769038113e-4,4,1
2640,Héctor Gutiérrez Ruiz,rodríguez_larreta,uruguay,1934,político,80,2866.37728021872,1.4705267577357095e-4,8,1
3208,José Calzada Rovirosa,rovirosa,mexico,1964,Licenciatura en Administración,108,2861.4817082361737,2.828366236160291e-4,6,1
245,Alejandro Botero Uribe,restrepo,colombia,1839,"Político , abogado",166,2859.7411078931455,2.8453860722811895e-4,7,1
563,Antonio Calzada Urquíza,rovirosa,mexico,1930,Arquitecto,106,2849.5662194122606,2.783021687638571e-4,6,1
3960,Leandro Rovirosa Wade,rovirosa,mexico,1918,ingeniero civil político,103,2849.5662194122606,2.716046237255053e-4,6,1
1578,Eduardo Zuleta Ángel,zuleta_colombia,colombia,1899,Diplomático y político,158,2848.2915204527717,2.778894947189258e-4,7,1
1352,Daniel Samper Ortega,gnecco,colombia,1895,"Escritor, educador e historiador",137,2830.5333757587505,2.663500077809923e-4,3,1
3998,Lina Moreno de Uribe,uribe,colombia,1955,"Filosofía , letras",34,2822.578695546672,1.1037730231447748e-4,8,1
4128,Luis Felipe Villarán (hijo),villarán,peru,NA,"Político , funcionario público",13,2817.0838280164076,7.23711805143729e-5,1,1
3735,Juan Saá,saá,argentina,1818,Militar,20,2797.985347319008,1.1542726978368479e-4,2,1
2336,Francisco Urrutia Olano,arboleda,colombia,1870,Abogado,8,2790.045156706132,5.354896549785054e-5,3,1
5985,Tomás Vodanovic,vodanovic,chile,1990,Sociólogo y político,109,2787.9908074427913,1.8794960201755207e-4,5,1
5798,Sebastián Claro,claro_chile,chile,1972,"Economista , académico, investigador y consultor",97,2784.8106841253416,1.6116897259775648e-4,5,1
282,Alejandro Santos,santos,colombia,1971,Expresidente del Grupo Semana Ex Director de la revista Semana,11,2782.4804361826887,8.011705801366952e-5,3,1
945,Carlos Enrique Melgar López,melgar,peru,1925,Abogado,17,2776.32154186439,9.38613148311121e-5,1,1
109,Adolfo Zaldívar,vicuña,chile,1943,Abogado y político,162,2769.6035945054637,2.2954254417330394e-4,5,1
2748,Hugo de los Reyes Chávez,chávez,venezuela,1933,"Docente , político",31,2768.2486468933826,2.526976798104343e-4,10,1
5866,Sixto Villegas,villegas,argentina,1831,"Jurisconsulto y funcionario de gobierno de la Confederación Argentina , del Estado de Buenos Aires y luego de la República Argentina",39,2762.0272087044523,1.569013840100696e-4,2,1
3840,Julio Barrenechea,barrenechea_chile,chile,1910,"Escritor , político y poeta",51,2754.005060915525,1.1953968562205194e-4,5,1
4465,Manuelita,eder,colombia,NA,NA,4,2753.243870786441,6.733597601829337e-5,5,1
1785,Ernesto Gamarra,brescia,peru,1948,Abogado,8,2746.0138578700517,1.4859145343168483e-4,18,1
930,Carlos Casares (gobernador),casares,argentina,1830,Político,49,2744.4228873352513,1.5222895716162228e-4,2,1
6080,Vicente Lorenzo del Rosario Casares,casares,argentina,1844,Político,49,2744.4228873352513,1.522289571614938e-4,2,1
5051,Nicolás Monckeberg,monckeberg,chile,1973,"Abogado , político y académico",150,2743.2516061094684,2.43955034615859e-4,5,1
3263,José Francisco Ruiz Massieu,ruiz-massieu,mexico,1946,Abogado,162,2742.7355154778143,4.2395969596587777e-4,6,1
3975,Leonor de Velasco Álvarez,álvarez_del_casal,colombia,1907,NA,9,2741.1291592270663,9.180040650405894e-5,8,1
148,Agustina Paz de Roca,roca,argentina,1810,Comerciante,8,2740.030641838652,7.821577396643339e-5,2,1
3507,Josefa Errázuriz,errázuriz,chile,1952,Política,119,2734.6156481930893,1.8681111693886197e-4,5,1
2985,Joaquín Acuña,acuña_argentina,argentina,1846,Político,51,2731.9140607509057,1.6130164029841122e-4,2,1
957,Carlos Franco Sodi,sodi,mexico,1904,Jurista,15,2726.681221808555,1.0761471127642367e-4,6,1
725,Augusto Pinochet Hiriart,pinochet,chile,1945,Oficial de Ejército,29,2726.3948239347283,9.622849632402252e-5,5,1
5381,Régulo Gaitán,dávila,colombia,1901,NA,13,2725.4183444743817,1.0065937542623944e-4,3,1
1372,David Char,char,colombia,1935,Administrador de empresas,20,2724.2885994527733,8.219089493706317e-5,3,1
4559,María Soledad Tohá,tohá,chile,1965,Política y profesora,15,2716.0791698239827,6.772656665195363e-5,4,1
2830,Isabel de Yugoslavia,ulloa,peru,1936,NA,18,2711.8914340502465,1.3568315837183924e-4,11,1
2129,Fernando Vaca Narvaja,vaca_narvaja,argentina,1948,"Político , guerrillero",68,2710.8489602294535,2.0545732339013624e-4,2,1
4356,Manuel Llosa,llosa,peru,1894,"Ingeniero , político",23,2705.7903140497574,1.4260419856233463e-4,1,1
1839,Eugenio Matte,matte,chile,1895,Abogado y político,339,2694.814840854281,3.5522573465050485e-4,4,1
2410,Gabriela Laperrière,coni,argentina,1861,"periodista , socióloga , [ 1 ] ​ activista sobre salud pública y feminismo, novelista , cuentista , traductora",45,2668.2098609627815,1.0820965956280295e-4,5,1
2920,Javier Bitar,bitar,chile,1965,"Ingeniero civil matemático , ejecutivo de empresas , empresario y consultor",318,2665.01314833435,3.323720634860228e-4,4,1
3634,Juan Ignacio Torres Landa,torres_landa,mexico,1959,"Empresario, Político",103,2664.0000000000005,2.708146352643883e-4,6,1
3662,Juan José Torres Landa,torres_landa,mexico,1911,Político,103,2664.0000000000005,2.7081463526436886e-4,6,1
3621,Juan Francisco de la Bodega y Quadra,bodega_y_quadra,peru,1744,"Explorador , militar , marino y comandante militar",239,2664,3.307580240884354e-4,1,1
5964,Tomás Aniceto de la Bodega y Quadra,bodega_y_quadra,peru,1731,Sacerdote,239,2664,3.307580240881692e-4,1,1
5171,Paloma Yerovi Cisneros,yerovi,peru,1980,Actriz y Dramaturga,5,2663.5,7.910999347049464e-5,75,1
475,Andrés Chadwick,chadwick,chile,1956,Abogado y político,173,2663.1760892851075,2.5564979112040344e-4,5,1
4579,María de Silva y Carvajal,carvajal_y_vargas,chile,1874,NA,6,2662.6151636649915,1.1924066663397471e-4,9,1
3436,José Rafael Salas Errázuriz,edwards,chile,1864,Empresario y político,80,2653.317596300965,1.2156253796736982e-4,4,1
5414,Radomiro Tomic,errázuriz,chile,1914,Abogado y político,167,2649.9020736444536,2.318239674007798e-4,5,1
4115,Luis Eduardo Nieto Caballero,caballero,colombia,1888,"Escritor, periodista, diplomático, académico",141,2648.292030133003,2.679185293818793e-4,3,1
79,Abraham Cornejo,cornejo_argentina,argentina,1874,Abogado,133,2638.803605631188,3.002731922905828e-4,2,1
1751,Enrique Zañartu,zañartu,chile,1881,Abogado y político,362,2636.6523632190515,3.845731904657221e-4,4,1
3319,José Luis Amparan Fernández,monagas,venezuela,1833,Militar,131,2627.0229714458583,1.9937993796572296e-4,8,1
382,Alonso García de Zúñiga,warnes,argentina,1690,Militar y comerciante,17,2620.9353376662802,1.0159988037856797e-4,9,1
69,Óscar Ugarteche,ugarteche,peru,1949,"Economista , Escritor , Investigador",125,2616.5864530323065,2.3685553054248097e-4,1,1
4085,Luis Calderón Vega,calderón_hinojosa,mexico,1911,"político , escritor , profesor",90,2615.421022243576,2.711597167938678e-4,6,1
749,Aurelio Denegri,denegri,peru,1840,"Empresario , político",9,2608.4794666987523,6.938206726176923e-5,1,1
1753,Enrique Zileri,gibson,peru,1931,Periodista,17,2606.520076175579,1.1863141607840259e-4,1,1
4173,Luis Montt Dubournais,montt,chile,1945,Abogado y político,361,2605.8585058026742,3.806782971584819e-4,4,1
3472,José Umaña Bernal,umaña,colombia,1899,poeta y político,78,2586.102202792305,1.732032560877271e-4,3,1
5093,Olga Duque de Ospina,ospina,colombia,1930,"Abogada , política",151,2570.0971247869857,2.6269727794033307e-4,7,1
3099,Jorge Jiménez de la Jara,pinochet,chile,1943,"Médico , académico y político",160,2566.6999042887714,2.2307616317856891e-4,5,1
3270,José Güemes,güemes,argentina,1803,Militar,25,2566.3039886815936,1.4236861066685246e-4,2,1
935,Carlos Coriolano Amador Fernández,amador,colombia,1835,"Empresario , banquero , terrateniente , político , ganadero , abogado",154,2565.9186636461386,2.9036044853636563e-4,3,1
5487,Ramón Freire,freire,chile,1787,Militar y político,22,2555.65826041608,1.0246757930068666e-4,8,1
627,Antonio de Vergara Azcárate,vergara-azcárate,colombia,1612,"Militar , Político , Caballero y Tesorero",9,2555.1021208569578,1.1447095713232727e-4,3,1
3473,José Víctor Posse,posse,argentina,1785,"Comerciante , Agricultor",20,2553.483401313113,1.2772102670764713e-4,2,1
3065,Jorge Checa Eguiguren,eguiguren,peru,1912,Político,23,2551.868195270292,9.806968996225467e-5,1,1
2405,Gabriel Soto,díaz_lombardo,mexico,1975,Actor,10,2543.65660333014,1.3372142104444158e-4,6,1
2895,Jaime Concha,concha_chile,chile,1922,"Abogado, historiador y político",156,2541.0429500959144,2.208162243606227e-4,5,1
2208,Francisco Díaz del Castillo,díaz_del_castillo,mexico,NA,Político,37,2538.208214980332,1.100053321633294e-4,9,1
3455,José Santiago Montt Irarrázaval,montt,chile,1783,Abogado,83,2517.0199548327864,1.8886570043214466e-4,9,1
2026,Felipe Pardo y Aliaga,lavalle,peru,1806,Poeta dramaturgo periodista abogado político,6,2516.88937073405,6.53579593230248e-5,1,1
1844,Eugenio de Matta Vargas,matta,chile,1802,Abogado,53,2513.510048737954,1.257483598904e-4,9,1
4518,María José Zaldívar,zaldívar,chile,1975,Abogada y política,114,2503.2380245362647,1.862667241979822e-4,5,1
3242,José Enrique Valencia,arboleda,colombia,1918,"Abogado laboralista, escritor, educador, político",159,2501.0720207929317,2.352764884504067e-4,8,1
5469,Rafael Santa Cruz (torero),santa_cruz,peru,1928,torero,7,2499.511137134495,1.3492837938500923e-4,10,1
5928,Teófilo Saá,saá,argentina,1860,Abogado,58,2482.4541372842355,1.9123722158007422e-4,2,1
1872,Félix Denegri Luna,denegri,peru,1919,"Historiador , abogado , diplomático , bibliófilo y docente universitario",127,2480.8098126108353,2.4478281211205797e-4,1,1
461,Anacleto Angelini,angelini,chile,1914,Empresario,99,2466.446484192096,1.6006443187118418e-4,5,1
5408,Raúl Porras Barrenechea,porras,peru,1897,Abogado,247,2455.1181161408963,3.373873537750697e-4,1,1
3845,Julio César Saguier (empresario),saguier,argentina,1960,"abogado, empresario y ejecutivo de medios",11,2447.8546369718097,7.704104743045122e-5,2,1
1671,Emilio de Althaus,althaus,peru,1875,Abogado,23,2436.2450850856426,1.4634903485793876e-4,28,1
5934,Teodoro Sánchez de Bustamante,sánchez_de_bustamante,argentina,1778,Abogado,44,2428.5562836064246,2.01786863694129e-4,2,1
4925,Miguel Elías Ávalos,elías,peru,1958,político,25,2423.945651006392,1.322880419112359e-4,1,1
2975,Jesús Reyes Heroles,reyes_heroles,mexico,1921,"Abogado , político , historiador y académico",158,2414.5972456576364,4.13256192119026e-4,6,1
4184,Luis Roca y Boloña,roca_y_rodríguez,peru,1845,empresario y político,11,2412.1576358799302,1.3503541026042195e-4,10,1
2707,Hernando Santos Castillo,calderón_colombia,colombia,1922,Abogado y periodista,23,2410.320263598385,1.08179920834798e-4,7,1
5186,Pastor Ospina Rodríguez,ospina,colombia,1809,"Político , escritor",151,2407.362307277194,2.619683346163338e-4,7,1
5481,Ramón Allende,allende,chile,1845,"Médico , cirujano , político",351,2404.7881588685755,3.748081053509251e-4,4,1
1377,David Monreal Ávila,monreal,mexico,1966,Licenciado en Derecho,116,2404.218158668242,3.189412024873265e-4,6,1
5558,Ricardo Monreal Ávila,monreal,mexico,1960,"Abogado , político , docente y escritor",116,2404.218158668242,3.18941202487121e-4,6,1
4308,Manuel Carvajal Valencia,carvajal,colombia,1851,"Periodista , militar y empresario",148,2392.823064081834,2.57396120480821e-4,7,1
2438,Gerardo Gaudiano Rovirosa,rovirosa,mexico,1981,"Politólogo , político",32,2392.795061234131,1.2891718208503288e-4,6,1
4645,Mariana Aylwin,aylwin,chile,1949,"Profesora , política y consultora",91,2392.3442463519596,1.4498260604624044e-4,5,1
209,Alberto Undurraga,vicuña,chile,1969,Ingeniero comercial y político,159,2388.6080457044363,2.2385450589983854e-4,5,1
1052,Carlos Tubino,schreiber,peru,1949,Militar y Político,33,2384.037219921617,1.4375550287230784e-4,1,1
1238,Clemente Pérez,errázuriz,chile,1967,"Abogado , académico, empresario , dirigente gremial, consultor y político",161,2381.4118454081595,2.250759965830107e-4,5,1
4237,Máximo Valdés Fontecilla,valdés_chile,chile,1879,Político,181,2373.559202157873,2.4436424538474264e-4,4,1
3497,José de la Riva-Agüero,riva_agüero,peru,1783,"Político , oficial militar y memorialista",15,2367.9568516634204,7.777985354877796e-5,1,1
3902,Justo Daract,daract,argentina,1818,Militar,28,2367.8850864945543,1.8122954873162623e-4,2,1
2852,Isidoro Tohá,tohá,chile,1929,político,329,2365.3917572471346,3.4517449479151447e-4,4,1
3089,Jorge Guillermo Leguía,leguía,peru,1898,"Historiador , ensayista y catedrático universitario",245,2365.2753263037375,3.3430636990821114e-4,1,1
3590,Juan Crisóstomo Torrico,torrico,peru,1808,Militar,13,2364.2517657637713,1.910670488655846e-4,10,1
407,Amalia Solórzano,cárdenas,mexico,1911,Política,114,2353.876068978558,2.902271279003988e-4,6,1
3292,José Ignacio Eyzaguirre Portales,portales,chile,1817,"Sacerdote, escritor, político",33,2347.9838863399427,1.1363471529750596e-4,9,1
2156,Florencio Varela (escritor),varela,argentina,1808,"Periodista , bibliotecario , escritor , político y poeta",61,2343.8503166971286,2.171784735041486e-4,2,1
2266,Francisco Urrutia Holguín,arboleda,colombia,1910,"Político , abogado , diplomático , jurista",80,2342.4584581907343,1.8706270630993162e-4,3,1
4794,Martina Warnes,warnes,argentina,1781,NA,17,2341.1386159188,1.0100659683489147e-4,9,1
2685,Hernán Hipólito Cornejo,cornejo_argentina,argentina,1945,"Contador público, político",69,2339.5064074758916,1.994128731297232e-4,2,1
5776,Santiago Uribe Vélez,uribe,colombia,1957,"Ganadero, empresario",29,2335.2851341398873,9.632672104559827e-5,8,1
4525,María Juliana Ruiz,duque,colombia,1978,Abogada y política,30,2316.992759140678,1.247842316380444e-4,8,1
1476,Domingo Fernández Concha,concha_chile,chile,1838,Empresario y político,127,2316.166723712926,1.9733611704040379e-4,8,1
1818,Esteban Tomic,errázuriz,chile,1942,"Abogado , politólogo y consultor",156,2314.9075131357754,2.1971905775242185e-4,5,1
5296,Pedro Montt Leiva,montt,chile,1956,Profesor de ciencias naturales y química y político,153,2314.9075131357754,2.161716973044501e-4,5,1
6074,Vicente Domínguez,vial,chile,1942,"Abogado , empresario , dirigente gremial y consultor",153,2314.9075131357754,2.1617169730442153e-4,5,1
4505,María Eugenia Rojas,rojas,colombia,1932,"Político, militar, líder social",29,2307.139632909563,9.682473908844638e-5,3,1
3591,Juan Cristóbal Guarello,guarello,chile,1969,"Comentarista deportivo de radio y televisión, escritor",101,2306.0779501604998,1.7628285660214118e-4,5,1
1426,Diego José Benavente,valdivieso,chile,1790,Político,17,2300.142103559453,8.52081038129236e-5,9,1
3321,José Luis Cantilo,ortiz_basualdo,argentina,1871,Abogado,64,2294.5622903185617,2.0074293454508155e-4,2,1
6,Álvaro Escobar,portales,chile,1966,"Actor , presentador de televisión , político , periodista , abogado y personalidad de radio",312,2289.994778287318,3.2387186253078436e-4,4,1
854,Blas Videla,videla,argentina,1785,Militar,40,2288.8791648687065,1.6732908580218848e-4,2,1
1824,Eufrasio Videla,videla,argentina,1805,Militar,40,2288.8791648687065,1.6732908580217217e-4,2,1
4331,Manuel García-Mansilla,garcía-mansilla,argentina,1970,Abogado,13,2282.743538628884,5.303927557544902e-5,2,1
3835,Julio Arboleda Valencia,arboleda,ecuador,1922,Ingeniero Civil,156,2274.481866230583,2.3094849654927826e-4,8,1
5828,Sergio Urrejola,monckeberg,chile,1949,Abogado y diplomático,110,2273.5632368337606,1.841158644771767e-4,5,1
6081,Vicente P. Peralta,alvear,argentina,1812,"Abogado , hacendado y político",165,2272.716639331872,3.7107446684754705e-4,2,1
4345,Manuel José Bonnet,pumarejo,colombia,1936,"Político , oficial militar , académico y diplomático",16,2271.307698090933,8.774298157067042e-5,7,1
1039,Carlos Salinas de Gortari,salinas,mexico,1948,"Político , escritor y economista",160,2270.670915539946,4.147167000990068e-4,6,1
2416,Galo Soler Illia,illia,argentina,1970,NA,130,2269.780855956777,2.936813109045485e-4,2,1
2020,Felipe Lleras Camargo,camargo,colombia,1900,"Abogado, periodista, político, empresario de medios, diplomático, escritor",145,2266.595767965857,2.6995749988169385e-4,3,1
4920,Miguel Concha Quezada,concha_chile,chile,1910,Economista y político,101,2265.659061582384,1.6486180317622768e-4,5,1
4393,Manuel Pardo Ribadeneira,pardo,peru,1759,"Magistrado, funcionario público",10,2264.6265020422857,8.600204469695158e-5,3,1
5275,Pedro Groot,groot,colombia,1755,NA,36,2258.313540427536,1.3555515156155976e-4,3,1
4866,Mercedes Bulnes,bulnes,chile,1950,Abogada y política,110,2258.3052420732574,1.747245381149418e-4,5,1
2343,Francisco Vial Freire,freire,chile,1899,Político,161,2249.450404997493,2.2846168908736254e-4,8,1
4427,Manuel Velarde Dellepiane,diez_canseco,peru,1968,Político y abogado,141,2249.050538558681,2.556743273385555e-4,1,1
4501,María Eugenia Cordovez,febres-cordero,ecuador,1934,Política,12,2245.7337340231024,1.255634179502803e-4,10,1
1790,Ernesto Madero Farías,farías,mexico,1872,Empresario y político,9,2238.9031165503816,1.0836305531135812e-4,6,1
2457,Germán Umaña,umaña,colombia,1953,"Economista , Ingeniero industrial , Político , Profesor universitario , Escritor",12,2237.4297135966754,8.145959169472122e-5,3,1
5726,Salvador Sanfuentes,sanfuentes,chile,1817,"Escritor , historiador , político , poeta y juez",347,2234.3478606570043,3.664880369470107e-4,4,1
893,Camilo Reyes Rodríguez,reyes,colombia,NA,Diplomático,16,2228.1184134134974,7.374843907839773e-5,3,1
5392,Raúl Durán Reveles,durán_reveles,mexico,1958,Político,31,2225.3643304383163,1.2631485583360167e-4,6,1
4130,Luis Fernán Cisneros,cisneros,peru,1882,"Poeta , periodista y diplomático",242,2223.3846075891047,3.3185788939830275e-4,1,1
224,Alberto de Belaúnde,belaúnde,peru,1986,Abogado y Político,136,2219.7766839891924,2.531202035615559e-4,1,1
1799,Ernesto Videla,videla,chile,1938,Diplomático y pionero,36,2214.8862880133947,1.1592424975711475e-4,5,1
1858,Eva Sámano,mateos,mexico,1910,Profesora,11,2214.141867202436,8.711338770071919e-5,6,1
3736,Juan Sabato,sabato,argentina,1904,Político e ingeniero,58,2213.695177544373,1.8926309349962545e-4,2,1
3924,Lázaro Cárdenas Batel,cárdenas,mexico,1964,Etnohistoriador,117,2213.1182155939878,3.1143000902949977e-4,6,1
5085,Nydia Quintero,quintero,colombia,1931,Lideresa comunitaria y filántropa,158,2202.948645025387,2.8879754332727833e-4,3,1
685,Arturo Prat,echaurren,chile,1848,"Militar , marino y abogado",316,2202.7398944864385,3.282073636328656e-4,4,1
5543,Ricardo Güiraldes,güiraldes,argentina,1886,"Poeta , escritor , cuentista",36,2201.892982227449,1.441508611245776e-4,2,1
5424,Rafael Belaúnde Diez-Canseco,belaúnde,peru,1886,"Abogado , político , diplomático",250,2199.3357042070897,3.4269858133484415e-4,1,1
4726,Mario Uribe,uribe,colombia,1949,"Abogado , Político",24,2193.991090342933,7.423361032041307e-5,3,1
4092,Luis Carlos Restrepo,restrepo,colombia,1954,"Psiquiatra , doctor , filósofo , político y escritor .",89,2192.5209153990513,1.8365983467241723e-4,3,1
4875,Mercedes Ortiz de Rozas,ortiz_de_rozas,argentina,1810,Escritora,7,2189.7018306497125,8.531305560934459e-5,2,1
1808,Estanislao Portales Larraín,portales,chile,1764,abogado y Militar,79,2186.6334421373926,1.8402818644436107e-4,9,1
3159,José Antonio Fernández Cornejo,cornejo_argentina,argentina,1768,Militar,24,2180.042659616866,1.2523873056841694e-4,2,1
5983,Tomás Tenorio y Carvajal,tenorio,colombia,1758,NA,78,2176.8502652490924,1.764732709059526e-4,3,1
1365,Darío Lopérfido,álvarez_de_toledo_argentina,argentina,1964,Periodista,60,2168.2005752707796,2.1718055955827808e-4,2,1
5522,Remigio Morales Bermúdez Pedraglio,morales_bermúdez,peru,1947,Político,16,2165.466259045072,1.1247482344777014e-4,1,1
2265,Francisco José Sanclemente,sanclemente,colombia,NA,NA,151,2160.2383640165476,2.660483804575086e-4,7,1
2627,Gustavo Valcárcel,valcárcel,peru,1921,Periodista y Poeta,13,2159.9904287013564,1.4372482457216472e-4,12,1
1841,Eugenio Torres de Velasco,velasco_chile,chile,1805,Abogado,78,2155.173016846962,1.820269565220803e-4,9,1
2186,Francisco Aspillaga Velasco,velasco_chile,chile,1783,Abogado,78,2155.173016846962,1.820269565220478e-4,9,1
830,Bernardo Matte,matte,chile,1955,Ingeniero comercial y empresario,359,2153.0743307175185,3.7879549676190957e-4,4,1
4503,María Eugenia Hirmas,bitar,chile,1942,Socióloga y política,10,2151.175310304999,4.3324050313839216e-5,4,1
474,Andrés Celis,montt,chile,1975,Político,49,2148.512515092023,1.0251531852454886e-4,5,1
3625,Juan Gonzalo Restrepo Londoño,jaramillo_colombia,colombia,1922,"Abogado , empresario , político",57,2140.228715792179,1.2858542539185322e-4,7,1
2544,Guido Girardi,lavín,chile,1961,Médico y político,342,2133.9067199486326,3.5820394884043203e-4,4,1
2488,Gloria Navarrete,pinto_chile,chile,NA,Abogada y política,138,2133.4042018267996,2.0758268151636487e-4,5,1
3427,José Pinochet Olave,pinochet,chile,1970,Abogado ambientalista y político,357,2130.169199471131,3.7650423938584903e-4,4,1
5652,Rolando Reátegui,reátegui,peru,1959,Economista,29,2120.3607465655227,1.5332847389615018e-4,1,1
2193,Francisco Bernabé Madero,segurola,argentina,1815,"Abogado , político",49,2110.0933989429,1.5440526296264776e-4,2,1
2298,Francisco Pardo Mesones,pardo,peru,1937,Banquero y empresario,9,2104.4567698225364,7.41057282940789e-5,3,1
908,Carlos Alzamora Elster,alzamora,peru,1899,ingeniero y político,26,2088.591768811746,1.0817086524573775e-4,1,1
6049,Vanessa Kaiser,kaiser,chile,1977,"Columnista , política y youtuber",26,2081.349287929437,7.770367393736454e-5,2,1
591,Antonio Leal,schmidt,chile,1950,Sociólogo,41,2078.001289761663,1.0130183688105332e-4,5,1
5988,Tomás de Anchorena,anchorena,argentina,1783,Político y abogado,26,2073.3168073986135,1.3451003778872122e-4,2,1
3589,Juan Crisóstomo Lafinur,lafinur,argentina,1797,"Poeta, filósofo y educador",35,2062.8461978759315,1.4281568760963112e-4,2,1
156,Alberto Baillères González,baillères,mexico,1931,"empresario, economista y ganadero",17,2060.6305334625335,1.2539486206913548e-4,6,1
5300,Pedro Nolasco Cruz Vergara,cruz_chile,chile,1857,"Político , escritor , abogado y crítico literario",38,2060.2052234675266,7.337634675471111e-5,4,1
1743,Enrique Solari Swayne,solari,peru,1915,Psicólogo y escritor,240,2058.004637827029,3.2800519323867476e-4,1,1
5668,Rosa Clotilde Sabattini,sabattini,argentina,1918,"profesora, pedagoga",68,2057.375207206915,2.1066632260406226e-4,2,1
208,Alberto Ulloa Sotomayor,cisneros,peru,1892,"Abogado , diplomático , catedrático universitario .",245,2053.7358336764796,3.321609165199719e-4,1,1
2984,Joaquín Acosta,samper,colombia,1800,"Historiador , político y militar .",20,2049.0485152783945,9.079783695868955e-5,7,1
3464,José Tiburcio Benegas,benegas,argentina,1775,"Hacendado, militar, político",24,2043.4016259714465,1.348596095387661e-4,2,1
2519,Graciela Letelier,velasco_chile,chile,1901,Ama de casa,104,2031.0706404185953,1.6783632544350852e-4,5,1
775,Bastián Bodenhöfer,cruz-coke,chile,1961,Actor y director de teatro,90,2026.8967661696768,1.7063693074351787e-4,5,1
3007,Joaquín Leguía Gálvez,diez_canseco,peru,1931,"Abogado , docente universitario",126,2009.7787593905034,2.2635595002053899e-4,1,1
4791,Martha Meza,yoma,argentina,1952,"docente , política",73,2009.7300396308974,2.247064923838672e-4,2,1
4078,Luis Batlle Berres,saavedra,uruguay,1897,"Periodista , político",65,2009.571203944862,2.102627404501367e-4,8,1
2691,Hernán Precht,precht,chile,1948,Arquitecto,102,2005.7812765936815,1.8413069477062521e-4,5,1
4497,María Estela Martínez de Perón,perón,argentina,1931,Bailarina Política,73,2003.7449531657037,2.1507511683624357e-4,2,1
1883,Fabio Lozano Torrijos,lozano,colombia,1865,"Abogado, escritor, político, diplomático",155,1997.0978318910625,2.920604855429171e-4,3,1
3912,Katja Alemann,alemann,argentina,1957,Actriz y modelo,16,1995.458109133277,1.4390348427104714e-4,2,1
5862,Simón de Iriondo,candioti,argentina,1836,Abogado,31,1990.3086235377955,1.0906992467753271e-4,2,1
1631,Emigdio Antonio Quintero,quintero,colombia,1817,"Jurisconsulto, político, militar",15,1986.5870307215741,6.029587913831687e-5,3,1
3338,José Manuel Pinto Arias,pinto_chile,chile,1818,Militar y político,122,1985.142473677851,1.9844510074229978e-4,5,1
3199,José Benegas,benegas,argentina,1963,"Abogado , ensayista y periodista",133,1981.8624707234007,3.021299004570892e-4,2,1
2236,Francisco Hermógenes Ramos Mejía,segurola,argentina,1773,Hacendado y funcionario,26,1973.614277087292,1.3515937967201018e-4,2,1
4093,Luis Carlos Sarmiento,sarmiento_negocios,colombia,1933,"Ingeniero civil , Ingeniero y Emprendedor",90,1970.3391289414228,1.9818557901591982e-4,3,1
3068,Jorge Edwards,valdés_chile,chile,1931,"Periodista , diplomático , crítico literario , escritor , escritor de cuentos , novelista y ensayista",47,1965.2330625071975,9.924542684602678e-5,4,1
4145,Luis Hernando Turbay Turbay,turbay,colombia,1930,Político,142,1961.2282859532347,2.8037391790263296e-4,3,1
477,Andrés Di Tella,di_tella,argentina,1958,"cineasta , periodista , director de cine",14,1953.1507410126949,7.853853637136034e-5,2,1
1155,Cecilia Arboleda de Holguín,arboleda,colombia,1859,NA,158,1950.367308680915,2.746605249097159e-4,7,1
3660,Juan José Rosendo Rocha,rocha,argentina,1807,"Hacendado , político , periodista y militar",42,1949.2567151159224,1.9672948059505185e-4,2,1
1965,Federico Cantoni,cantoni-bravo,argentina,1890,Político,59,1948.082836550564,1.9314367967049206e-4,2,1
5591,Roberto Edwards Eastman,edwards,chile,1937,"Artista , fotógrafo y emprendedor",313,1944.2981854451011,3.2379411307736634e-4,4,1
3448,José Ruperto Monagas,monagas,venezuela,1831,Militar,164,1939.0546458629717,2.26467586259905e-4,4,1
2295,Francisco Orrego Vicuña,vicuña,chile,1942,"Abogado , juez y profesor",53,1938.5612106208343,1.0002121002802257e-4,5,1
3807,Julián Bucheli Ayerbe,ayerbe,colombia,1865,Político,129,1931.6166527766984,1.9587583435652116e-4,8,1
5908,Tadea Lozano e Isasi,lozano,colombia,NA,NA,20,1931.0562772840908,9.691231584513726e-5,3,1
3410,José Navarro Grau,grau,peru,1934,Ingeniero agrónomo,17,1927.6890217532582,9.559966984002071e-5,1,1
3060,Jorge Batlle,saavedra,uruguay,1927,Abogado periodista político,65,1927.657445630189,2.0922767811593762e-4,8,1
5799,Sebastián Dávalos,bachelet,chile,1978,Politólogo y político,53,1922.9539921197058,1.230020758349406e-4,5,1
1783,Ernesto Durán Cordovez,borrero,colombia,1916,"periodista, político",132,1917.3824275314696,2.4574586026159055e-4,3,1
3390,José Mariano Astigueta (nieto),astigueta,argentina,1922,Abogado,130,1916.2075261298778,2.914984645686743e-4,2,1
2511,Gonzalo Revoredo,elías,peru,1979,Actor,13,1914.8478949508894,1.0186661106681275e-4,1,1
2185,Francisco Asensio de Lezama,álzaga,argentina,1766,Militar y funcionario,32,1914.4183872556346,2.091397885502872e-4,9,1
1294,Cristóbal Quintero,quintero,colombia,1445,Navegante y explorador,14,1909.8917097442243,5.667712133494372e-5,3,1
2510,Gonzalo Restrepo Jaramillo,jaramillo_colombia,colombia,1895,Abogado,166,1908.115929041758,2.8716177784488325e-4,7,1
4121,Luis Espinosa Cházaro,cházaro,mexico,1974,Político,18,1905.2623387646213,9.146846488808864e-5,6,1
4984,Misael Pastrana Pastrana,borrero,colombia,1887,NA,153,1895.62291433743,2.68045352496951e-4,7,1
5199,Patricia Vaca Narvaja,vaca_narvaja,argentina,1955,"Política , instrumentista quirúrgica , diplomática",68,1887.3364421016672,2.037652997825638e-4,2,1
5715,Sady Zañartu,zañartu,chile,1893,Escritor,80,1885.9093716171842,1.2443782696352945e-4,4,1
4763,Martín Belaúnde Moreyra,belaúnde,peru,1938,Abogado,135,1881.8624524477211,2.4725989263853167e-4,1,1
5205,Patricio Hales,hales,chile,1946,Arquitecto y político,316,1872.5566041513289,3.287715554558449e-4,4,1
954,Carlos Ferrero Costa,ferrero,peru,1941,Abogado,136,1872.5174815414932,2.512133121803488e-4,1,1
1378,David Samanez Ocampo,samanez,peru,1866,Empresario agrícola,38,1869.9718349174968,1.569067272776685e-4,11,1
770,Bartolomé Bedoya,bedoya,peru,1763,"Abogado , magistrado y político",29,1864.5481889051966,1.1689116293081022e-4,1,1
2019,Felipe López Caballero,lópez,colombia,1947,Periodista,138,1861.5854357860198,2.5578561227403515e-4,3,1
4024,Lorenzo Batlle,batlle,uruguay,1810,Militar y político,48,1860.7448636956412,1.70865691631914e-4,8,1
595,Antonio Mallarino Pardo,cabal,colombia,1903,"Poeta, banquero, empresario, político",149,1858.3001119952646,2.5667265988840363e-4,7,1
3432,José R. Alzamora,alzamora,peru,1891,Político,16,1855.4706561412402,7.891528201654225e-5,1,1
4323,Manuel Eyzaguirre Portales,portales,chile,1820,Abogado,53,1853.43951389019,1.2943491241375864e-4,9,1
5616,Rodolfo Acuña,acuña_argentina,argentina,1894,Político,23,1851.4563540921308,9.591099853186061e-5,2,1
4265,Manuel Ávila Camacho,ávila_camacho,mexico,1897,Militar y político,108,1847.6973465697458,2.788525640264764e-4,6,1
3275,José Graña,graña,peru,1945,Arquitecto y Empresario,29,1847.2905184097035,1.263660389574864e-4,1,1
3562,Juan Benavides,benavides_chile,chile,1957,Ingeniero comercial y empresario,89,1845.9211246769073,1.582797871221504e-4,5,1
5995,Torcuato Alfredo Sozio Di Tella,di_tella,argentina,1917,Diplomático y ejecutivo,17,1844.6810850019715,9.479410478475324e-5,2,1
2492,Godofredo Iommi,iommi,argentina,1917,"Poeta, Profesor",127,1829.2659163564729,2.8522222741819855e-4,2,1
918,Carlos Arturo Romero,lópez,colombia,1933,Político y abogado,8,1826.317726662557,9.287468252438744e-5,3,1
6083,Vicente Riva Palacio,riva_palacio,mexico,1832,"Periodista , escritor de cuentos , novelista , militar , escritor , abogado , juez , diplomático , poeta y político",12,1824.0735741072112,7.902034477841541e-5,6,1
3061,Jorge Batlle,batlle,uruguay,1927,Abogado periodista político,67,1821.9622529631758,2.180612922408441e-4,8,1
1030,Carlos Rodríguez Pastor,rodríguez_pastor,peru,1900,Político,246,1821.8101035289885,3.3306143087496933e-4,1,1
3239,José Elías Moreno,gonzález_de_cosío,mexico,1910,Actor,17,1820.695300538964,1.2378876961756927e-4,6,1
2436,Gerardo Arrubla,arrubla,colombia,1872,"Escritor, historiador, político",151,1820.5093818129378,2.675674230270686e-4,7,1
1735,Enrique Santos Calderón,calderón_colombia,colombia,1945,Periodista,5,1814.6790055265822,5.723999194930446e-5,3,1
956,Carlos Ferreyros,ferreyros,peru,1843,Político y militar,68,1799.0062409759546,2.0849588837359656e-4,1,1
3614,Juan Francisco Balta y Montero,balta,peru,1806,Militar y político,9,1786.080088003463,9.768479084877286e-5,1,1
322,Alfonso Valdivieso,galán,colombia,1948,Abogado y político,54,1778.930961176329,1.258412562766636e-4,7,1
1882,Fabio Lozano y Lozano,lozano,colombia,1892,"Abogado, escritor, historiador, diplomático",149,1767.8584229210503,2.838710105310292e-4,3,1
1554,Eduardo Lule Menem,menem,argentina,1964,"asesor legislativo , abogado y político",129,1764.3618266879232,2.87286066031122e-4,2,1
920,Carlos Balmaceda Saavedra,balmaceda,chile,1879,Ingeniero agrónomo y político,335,1764.255122034647,3.486256183609478e-4,4,1
4101,Luis Cousiño,cousiño,chile,1835,"Empresario, político",51,1756.933097049928,1.4486052702273794e-4,9,1
4515,María José Bello,walker_chile,chile,1980,Actriz y Locutora,15,1756.0700337532862,6.0852562746824643e-5,5,1
3152,José Amorín Batlle,batlle,uruguay,1954,"Abogado , político",65,1754.3594779605376,2.1136243027996377e-4,8,1
432,Ana Carolina Gaillard,rodríguez_saá,argentina,1981,Política,69,1749.4649480557216,2.0889034254132206e-4,2,1
173,Alberto Elmore,elmore,peru,1844,"Abogado , catedrático universitario , diplomático y magistrado",30,1744.320974688238,1.0965776424187844e-4,1,1
5521,Remigio Morales Bermúdez,llosa,peru,1836,Militar y político,28,1734.969043640881,1.4378438801421214e-4,1,1
5769,Santiago Pérez Manosalva,lleras,colombia,1830,"Escritor, político, educador, economista, humanista, diplomático, periodista",136,1734.8674792347956,2.6143830723722596e-4,3,1
861,Bruno Philippi,philippi,chile,1944,"Ingeniero civil , académico, empresario , investigador, consultor y dirigente gremial",93,1733.7782234859294,1.641156328363495e-4,5,1
2518,Graciela Fehrman,montero,chile,1888,Primera dama,26,1733.635721640203,8.98796406840699e-5,4,1
3884,Julio Philippi Izquierdo,philippi,chile,1912,"Abogado , diplomático , escritor , investigador, académico y político",96,1725.314442761895,1.671816822002785e-4,5,1
4204,Chino Urquidi,undurraga,chile,1935,"cantautor , escritor , arreglador musical",19,1719.8878634993684,9.983676947674205e-5,5,1
1429,Diego Luna,sodi,mexico,1979,actor director de cine productor de cine actor de voz presentador guionista,24,1716.2633855071426,1.5273484784398864e-4,6,1
5354,Plutarco Elías Calles,elías-calles,mexico,1877,Político y militar,22,1715.3443987761714,1.358411541457495e-4,6,1
1084,Carmen Puch de Güemes,puch,argentina,1797,Dama Patricia,33,1712.6546409597786,2.1140794732432168e-4,9,1
2044,Felipe de Vergara Azcárate,caicedo,colombia,1745,"Abogado, Político, Escritor.",25,1710.2322599136544,1.1105860264092125e-4,7,1
2284,Francisco Mendoza Pérez,pérez_manosalva,colombia,1857,NA,5,1709.3690800107813,6.0121185136375166e-5,3,1
4194,Luis Solo de Zaldívar Alemparte,zaldívar,chile,1844,Militar,62,1704.863254732544,1.4621741806244713e-4,9,1
116,Adriana Tudela,osma,peru,1988,Política,21,1704.8428980135468,7.917051249500542e-5,1,1
189,Alberto Lozano Simonelli,lozano,colombia,1937,"abogado , historiador, político, rector, escritor, embajador",90,1701.1389731845697,1.9997637802243178e-4,3,1
3444,José Rosas Ribeyro,ribeyro,peru,1949,Escritor y Poeta,241,1699.8675737554377,3.300776992802016e-4,1,1
757,Aurelio Miró Quesada Sosa,miró_quesada,peru,1907,"periodista , historiador y rector",238,1698.4620809271037,3.234151796862915e-4,1,1
1351,Daniel Salaverry,salaverry,peru,1972,Empresario,40,1696.620229547139,1.464402596579151e-4,1,1
3934,Ladislao Errázuriz Echaurren,echaurren,chile,1856,Agricultor y político,164,1689.7828184362354,2.295380414523017e-4,4,1
4241,Macacha Güemes,güemes,argentina,1787,Trabajadora,27,1687.0656067948107,1.594145328709468e-4,2,1
6147,Xicoténcatl Leyva Alemán,alemán,mexico,1908,Político,108,1678.0730140486903,2.8117533320845523e-4,6,1
619,Antonio Vodanovic Haklicka,vodanovic,chile,1916,Jurista y escritor,315,1677.2935907653548,3.2491720134544e-4,4,1
5973,Tomás Joaquín de Anchorena,anchorena,argentina,1923,"Hacendado , político y embajador",64,1671.221232477639,2.0490619858242113e-4,2,1
3813,Julián Vásquez Calle,barrientos,colombia,1809,"Político, banquero",163,1657.5278707257576,2.8019512604923573e-4,7,1
6006,Tulio Hernández Gómez,pinal_hidalgo,mexico,1938,Político y abogado,152,1652.1773189266696,3.9268991597282384e-4,6,1
411,Ambrosio O'Higgins,cruz_chile,chile,1720,"Político , comandante y militar",4,1651.4789958954043,5.3208764850197374e-5,1,1
941,Carlos Díaz Vélez,álvarez_de_toledo_argentina,argentina,1864,estanciero,11,1649.7051924526409,1.1057424505738499e-4,2,1
4970,Miguel Vásquez Barrientos,barrientos,colombia,1842,"Banquero , Político",159,1649.1945497417314,2.743072701198351e-4,7,1
216,Alberto Valdivieso Araos,valdivieso,chile,1849,Agricultor,58,1648.2151381369815,1.2081322843231501e-4,4,1
2873,Iván Moreira,matte,chile,1956,Relacionador público y político,107,1635.9914481213516,1.775492150618589e-4,8,1
981,Carlos Larrabure y Correa,larrabure,peru,1876,"Abogado , jurista , escritor , historiador , diplomático , docente universitario",22,1630.6391069526808,1.1538235961389112e-4,1,1
1781,Ernesto Diez-Canseco Masías,diez_canseco,peru,1883,"Ingeniero de minas , catedrático universitario y político",242,1630.5994869270103,3.320669405910111e-4,1,1
3604,Juan Elías López de Tagle,madariaga,colombia,1777,Político,26,1628.026562059915,1.0231951055683324e-4,3,1
2211,Francisco Diez Canseco Távara,diez_canseco,peru,1946,Abogado,240,1625.1502964699675,3.294679981154836e-4,1,1
1344,Daniel García-Mansilla,garcía-mansilla,argentina,1867,"Doctor en Leyes, diplomático, poeta, escritor",9,1621.5701269755946,1.1503469372787561e-4,2,1
2730,Horacio Rodríguez Larreta (procurador),rodríguez_larreta,argentina,1871,Abogado Juez,134,1615.0571697772943,2.9850880392176364e-4,2,1
1216,Claudia Turbay,quintero,colombia,1952,Periodista y diplomática,149,1611.0450174032267,2.70851325482886e-4,3,1
1035,Carlos Ruiz-Tagle,ruiz-tagle,chile,1932,Escritor,103,1606.1988834527838,1.818871706028394e-4,5,1
3430,José Posse,posse,argentina,1816,Político y periodista,19,1603.980073125443,1.2350719920986474e-4,2,1
6144,Wenceslao Posse,posse,argentina,1815,industrial,19,1603.980073125443,1.2350719920984702e-4,2,1
3524,Joseph Ricaurte,ricaurte,colombia,NA,"Militar , Político , Empresario",20,1599.8757303523905,1.4901139435581943e-4,7,1
2083,Fernando Freire García de la Huerta,freire,chile,1872,Abogado,347,1593.9141152257926,3.6405474050356205e-4,4,1
6065,Verónica Zavala,zavala,peru,1967,Abogada y política,10,1593.16861320528,6.7070029835357e-5,1,1
1512,Edgardo Marín,matte,chile,1943,Periodista deportivo,92,1591.2916992835198,1.6868199867389896e-4,5,1
5930,Teodorico Olaechea,olaechea,peru,1848,ingeniero y docente universitario,243,1591.193491548944,3.3321118009242657e-4,1,1
4287,Manuel Bartolomé Ferreyros,ferreyros,peru,1793,Diplomático,23,1588.3185078738752,1.2567058887589153e-4,1,1
3853,Julio Carrizosa,carrizosa,colombia,1895,Científico y educador,81,1585.0166699354056,1.7829140771122846e-4,3,1
3724,Juan Pablo Obregón,obregón,colombia,NA,Actor,9,1582.0530595686616,6.137745244322211e-5,3,1
2253,Francisco Javier Errázuriz Aldunate,errázuriz,chile,1773,"Militar , político , comerciante y agricultor",9,1570.2412225918067,6.679286550938911e-5,9,1
959,Carlos Garcés Córdoba,garcés,colombia,1925,Ingeniero,150,1566.9286756711701,2.6329400106753394e-4,7,1
738,Augusto Vicuña Subercaseaux,subercaseaux,chile,1877,Abogado,355,1559.0732983988921,3.729975002031793e-4,4,1
3638,Juan José Chaux Mosquera,chaux,colombia,1957,"Abogado , político y diplomático",135,1558.4487027765947,2.550680054622845e-4,3,1
5054,Nicolás Petro,petro,colombia,1986,Abogado,11,1557.4668557332323,8.884732812180257e-5,3,1
3122,Jorge Prieto Echaurren,echaurren,chile,1874,Abogado,348,1554.2222879757537,3.6516842414943267e-4,4,1
3215,Casimiro Ulloa,cisneros,peru,1829,"médico , docente , escritor , periodista , político",23,1548.6524024237692,1.0547214143723548e-4,1,1
1223,Claudio Bunster,bunster,chile,1947,Físico,318,1545.6632298750771,3.2694362309759897e-4,4,1
2884,Jacqueline Kennedy Onassis,onassis,argentina,1929,"Periodista , editora literaria , socialité , escritora y modelo",48,1543.536924029696,1.9383418036938e-4,11,1
1392,Delia del Carril,del_carril,argentina,1884,"Grabadora , pintora , dibujante",16,1543.150519713638,8.089492425022544e-5,2,1
1102,Carolina Schmidt,schmidt,chile,1967,"Ingeniera comercial , empresaria y política",110,1529.3030981723132,1.7782339126697172e-4,5,1
976,Carlos Juan Rodríguez,"rodríguez_(san_luis,_argentina)",argentina,1831,Abogado,21,1517.3494384823525,1.1649503718033776e-4,2,1
5301,Pedro Olaechea,álvarez_calderón,peru,1954,"Economista , empresario , político",129,1512.4315284153804,2.36913225609637e-4,1,1
80,Abraham Quintana,quintana,argentina,1864,Político,57,1499.1320991786013,1.8950755909409085e-4,2,1
3843,Julio Bravo Valdés,valdés_chile,chile,1932,Militar,118,1494.9431351113858,1.9067454035697978e-4,5,1
5094,Olga Feliú,feliú,chile,1932,Abogada y política,100,1494.551120111448,1.664974113076839e-4,5,1
4711,Mario Bunge,bunge,argentina,1919,"Físico , filósofo , ensayista , sociólogo , profesor universitario , escritor , epistemólogo, crítico y traductor",30,1490.2596301042604,1.42680457649413e-4,2,1
1424,Diego Gutiérrez Orihuela,orihuela,peru,1931,NA,18,1488.6148417965478,1.016177856524621e-4,12,1
4838,Max González Olaechea,gonzález-olaechea,peru,1867,Profesor universitario y médico,241,1485.9107218658473,3.265065409618828e-4,1,1
5483,Ramón Castilla,diez_canseco,peru,1797,Militar y político,10,1478.1089792066775,9.58091541280237e-5,11,1
228,Aldo Mariátegui,mariátegui,peru,1964,Periodista y abogado,136,1475.4020486040051,2.460489690078011e-4,1,1
3595,Juan Cueto Sierra,cueto,chile,1929,Contador auditor y empresario,79,1472.7581530820776,1.3083002160060614e-4,5,1
1411,Diego Aráoz,aráoz,argentina,1770,Militar,21,1470.9951163290234,1.1790626274035946e-4,2,1
5138,Pablo Kast,kast,chile,1973,Arquitecto y político,114,1470.7216943537899,2.012785848140433e-4,5,1
3725,Juan Pablo Uribe,restrepo,colombia,1965,Cirujano,47,1460.0627074067968,1.185820773044586e-4,7,1
4439,Manuel Zañartu Zañartu,zañartu,chile,1840,Abogado,328,1460.0269013919324,3.3951260211768935e-4,4,1
6016,Usuario:MasterScriptor/Taller,macri,argentina,1965,Abogado y productor agropecuario,18,1456.659986491423,1.1289020643251728e-4,2,1
1393,Demetrio Bolaños Espinosa,bolaños_cacho,mexico,1897,Periodista y político,109,1448.8660616737375,2.8906045458616477e-4,6,1
3075,Jorge Fernando Iturribarría Bolaños-Cacho,bolaños_cacho,mexico,1943,Político y médico,115,1448.8660616737375,3.0276682547531044e-4,6,1
3076,Jorge Fernando Iturribarría Martínez,bolaños_cacho,mexico,1902,Político y escritor,112,1448.8660616737375,2.9579255376054086e-4,6,1
5386,Raúl Bolaños-Cacho Güendulain,bolaños_cacho,mexico,1916,Político,112,1448.8660616737375,2.960148636227647e-4,6,1
559,Antonio Belaúnde Moreyra,belaúnde,peru,1927,Jurista y Diplomático,142,1445.7341759097656,2.5188620831805627e-4,1,1
1231,Clemencia Holguín de Urdaneta,caro,colombia,1894,Socialité,157,1441.0235776590757,2.68732137428251e-4,7,1
932,Carlos Cock,cock,colombia,1871,"Ingeniero de Minas , político , empresario",153,1439.6637383637808,2.621267189642083e-4,7,1
1848,Eulogio Robles Pinochet,pinochet,chile,1831,Militar,116,1437.9741430807617,1.8811235149193334e-4,5,1
604,Antonio Ortiz Mena,ortiz_mena,mexico,1907,Abogado y economista,151,1437.2160183744652,3.8998990082000614e-4,6,1
5623,Rodolfo González Guevara,gonzález_guevara,mexico,1918,Político y diplomático,17,1434.023965339002,8.547020772220385e-5,6,1
4178,Luis Pércovich Roca,belaúnde,peru,1931,Químico farmacéutico,58,1427.4460957785934,1.510913521269421e-4,1,1
1696,Enrique Chirinos Soto,chirinos,peru,1930,"Abogado , periodista , historiador y político",26,1425.6847217666066,1.0111083831802891e-4,1,1
1870,Félix Díaz,díaz,mexico,1868,Político y militar,12,1424.8122651978285,8.958039632155334e-5,9,1
974,Carlos Jaramillo Schloss,jaramillo_colombia,colombia,NA,NA,53,1421.5792654574898,1.2273525233208669e-4,7,1
1006,Carlos Morla Vicuña,vicuña,chile,1846,Funcionario,60,1416.602748620772,1.375571685859312e-4,9,1
2907,Jaime Rey de Castro López de Romaña,bustamante,peru,1921,Abogado y político,28,1416.3955923089409,1.1818264009605345e-4,1,1
2927,Javier Etcheberry,etcheberry,chile,1947,"Ingeniero civil , empresario , académico , investigador , consultor y político",339,1415.2974109586355,3.5307935641909976e-4,4,1
1027,Carlos Rodríguez Pastor Mendoza,rodríguez_pastor,peru,1934,Abogado,134,1408.4143181506722,2.4233348610536835e-4,1,1
166,Alberto Casas Santamaría,casas,colombia,1944,Periodista y político,80,1397.3815276120295,1.7280706417031636e-4,3,1
2201,Francisco Candioti,candioti,argentina,1743,Hacendado,30,1388.8882118248964,1.6097196951897076e-4,2,1
414,Amelia Solar de Claro,claro_chile,chile,1836,"Poetisa , dramaturga y ensayista",19,1386.0107501231068,6.672132567623544e-5,5,1
4584,María del Carmen Sotomayor,errázuriz,chile,1780,Política y primera dama,8,1382.7777210062804,4.462800509971319e-5,9,1
2874,Iván Moreno Rojas,rojas,colombia,1961,Médico cirujano,16,1367.4684008864733,8.641206249939608e-5,3,1
4969,Miguel Urrutia Montoya,arboleda,colombia,1939,Economista,19,1366.110078247795,7.236927567153354e-5,3,1
5444,Rafael Guilisasti,guilisasti,chile,1953,"Profesor , empresario y dirigente gremial",89,1364.54683187012,1.5205799093326124e-4,5,1
5458,Rafael Obligado,obligado,argentina,1851,"Poeta , escritor y profesor universitario",38,1360.7250798530117,1.667237005925872e-4,2,1
2180,Francisco Antonio Zea,zea,colombia,1766,"Político , botánico , periodista , diplomático y prócer de la independencia colombiana",34,1359.9918014197222,1.2442617385875605e-4,3,1
3382,José María Vergara Tenorio,caicedo,colombia,1820,"Escritor, Periodista y Diplomático",138,1359.627987347441,2.4783526620711924e-4,3,1
1877,Félix Salazar Jaramillo,jaramillo_colombia,colombia,1870,"Banquero, empresario y político",164,1356.6917888135397,2.787395703873528e-4,7,1
10,Álvaro Holguín y Caro,caro,colombia,1889,NA,154,1355.981030014894,2.643321922492289e-4,7,1
5990,Tomasa Carbo y Noboa,noboa,ecuador,1815,Primera dama,12,1355.746250639364,1.1330324541483473e-4,10,1
5272,Pedro Galavís Méndez,lozano,colombia,1695,Capitán,19,1353.881060994752,8.799058605975018e-5,3,1
5603,Roberto Noble,noble,argentina,1902,"Político, periodista y empresario",18,1353.8028880726479,1.1312317969582371e-4,2,1
853,Blas Tomic,errázuriz,chile,1950,"Economista , ingeniero , investigador, consultor y político no vidente",335,1352.5123746512693,3.4878766495056865e-4,4,1
4822,Maurice Tempelsman,onassis,argentina,1929,"Empresario , socialité y filántropo",40,1345.2639901369002,1.5415798701920439e-4,11,1
6142,Wenceslao Ibáñez,ibáñez_colombia,colombia,1834,Militar,151,1340.72178368386,2.5822409215327415e-4,7,1
20,Álvaro Pachón de la Torre,galán,colombia,1906,Periodista y político,136,1338.1636793784821,2.577266052234543e-4,3,1
2749,Humberto Acuña,acuña,peru,1966,Ingeniero civil,19,1333.6387707626827,1.1724865546971823e-4,1,1
5638,Rodrigo Salinas (comediante),chadwick,chile,1975,"Dibujante , ilustrador , guionista , cómico",34,1333.1962835127476,9.212405750189683e-5,4,1
1149,Cayetana Álvarez de Toledo,peralta_ramos,argentina,1974,"Política , historiadora y periodista",4,1332.0701746176735,9.790268249627456e-5,2,1
3983,Leopoldo O'Donnell,o'donnell,colombia,1809,Militar,4,1332.0000000000005,7.08993033195789e-5,8,1
3965,Leonidas Yerovi,yerovi,peru,1881,"Poeta , dramaturgo y periodista",6,1331.75,1.0544981767020153e-4,75,1
3966,Leonidas Yerovi (hijo),yerovi,peru,1916,Escritor y periodista,6,1331.75,1.0544981767019152e-4,75,1
689,Arturo Sabato,sabato,argentina,1914,Doctorado en química,25,1330.9201892950775,1.244411729522238e-4,2,1
4463,Manuela Warnes,warnes,chile,1776,Primera Dama,24,1327.302966009575,1.3025220870690874e-4,9,1
3405,José Miguel Walker,walker_chile,chile,1841,Abogado,60,1315.3808152237127,1.3646159802602333e-4,9,1
5649,Roger Cáceres Velásquez,cáceres_velásquez,peru,1929,Abogado,21,1312.4506647120593,8.769038989090585e-5,1,1
4143,Luis Guillermo Echeverri Abad,borrero,colombia,1908,"Abogado , político , escritor",149,1301.4582489288164,2.716409134751303e-4,3,1
4293,Manuel Benavides Canduela,benavides_perú,peru,1822,"Abogado , funcionario público y político",55,1294.8280131308466,1.3766725366580742e-4,1,1
4428,Manuel Velarde Seoane,diez_canseco,peru,1833,Militar y político,23,1293.1869361136462,1.036862920838382e-4,1,1
2576,Guillermo Lukšić,fontbona,chile,1956,Empresario,319,1286.0092073336527,3.2774359264309017e-4,4,1
5639,Rodrigo Terré,fontbona,chile,1965,"Ingeniero civil , empresario y consultor",315,1286.0092073336527,3.2404134796550007e-4,4,1
985,Carlos Lleras de la Fuente,lleras,colombia,1937,"Abogado, economista, politólogo",145,1285.4195710647903,2.633430195705967e-4,3,1
3629,Juan Guillermo Vivado,portales,chile,1950,"Abogado , presentador de televisión y político",137,1273.975041401615,2.1351093782753276e-4,5,1
5374,Prudencio Lazcano Echaurren,echaurren,chile,1850,Abogado y político,118,1268.5338139174166,1.7076395771912004e-4,4,1
5927,Teófilo Sánchez de Bustamante,sánchez_de_bustamante,argentina,1828,Político,4,1267.3862517091184,5.3443568603257106e-5,2,1
1167,Cecilio Acosta,acosta,venezuela,1818,"Escritor , abogado , periodista , filósofo , humanista",16,1266.7243713902815,1.2466408380449324e-4,10,1
3809,Julián Cock Escobar,cock,colombia,1906,"Abogado, político",149,1266.6759992727234,2.54631664871012e-4,7,1
1867,Ezequiel Uricoechea,uricoechea,colombia,1834,"lingüista , filólogo , profesor , médico , químico , geólogo y orientalista",8,1260.1366048539207,9.681410598637801e-5,99,1
874,César Batlle Pacheco,batlle,uruguay,1885,"Periodista , escritor y político",48,1243.5090124384649,1.673460827705784e-4,8,1
4023,Lorenzo Batlle Pacheco,batlle,uruguay,1897,Político y periodista,48,1243.5090124384649,1.673460827704884e-4,8,1
5419,Rafael Batlle Pacheco,batlle,uruguay,1888,"periodista, político",48,1243.5090124384649,1.6734608277043658e-4,8,1
4767,Martín Gabriel Güemes,güemes,argentina,1858,Abogado y político,11,1242.8265712127982,7.71429906134725e-5,2,1
1583,Edwin Schlossberg,onassis,argentina,1945,diseñador artista autor,38,1240.1862710671132,1.49612307020399e-4,11,1
1496,Domingo de Errázuriz Madariaga,errázuriz,chile,1754,Abogado y sacerdote,32,1237.9119378444302,1.08532832672574e-4,9,1
3184,José Antonio de Errázuriz Madariaga,errázuriz,chile,1747,"Sacerdote , Rector y Senador",32,1237.9119378444302,1.0853283267253589e-4,9,1
400,Amadeo de Piérola,piérola,peru,1868,Político y comerciante,17,1233.4990504381344,8.396540517420407e-5,11,1
547,Antonino Cambaceres,cambaceres,argentina,1833,Político y ganadero,49,1233.0286279483817,1.614694143136507e-4,2,1
5640,Rodrigo Valdés,valdés_chile,chile,1966,"Economista , investigador y político",330,1231.7690047460208,3.4287490106381727e-4,4,1
2788,Ignacio Valencia,laserna,colombia,1936,"Abogado, juez, diplomático y político",168,1229.0494391724294,2.769685125297812e-4,7,1
5546,Ricardo Grau,grau,peru,1907,NA,10,1227.3830584638636,9.086447119984489e-5,1,1
5956,Tiburcio Benegas,benegas,argentina,1844,Empresario,47,1225.7345661036752,1.4477813273443743e-4,2,1
4857,Melitón Porras Díaz,porras,peru,1826,médico y político,9,1219.4005808663583,5.054291085229213e-5,1,1
1374,David Dasso,hoke,peru,1891,Ingeniero,7,1216.036376130838,8.548224428277448e-5,1,1
3495,José de la Quintana (político argentino),quintana,argentina,1810,Abogado,18,1214.943264641229,1.1529194237552967e-4,2,1
5228,Paulina Vodanovic,vodanovic,chile,1971,Abogada y política,52,1212.4133714234429,1.121061503792525e-4,5,1
1278,Consuelo Saavedra,velasco_chile,chile,1970,Periodista,7,1207.3918690890796,4.186645311395096e-5,5,1
2120,Fernando Schmidt,schmidt,chile,1954,Diplomático,107,1206.8567946545124,1.718153382026073e-4,5,1
1721,Enrique León Velarde,león-velarde,peru,1930,Urbanizador y Político,15,1203.7085496027344,1.1634256663977016e-4,1,1
1469,Domingo Amunátegui,amunátegui,chile,1860,"Abogado , político e historiador",354,1197.14131771925,3.709644735738483e-4,4,1
5929,Telémaco Orihuela,orihuela,peru,1858,Político,20,1193.5132854548442,1.231484071822235e-4,12,1
4193,Luis Solari Tudela,solari,peru,1935,"Diplomático , abogado , profesor",125,1193.2710777511152,2.265645134084193e-4,1,1
5022,Nemesio Vargas Valdivieso,ugarte,peru,1849,"Abogado , historiador , traductor",240,1192.5711209948777,3.2679047521296976e-4,1,1
1418,Diego Echenique,zegers_chile,chile,1899,NA,102,1188.0996590214672,1.7337414579886426e-4,5,1
3538,Juan Antonio Álvarez de Arenales,álvarez_de_arenales,argentina,1770,Militar y político,49,1186.2013430179313,2.1632958523214196e-4,2,1
4734,Marleny Contreras,cabello,venezuela,1968,"Ingeniera , política",19,1185.4761164560023,0.00017912506101934822,10,1
663,Arturo Alessandri Rodríguez,velasco_chile,chile,1895,Abogado,351,1180.0053623302863,3.690489177092816e-4,4,1
670,Arturo Edwards Ross,edwards,chile,1861,"Empresario, político",77,1179.8423120802856,1.4889936573788025e-4,8,1
3675,Juan Mackenna Astorga,mackenna,chile,1846,Político y abogado,344,1179.239577823989,3.594963883812896e-4,4,1
3879,Julio Noriega Bernuy,noriega,peru,1956,"Lingüista , escritor , docente",238,1178.8506258975717,3.234337884267397e-4,1,1
5129,Pablo Acosta Ortiz,acosta,venezuela,1864,"Cirujano , Médico y Político",6,1177.6925794609067,4.74242640926452e-5,1,1
1530,Eduardo Caballero Calderón,caballero,colombia,1910,"Periodista , escritor , diplomático , novelista y ensayista",36,1156.8811612214959,1.2230053711187355e-4,3,1
1875,Félix María Salazar,jaramillo_colombia,colombia,1849,"Político, empresario",158,1155.9717033886172,2.6935847335894506e-4,7,1
4025,Lorenzo Jaramillo Londoño,jaramillo_colombia,colombia,1818,"Banquero, ganadero, político y empresario",155,1155.9717033886172,2.650159472367064e-4,7,1
2753,Humberto Yáñez Velasco,velasco_chile,chile,1897,Abogado,40,1152.9703233325192,1.1043366118719361e-4,9,1
4733,Marlene Dietrich,díaz_ceballos,mexico,1901,Actriz y cantante,10,1149.987593134875,8.040698973146336e-5,6,1
4879,Mercedes Tomasa San Martín y Escalada,balcarce,argentina,1816,Activista,11,1145.8966043197697,1.2004544233696444e-4,9,1
4574,María Victoria Ovalle,errázuriz,chile,1947,Empresaria y política,101,1142.283657659661,1.5888675752730717e-4,5,1
1658,Emilio Edwards,edwards,chile,1984,"Actor , bailarín",91,1136.9519560711492,1.5984968315236724e-4,5,1
2228,Francisco González Manrique,álvarez_del_casal,colombia,1698,Militar y gobernante colonial,5,1136.6385286770376,7.76645323541416e-5,3,1
3489,José de Santiago Concha Jiménez Lobatón,concha_chile,chile,1760,Juez,5,1133.456522153434,3.767996029736645e-5,2,1
4949,Miguel Luis Amunátegui Reyes,amunátegui,chile,1862,"Historiador , literato , político",355,1132.427713011057,3.716177085075929e-4,4,1
1659,Emilio Estrada,estrada_ecuador,ecuador,1855,Comerciante e industrial,14,1131.299166998262,1.8605333039734679e-4,10,1
2708,Hernando Zuleta González,holguín,colombia,NA,"Economista, escritor, educador y académico",30,1127.9323563241671,1.0519946790726329e-4,3,1
3889,Julio Rodolfo Alsogaray,alsogaray,argentina,1918,Militar,18,1123.4294607021438,1.2354892379155003e-4,2,1
3192,José Balta,balta,peru,1814,Militar y político,8,1122.934902309046,8.556067282432711e-5,1,1
138,Agustín Ross,edwards,chile,1844,"Político , banquero y diplomático",77,1114.8849038915932,1.3683892192097152e-4,8,1
4170,Luis Miró Quesada de la Guerra,cisneros,peru,1880,"Periodista, político",250,1106.2659373444887,3.3989458577323394e-4,1,1
2238,Francisco I. Madero,madero,mexico,1873,Empresario,15,1105.9880523258942,1.0377468252323221e-4,6,1
2569,Guillermo Garrido Lecca,álvarez_calderón,peru,1887,"empresario , político",25,1104.788498275823,1.0123946924541538e-4,1,1
1307,Cristián Monckeberg,monckeberg,chile,1968,Abogado y político,64,1101.6406326124502,1.272330832188753e-4,5,1
4392,Manuel París Ricaurte,parís,colombia,1780,Militar,20,1100.5434629790368,1.0622513970340659e-4,7,1
2100,Fernando Montero Aramburú,aramburú,peru,1946,Político,17,1097.507570022792,8.469059853557492e-5,1,1
2637,Héctor García Ribeyro,garcía_y_garcía,peru,1909,Político,15,1096.5566075347308,9.801747957841015e-5,1,1
5900,Susana López de Valencia,laserna,colombia,1910,Política,164,1091.4772886258083,2.7189663009508373e-4,7,1
3139,Jorge Zabaleta,garcía-huidobro,chile,1970,"Actor , presentador de televisión y actor de televisión",21,1086.4175619198897,8.141447368127299e-5,5,1
3164,José Antonio García y García,garcía_y_garcía,peru,1832,Abogado y diplomático,65,1084.5247272148113,1.7695488134178037e-4,1,1
5333,Pepe Gómez,gómez,colombia,1892,"Caricaturista, periodista y columnista",35,1081.2314896186524,1.0796023611425665e-4,3,1
1016,Carlos Palacios y Blanco,palacios_venezuela,venezuela,1762,Militar,14,1080.7353090707898,1.4788433676527686e-4,10,1
1816,Esteban Palacios y Blanco,palacios_venezuela,venezuela,1768,Político y Diputado a las Cortes de Cádiz,14,1080.7353090707898,1.4788433676527415e-4,10,1
4591,María del Rosario Guerra,de_la_espriella,colombia,1961,Economista,29,1080.6256091003463,1.1823162716223579e-4,8,1
2223,Francisco García-Huidobro Eyzaguirre,garcía-huidobro,chile,1831,Capitán,39,1079.9304899449608,1.07806989896575e-4,9,1
444,Ana María Groot,groot,colombia,1952,NA,14,1075.0360535833834,6.710988040359121e-5,3,1
3980,Leopoldo Bravo,cantoni-bravo,argentina,1919,abogado,23,1071.7243098600945,1.309903906503427e-4,2,1
3460,José Sebastián Amador López,amador,colombia,1810,Empresario y político,138,1068.3302846410281,2.5796848001497175e-4,3,1
2495,Gonzalo Bulnes,bulnes,chile,1851,Historiador y político,104,1065.5242913586053,1.5192182940530554e-4,4,1
4783,Marta Cruz-Coke,cruz-coke,chile,1923,"filósofa, profesora, gestora cultural",11,1053.512306556657,5.880806028154294e-5,5,1
1724,Enrique Matta Vial,matta,chile,1868,Abogado e historiador,324,1050.1865447211107,3.3336421838245465e-4,4,1
3168,José Antonio Guzmán,matta,chile,1941,"Ingeniero civil , empresario y dirigente gremial",319,1050.1865447211107,3.286054297547679e-4,4,1
280,Alejandro Roca Rey,roca_y_rodríguez,peru,1995,"Actor , director de cine y músico",9,1048.6526878256782,1.1581448310094849e-4,10,1
2682,Hernán Felipe Errázuriz,errázuriz,chile,1945,Abogado y político,135,1043.0146451482879,2.026886832088314e-4,5,1
3858,Julio East,álvarez_calderón,peru,1876,"Político , empresario",25,1042.3130793510993,1.1039719887909176e-4,1,1
161,Alberto Benegas Lynch (hijo),benegas,argentina,1940,"Economista , intelectual , conferencista y escritor",17,1039.7146110170584,8.596093009936345e-5,2,1
1774,Ernesto Aramburú Menchaca,aramburú,peru,1920,arquitecto,38,1037.5174920336271,1.269773150116629e-4,1,1
38,Ángel Prieto Vial,vial,chile,1779,Militar,51,1034.818113160586,1.1960663154471215e-4,9,1
939,Carlos Cuervo Márquez,cuervo,colombia,1858,"Escritor, militar, historiador y científico",31,1026.526294907133,1.0689813903602528e-4,3,1
3347,José María Balmaceda Fernández,balmaceda,chile,1846,Político,106,1026.1102870069133,1.4970979551307752e-4,4,1
4004,Lisandro Leyva Mazuera,durán_colombia,colombia,1860,Militar,164,1023.8944974941298,2.7616438011841214e-4,7,1
1884,Fabio Lozano y Lozano,torrijos,colombia,1892,"Abogado, escritor, historiador, diplomático",136,1023.0654707426501,2.5276860487855485e-4,3,1
3652,Juan José Ossa,bulnes,chile,1979,Abogado y político,134,1022.779548771969,2.027029723518354e-4,5,1
3896,Julio Victorica Roca,roca,argentina,1893,NA,55,1021.7959381020398,1.765092167914271e-4,2,1
2023,Felipe Ortiz de Zevallos,ortiz_de_zevallos,peru,1947,Ingeniero y Empresario,31,1014.7629556915088,1.2256790897750434e-4,1,1
5759,Santiago Eder,eder,colombia,1838,Abogado y empresario,6,1010.7036786746355,6.211692358938589e-5,5,1
1099,Carolina Marzán,pinto_chile,chile,1963,Actriz y política,26,1009.6023916119664,7.405818920218025e-5,5,1
4557,María Ruiz-Tagle,frei,chile,1913,Primera dama,92,1001.4675166980488,1.414371499837662e-4,5,1
239,Alejandro Alayza Mujica,alayza,peru,1946,Artista,132,1000.059715377442,2.3744216026070538e-4,1,1
747,Aurelio Caicedo Ayerbe,ayerbe,colombia,1921,"Político , diplomático y abogado",39,999.30076416861,9.219349609602749e-5,8,1
5423,Rafael Belaúnde Llosa,belaúnde,peru,1974,Licenciado en economía,16,999.1547136191055,1.1089127572709009e-4,1,1
3254,José Félix Uriburu,álvarez_de_arenales,argentina,1868,Militar y político,42,991.5068798932664,1.4839537771880407e-4,2,1
5814,Serapio de Tezanos Pinto,pinto_chile,argentina,1805,Político y comerciante,4,989.5664116844612,6.738185812416904e-5,3,1
4417,Manuel Tamayo Möller,tamayo_perú,peru,1878,Médico y microbiólogo,241,987.4114012329786,3.263100772795965e-4,1,1
5542,Ricardo Gómez Campuzano,nariño,colombia,1891,Pintor,11,986.302904063883,7.31132010124266e-5,7,1
2077,Fernando Echeverría,vial,chile,1953,"Ingeniero civil , empresario , dirigente gremial y político",130,985.7744648540436,1.9644851312614916e-4,5,1
212,Alberto Ureta,ureta,peru,1885,"Poeta , catedrático universitario , diplomático",22,984.8963040191563,1.1679781321642524e-4,1,1
4622,Marcos Bulgheroni,bulgheroni,argentina,1972,Group Chief Executive Officer en Pan American Energy Group (PAEG),8,983.1439674273967,5.7016529485113094e-5,2,1
2747,Hugo Wast,zuviría,argentina,1883,Político y escritor,25,973.864682436588,1.2737912202241951e-4,2,1
5796,Sebastián Borensztein,borensztein,argentina,1963,Director de cine y guionista,15,971.9137011536824,1.1262297548873179e-4,2,1
1311,Cristián Zegers,zegers_chile,chile,1940,"Abogado , periodista , académico y dirigente gremial y hasta el 24 de agosto de 2018 fue director de El Mercurio SAP",109,965.6983051726312,1.728806459665993e-4,5,1
3169,José Antonio Guzmán Cruzat,cruzat,chile,1967,Abogado y académico,89,965.5498775101104,1.5125012218228856e-4,5,1
1652,Emilio Bunge,bunge,argentina,1837,"Abogado , militar y político .",15,963.1287306907029,8.546423301310215e-5,2,1
2861,Ismael Pérez Montt,montt,chile,1847,abogado y político,313,959.6782185755776,3.2283556021042134e-4,4,1
1857,Eva Perón,perón,argentina,1919,"Actriz , política",66,956.8927397751615,1.9221040387442723e-4,2,1
4333,Manuel González-Olaechea Franco,gonzález-olaechea,peru,1948,"Diplomático , periodista",13,955.823346735213,5.3316089144373906e-5,1,1
4199,Luis Tomás Larco Ferrari,larco,peru,1903,Político,12,952.042566273672,1.0829778780761906e-4,1,1
1759,Enrique van Rysselberghe Varela,van_rysselberghe,chile,1937,"Arquitecto , empresario y político",137,950.3578410956266,2.114216479757069e-4,5,1
3469,José Tomás Angulo,angulo,colombia,1922,"Ingeniero, diplomático y político",38,946.1045777161185,9.383532246498131e-5,8,1
4529,María Luisa Dehesa,gómez_farías,mexico,1912,Arquitecta,3,941.764059006967,3.887798531918137e-5,9,1
1516,Edgardo Seoane,seoane_heredia,peru,1903,"Ingeniero agrónomo , diplomático y político",60,933.5356576328139,1.4462334438415973e-4,1,1
1180,Charles Henri Pellegrini,pellegrini,argentina,1800,"ingeniero , artista",6,932.0991718887052,4.4925673981859785e-5,2,1
4937,Miguel Grau,grau,peru,1834,Marino y político,55,924.5754467491147,1.581022297346599e-4,1,1
1458,Dionisio Pérez Jácome,pérez-jácome,mexico,1936,Político,105,921.6764948855202,2.740169390889777e-4,6,1
5230,Paulo Laserna Phillips,laserna,colombia,1953,"Periodista , politólogo , presentador y empresario",17,917.6258149504923,5.37509112699995e-5,7,1
1081,Carmen Miguens de Avellaneda,avellaneda,argentina,1836,Primera dama,13,915.9711006339398,9.372059186103031e-5,2,1
2450,Germán Molina Valdivieso,valdivieso,chile,1943,Abogado y político,33,915.4376418019933,9.349366507862689e-5,9,1
462,Anacleto Clemente Bolívar,palacios_venezuela,venezuela,1796,Militar,14,912.8933927822848,1.4663590881579288e-4,10,1
2580,Guillermo Palacios Bolívar,palacios_venezuela,venezuela,1794,Militar,14,912.89339278228465,1.4663590881578087e-4,10,1
3800,Juana Uribe,pachón,colombia,1966,"Guionista , productora de televisión",7,912.1478914394438,5.944639808003014e-5,3,1
4073,Luis Alva Castro,alva,peru,1942,Economista,33,910.1831895491308,1.1231588835070014e-4,1,1
5090,Octavio Frigerio,frigerio,argentina,1938,ingeniero agrónomo y político,72,905.0317775349539,2.101460243637741e-4,2,1
3832,Julio Amorín Larrañaga,batlle,uruguay,1923,"político , abogado",45,898.8624806936884,1.5704907724969872e-4,8,1
5402,Raúl Lorenzo Batlle,batlle,uruguay,NA,"Empresario , político",44,898.8624806936884,1.5426287364203207e-4,8,1
3914,Keiko Fujimori,fujimori,peru,1975,Política,29,894.2124293316514,1.4108130998459714e-4,1,1
1306,Cristián Mason,vicuña,chile,1957,Realizador de televisión y productor de televisión,92,889.363554434297,1.6091184364034307e-4,5,1
5706,Ruperto Eduardo Godoy,godoy,argentina,1953,Político,10,883.6503375232461,7.331826775455105e-5,2,1
2374,Francisco de la Maza Chadwick,chadwick,chile,1957,"Constructor , empresario , político",126,882.1743978009712,1.9407195049599547e-4,5,1
117,Adriana Zubiate,neyra,peru,1982,"Modelo , presentadora de televisión y baloncestista",14,881.9985472372032,9.89195526776237e-5,1,1
887,Camila Hirane,vicuña,chile,1985,Actriz,3,880.2218988679375,6.605970773977695e-5,5,1
5491,Ramón García Huidobro,garcía-huidobro,chile,1811,Hacendado,126,877.1876099672972,1.8702255230236876e-4,8,1
3250,José Evaristo Uriburu Tezanos Pinto,álvarez_de_arenales,argentina,1880,Historiador y diplomático,43,875.7878743913102,1.6104415175203363e-4,2,1
2735,Hortensia Bussi,allende,chile,1914,Profesora,55,874.2944035067948,1.1913271494127019e-4,5,1
3783,Juan de Zavala y de la Puente,de_la_puente,peru,1804,"Diplomático , militar , ministro y político",12,868.2361036525976,7.355394312571658e-5,1,1
4839,Max Luksic,luksic,chile,1987,Empresario,12,867.1249174262284,7.630248139369841e-5,4,1
2939,Javier Velarde Aspíllaga,diez_canseco,peru,1932,Arquitecto,64,866.0127366207882,1.61556576832972e-4,1,1
4921,Miguel Cruchaga Belaúnde,belaúnde,peru,1940,Arquitecto,64,866.0127366207882,1.6155657683293576e-4,1,1
1597,Elard Melgar Valdez,melgar,peru,1956,Empresario agroexportador,25,860.618185513874,1.240335533720334e-4,1,1
1474,Domingo Esguerra Plata,esguerra,colombia,1875,Diplomático y abogado,144,855.9843418889396,2.6062993366011733e-4,3,1
452,Ana Mercedes Gómez,gómez_martínez,colombia,NA,Política y comunicadora Social,26,855.7912223481275,8.837583549028665e-5,8,1
3016,Joaquín Prieto,warnes,chile,1786,Militar y político,26,854.4389930132988,1.0974944524939201e-4,9,1
81,Absalón Fernández de Soto Lozano,fernández_de_soto,colombia,1891,Jurista y Político,145,854.169326612899,2.6982570918478524e-4,3,1
516,Andrea Llosa,llosa,peru,1974,Periodista,14,849.8447831893305,9.380622959302388e-5,1,1
609,Antonio Ricaurte,lozano,colombia,1786,Revolucionario,34,849.479444425653,1.1582776449257417e-4,3,1
1599,Elena Frías de Chávez,chávez,venezuela,1935,Política y profesora,20,849.0674441519368,1.6824494402667986e-4,10,1
3313,José López Portillo y Weber,lópez-portillo,mexico,1889,"Escritor , historiador y académico",18,847.3184592157528,9.121766813021728e-5,6,1
774,Basilicio Saravia,saravia,uruguay,1853,Político y militar,40,845.9875020412761,1.391893380853224e-4,8,1
1405,Diana Saravia,saravia,uruguay,NA,"Escribana , política",40,845.9875020412761,1.3918933808530323e-4,8,1
5544,Ricardo García Granados,garcía_granados,mexico,1851,"Historiador , diplomático y político",9,845.453844768379,8.254427793220339e-5,9,1
4161,Luis Martínez Delgado,mallarino,colombia,1894,Escritor e historiador,8,842.1096260845331,1.0037291062565158e-4,3,1
5278,Pedro Ignacio Acuña,acuña_argentina,argentina,1852,"Político , médico , naturalista , escritor y músico",17,839.4609333902881,1.0088476090821437e-4,2,1
1472,Domingo Cullen,cullen,argentina,1791,"Contador , comerciante y funcionario",15,837.9386303674471,1.0134875377508591e-4,2,1
1521,Eduarda Mansilla,garcía-mansilla,argentina,1834,Escritora,21,830.9875411103574,2.709243424557434e-4,2,1
4827,Mauricio Gómez Escobar,gómez,colombia,1949,"Periodista, abogado, escritor, artista",62,824.945973106695,1.335565626769176e-4,7,1
4786,Marta Larraechea,frei,chile,1944,Política y orientadora familiar,85,818.6665602733493,1.3166960988843164e-4,5,1
4608,Marcelo Valdivieso,valdivieso,chile,1975,Actor,38,818.0360616254169,1.0019338341941285e-4,4,1
3871,Julio Madero,madero,mexico,1886,Ingeniero minero,14,812.9007882092291,8.201521938606718e-5,6,1
3982,Leopoldo Montes de Oca,montes_de_oca,argentina,1834,médico,16,807.9991621460275,1.053611488831519e-4,2,1
4873,Mercedes Marcó del Pont,marcó_del_pont,argentina,1959,Economista y política,11,807.0417272391978,9.372685486809354e-5,2,1
3899,Julio Zegers García-Huidobro,garcía-huidobro,chile,1861,Abogado,322,800.981741126033,3.3041912714768836e-4,4,1
3565,Juan Borja Mata,borja,ecuador,1868,NA,13,792.877278978563,1.1975167550894134e-4,10,1
5074,Nohra Puyana de Pastrana,borrero,colombia,1955,Periodista,153,791.5039000895334,2.544757717293715e-4,7,1
2246,Francisco Javier Errázuriz Sotomayor,errázuriz,chile,1802,Hacendado,44,790.9833480540636,1.208549617664095e-4,9,1
4901,Miguel Alfonso de la Espriella,de_la_espriella,colombia,1964,Abogado,25,785.5088032429301,1.0125655938909183e-4,3,1
2004,Felipe Alessandri,balmaceda,chile,1975,Abogado y político,54,779.3849296946192,1.0412735604384843e-4,5,1
5407,Raúl Orlandini,dibós,peru,1952,Piloto de automovilismo,12,776.0953771562956,1.0038381062554423e-4,1,1
2676,Hernán Alessandri Morandé,morandé,chile,1935,Sacerdote,97,775.2614739108518,1.495392606604899e-4,5,1
4167,Luis Miró Quesada Valega,miró_quesada,peru,1942,Empresario y periodista,240,775.041551285897,3.2585032623970586e-4,1,1
1226,Claudio Matte,matte,chile,1858,"Abogado , educador , político y filántropo",343,774.417366014086,3.574815843774545e-4,4,1
3161,José Antonio Galilea,galilea,chile,1961,"Técnico agrícola , empresario , consultor y político",53,774.4095857942995,1.0464387602028045e-4,5,1
273,Alejandro Lyons,de_la_espriella,colombia,1981,"Político , abogado",32,771.3032240820428,1.097932913623441e-4,3,1
2651,Héctor de Elía,álzaga,argentina,1858,NA,12,769.3715841130044,9.973896592321901e-5,2,1
5733,Samuel Moreno Díaz,rojas,colombia,1921,político y abogado,36,767.0704847066525,1.1653892000334932e-4,3,1
4452,Manuel de Tezanos Pinto (constituyente),pinto_chile,argentina,1797,"Abogado , político , comerciante",28,765.697155328145,1.233221374373706e-4,2,1
425,Aníbal Fernández de Soto Valderrama,camacho,colombia,1934,Político .,151,764.6092287504191,2.544551222912372e-4,7,1
5253,Pedro Bordaberry,bordaberry,uruguay,1960,"Abogado , profesor , político",59,763.1998390298628,1.939570283993921e-4,8,1
6034,Víctor Hugo Cárdenas,choquehuanca,bolivia,1951,"Político , docente universitario y consultor",8,760.97919397605,1.0953457192223055e-4,20,1
5636,Rodrigo Pérez Mackenna,mackenna,chile,1960,"Ingeniero civil , académico , consultor y empresario",124,759.4040395455785,1.9164120804797155e-4,5,1
618,Antonio Vodanovic,vodanovic,chile,1949,"Presentador de televisión , productor de televisión , personalidad de radio y periodista",98,754.9512309723591,1.661223490463038e-4,5,1
430,Aníbal Sanfuentes Velasco,sanfuentes,chile,NA,Abogado,321,751.3253912346498,3.2896350987239744e-4,4,1
1734,Enrique Santamarina,santamarina,argentina,1870,Político,12,746.1141597913522,1.0151377993659808e-4,8,1
3602,Juan Eduardo Errázuriz,errázuriz,chile,1943,"Ingeniero civil , empresario y dirigente gremial",123,744.9082992674041,1.8995019814357596e-4,5,1
2439,Gerardo Morales,snopek,argentina,1959,Contador público,57,744.8238121916628,1.7545067368839224e-4,2,1
5457,Rafael Navas Pardo,pardo,colombia,1908,Militar,9,740.788513870316,7.215838099441177e-5,3,1
2964,Jesús Casas Rojas,casas,colombia,1840,"Político , educador",157,739.0071158953036,2.621654832325972e-4,7,1
811,Benjamín Virasoro,virasoro,argentina,1812,Militar,14,734.0269088619721,1.0163610536204973e-4,2,1
4634,Margarita Escobar,gómez,colombia,1921,Escritora,163,723.9022364912796,2.753487109695578e-4,7,1
3740,Juan Smitmans López,morandé,chile,1912,Abogado y político,324,723.6153020176127,3.344548650181955e-4,4,1
5669,Rosa Rodríguez (primera dama),morandé,chile,1872,Primera dama,26,723.0499978839974,7.049945974374321e-5,4,1
1075,Carmen Calisto,borja,ecuador,1942,Política,7,718.9156802604931,6.326632932087927e-5,6,1
3586,Juan Clímaco Ordóñez,caro,colombia,1806,Político,153,712.9932684807393,2.5520623513072274e-4,7,1
1046,Carlos Snopek,snopek,argentina,1914,Ingeniero,66,710.9076309682843,1.9097336851737416e-4,2,1
2563,Guillermo Eugenio Snopek,snopek,argentina,1947,Abogado.,70,710.9076309682843,2.01396652777141e-4,2,1
2007,Felipe Bianchi,velasco_chile,chile,1965,Periodista,92,705.7972951174442,1.6122091321868102e-4,5,1
5910,Tadeo Acuña,acuña_argentina,argentina,1790,Abogado,41,703.1921443439197,1.5287550009197902e-4,2,1
5269,Pedro Felipe Valencia,laserna,colombia,1931,Agrónomo,164,701.3747705552004,2.7130809003757624e-4,7,1
962,Carlos Gibson,gibson,peru,1889,"Abogado , catedrático universitario , diplomático y político",21,698.1428008099534,8.820389030904481e-5,1,1
5393,Raúl Edwards Mac-Clure,edwards,chile,1880,agricultor y político,100,696.1123123254796,1.6432245766450994e-4,8,1
894,Camilo Rojo,rojo,argentina,1819,Comerciante y político .,41,695.0174102786874,1.7429372122713865e-4,2,1
1539,Eduardo Ferrero Costa,ferrero,peru,1946,Abogado,132,691.9700507928775,2.374486684352661e-4,1,1
191,Alberto María Candioti,candioti,argentina,1889,Escritor,63,685.3688998349709,1.9683288639307193e-4,2,1
4663,Mariano Candioti,candioti,argentina,1857,NA,63,685.3688998349709,1.9683288639295069e-4,2,1
5938,Teresa Carreño,carreño,venezuela,1853,"Pianista , cantante y compositora",13,685.2070951418509,1.103770887386853e-4,10,1
3972,Leonor Sánchez,vicuña,chile,1869,Ama de casa,103,683.4665641055624,1.6232614064900114e-4,5,1
2581,Guillermo París Sanz de Santamaría,parís,colombia,1820,Empresario,149,682.9351333529568,2.481167320164154e-4,7,1
1508,Eda Rivas,garcía_y_garcía,peru,1952,Abogada,15,682.9296151511764,6.930315113713602e-5,1,1
2232,Francisco González de Prada,de_la_puente,peru,1815,Abogado y juez,15,681.0873402642926,8.569943626689244e-5,1,1
2157,Florentino Ameghino,ameghino,argentina,1853,"Naturalista , antropólogo , paleontólogo , zoólogo , profesor universitario , biólogo , arqueólogo , ornitólogo e investigador",14,679.7699476095418,9.48806560150978e-5,2,1
2540,Guadalupe Pineda,aguilar,mexico,1955,Cantante,3,677.0956047903813,3.3164976664822885e-5,6,1
3345,José María Álvarez de Toledo,álvarez_de_toledo_argentina,argentina,1921,Diplomático,8,676.3927560821585,7.505967666439665e-5,2,1
4643,Mariah Carey,sodi,mexico,1969,Cantante Compositora Productora discográfica Actriz,15,673.4731798453281,1.1336729609983989e-4,6,1
4346,Manuel José Gandarillas,gandarillas,chile,1789,Político,42,672.9168530783307,1.2854354154233667e-4,9,1
4219,Luisa Lynch,vicuña,chile,1862,"Escritora , periodista y socialité",22,671.7091805548076,6.514010698181366e-5,4,1
5224,Paulina Núñez,monckeberg,chile,1982,Abogada y política,58,671.4943479725173,1.155359700970561e-4,5,1
4513,María Hurtado de Gómez,gómez,colombia,1886,NA,171,668.9028300111602,2.859474363390649e-4,7,1
1354,Daniel Samper Pizano,gnecco,colombia,1945,"Escritor, periodista y guionista",53,664.878141550418,1.2543038637112907e-4,7,1
1707,Enrique Ghersi,belaúnde,peru,1961,Abogado y Jurista,126,655.8307368469676,2.2729553893764324e-4,1,1
2948,Jean-Paul Luksić,fontbona,chile,1964,"Administrador de empresas , empresario y dirigente gremial",18,654.7147483800561,5.494160612505491e-5,4,1
5720,Salvador Allende Castro,allende,chile,1871,"Abogado , político y periodista",29,651.4543008766924,7.364645394592345e-5,4,1
5523,Remigio Morales Bermúdez Sánchez,llosa,peru,1893,Militar,25,650.7798103293645,1.515426543602981e-4,1,1
4388,Manuel Ospina Vásquez,ospina,colombia,1898,"Político , terrateniente",158,645.6811722856124,2.6885031482115103e-4,7,1
1230,Claudio di Girolamo,di_girolamo,chile,1929,"Director , dramaturgo , pintor escenógrafo , conductor de televisión , asesor cultural",93,645.0665663820749,1.6096962392545875e-4,5,1
5047,Nicolás Maduro Guerra,maduro,venezuela,1990,Político y economista,21,639.0175038291787,1.6997908004755038e-4,10,1
6098,Victoria Morales Etchevers,tohá,chile,1936,Diplomática,56,638.2730173053045,1.1744180602671631e-4,5,1
631,Antonio de la Torre del Mar Márquez,de_la_torre,peru,NA,Abogado y Político,55,634.6645093892348,1.4647968018372142e-4,1,1
5502,Ramón Subercaseaux Mercado,errázuriz,chile,1790,"Comerciante , Pintura",64,633.5735584024876,1.5369889586125548e-4,9,1
2477,Giovanni Quessep,esguerra,colombia,1939,Poeta y escritor,51,632.4036402228505,1.1667988974731588e-4,7,1
1990,Federico Puga Borne,concha_chile,chile,1855,Cirujano y político,348,631.6715349173629,3.612470628307408e-4,4,1
2699,Hernando Devis Echandía,echandía,colombia,1916,Abogado,73,631.3111411608504,1.5629729132717534e-4,3,1
928,Carlos Cano (actor),frayssinet,peru,1952,Actor y Productor de teatro,11,630.6286073896642,9.30602063432273e-5,53,1
4860,Melitón Reyes Larios,reyes_larios,mexico,1945,"abogado , político , historiador , profesor y maestro",21,622.9945787917464,8.81758337577617e-5,6,1
5777,Santiago de Errázuriz Madariaga,errázuriz,chile,1755,"Abogado , Comerciante , Agricultor y Político",31,618.9559689222151,1.0299104970399865e-4,9,1
1396,Demián Bichir,bichir,mexico,1963,actor,15,614.6915899200797,1.4102611689462125e-4,6,1
4843,Maximino Ávila Camacho,ávila_camacho,mexico,1891,Político y militar,101,614.447667586565,2.5818314667777934e-4,6,1
5415,Rafael Ávila Camacho,ávila_camacho,mexico,1904,Militar,101,614.447667586565,2.5818314667773305e-4,6,1
287,Alejandro Vélez Barrientos,barrientos,colombia,1794,Funcionario y diplomático,14,612.7613908924488,6.782925128791116e-5,7,1
1748,Enrique Vergara Vial,vial,chile,1968,Abogado y académico,102,611.4630809948529,1.63880379403463e-4,5,1
2116,Fernando Saguier,saguier,argentina,1865,"Abogado, político",57,611.0549561665532,1.7822695889749434e-4,2,1
2886,Jacquin Strouss Lucena,gnecco,colombia,1953,Economista e historiadora,138,605.9657400357506,2.4508262711281896e-4,3,1
1002,Carlos Michelsen Uribe,ibáñez_colombia,colombia,1850,Diplomático y químico,74,602.6035784647405,1.6001188936022478e-4,3,1
4874,Mercedes Menafra,saavedra,uruguay,1943,Industrial textil y empresaria,38,601.7284467897107,1.302016433184986e-4,8,1
4460,Manuela Sáenz,palacios_venezuela,ecuador,1797,Militar,13,597.2229168561302,1.3584712543836407e-4,10,1
4573,María Teresa del Toro,palacios_venezuela,venezuela,1781,NA,13,597.2229168561302,1.3584712543836063e-4,10,1
3047,Jorge Acurio Tito,acurio,peru,1963,Arquitecto,16,596.9523319253955,9.620093769693683e-5,1,1
2785,Ignacio Sanz de Santamaría y Gómez de Salazar,sanz_de_santamaría,colombia,NA,alcalde,13,584.9768813579561,7.695140386024616e-5,3,1
3482,José de Medeiros,cornejo_argentina,argentina,1748,Militar Gobernador colonial,24,582.4405537557814,1.219395446070286e-4,2,1
2325,Francisco Subercaseaux Breton,subercaseaux,chile,1730,Empresario,126,581.9091342868109,1.8803378323881663e-4,8,1
3232,José Domingo Ospina,camacho,colombia,1843,Militar y político,153,580.8458909599563,2.54185625111132e-4,7,1
5601,Roberto Leguía,leguía,peru,1866,"Político, agricultor",62,575.2255188001728,1.5438587980588463e-4,1,1
5192,Patricia Frayssinet,cano,peru,1956,"Actriz , directora de teatro y profesora de actuación",22,574.1261559409133,1.2596708559144728e-4,3,1
2864,Ismael Valdés Valdés,valdés_chile,chile,1859,"Bombero , ingeniero civil y político",341,572.9600532311855,3.541742150457117e-4,4,1
1782,Ernesto Diez Canseco Yáñez,diez_canseco,peru,1907,Ingeniero de Minas,17,569.4654979280401,7.839643373644945e-5,1,1
1558,Eduardo Menem,menem,argentina,1938,Abogado,66,567.9604640785611,1.9497841581031197e-4,2,1
3502,Josef de Urquiza,álzaga,argentina,1762,"Militar , hacendado y gobernante colonial",17,564.0274550623533,1.3248455163182175e-4,2,1
2489,Gloria Pachón,galán,colombia,1935,"Periodista , política y embajadora",17,563.1624025743344,5.8133405381341174e-5,3,1
5512,Raúl Salinas Lozano,salinas,mexico,1917,"Economista , diplomático , ministro y político",109,563.0705272293208,2.8181413600819643e-4,6,1
4248,Magdalena Matte,matte,chile,1950,"Ingeniera civil , empresaria y política",54,562.4028054149334,1.0755663492345855e-4,5,1
1297,Cristóbal de Mosquera y Silva,arboleda,colombia,1661,NA,4,558.2481670251193,1.1098317240215485e-4,21,1
3030,Joaquín de Mosquera,arboleda,colombia,1748,Político,4,558.2481670251193,1.1098317240215142e-4,21,1
3281,José Gregorio Paz Soldán,de_la_puente,peru,1808,Abogado,16,555.4886038693497,8.228382344188754e-5,1,1
1740,Enrique Seoane Ros,seoane_heredia,peru,1915,Arquitecto y profesor universitario,31,549.5794294395862,1.0715723914213947e-4,1,1
3050,Jorge Alejandro Santamarina,santamarina,argentina,1891,Político,12,545.8766239409503,1.0148170427848216e-4,8,1
5211,Patricio Walker,walker_chile,chile,1969,Abogado y político,30,544.7689403116614,8.784050170826938e-5,5,1
1572,Eduardo Umaña Mendoza,umaña,colombia,1946,"Intelectual , profesor universitario y abogado",10,544.1114742501209,5.275336263329461e-5,3,1
396,Amán Rawson,rojo,argentina,1792,"Médico, militar, político",43,534.3398497580087,1.764698472786893e-4,2,1
2836,Isabel Moctezuma Tecuichpo Ixcaxochitzin,moctezuma,mexico,1509,NA,16,533.9250000000017,2.036278725034755e-4,13,1
3781,Juan de Tolosa,moctezuma,mexico,NA,Explorador,13,533.5916666666686,1.707055905977898e-4,13,1
829,Bernardo Larraín Vial,vial,chile,1914,Abogado y político,99,532.2853988802648,1.5572982992127597e-4,5,1
2081,Fernando Errázuriz Sotomayor,errázuriz,chile,1804,Hacendado y Político,42,530.7182944411886,1.1108735708217548e-4,9,1
5662,Roque Benavides,benavides_perú,peru,1954,"Ingeniero civil , empresario y banquero",125,530.2771666036084,2.2596737908795914e-4,1,1
786,Benigno Yábar Arteta,yábar,peru,1846,sacerdote,9,527.6578762633703,1.2653950513692548e-4,12,1
2455,Germán Schreiber,schreiber,peru,1862,Político y comerciante,53,521.6384934696094,1.4064881655152946e-4,1,1
6035,Víctor Larco Herrera,larco,peru,1870,"político , agricultor , filántropo",13,518.1329903474033,1.0289997938048454e-4,1,1
2633,Héctor Boza,boza_de_lima,peru,1888,Ingeniero,20,515.1858519946862,1.0955101366043176e-4,11,1
3201,José Bernardo Sáenz de Santamaría,galeano,colombia,NA,"Militar , Político , Caballero",14,514.1386594866652,1.4389707409313038e-4,3,1
1992,Federico Reyes Heroles,reyes_heroles,mexico,NA,Escritor,55,513.9371539211037,1.7560262758952716e-4,6,1
3619,Juan Francisco Larraín Rojas,gandarillas,chile,1788,"abogado , militar y diputado",44,511.84128712373087,1.2823124550642636e-4,9,1
1473,Domingo Elías,elías,peru,1805,Agricultor y empresario,15,511.7027963704881,1.1495662968359925e-4,1,1
1964,Federico Bolognesi Bolognesi,bolognesi,peru,1892,"Comerciante , empresario y político",8,511.4411905772335,9.946199525739836e-5,46,1
2051,Fermín Málaga,málaga,peru,1869,"Ingeniero , empresario y político",17,507.2973862181938,1.1107519631558337e-4,1,1
3542,Juan Antonio Pizarro,acevedo_colombia,colombia,1915,NA,23,503.7661700140997,1.0199461548957613e-4,3,1
2959,Jesús Cabrera Muñoz Ledo,muñoz_ledo,mexico,1928,"Diplomático , académico y político",101,500.2596918109006,2.604353914560307e-4,6,1
1620,Eloy Ureta,ureta,peru,1892,Militar y político,5,496.51635529344486,5.2683272377900755e-5,1,1
4455,Manuela Caldera,freire,chile,1803,Ama de casa,8,494.7658784508143,4.644622754562602e-5,8,1
1076,Carmen Castillo (cineasta),allende,chile,1945,"Directora de cine , guionista , docente, documentalista y realizadora",5,494.4110800295339,4.320611112784337e-5,5,1
3814,Julián de Leyva,leyva,argentina,1749,Síndico procurador general del Cabildo de Buenos Aires.,3,492.9648960578662,3.409528454677074e-5,9,1
3695,Juan Manuel Peña Prado,prado,peru,1901,Abogado,21,492.2607216237205,1.0859611287797364e-4,1,1
4530,María Luisa Fernández,concha_chile,chile,1870,escritora,8,490.0966491133037,4.215602318759251e-5,8,1
4402,Manuel Quimper,químper,peru,1757,"Explorador , cartógrafo , poeta y navegante",240,489.5764310391638,3.213135432199145e-4,1,1
5671,Rosa Markmann,videla,chile,1907,Política y suffragette,18,488.44013609265596,8.697194232914945e-5,2,1
5751,Santiago Arroyo y Valencia,arroyo,colombia,1773,NA,24,485.97483319540424,9.808928905209515e-5,7,1
170,Alberto Dupuy,esguerra,colombia,1890,"Ingeniero , político",137,483.3522241864619,2.4980924164551727e-4,3,1
2994,Joaquín Gandarillas Romero,gandarillas,chile,NA,abogado y político,43,481.51763820879427,1.287707055890375e-4,9,1
3354,José María Cullen,cullen,argentina,1823,Político,20,478.6539981994053,1.3118103563382834e-4,2,1
2114,Fernando Romero,slim,mexico,1971,Arquitecto y urbanista,13,476.1935169849062,7.72675445959185e-5,6,1
2605,Gustavo Alessandri Balmaceda,balmaceda,chile,1961,Empresario y político,55,475.2643512643659,9.771767085518129e-5,5,1
5019,Nemecio Orbegoso,orbegoso,peru,1828,Político,12,474.30252817421064,7.324762541344615e-5,1,1
2963,Jesús Casas Castañeda,casas,colombia,1878,Oficial militar,153,467.3561995104228,2.5639498963204494e-4,7,1
5412,Raúl Salinas de Gortari,salinas,mexico,1946,Asesor de la Presidencia,58,466.98107318865334,1.7882084843092347e-4,6,1
6033,Víctor González Torres,gonzález_torres,mexico,1947,"empresario , político",18,466.74662816329396,9.315931855626636e-5,6,1
796,Benjamín Aráoz,aráoz,argentina,1856,"médico , político",15,466.6788095131458,8.835449312177298e-5,2,1
1604,Eleodoro Rodríguez Matte,matte,chile,1918,Ingeniero electrónico,119,466.66655172720874,1.850374662664452e-4,5,1
1744,Enrique Tola Mendoza,tola,peru,1917,"Ingeniero civil , docente universitario",132,466.2169704085041,2.3230638088072097e-4,1,1
4596,Marcelino Pérez de Arroyo,arroyo,colombia,1764,NA,21,466.1341766130897,9.303576586578306e-5,7,1
2538,Guadalupe Borja,díaz_ordaz,mexico,1915,Primera dama de México,10,465.5525555211532,9.750433111599844e-5,6,1
2578,Guillermo Matta,matta,chile,1829,"Político , diplomático , poeta y bombero",86,465.4821650911427,1.2668950426113765e-4,4,1
358,Alfredo del Mazo Maza,del_mazo,mexico,1975,Político,112,465.2822918190825,2.895975952581482e-4,6,1
3515,Josefina Herrán,bordaberry,uruguay,1930,Política,39,464.5305919807155,1.4053291637272248e-4,8,1
699,Athina Livanos,onassis,argentina,1929,Socialité,7,462.5742878483895,8.439695240392192e-5,11,1
1888,Facundo Ponce de León,ponce_de_león,uruguay,1978,"Filósofo, periodista, presentador de televisión",31,460.6702019724488,1.2197981211028503e-4,8,1
4448,Manuel de Odriozola,odriozola,peru,1804,"Militar , erudito y bibliotecario",7,458.4866417256774,5.8304802056606626e-5,1,1
3299,José Ignacio Villegas Echeverri,villegas_colombia,colombia,1818,"Político, empresario",155,455.17888898194195,2.6345516481976483e-4,7,1
2095,Fernando Márquez de la Plata Encalada,santa_maría,chile,1792,"militar , hacendado",58,449.45657060309065,1.3606635936886497e-4,9,1
4773,Martín Menem,menem,argentina,1975,"Abogado , empresario y político",16,447.2626429171661,8.681641560914361e-5,2,1
1215,Claudia Ruiz Massieu Salinas,ruiz-massieu,mexico,1972,"Abogada , política y funcionaria",109,442.6452115899159,2.7775046954256434e-4,6,1
4111,Luis Edgardo Llosa,llosa,peru,1907,Militar y político,17,439.6034976073549,1.1180185456068363e-4,1,1
3722,Juan Pablo Fernandini,fernandini,peru,1799,Militar,3,439.02397294647983,9.960192183859173e-5,10,1
2971,Jesús Neyra (actor),neyra,peru,1989,"Actor, bailarín y modelo",15,438.74824658692825,1.0392079523245151e-4,1,1
3715,Juan Nepomuceno Uriburu,uriburu,argentina,1805,Político,16,437.9854506127364,7.544988391055125e-5,2,1
3868,Julio Jung Duvauchelle,concha_chile,chile,1978,Actor,10,437.5275533428089,6.539156844459597e-5,5,1
5471,Rafael Ucrós,durán_colombia,colombia,1874,Médico y político,78,437.3418856431527,1.629494713887785e-4,3,1
3341,José Manuel Restrepo Vélez,restrepo,colombia,1781,"Biólogo , político , abogado y botánico",27,434.8967941058394,9.636269521742026e-5,3,1
1470,Domingo Bordaberry,bordaberry,uruguay,1889,"Abogado , empresario, periodista, político",55,434.0278961542712,1.7607581978004328e-4,8,1
4666,Mariano Escalada,san_martín,argentina,1796,Militar,18,433.6194222639506,1.43777841212404e-4,9,1
3194,José Balta Paz,balta,peru,1866,Ingeniero,13,432.64334508638825,1.2320622792080072e-4,1,1
659,Arturo Acuña Anzorena,acuña_argentina,argentina,1901,Juez,37,432.4352274516766,1.3962119430612404e-4,2,1
3882,Julio P. Acuña,acuña_argentina,argentina,1852,Abogado y político,37,432.4352274516766,1.3962119430608116e-4,2,1
5280,Pedro Ignacio de Acuña,acuña_argentina,argentina,1778,"Abogado , sacerdote católico , profesor y diputado",37,432.4352274516766,1.3962119430603926e-4,2,1
6085,Vicente Sabatini,di_girolamo,chile,1953,"Ejecutivo , realizador, productor y guionista",95,430.6522575130174,1.6202665972905322e-4,5,1
1449,Diego de Alvear y Ponce de León,ponce_de_león,argentina,1749,"Militar , geógrafo y político colonial",12,427.8693250931326,7.447431166708291e-5,8,1
278,Alejandro Osorio Uribe,nariño,colombia,1790,NA,17,427.60349052776274,9.837294355358445e-5,7,1
3890,Julio Rojas Sarmiento,rojas,colombia,1987,Economista,11,426.31862346772664,4.885584064932768e-5,3,1
381,Alonso Cueto,cueto_caballero,peru,1954,"Escritor, periodista, profesor universitario",131,423.5371416771807,2.344939141494948e-4,1,1
5758,Santiago Cueto Caballero,cueto_caballero,peru,1960,Psicólogo e investigador,131,423.5371416771807,2.3449391414916867e-4,1,1
5676,Rosa Rodríguez (primera dama),velasco_chile,chile,1872,Primera dama,15,420.2986331075328,5.342450623517891e-5,4,1
320,Alfonso Reyes Echandía,echandía,colombia,1932,"Jurista , juez y profesor universitario",22,419.9918868982769,8.593895420079775e-5,3,1
3632,Juan Ignacio Sabatini,di_girolamo,chile,1978,Director de cine y guionista,94,417.0476414209081,1.5979416858222806e-4,5,1
2351,Francisco de Acuña,acuña_argentina,argentina,NA,escultor,13,415.12835950818953,7.819784734069252e-5,2,1
772,Bartolomé Mitre Vedia,mitre,argentina,1845,"Periodista , diplomático y escritor",10,413.50986996675834,7.82926805323107e-5,4,1
1457,Dionisio Pérez-Jácome Friscione,pérez-jácome,mexico,1967,Economista,40,410.2642261791756,1.4280779914926196e-4,6,1
1055,Carlos Vial Espantoso,vial,chile,1900,"Abogado , empresario y político",331,410.2450809074766,3.3811569340259505e-4,4,1
3898,Julio Zegers (compositor),zegers_chile,chile,1944,"Arquitecto, publicista",29,409.11300916135355,8.506503353467051e-5,5,1
1390,Delfina de la Cruz,cruz_chile,chile,1837,"Primera dama , pianista y compositora",9,408.47069883492935,5.088397525380791e-5,4,1
4256,Maite Orsini,tohá,chile,1988,"Abogada , política",24,404.130624389898,6.607908356043074e-5,5,1
5251,Pedro Astete Núñez,astete,peru,NA,NA,17,403.94601144274145,1.5550779303523577e-4,18,1
443,Ana María Gazmuri,vicuña,chile,1966,Actriz y política,9,400.3018660514068,5.21769286180673e-5,5,1
578,Antonio González Manrique,manrique,colombia,1695,Militar y gobernante colonial .,9,396.19998302222604,1.5280456263477287e-4,37,1
4079,Luis Batlle Ibáñez,saavedra,uruguay,1930,Pianista,14,392.7571118601677,6.66610089422728e-5,8,1
1407,Diana Turbay,turbay,colombia,1950,Periodista,14,391.53164121564646,6.432743818988273e-5,3,1
1762,Enriqueta Pinto,bulnes,chile,1817,Ama de casa,10,389.6628739740286,5.0179024537886156e-5,4,1
1338,Daniel Blanco Acevedo,blanco,uruguay,1879,Político y abogado,59,389.3779450301803,1.871541586475006e-4,8,1
1527,Eduardo Blanco Acevedo,blanco,uruguay,1884,"Médico , Político",56,389.3779450301803,1.7895946961288912e-4,8,1
3574,Juan Carlos Blanco Acevedo,blanco,uruguay,1879,Abogado,56,389.3779450301803,1.7895946961281773e-4,8,1
5130,Pablo Blanco Acevedo,blanco,uruguay,1880,"Abogado , político e historiador",56,389.3779450301803,1.7895946961277552e-4,8,1
3509,Josefa González-Blanco Ortiz-Mena,ortiz_mena,mexico,1965,"Licenciado, ecóloga, alto cargo y profesora de universidad",13,387.82728052355696,6.138407395293367e-5,6,1
4975,Miguel de Pombo,pombo,colombia,1779,NA,16,383.23398456730456,8.62221492578618e-5,7,1
2808,Ina Andrade,humala,peru,1967,Modista,18,381.0305131237568,8.293008977475468e-5,1,1
5845,Silvia Martorell,illia,argentina,1915,Pintora y política,58,377.5243935695924,1.7835065586979706e-4,2,1
2524,Gregorio Amunátegui Solar,amunátegui,chile,1868,médico cirujano,53,376.91449644494236,1.1526217107171552e-4,9,1
5009,Natalia Toledo Paz,pinal_hidalgo,mexico,1967,Escritora y poeta,3,376.0461017946209,3.623552993602627e-5,6,1
3140,Jorge de Tezanos Pinto,pinto_chile,argentina,1816,"Comerciante , diplomático , militar",2,373.9612688771355,4.6333278190548585e-5,3,1
960,Carlos García y García,garcía_y_garcía,peru,1927,Pastor evangélico,15,373.7320033998342,7.567072296575207e-5,1,1
583,Antonio Herrán,herrán,colombia,1797,NA,6,373.317739730315,9.340127157550209e-5,8,1
654,Armando Samper,samper,colombia,1920,Político,11,372.33953954806265,7.509225076195161e-5,3,1
2022,Felipe Morandé,lavín,chile,1955,"Economista , académico , investigador , consultor y político",90,368.15367308291854,1.4849831466469507e-4,5,1
5303,Pedro Pablo Errázuriz,errázuriz,chile,1961,"Ingeniero civil , investigador , empresario y político",90,368.15367308291854,1.4849831466454816e-4,5,1
5470,Rafael Santos Calderón,calderón_colombia,colombia,1954,Periodista,10,368.1350179872779,5.242606930200077e-5,7,1
3209,José Camilo Uriburu,uriburu,argentina,1914,Abogado,27,366.3879451549279,1.0646077419669543e-4,2,1
681,Arturo Matte Alessandri,matte,chile,1924,Ingeniero y periodista,316,363.40716468230914,3.2166266652055463e-4,4,1
4998,Nadine Heredia,humala,peru,1976,Comunicadora,19,362.02320148213397,9.704795207769478e-5,1,1
2503,Gonzalo Menéndez,matte,chile,1949,"Ingeniero comercial , contador y empresario",312,360.4745240783189,3.1920323442346225e-4,4,1
5554,Ricardo Lyon,cousiño,chile,1863,Comerciante,57,360.3412894618771,1.3256307393421832e-4,9,1
3789,Juana Andrade Fuente Fría,roca_y_rodríguez,ecuador,1800,Primera dama,15,355.1927202609568,1.6932808888338235e-4,10,1
3231,José Domingo Molina,avellaneda,argentina,1896,Militar,15,350.93555635661045,9.017105007990236e-5,2,1
5109,Orson Welles,lópez_negrete,mexico,1915,actor director productor guionista,17,350.62187874372387,2.0315651306041077e-4,6,1
5400,Raúl Gómez Jattin,jattin,colombia,1945,Autor,22,346.92886482840595,7.690416993757005e-5,3,1
1831,Eugenio Cruz Vargas,bello,chile,1923,"Pintor , escritor y publicista",39,345.96208701627233,9.023363345770257e-5,4,1
1566,Eduardo Restrepo Sáenz,restrepo,colombia,1886,"Escritor, periodista, diplomático",79,342.4747222340041,1.6328992465867716e-4,3,1
4492,María Emilia Soria,soria,argentina,1985,Abogada y política,70,342.2240767954277,1.984224811971347e-4,2,1
1679,Encarnación Ezcurra,ortiz_de_rozas,argentina,1795,Política,23,338.79473612209443,1.460051187514936e-4,2,1
5209,Patricio Samper Gnecco,samper,colombia,1930,"Político , arquitecto y diplomático",78,334.78836575440823,1.5781587802923388e-4,3,1
4844,Maya Fernández,allende,chile,1971,"Política , bióloga y veterinaria",46,333.502590527332,1.0387707807311238e-4,5,1
5746,Santiago Albarracín,rojo,argentina,1800,Militar,37,333.31317155926774,1.4914903621087176e-4,2,1
2014,Felipe Gómez Mont,gómez-mont,mexico,1916,Político y abogado,49,332.45118903109073,1.695193599344662e-4,6,1
3611,Juan Felipe Lemos,lemos,colombia,1977,Abogado y político,24,326.986464762324,7.761574877472016e-5,3,1
3989,Libia García Muñoz Ledo,muñoz_ledo,mexico,1983,Política y abogada,32,326.0692809307411,1.1967084109880268e-4,6,1
653,Armando Samper,gnecco,colombia,1920,Político,12,324.4041593751324,7.450938982906488e-5,3,1
5305,Pedro Rosas y Belgrano,belgrano,argentina,1813,Militar,19,320.58156664188914,1.309496950472743e-4,2,1
5524,René Benavides,benavides_chile,chile,1922,Empresario y político,9,318.5280315980371,4.5107200188313145e-5,5,1
6015,Usuario:Lamder/Taller,polar,peru,1941,Economista y político,18,317.92461145527477,8.2628550633315e-5,1,1
5466,Rafael Romero Valcárcel,romero,peru,1970,Escritor,9,317.7374864308868,7.35677173058574e-5,1,1
5770,Santiago Pérez Triana,lleras,colombia,1858,Periodista,5,317.5003919819376,3.922419557777168e-5,3,1
2177,Francisco Alayza y Paz Soldán,alayza,peru,1876,Ingeniero,33,317.47469712011633,1.0706332832093976e-4,1,1
1034,Carlos Rubén Polar,polar,peru,1852,"Abogado , magistrado , educador y político",27,312.0898910780893,9.530673933919518e-5,1,1
2758,Ignacio Barraquer,barraquer,colombia,1884,"Oftalmólogo , médico y profesor universitario",29,311.129549609802,1.8373430720384942e-4,14,1
252,Alejandro Cavero,alva,peru,1992,Político y abogado,127,309.0542762631976,2.2594757967838678e-4,1,1
1605,Eleuterio Aramburú,aramburú,peru,NA,Militar y político,12,307.2321581085636,6.0141958783864584e-5,1,1
2890,Jaime Bayly,orbegoso,peru,1965,"Escritor , presentador , periodista y youtuber",7,307.03708317081265,5.971711709430838e-5,1,1
1874,Félix Mackenna Vicuña,mackenna,chile,1823,Militar,54,305.8851321951127,1.2425355554864233e-4,9,1
4098,Luis Cisneros Vizquerra,cisneros,peru,1926,Político y oficial militar,15,303.5228566905791,6.828703263516096e-5,1,1
5765,Santiago Martínez Delgado,mallarino,colombia,1906,"Pintor, muralista",8,302.64277819231984,1.0811407756605932e-4,3,1
2227,Francisco Gil de Taboada,taboada,argentina,1733,Militar y político,4,300.6848509332817,7.572767615570338e-5,9,1
1682,Enrique Balmaceda,balmaceda,chile,1878,Político y diplomático,24,293.9373586015391,6.817011511695821e-5,4,1
1843,Eugenio Velasco Morandé,morandé,chile,1939,"Ingeniero civil , empresario , dirigente gremial y atleta",92,292.1617001101461,1.4735202588856715e-4,5,1
1853,Eustoquio Díaz Vélez (hijo),díaz_vélez,argentina,1819,"estanciero, político",9,285.7237888061294,1.1397672914556163e-4,2,1
154,Alberto Arancibia Rodríguez,"rodríguez_(san_luis,_argentina)",argentina,1885,Abogado y político,10,285.63966368732804,6.601515909976682e-5,2,1
1400,Diómedes Arias Schreiber,schreiber,peru,1888,"Abogado docente universitario , diplomático , político",26,285.53585259919925,1.0957160133207743e-4,1,1
5553,Ricardo Lleras Codazzi,lleras,colombia,1869,NA,76,285.2049472505683,1.581547958987791e-4,3,1
5599,Roberto Guzmán Montt,montt,chile,1876,Político y abogado,104,284.0982289916373,1.42863669079005e-4,4,1
2303,Francisco Puyana Menéndez,puyana,colombia,1904,Abogado,4,284.0137281002299,4.695958306023787e-5,8,1
1835,Eugenio Guzmán Montt,montt,chile,1875,"Abogado , Diplomático y Agricultor",103,283.23124272546437,1.4195678248896652e-4,4,1
3155,José Antonio Alemparte Vial,vial,chile,1799,"militar empresario y político , Participación en Batallas de la Independencia : Combate de Quechereguas (1814) , Batalla de Gamero (1814), Batalla de Rancagua (1814), Chacabuco (1817), Combate de Curapalihue (1817), Batalla del Cerro Gavilán (1817), Combate de Las Vegas de Talcahuano (1820), Participación Revolución de 1851 : Batalla de Loncomilla (1851).",8,281.81012274380885,5.282323893027185e-5,9,1
2357,Francisco de Borja Valdés,valdés_chile,chile,1851,Agricultor,100,279.0716099308139,1.387279177851719e-4,4,1
2949,Jean Philippe Cretton,kast,chile,1985,"Periodista , presentador de televisión , músico , animador y locutor",18,278.8982042106192,7.2799764322918235e-05,5,1
4640,Margarita Zavala,calderón_hinojosa,mexico,1967,"Abogada , profesora , política",37,275.81072242339815,1.295444754984913e-4,6,1
367,Alicia Raquel Hartridge,videla,argentina,1927,NA,18,274.78700292528015,8.858823941461542e-5,2,1
4266,Manuel Alcalde Velasco,velasco_chile,chile,1819,Abogado y político,51,274.3241805388445,1.1916703858781398e-4,9,1
5039,Nicolás Fernández de Piérola y Flores,piérola,peru,1788,"Naturalista , abogado y político",17,273.057971065384,1.0940055515020241e-4,11,1
4035,Lucía Cámpora,cámpora,argentina,1990,Política,61,270.6175691356231,1.7906962349865707e-4,2,1
4878,Mercedes Tijero de Alayza,alayza,peru,1933,Política,51,267.01733237349436,1.2031721591130063e-4,1,1
996,Carlos María de Alvear,alvear,argentina,1789,Militar,11,264.984712692064,9.246871025383785e-5,2,1
365,Alicia Moreau de Justo,justo,argentina,1885,"Médica , política , activista",50,264.5156392616279,1.113394334763337e-4,5,1
5786,Sara Justo,justo,argentina,1870,"Odontóloga , educadora , activista por los derechos de las mujeres y sufragista",48,264.5156392616279,1.075366892257411e-4,5,1
4436,Manuel Yrarrázaval,concha_chile,chile,1859,Político,98,262.24153078025364,1.610452906304297e-4,5,1
3575,Juan Carlos Blanco Estradé,blanco,uruguay,1934,Político y abogado,56,261.8853530508582,1.7864017428969738e-4,8,1
643,Argenis Chávez,chávez,venezuela,1958,Político,21,261.222283333024,1.6994617357413025e-4,10,1
2989,Joaquín Benegas Lynch,benegas,argentina,1975,Ejecutivo de empresa,16,259.41289394099846,8.536012284985195e-5,2,1
241,Alejandro Arenas Villarreal,arenas,peru,1842,"Político , abogado y empresario",20,258.04464357311934,6.856950579912615e-5,1,1
3356,José María Echenique y Tristán,tristán_del_pozo,peru,NA,Político,16,257.73692234184705,1.1424719736764636e-4,11,1
5056,Nicolás Samper,camargo,colombia,1976,Periodista,13,257.52086282673747,5.736390763984718e-5,3,1
6127,Virginia Iommi,iommi,chile,NA,Historiador,4,257.3254845719874,3.5388221823472426e-5,5,1
2859,Ismael Benavides Ferreyros,benavides_perú,peru,1945,Economista,2,256.8575814916019,3.6638765230638333e-5,6,1
4467,María Ángela Holguín,holguín,colombia,1963,Politóloga,133,255.08056700541886,2.4257076008296294e-4,3,1
1389,Delfina de la Cruz,vial,chile,1837,"Primera dama , pianista y compositora",7,254.55197145555206,5.422028587441463e-5,9,1
2797,Ignacio de la Carrera y de las Cuevas,valdés_chile,chile,1747,Militar y político,6,253.65988311187374,6.676975205212668e-5,9,1
423,Aníbal Cruzat Ortega,cruzat,chile,1888,Abogado y político,24,253.57016828819582,7.496045913158521e-5,4,1
748,Aurelio Cruzat Ortega,cruzat,chile,1883,Abogado y político,24,253.57016828819582,7.496045913157994e-5,4,1
5530,Ricardo Bentín Mujica,mujica,peru,1899,Ingeniero y empresario,17,251.6660346304328,8.856943212774077e-5,11,1
3791,Juana Manuela Gorriti,zuviría,argentina,1818,Escritora y periodista,24,249.2616062614661,1.5254387084918922e-4,2,1
3037,Johann Georg Mönckeberg,monckeberg,chile,1839,abogado,15,248.26574055987172,7.026607881861309e-5,5,1
4976,Miguel de Zañartu Santa María,zañartu,chile,1786,Abogado,37,245.93537175293142,9.921170532591308e-5,9,1
5747,Santiago Alberto de Estrada,estrada,argentina,1908,Abogado y diplomático,9,242.52573326363282,1.0020365473832537e-4,2,1
3145,José Alberto Uriburu,uriburu,argentina,1949,Abogado Empresario,17,240.77547231372,8.227598181644311e-5,2,1
3045,Johnny Cárdenas Cerrón,cerrón,peru,1972,Administrador de empresas,18,239.60392892555276,9.816544356979051e-5,12,1
2879,Jacinto Videla,videla,argentina,1848,NA,15,239.13685295840028,7.817880790550578e-5,2,1
2122,Fernando Silva Santisteban,silva_santisteban,peru,1929,Historiador y Antropólogo,17,236.85179174814186,7.768888257369617e-5,1,1
4014,Lluís Barraquer Bordas,barraquer,colombia,1923,"Médico , profesor y neurólogo",20,236.58524265952462,1.3718817539933866e-4,14,1
4016,Lluís Barraquer Roviralta,barraquer,colombia,1855,Médico y neurólogo,20,236.58524265952462,1.3718817539931806e-4,14,1
2664,Henrique París Zamudio,parís,colombia,1901,"Empresario, político y dirigente deportivo",148,236.35762150261198,2.476315662054652e-4,7,1
3991,Liborio Justo,justo,argentina,1902,Escritor y político,134,234.54834887935482,2.94472998540453e-4,2,1
3529,Juan Albano Pereira de la Cruz,cruz_chile,chile,1780,Senador y Diputado,3,233.9592925839977,3.9299350420855416e-5,1,1
1279,Consuelo Salgar de Montejo,salgar,colombia,1928,"Periodista , psicóloga , política y empresaria",132,233.51034105661694,2.3994255642773406e-4,3,1
541,Antonia Orellana,guarello,chile,1989,Periodista y política,16,230.2620475732061,5.469190919392872e-5,5,1
162,Alberto Benegas Lynch (nieto),benegas,argentina,1967,Economista,14,229.87567184381814,7.653946499989146e-5,2,1
40,Ángel de Estrada (1840-1918),estrada,argentina,1840,Emprendedor,5,227.0551809079187,8.055476375340406e-5,2,1
1023,Carlos Riesco Errazuriz,errázuriz,chile,1846,NA,71,226.17308466933446,1.2791643098793685e-4,8,1
2087,Fernando Guarello Fitz-Henry,guarello,chile,1906,Político y abogado,18,225.71376344706073,6.356840452604867e-5,11,1
1143,Catalina Parra,parra_chile,chile,1940,Pintora,4,224.87365094425795,4.806448590775892e-5,5,1
804,Benjamín Matte,matte,chile,1902,"Ingeniero agrónomo , agricultor y político",157,224.54386797952108,2.1011243129200307e-4,4,1
2941,Javier de Belaunde López de Romaña,belaúnde,peru,1947,abogado,130,220.92195887641086,2.3060927403334886e-4,1,1
2061,Fernando Berckemeyer (diplomático),berckemeyer,peru,1904,Diplomático,3,220.62703453782854,3.954769331338502e-5,11,1
5955,Tiburcia Haedo,paz,argentina,1767,NA,21,219.04592135858175,1.3602493633661919e-4,9,1
1674,Emilio de Alvear,alvear,argentina,1817,Periodista y político,4,218.72246526748785,4.8822270531882074e-5,2,1
4341,Manuel Ibáñez Ojeda,ibáñez,chile,1921,Empresario,22,218.46620601704606,7.730983856025453e-5,5,1
5200,Patricia Verdugo,matte,chile,1947,Periodista y escritora,4,216.5937578469645,4.164138019230941e-5,5,1
2321,Francisco Sanz de Santamaría,galeano,colombia,NA,abogado,18,215.6067441606642,1.587839932356553e-4,3,1
2793,Ignacio Warnes,garcía_de_zúñiga,argentina,1770,Militar y político,17,211.43586765114998,1.1342588022693144e-4,9,1
4772,Martín José Warnes,garcía_de_zúñiga,argentina,1786,Militar,17,211.43586765114998,1.1342588022690924e-4,9,1
1166,Cecilia de la Fuente de Lleras,lleras,colombia,1916,NA,136,211.02459384055018,2.4329304979401267e-4,3,1
5922,Tany Valer Lopera,portocarrero_perú,peru,1942,Profesor y Político,14,208.36020599662336,8.208673825353103e-5,1,1
1398,Denise Pascal,allende,chile,1940,Diseñadora paisajista y politóloga,6,202.81542060821837,5.528096830029806e-5,5,1
2010,Felipe Calderón,calderón_hinojosa,mexico,1962,Abogado y político,46,201.42694468436534,1.5644928228605542e-4,6,1
2307,Francisco Ramón Vicuña Larraín,mackenna,chile,1775,"Militar , Político",14,193.93846723914385,8.591936834918288e-5,8,1
737,Augusto Vargas Alzamora,alzamora,peru,1922,NA,11,191.7664544508083,6.118816364508428e-5,1,1
5071,Nilda Garré,abal_medina,argentina,1945,Abogada y política,65,191.28384834058403,1.86171489479076e-4,2,1
2709,Hernando Zuleta Holguín,carreño,colombia,1933,Economista,13,190.24289696189427,8.977968079274452e-5,10,1
4992,Munir Menem,menem,argentina,1932,Diplomático,63,188.43382885741917,1.8119026441775282e-4,2,1
615,Antonio Subercaseaux,subercaseaux,chile,1843,Comerciante,56,184.27777233772704,1.276775021841605e-4,9,1
611,Antonio Sánchez Granados,díaz_granados,ecuador,1895,Académico,5,184.10299019494622,7.602530140036463e-5,10,1
6029,Víctor Freundt Rosell,freundt,peru,1903,"Ingeniero , empresario y político",7,184.0082380494227,6.357218966894377e-5,1,1
4731,Marisabel Rodríguez,chávez,venezuela,1964,"Publicista , locutora y política",8,182.76025105931976,9.849641594717231e-5,10,1
4118,Luis Enrique Yarur,yarur,chile,1950,Abogado y empresario,6,180.817106843144,5.851822612407375e-5,4,1
4208,Luis Vicuña Cifuentes,vicuña,chile,1873,Abogado,16,179.48969891078372,5.232560922078152e-5,4,1
2559,Guillermo Durand Cornejo,durand_argentina,argentina,1955,Político.,5,179.11436414264784,6.932173625843915e-5,2,1
3417,José Ortiz de Zevallos,del_solar,peru,1878,Diplomático,4,178.73923753405157,4.6673653453297215e-5,11,1
4276,Manuel Antonio José Warnes,garcía_de_zúñiga,colombia,1727,Alcalde de primer voto del Cabildo de Buenos Aires,25,178.44351528526866,1.5604546533960298e-4,9,1
1644,Emilio Ángel Coni,coni,argentina,1886,Historiador,13,177.98025186161746,7.557507209818244e-5,2,1
4303,Manuel Camilo Vial,vial,chile,1804,Político y diplomático,35,177.87482619791217,1.0855278613428335e-4,9,1
3582,Juan Carlos Pastrana,borrero,colombia,1951,Periodista,154,176.61102148002567,2.578295462456341e-4,7,1
4564,María Teresa Chadwick Piñera,chadwick,chile,1948,Psicóloga y política,102,176.21416963112767,1.6007754363683111e-4,5,1
5006,Natalia Chacón,elías-calles,mexico,1879,Política,21,175.97834036066394,1.2311665904037554e-4,6,1
5355,Plutarco Elías Calles Chacón,elías-calles,mexico,1901,Político,22,175.97834036066394,1.284645237159425e-4,6,1
1337,Daniel Bermúdez,samper,colombia,1950,Arquitecto,32,175.62608193429526,1.0394544135678166e-4,3,1
5226,Paulina Veloso Valenzuela,veloso,chile,1957,"Abogada , académica, investigadora y política",51,175.01930675089548,1.0601147739259617e-4,5,1
2031,Felipe Saá,saá,argentina,1822,Militar,4,168.8681905954948,3.932506353656886e-5,2,1
1079,Carmen Ibáñez,matte,chile,1959,Comunicadora social y política,20,168.7859779907686,6.344939351511784e-5,5,1
805,Benjamín Paz,paz,argentina,1836,Abogado,33,167.6455016378254,1.1829264547388722e-4,2,1
3112,Jorge Miguel Lozano de Peralta,álvarez_del_casal,colombia,1731,NA,12,166.76934234177602,9.553151226635189e-5,3,1
4630,Margarita Caro de Holguín,caro,colombia,1848,NA,18,166.69758680023446,6.233323068092781e-5,7,1
288,Alejandro VI,borja,colombia,1431,NA,12,166.3384615384615,3.1987363524178434e-4,16,2
105,"Adolfo Rodríguez Saá """"El Pampa""""",rodríguez_saá,argentina,1876,Político,14,166.18900507962348,8.39262672838441e-5,2,1
43,Ángela Castelli,castelli,argentina,1794,Ejércitos patriotas,23,166.14879729038918,1.4723080327734827e-4,9,1
5979,Tomás Prieto de Salazar,ricaurte,colombia,1723,Alcalde . Tesorero,19,164.65163662678765,1.2828197427912664e-4,7,1
5024,Néstor Morales,duque,colombia,1963,"Periodista, director radial, jefe de redacción, presentador",10,162.8089617714008,7.805528971397893e-5,3,1
2671,Herman Chadwick Valdés,chadwick,chile,1913,"Abogado , Notario , Conservador de Bienes Raíces",104,161.5413098834742,1.6190256292652352e-4,5,1
993,Carlos Malpica Rivarola,silva_santisteban,peru,1908,Político,18,161.50134403858638,7.84464823776283e-5,1,1
6143,Wenceslao Paunero,segurola,argentina,1805,"Político , diplomático y militar",10,160.77484004548322,5.8546879173132073e-5,2,1
2240,Francisco Jattin,jattin,colombia,1973,NA,31,159.37343441247899,8.548480073129911e-5,3,1
6166,Zulema Jattin Corrales,jattin,colombia,1969,Comunicador social,31,159.37343441247899,8.548480073125235e-5,3,1
1577,Eduardo Yrarrázaval,concha_chile,chile,1894,Agricultor y político,129,156.73839384740313,1.9052758287308597e-4,8,1
4774,Martín Miguel de Güemes,puch,argentina,1785,Militar y político,17,155.72901324015157,1.2045314014987432e-4,9,1
1024,Carlos Riva Palacio,riva_palacio,mexico,1892,Político y diplomático,19,155.563404691354,9.482883946137472e-5,6,1
4775,Martín Rivadavia,rivadavia,argentina,1852,Militar,5,154.8541659246459,6.644048196747519e-5,2,1
1401,Diana Álvarez-Calderón,álvarez_calderón,peru,1952,Abogada,8,154.413715747253,4.748859929075233e-5,1,1
4472,María Antonia Suárez,barrientos,colombia,1897,NA,23,153.13866111517788,8.716390801644009e-5,7,1
4694,Mariano Sanz de Santamaría,sanz_de_santamaría,colombia,1857,Arquitecto,17,152.26925697082467,8.952369844060356e-5,3,1
602,Antonio Olaguer Feliú,azcuénaga,argentina,1742,"Militar , funcionario y gobernante colonial",18,148.558167339401,1.47405190856231e-4,9,1
4569,María Teresa Londoño,herrera,colombia,1882,NA,7,148.44284026892728,5.907910023931997e-5,3,1
2163,Foción Mariátegui,mariátegui,peru,1885,"Político , empresario",18,146.76884465153455,6.596521099991094e-5,1,1
3697,Juan Manuel Polar y Carasas,polar,peru,1809,"Político , abogado , juez y diplomático",25,146.38860766607576,9.436211736067144e-5,1,1
440,Ana María Barrenechea Grünwald,barrenechea_chile,chile,1928,Arquitecta,12,144.31008057338119,5.5819448015492837e-5,5,1
2768,Ignacio Errázuriz Salas,errázuriz,chile,1825,Abogado,14,144.28010903794478,5.652155787776259e-5,9,1
4239,Mónica Jiménez,pinochet,chile,1940,"Política , asistenta social y diplomática",75,143.0873148764102,1.1278024554042339e-4,5,1
847,Blanca Guerra,pinal_hidalgo,mexico,1953,actriz,3,142.23695549294052,3.553630279158823e-5,6,1
23,Álvaro Valencia Tovar,samper,colombia,1921,"Militar, escritor, político, historiador, cronista, diplomático",3,141.88300507454957,4.431246092790642e-5,3,1
1758,Enrique van Rysselberghe Martínez,van_rysselberghe,chile,1911,Político y arquitecto,76,140.8222406495742,1.3118797960401052e-4,8,1
2389,Gabriel Amunátegui Jordán,amunátegui,chile,1898,Abogado,84,140.56892375270027,1.1904906677513951e-4,4,1
717,Augusto Ibáñez Guzmán,ibáñez_colombia,colombia,1958,Abogado y profesor,19,139.63799168402272,7.139721573197507e-5,3,1
3957,León de Febres Cordero,febres-cordero,venezuela,1797,Militar,8,139.21422974394744,1.0066243258147526e-4,10,1
3278,José Gregorio Gutiérrez,gutiérrez_díaz,colombia,1781,Abogado Fiscal y Civil,12,138.7586104057448,1.0603378098329e-4,7,1
3362,José María Lozano de Peralta,álvarez_del_casal,colombia,NA,Empresario,18,138.70229735191214,1.2421289876819264e-4,3,1
3785,Juan de la Cruz Gandarillas Guzmán,gandarillas,chile,1793,Hacendado,59,138.1969653123485,1.3443491919880692e-4,9,1
1131,Casilda de Silva y Fernández de Henestrosa,carvajal_y_vargas,chile,1914,NA,7,137.93161501128418,6.561497672845528e-5,9,1
4252,Magdalena Vicuña Aguirre,errázuriz,chile,1817,Socialité y filántropa,11,137.2234919847314,5.9440000179387734e-5,9,1
5206,Patricio Larraín Alcalde,gandarillas,chile,1852,Militar y político,61,137.00392215419754,1.367385195603677e-4,9,1
5788,Sara del Campo,montt,chile,1855,Ama de casa,6,135.68179801019184,4.711089667107467e-5,4,1
168,Alberto Decombe Edwards,edwards,chile,1907,Agricultor y político,97,134.35569254041974,1.505654968806311e-4,5,1
6030,Víctor Galleguillos Clett,galleguillos,chile,1919,Obrero,13,134.04121328423713,1.3487688552408865e-4,13,1
4188,Luis Sánchez Recalde,saadi,argentina,NA,"Político , abogado y magistrado",18,133.85360518647272,7.54141732860241e-5,2,1
1157,Cecilia Caballero Blanco,lópez,colombia,1913,Política,140,133.80185549773958,2.496813857494543e-4,3,1
3219,José Cirilo Julio Rospigliosi,rospigliosi,peru,1829,Abogado y político,12,133.7230037461907,6.37164274436703e-5,1,1
2527,Gregorio Farías Longoria,farías,mexico,1961,Ingeniero Civil,8,132.91337824111878,9.728211658479657e-5,6,1
1104,Carolina Vásquez de Ospina,lleras,colombia,1869,Empresaria,11,132.74793675335815,4.881154670028535e-5,8,1
5003,Napoleón Uriburu,álvarez_de_arenales,argentina,1838,Director del Arsenal de Guerra,20,130.58620138176607,1.0999311697457349e-4,2,1
147,Agustina Ortiz de Rozas,garcía-mansilla,argentina,1816,Política,19,130.52331419254037,2.2682020827942753e-4,2,1
4327,Manuel Ferreyros,ferreyros,peru,1833,Militar,17,129.8814028083196,1.0657773525978708e-4,1,1
508,Andrés de Santa María,hurtado,colombia,NA,NA,72,129.2277002731451,1.498456374247533e-4,3,1
2922,Javier Corcuera,corcuera,peru,1967,"Director , guionista .",17,129.1983584600017,6.086033755617007e-5,1,1
969,Carlos Ibáñez del Campo,velasco_chile,chile,1877,Militar y político,33,127.6178882105409,7.636121256461822e-5,5,1
5426,Rafael Bielsa (político),bielsa,argentina,1953,"Abogado , diplomático y político",8,126.88935339682303,6.467822294659351e-5,2,1
2893,Jaime Celedón,garcía-huidobro,chile,1931,Actor y publicista,6,126.16568696907311,5.2131701107672935e-5,5,1
3478,José Videla Castillo,videla,argentina,1792,Militar y político,16,125.90178912421837,8.227568686852933e-5,2,1
6163,Zenón de Pombo,o'donnell,colombia,1805,Político,149,125.14605567755842,2.485554619852168e-4,7,1
1705,Enrique Gómez Martínez,gómez,colombia,1968,"Economista, periodista, profesor, abogado y político",21,121.58081361638486,6.148126175950067e-5,7,1
2521,Gregoria Matorras,balcarce,argentina,1738,Activista,11,121.55425628810758,1.1774639706816937e-4,9,1
3612,Juan Fermín de San Martín,san_martín,argentina,1774,Militar,12,120.19239619177422,1.193327416454254e-4,9,1
6112,Vidal García y García,garcía_y_garcía,peru,1837,Coronel y político,13,118.83032388071105,7.246930951115285e-5,1,1
3365,José María Ortega y Nariño,álvarez_del_casal,colombia,1796,Político y militar,6,118.80961578633931,4.048407785874099e-5,8,1
884,Calixto III,borja,colombia,1378,NA,5,118,1.8353189053893498e-4,16,2
3001,Joaquín José de Osma y Ramírez de Arellano,de_la_puente,peru,1812,Abogado y diplomático,11,114.10911393328296,7.14549923952366e-5,1,1
4565,María Teresa Gómez-Mont Urueta,gómez-mont,mexico,1945,Política,36,113.3827013163704,1.336417548152315e-4,6,1
6026,Víctor Echaurren Valero,echaurren,chile,1862,Abogado,51,112.51095797688446,8.747350394704629e-5,4,1
1103,Carolina Tohá,tohá,chile,1965,"Política , politóloga y académica",39,108.35604010352685,8.138977590874221e-5,4,1
5035,Nicolás Avellaneda y Tula,avellaneda,argentina,1786,Político,13,107.49607088796427,8.100283791879988e-5,2,1
4865,Mercedes Belzu,gorriti,bolivia,1835,"Escritora , poetisa y traductora",6,106.64767271597294,6.677261007541937e-5,2,1
2812,Inti Briones,mendoza_ladrón_de_guevara,chile,1971,"Director de cine , actor , director de fotografía y productor de cine",7,105.91885004743153,7.995224299281875e-5,1,1
4816,Matilde Ladrón de Guevara,mendoza_ladrón_de_guevara,chile,1910,"Escritora , periodista , poetisa y novelista",7,105.91885004743153,7.995224299281036e-5,1,1
3766,Juan de Dios Rawson,rojo,argentina,1833,Militar,13,105.82981618823779,6.774528614332093e-5,2,1
4818,Matilde Osorio Ricaurte,nariño,colombia,1831,Socialité,21,105.05780585762595,1.1882991261894439e-4,7,1
4784,Marta Cruz-Coke,cruz_chile,chile,1923,"filósofa, profesora, gestora cultural",8,104.77074805926547,3.775507793463561e-5,4,1
2662,Henrique Arboleda Cortés,arboleda,colombia,1849,"Militar, escritor y político",150,104.49768580412402,2.486305558579181e-4,7,1
4538,María Mercedes Cuéllar,lópez,colombia,1946,"Economista , política",131,103.10192717545341,2.354880483288624e-4,3,1
3400,José Miguel Díaz Vélez,díaz_vélez,argentina,1773,Político y diplomático,10,102.64986837149449,1.2809576439667397e-4,2,1
5016,Nelly Turbay de Muñoz,turbay,colombia,NA,NA,10,102.17849744426762,5.7338858076042673e-5,3,1
5382,Rómulo Ferrero Rebagliati,ferrero,peru,1907,Economista,13,101.87399731503957,6.166868825839546e-5,1,1
3332,José Manuel Guzmán Echeverría,montt,chile,1809,Político y Agricultor,51,101.85725538338583,1.1272874997094079e-4,9,1
2609,Gustavo Berrío Muñoz,berrío,colombia,1907,"Militar, educador, historiador y geógrafo",11,100.21580211734877,5.125316803972769e-5,7,1
4675,Mariano Melgar Conde,melgar,peru,1892,Marino,9,99.65186914288525,7.102807645568698e-5,1,1
897,Camilo de Brigard Silva,brigard,colombia,1906,"Escritor, abogado, diplomático y empresario",7,98.80798116024074,6.37631480384944e-5,3,1
1687,Enrique Basadre Pastor,basadre,peru,1890,"Funcionario público , diplomático",13,98.22228706119104,5.98568727287396e-5,1,1
1105,Carolina Vásquez de Ospina,ospina,colombia,1869,Empresaria,7,97.63202372538625,4.31523258533748e-5,7,1
2946,Javiera Parra,parra_chile,chile,1968,Cantante,4,97.49416717151362,5.547720554153655e-5,51,1
135,Agustín P. Justo (padre),justo,argentina,1841,Abogado,28,96.52479745926453,9.296269503607077e-5,2,1
5685,Rosario Pumarejo,lópez,colombia,1865,NA,11,94.82752955893228,5.2891656517084646e-5,3,1
4422,Manuel Ugarteche,ugarteche,peru,1872,"Empresario , político",5,94.79427285101912,5.0377655622609177e-5,1,1
5756,Santiago Caputo,caputo,argentina,1985,Consultoría y comunicación política,9,94.40267701874927,5.900450540892428e-5,2,1
2433,Gerónimo Podestá,podestá,argentina,1851,Actor y actor de cine,15,93,3.482295840812148e-4,17,3
3921,Koki Noriega,noriega,peru,1985,"Contador , político",10,92.73442945213662,6.721776727308439e-5,1,1
5140,Pablo Larraín,matte,chile,1976,"Director de cine , productor de cine , productor ejecutivo , guionista , editor de cine , realizador y guionista de cine",10,92.16696236767068,5.114226018425188e-5,5,1
5846,Silvia Núñez del Arco,santiago_concha,peru,1988,Escritora,9,92.06919511661032,7.134740490929971e-5,1,1
2349,Francisco Xavier Vergara,caicedo,colombia,1750,Abogado Fiscal y Civil,16,91.60313792922227,6.300406063671452e-5,3,1
2363,Francisco de Paula Figueroa Araos,vicuña,chile,1828,Agricultor y político,156,90.78941613035357,2.0830253002726462e-4,4,1
2098,Fernando Miró Quesada Bahamonde,miró_quesada,peru,1921,Militar y Político,11,90.69892906289866,5.290260160574405e-5,1,1
1969,Federico Errázuriz Echenique,echaurren,chile,1880,Abogado y político,10,90.4780361783254,6.381641956973787e-5,4,1
2354,Francisco de Borja,borja,colombia,1510,"Político , teólogo y presbítero católico de rito latino",5,90,1.9965397098819864e-4,16,2
5461,Rafael Pombo,o'donnell,colombia,1833,"Narrador, escritor, poeta, fabulista, traductor, intelectual y diplomático",19,89.11477305328823,8.228050407200819e-5,7,1
3752,Juan Vicente Podestá,podestá,argentina,1861,Actor,20,88,3.529735684332914e-4,17,3
70,Óscar de la Puente Raygada,de_la_puente,peru,1938,Abogado,12,87.5679169137822,7.081043695813128e-5,1,1
3779,Juan de San Martín,san_martín,argentina,1728,"Militar , funcionario y gobernante colonial",13,86.94227019719362,1.2555508242971647e-4,9,1
2110,Fernando Rincón Bazo,amez,peru,1938,"empresario , político",13,86.88658667287235,1.3042041280339958e-4,36,1
1798,Ernesto Velasco Rodríguez,velasco_chile,chile,1963,Profesor y político,19,86.80284715969452,5.985024238255491e-5,4,1
2128,Fernando Uribe Restrepo,restrepo,colombia,1929,Abogado,8,86.71379797800604,5.432573032608559e-5,7,1
567,Antonio Cornejo Polar,polar,peru,1936,"Docente universitario, crítico literario",16,86.60186989663859,6.666691812834238e-5,1,1
2944,Javiera Carrera,valdés_chile,chile,1781,NA,6,85.9811710511139,6.422563303815425e-5,9,1
149,Agustina Paz de Roca,paz,argentina,1810,Comerciante,10,85.3024611262669,7.809158849996939e-5,2,1
3726,Juan Pardo Heeren,lavalle,peru,1910,Político,6,85.22344799657996,4.443410048754417e-5,1,1
3380,José María Uriburu,uriburu,argentina,1846,Militar,15,85.08982833896717,7.703185502472301e-5,2,1
4570,María Teresa Torterolo,podestá,uruguay,1829,Comerciante,17,83.99999999999999,3.2550627619709285e-4,17,3
5311,Pedro Podestá,podestá,argentina,1825,Comerciante,17,83.99999999999999,3.2550627619696676e-4,17,3
2990,Joaquín Edwards,bello,chile,1887,"Ensayista , escritor , cronista , novelista , poeta y periodista",20,83.55356249919362,6.460026448834415e-5,4,1
3844,Julio César Rodríguez,garcía-huidobro,chile,1969,"Periodista , presentador de televisión y empresario",4,81.23441767693421,4.694737502702753e-5,5,1
2487,Gloria Lizárraga de Capriles,capriles,venezuela,1944,Política,7,80.82373768817743,9.748067595574352e-5,10,1
3691,Juan Manuel Ortiz de Rosas,ortiz_de_rozas,argentina,1839,Político,47,80.4228873352554,1.3663063755802276e-4,2,1
4330,Manuel Güiraldes,güiraldes,argentina,1857,Político,7,79.8297395715673,5.747013861143687e-5,2,1
5195,Patricia Matte,bunster,chile,1943,"Socióloga , académica, investigadora y consultora naturista",112,79.4766431823227,1.7048398204393912e-4,5,1
4449,Manuel de Pombo,o'donnell,colombia,1769,Contador,81,78.80415083089352,1.6875143806574332e-4,3,1
3913,Katy Ugarte,ugarte,peru,1971,Profesora y Política,9,77.97993035302783,5.65436256810472e-5,12,1
3315,José León Barandiarán Hart,león_barandiarán,peru,1946,abogado,16,77.62613810433658,1.074624104552922e-4,1,1
368,Alicia Saadi de Dentone,saadi,argentina,1950,"Política , abogada y escribana",69,77.56879845400378,1.9294457914865922e-4,2,1
4036,Lucía Corpacci,saadi,argentina,1959,Cirujana y política,68,77.56879845400378,1.900705858740845e-4,2,1
5682,Rosario Montt,montt,chile,1822,Primera dama,13,77.14579444288036,4.505036168983549e-5,4,1
3461,José de Vergara Azcárate,caicedo,colombia,1684,"Sacerdote , Filósofo",14,76.53304056915496,7.006713733118785e-5,3,1
2813,Irene Frei,frei,chile,1916,Asistente social y política,15,75.51235822856115,5.49044315603878e-5,5,1
5345,Pilar Castaño,lópez,colombia,1958,"Periodista , escritora , diseñadora y presentadora de televisión",8,74.8878397768325,5.83045258514576e-5,3,1
3824,Juliana Awada,awada,argentina,1974,"empresaria , diseñadora",8,73.9883022630916,7.166659634548237e-5,2,1
3510,Josefa Lozano y González Manrique,álvarez_del_casal,colombia,1763,NA,8,73.56753461296996,7.581417351011218e-5,3,1
4665,Mariano Castro Zaldívar,castro_taboada,peru,1828,"Diplomático , político y empresario agrícola",16,73.02848660097067,1.0373483243687343e-4,1,1
5947,Teresa Tanco de Herrera,cordovéz,colombia,1859,Pianista y compositora,7,72.90123378965946,7.586472289278844e-5,3,1
200,Alberto Rey de Castro y Romaña,bustamante,peru,1869,"Político , abogado , periodista y diplomático",17,72.8728923589794,8.570802886038079e-5,1,1
1355,Daniel Scheck,scheck,uruguay,1929,"Abogado, empresario, periodista, autor, guionista",26,72.8341419514582,9.417276987300907e-5,8,1
2731,Horacio Scheck,scheck,uruguay,1928,ingeniero y empresario,26,72.8341419514582,9.417276987297122e-5,8,1
6058,Verónica Alcocer,petro,colombia,1976,Activista y política .,8,72.72888123003094,7.880502108696643e-5,3,1
5147,Pablo Podestá (actor),podestá,argentina,1875,"Actor , cantante , escultor , pintor y acróbata",9,72,1.9311776773091316e-4,17,3
5675,Rosa Pedraglio,morales_bermúdez,peru,1920,NA,9,71.65945943882332,7.580386229456842e-5,1,1
3420,José Pardo y Aliaga,pardo,peru,1820,"Diplomático , poeta",10,71.5072465437937,8.421986222339303e-5,3,1
1633,Emilia Márquez de la Plata,santa_maría,chile,1825,Primera dama,14,71.0210121096315,5.13737138180302e-5,4,1
2276,Francisco Madero Hernández,madero,mexico,1849,NA,24,70.31646963747183,1.3870360022069837e-4,6,1
1859,Evaristo Gandarillas Gandarillas,gandarillas,chile,1816,abogado y político,18,70.27081087017739,6.095969243356671e-5,9,1
535,Anselmo de la Cruz,cruz_chile,chile,1764,Militar y político,4,70.0685911940226,4.842145253865582e-5,9,1
905,Carlos Albán Holguín,holguín,colombia,1930,"Abogado, diplomático",150,69.55842614768439,2.493639310294865e-4,7,1
6169,Zulema Menem,yoma,argentina,1970,Empresaria,20,68.72776285941653,1.0116069325063203e-4,2,1
783,Belisario Velasco,velasco_chile,chile,1936,Empresario,73,68.72522898510937,1.1083528914621063e-4,5,1
4438,Manuel Yrigoyen Diez Canseco,diez_canseco,peru,1873,Político,51,67.87685733232455,1.1943376545261897e-4,1,1
720,Augusto León Barandiarán,león_barandiarán,peru,1895,Escritor y médico,13,67.7140953087339,9.002348467165924e-5,1,1
4153,Luis León Herrera,león_barandiarán,peru,1925,Escritor,13,67.7140953087339,9.002348467162818e-5,1,1
1462,Dionisio Romero Paoletti,romero,peru,1965,Empresario,7,67.22912563318884,6.970897350242828e-5,11,1
782,Begoña Basauri,di_girolamo,chile,1981,Actriz,3,64.7780847642899,3.6002689898686145e-5,5,1
4719,Mario Horton,walker_chile,chile,1981,Actor y actor de televisión,20,63.69043990410383,7.465863036403024e-5,5,1
4137,Luis García Huidobro Aldunate,garcía-huidobro,chile,1812,Hacendado,49,63.493073566583135,1.1072727782289137e-4,9,1
4667,Mariano Felipe Paz Soldán,paz_soldán,peru,1821,"Abogado , historiador , geógrafo",17,63.15592701045684,6.617765732966481e-5,1,1
2616,Gustavo Martínez Zuviría (hijo),zuviría,argentina,1915,Militar y político,14,63.130186159866476,9.205028193101582e-5,2,1
2372,Francisco de Vergara y Azcárate,olmos,colombia,1569,Militar,14,62.605553298082036,1.2477535186566026e-4,3,1
1211,Claudia Cornejo,llona,peru,1981,Politóloga y Política,11,62.40798235782128,6.629550122614184e-5,1,1
5994,Tommy Mottola,díaz_ordaz,mexico,1948,"Empresario , productor discográfico , productor de televisión",9,62.20616809602302,1.0176159135131135e-4,6,1
1845,Eulogia Echaurren,echaurren,chile,1830,Política,16,61.28972243456204,6.825816872429477e-5,4,1
1275,Consuelo Lleras Puga,carrizosa,colombia,1933,Política,10,60.238805025021755,4.4245196371667e-5,3,1
3763,Juan de Borja y Castro,borja,colombia,1533,NA,5,60,2.12826347253739e-4,16,2
5097,Olinda Bozán,podestá,argentina,1894,Actriz,9,59,2.465627254441747e-4,17,3
4233,Máximo Mujica,echaurren,chile,1812,Abogado,154,57.534292614569445,2.069990634840473e-4,4,1
4181,Luis Prieto Vial,vial,chile,1918,"Arquitecto , empresario y dirigente gremial",83,56.96399910103601,1.339933209532042e-4,5,1
2528,Gregorio Miguel Valenzuela Fajardo,caicedo,colombia,1638,"militar , alcalde",5,55.41365106425494,4.900307796042762e-5,3,1
5940,Teresa Hales,hales,chile,1978,Actriz,3,55.31688501436932,3.367086931957253e-5,6,1
3070,Jorge Emilio González Martínez,gonzález_torres,mexico,1972,Licenciado en Administración de Empresas,16,54.96596133599032,7.802584891776462e-5,6,1
141,Agustín de Iriondo Candioti,candioti,argentina,1829,"Militar , político",14,54.30758253797125,7.759848303615433e-5,2,1
2301,Francisco Pizarro,pizarro,chile,1478,"Militar , conquistador , explorador y político",13,53.64822695035461,3.198397733953237e-4,19,4
6155,Yesid Reyes,echandía,colombia,1958,Abogado,10,53.204193422569936,5.0089968491858916e-5,3,1
5975,Tomás Kast,kast,chile,1979,Ingeniero comercial y político,25,52.80796863465227,7.503698930451876e-5,5,1
5286,Pedro Luis de Borja,borja,colombia,1468,NA,5,52.5,1.4488792576159643e-4,16,2
788,Benita Martínez Pastoriza de Sarmiento,sarsfield,argentina,1819,NA,10,52.318403952160786,6.38936875163858e-5,4,1
1703,Enrique Flores Magón,flores_magón,mexico,1877,Periodista y político,13,51.37619927537374,1.8008254924165807e-4,6,1
2967,Jesús Flores Magón,flores_magón,mexico,1871,"Político , periodista , abogado y ministro",13,51.37619927537374,1.800825492416522e-4,6,1
4095,Luis Caro Escallón,caro,colombia,1912,Abogado,71,51.337531895146235,1.4863868327416615e-4,3,1
4453,Manuel de Tezanos Pinto (político),pinto_chile,argentina,1760,Comerciante y político,5,51.112649429277404,9.960103216195482e-5,3,1
4517,María José Prieto,di_girolamo,chile,1977,Actriz,3,50.45268909979249,3.145373353568557e-5,5,1
2668,Herman Bemberg,ocampo,argentina,1859,Compositor,15,50.14396883007729,8.92652807679919e-5,2,1
2561,Guillermo Edwards Garriga,edwards,chile,1855,Geógrafo y político,317,49.863246443105176,3.2073020187879555e-4,4,1
5877,Soledad Acosta de Samper,samper,colombia,1833,"Escritora , periodista , historiadora y novelista",8,49.64003026267565,4.444166143791094e-5,8,1
4766,Martín Güemes y Puch,puch,argentina,1816,Político y militar,18,49.59547314054929,1.2870003465004004e-4,9,1
2820,Isaac Garza Garza,garza_sada,mexico,1853,empresario,17,49.45235310275625,1.5808274234200905e-4,15,1
1860,Evaristo Madero Elizondo,farías,mexico,1828,"Militar , empresario y político",9,48.95971731308725,1.0897861070403095e-4,6,1
5716,Salomón González Blanco,ortiz_mena,mexico,1900,Político,109,48.90390098474353,2.7553285075165564e-4,6,1
2379,Fredy Otárola,otárola,peru,1961,Abogado y notario,13,48.714680794094605,6.095059628746667e-5,1,1
290,Alejandro Vial,vial,chile,1823,Agrimensor,52,47.83448576522381,1.1553016946483714e-4,9,1
3479,José de Araníbar,araníbar,peru,1835,"Abogado, magistrado, diplomático y político",12,47.40946538248982,5.981790852507027e-5,1,1
4063,Lucrecia Borgia,borja,colombia,1480,NA,10,46.27272727272727,2.7872811462060246e-4,16,2
6120,Virgilio Barco Céspedes,barco,colombia,1900,Militar,10,45.64093712230663,7.10205297741237e-5,3,1
4168,Luis Miró Quesada Garland,miró_quesada,peru,1914,"arquitecto, periodista",30,45.17999794801836,9.563506584763061e-5,1,1
4516,María José Pizarro,acevedo_colombia,colombia,1978,Política,19,44.64331995250089,8.687357287954727e-5,3,1
4588,María del Mar Pizarro,acevedo_colombia,colombia,1988,Política,19,44.64331995250089,8.687357287953768e-5,3,1
2885,Jacqueline van Rysselberghe,van_rysselberghe,chile,1965,Médica y política,49,44.53661922339601,9.243058653509136e-5,5,1
4815,Matilde Ibáñez Tálice,batlle,argentina,1907,Política,21,43.9086731596125,9.337363433087753e-5,8,1
5420,Rafael Belaúnde Aubry,belaúnde,peru,1947,Geólogo,10,43.787494828206796,6.457580574602947e-5,1,1
2247,Francisco Javier Errázuriz Talavera,errázuriz,chile,1942,"Ingeniero , empresario y político",89,43.191001973171325,1.4118638115899308e-4,5,1
445,Ana María Huarte,iturbide,mexico,1786,NA,8,43,6.485879640883689e-4,26,7
2358,Francisco de Borja y Aragón,borja,colombia,1581,Político y militar,4,43,0.00022988896747057724,16,2
2088,Fernando Irarrázaval Mackenna,mackenna,chile,1862,abogado y político,9,42.7438006368309,4.6312261462469256e-5,8,1
4321,Manuel Escalada,san_martín,argentina,1795,Militar,15,42.62969243126939,1.2425155998458613e-4,9,1
4581,María de las Nieves de Escalada,san_martín,argentina,1799,Ejércitos patriotas,15,42.62969243126939,1.2425155998455992e-4,9,1
5455,Rafael Moreno Valle,moreno_valle,mexico,1917,Médico militar,100,42.36748560448087,2.544471620792125e-4,6,1
3465,José Tocornal Velasco,velasco_chile,chile,1806,Abogado,50,42.24548830775653,1.1239095704399352e-4,9,1
4494,María Enríquez de Luna,borja,colombia,1474,NA,5,42.2,1.6645201466480936e-4,16,2
1667,Emilio R. Coni,coni,argentina,1855,Médico,10,41.62680552611431,7.528230356030011e-5,2,1
4542,María Michelsen de López,lópez,colombia,1890,"Científica , Primera dama de Colombia (1934-1938) y Primera dama de Colombia (1942-1945)",10,40.49906012649415,4.7615040891098454e-5,3,1
3778,Juan de San Martín,balcarce,argentina,1728,"Militar , funcionario y gobernante colonial",9,39.420855652572484,9.996426529654953e-5,9,1
2399,Gabriel Puyana,puyana,colombia,1926,"Militar, escritor, historiador, académico, internacionalista.",3,39.20047833489586,5.17020822513421e-5,8,1
4039,Lucía Hiriart,pinochet,chile,1923,Política y primera dama,13,36.12990811349679,5.370627970089233e-5,5,1
340,Alfredo Ferreyros Ayulo,ferreyros,peru,1887,"Ingeniero , empresario , diplomático",20,35.70184469900209,1.0407356255875346e-4,1,1
904,Carlos Alayza y Roel,alayza,peru,1878,"Ingeniero , político",12,35.217479171434924,6.0934712783251235e-5,1,1
190,Alberto Mackenna Subercaseaux,mackenna,chile,1875,"Periodista, político y Funcionario Público",125,35.21115231732238,1.849382205384016e-4,8,1
5954,Tiago Correa,allamand,chile,1981,Actor,9,34.14127611421408,6.225125994890031e-5,5,1
4495,María Errázuriz,echaurren,chile,1861,Política,10,33.730151197332454,4.354117242951355e-5,4,1
2656,Harold Bedoya,pizarro_colombia,colombia,1938,"Militar , Político",3,33.59830979457577,3.3950182950495795e-5,7,1
3108,Jorge Mario Eastman Robledo,eastman,colombia,1967,"Abogado, diplomático y político",33,33.07526970610782,1.0569846300414341e-4,3,1
3062,Jorge Bunster,bunster,chile,1953,Ingeniero comercial y empresario,89,32.90798700009298,1.4070023750419375e-4,5,1
6053,Vannozza Cattanei,borja,colombia,1442,NA,14,32.66153846153846,3.577958677518798e-4,16,2
2508,Gonzalo Pizarro Rodríguez de Aguilar,pizarro,chile,1446,Hidalgo y Militar,12,32.54893617021277,3.1523760779732387e-4,19,4
4485,María Elena Etcheberry,etcheberry,chile,1958,Abogada y empresaria,79,32.54541612115697,1.1574115611217973e-4,5,1
2738,Huayna Cápac,pizarro,chile,1467,NA,8,32.35177304964539,2.04539732143951e-4,19,4
4005,Lisandro Leyva Pereira,leyva,colombia,1886,"Médico traumatólogo, escritor, ortopedista, educador",73,31.816508930736568,1.5128044896903795e-4,3,1
3764,Juan de Borja y Cattanei,borja,colombia,1474,NA,9,31.709090909090907,2.4177814736509577e-4,16,2
731,Augusto Tamayo Möller,tamayo_perú,peru,1875,Ingeniero,10,31.613869201055625,4.65436015129785e-5,1,1
6062,Verónica Schmidt,schmidt,chile,1978,Periodista,15,31.30044412669325,5.2312178899163716e-5,5,1
4572,María Teresa del Toro,toro_venezuela,venezuela,1781,NA,2,31.06613726123185,3.548786535053455e-5,10,1
3759,Juan de Bolívar y Martínez de Villegas,bolívar,venezuela,1665,Político,9,30.70580314860264,1.3652294977855908e-4,10,1
735,Augusto Thorndike Galup,thorndike,peru,1903,Abogado,10,30.31379703883015,6.826908691319304e-5,1,1
777,Beatriz Allende,allende,chile,1942,"Política , revolucionaria y cirujana",20,30.202945870098702,5.398720663233013e-5,5,1
3477,José Vicente Ortega y Mesa,nariño,colombia,1766,Político y militar,9,29.71401810585737,6.744757094321449e-5,7,1
6134,Vladimir Cerrón,cerrón,peru,1970,Neurocirujano y político,19,28.959572156999656,1.0840963473367449e-4,12,1
4132,Luis Fernando Santos,calderón_colombia,colombia,1948,Periodista,7,28.20757873532894,4.0956708682344605e-5,3,1
1072,Carmela Mackenna,mackenna,chile,NA,"Compositora , profesora de música y pianista",2,28.098027101957804,3.4804288400401285e-5,8,1
2736,Huáscar,tito,peru,1491,NA,10,28.000000000000004,2.5107388301254946e-4,19,4
3334,José Manuel Larraín Valdés,valdés_chile,chile,1864,Político y abogado,311,27.786672772615763,3.152452908097354e-4,4,1
3901,Justa Masías y Llosa,llosa,peru,1849,NA,19,27.251843247321926,1.2153430691963022e-4,1,1
6103,Victoria Subercaseaux Vicuña,subercaseaux,chile,1848,NA,10,27.120226976383307,7.147840259745334e-5,9,1
5380,Quispe Sisa,pizarro,chile,1518,NA,8,27.018439716312052,2.1202002705296227e-4,19,4
1147,Cathy Barriga,lavín,chile,1973,"Política , modelo y personalidad televisiva",100,26.694648824739087,1.5717772830066762e-4,5,1
4881,Mercedes Valdés,valdés_chile,chile,1843,Primera dama,4,26.43976535427682,4.4095854622172324e-5,4,1
2714,Hilarión Domingo Moreno Montes de Oca,montes_de_oca,argentina,1863,diplomático,11,26.202494562442926,7.877421864171658e-5,2,1
1326,Cuxirimay Ocllo,pizarro,chile,NA,NA,7,25.65744680851064,1.9791418663510997e-4,19,4
1049,Carlos Torcuato de Alvear,alvear,argentina,1860,Político,5,25.115952338327638,4.804826985452864e-5,2,1
1607,Eliodoro Matte Larraín,matte,chile,1945,Empresario,315,25.113545701081485,3.19203647328473e-4,4,1
2784,Ignacio Sanz de Santamaría,sanz_de_santamaría,colombia,1868,Empresario,13,24.522336929279007,7.123031855670132e-5,3,1
3256,José Fabio Melgar Valdivieso,melgar,peru,1802,"Abogado , diplomático , político",7,23.68864726323549,5.531257976652278e-5,1,1
1646,Emilio Alcalá Galiano,valencia,colombia,1831,"Político , caballero , conde y diplomático",17,23.40993788819876,3.761208454821591e-4,29,8
458,Ana de Narváez de Caro,caicedo,colombia,1847,NA,10,23.22975814624385,4.7217699058547904e-5,7,1
545,Antonia Vergara y Sanz de Santamaría,caicedo,colombia,1786,NA,12,23.00359740654572,9.479106079959575e-5,7,1
2851,Isidoro Errázuriz Aldunate,errázuriz,chile,1782,Político,6,22.790208885505006,4.096208147002882e-5,9,1
3746,Juan Uribe Holguín,holguín,colombia,1903,NA,151,22.68053666878877,2.5018163523393434e-4,7,1
3615,Juan Francisco García de Zúñiga,garcía_de_zúñiga,argentina,1739,Militar,18,22.586272941427726,1.1764462852826264e-4,9,1
44,Ángela Jeria,bachelet,chile,1926,Arqueóloga,20,22.159731286481403,5.5117761946437443e-5,5,1
4215,Luisa Borgia,borja,colombia,1500,NA,5,22,1.646507632272087e-4,16,2
4578,María de Luna y Ayala,borja,colombia,NA,NA,6,22,2.0706450500446123e-4,16,2
1815,Esteban Justo García de Zúñiga,garcía_de_zúñiga,argentina,1743,Militar,16,21.797814833035087,1.1251361948832498e-4,9,1
494,Andrés Samper Gnecco,gnecco,colombia,1918,NA,10,21.766963508272106,4.1633532473992476e-5,3,1
2807,Inés Pertiné,de_la_rúa,argentina,1942,Primera dama,13,21.529111990406548,6.9834354965952935e-05,2,1
2661,Helena Groot de Restrepo,groot,colombia,1947,NA,14,21.367977875511716,6.80369607976415e-5,3,1
608,Antonio Podestá,podestá,argentina,1868,actor,10,21,2.0397160049474115e-4,17,3
683,Arturo Podestá,podestá,argentina,1879,Actor,5,21,1.4988882473490403e-4,17,3
849,Blanca Podestá,podestá,argentina,1889,Actriz y actriz de cine,5,21,1.4988882473502272e-4,17,3
3428,José Podestá,podestá,uruguay,1858,Actor,8,21,1.7699320573816966e-4,17,3
5112,Oscar Valicelli,podestá,argentina,1915,actor,6,21,1.8509485434959282e-4,17,3
5702,Rufino José Cuervo,cuervo,colombia,1844,Filólogo,18,20.893331681670894,6.483630507534845e-5,3,1
705,Augusto Belín Sarmiento,sarmiento,argentina,1854,"Periodista , diplomático y bibliotecario",6,20.78710124996096,1.2779006133968783e-4,49,1
1826,Eugenia Belín Sarmiento,sarmiento,argentina,1860,Pintora,6,20.78710124996096,1.2779006133968078e-4,49,1
3672,Juan Luis Cipriani,thorne,peru,1943,NA,5,20.683539481255046,4.9518771300961294e-5,1,1
1399,Denisse Dibós,alarco,peru,1967,"Actriz , productora , directora , bailarina",4,20.667416872287152,5.478642362195575e-5,1,1
5190,Patty Chirinos,chirinos,peru,1975,Comunicadora,11,20.608630902274445,6.510694042899482e-5,1,1
835,Bertha Arroyo de Alva,alva,peru,1934,Asistenta social,46,20.32415085239028,1.0797232558734077e-4,1,1
4702,Maricarmen Alva,alva,peru,1967,"Política , empresaria y abogada",49,20.32415085239028,1.1171916456098919e-4,1,1
5308,Pedro Paz-Soldán Ureta,paz_soldán,peru,1809,Abogado,23,20.13840610774714,7.130249329411346e-5,1,1
3501,Josafat Roel Pineda,roel,peru,1921,Antropólogo,7,20.069598547713415,4.773578745715354e-5,1,1
3291,José Ignacio Eyzaguirre Arechavala,portales,chile,1779,Político,7,19.99228446970302,4.487524435546834e-5,9,1
50,Ángelo Calcaterra,macri,argentina,1958,Empresario,5,19.882992372566072,5.197409344896285e-5,2,1
1665,Emilio Ortiz de Zevallos,del_solar,peru,1885,Diplomático,6,19.365221814575854,4.076241877236618e-5,11,1
5693,Rubén Vargas Ugarte,ugarte,peru,1886,"Sacerdote , historiador , profesor , escritor , rector",15,19.1275126432135,5.336740743951913e-5,1,1
1350,Daniel Ruzo,de_los_heros,peru,1900,"Escritor , poeta , arqueólogo y fotógrafo",6,19.09023193044854,6.091653048620398e-5,1,1
1303,Cristián Labbé Martínez,galilea,chile,1980,Político,10,18.95987749893511,4.753588049160874e-5,5,1
1702,Enrique Ferreyros Ayulo,ferreyros,peru,1877,Empresario,19,18.636854637431895,9.219243970485544e-5,1,1
781,Beatriz Velasco,alemán,mexico,1913,Primera dama de México,14,18.598655977588535,6.988632469514202e-5,6,1
3599,Juan Daract,daract,argentina,1862,"Abogado , político y legislador",9,18.57064554904596,7.477755043725355e-5,2,1
2696,Hernán de Solminihac,de_solminihac,chile,1958,"Ingeniero civil , académico , investigador y consultor",85,18.454779701928224,1.3635198437235394e-4,5,1
3767,Juan de Dios Rivera y Freire de Andrade,freire,chile,1787,Militar y político,7,18.392467883145283,5.112152656163707e-5,8,1
2942,Javier de Belaunde Ruiz de Somocurcio,belaúnde,peru,1909,"político , abogado e historiador",44,18.367863273665435,1.0370328926975047e-4,1,1
4217,Luisa Garmendia,cruz_chile,argentina,1797,Ama de casa,8,17.839619610713065,4.394629875348866e-5,4,1
4524,María Julia Alsogaray,alsogaray,argentina,1942,Ingeniera,10,17.363598395837435,8.088984538510382e-5,2,1
4207,Luis Vicente Varela,varela,argentina,1845,Escritor y juez,31,17.35052037864212,1.1566615808023028e-4,2,1
650,Armando Holguín,holguín,colombia,1937,Abogado,131,17.287634820924282,2.3632328106040258e-4,3,1
3403,José Miguel Valdés Carrera,valdés_chile,chile,1837,agricultor y político,155,17.196399670234022,2.0741252354040802e-4,4,1
2364,Francisco de Paula González Vigil,gonzález_vigil,peru,1792,"Clérigo , político , periodista , educador , escritor",6,16.93883293904154,8.545100427356084e-5,1,1
1305,Cristián Maquieira,vicuña,chile,1949,Diplomático,4,16.575630869342117,3.774681012035296e-5,5,1
1851,Eustaquio Galavís Hurtado del Águila,lozano,colombia,1745,Abogado,17,16.34757134771123,7.676680734133389e-5,3,1
2437,Gerardo Ayerbe Chaux,ayerbe,colombia,1916,"Militar, diplomático y funcionario",5,16.091511969100132,3.4584563439671885e-5,8,1
5062,Nicolás de Araníbar,araníbar,peru,1767,"Abogado , magistrado y político",10,16.04765910152757,5.6608208897653215e-5,1,1
5369,Prilidiano Pueyrredón,pueyrredón,argentina,1823,"Arquitecto , pintor e ingeniero",4,15.626241855695538,4.4236656728403526e-5,2,1
6069,Vicente Augier,augier,argentina,1758,militar,4,15.182385193635515,5.1938746093477306e-5,2,1
72,Añas Colque,pizarro,chile,1500,NA,7,15.124113475177307,1.837467134660632e-4,19,4
766,Baltasar Unquera,garcía_de_zúñiga,uruguay,1766,Militar,12,15.076606983161179,8.82575612027248e-5,9,1
6129,Viridiana Alatriste,pinal_hidalgo,mexico,1963,Actriz,8,14.881118881118885,7.080100035148246e-5,6,1
5858,Simón Pešutić,pinto_chile,chile,1993,Actor,12,14.679767758912968,4.454232603707277e-5,5,1
4861,Mercedes Álvarez de Flores,álvarez_del_casal,colombia,1859,Escritora,6,14.556462843761624,9.404240531460029e-5,8,1
1225,Claudio Galán,galán,colombia,1974,Político y diplomático,8,14.555922941492396,4.18869216095244e-5,3,1
3277,José Gregorio Gutiérrez,caicedo,colombia,1781,Abogado Fiscal y Civil,5,13.971144738949617,5.9244096801752416e-5,7,1
4003,Lionel Edwards Atherton,edwards,chile,1888,Ingeniero,22,13.742121736057157,6.254602098911794e-5,5,1
5942,Teresa Lozano e Isasi,ayala,colombia,1780,NA,11,13.496926416217173,7.616394851408093e-5,3,1
4814,Matilde Ibáñez Tálice,saavedra,argentina,1907,Política,13,13.092695395998359,6.092557504107853e-5,8,1
696,Atahualpa,pizarro,chile,1497,NA,5,12.999999999999998,1.3808622654555802e-4,19,4
2841,Isabel Riquelme,cruz_chile,chile,1758,Política,5,12.879401736639494,4.768730535715544e-5,1,1
838,Bertha Rojas López,cerrón,peru,1948,"Licenciada en Español y Literatura , escritora , autora de literatura infantil",19,12.409774797881548,1.0505252042326953e-4,12,1
6149,Ximena Morla Lynch,vicuña,chile,1891,Escritora y pintora,7,11.980453351702817,4.026148056323026e-5,9,1
520,Anel Townsend,diez_canseco,peru,1965,Socióloga y Periodista,11,11.110783716196536,6.31047659583659e-5,1,1
3653,Juan José Pérez Vergara,montt,chile,1815,Hacendado,14,10.585818523038792,4.959080015080666e-5,4,1
2577,Guillermo Mackenna Serrano,mackenna,chile,1836,Agricultor y político,6,9.929528201602693,4.258021949758888e-5,8,1
4807,Mateo Paz Soldán,paz_soldán,peru,1812,"Matemático , astrónomo , geógrafo , abogado y poeta",16,9.490344136097738,6.14671243679006e-5,1,1
4523,María Josefa Sanz de Santamaría,sanz_de_santamaría,colombia,1793,NA,16,9.390139498001693,8.478812351602801e-5,3,1
2327,Francisco Torrijos y Rigueiros,torrijos,colombia,1704,"Jurista , Abogado",3,9.388441523607293,3.2916932705518276e-5,3,1
2367,Francisco de Valencia,valencia,colombia,1742,Político y funcionario,7,9.384615384615387,1.8187331560070013e-4,29,8
2426,Genaro Castro Iglesias,castro_taboada,peru,1865,"banquero , hacendado , y político",8,9.283874174754658,5.940591809884406e-5,1,1
5727,Salvador de Iturbide y Huarte,iturbide,mexico,1820,NA,3,9,2.243428867077229e-4,26,7
41,Ángel de Iturbide y Huarte,iturbide,chile,1816,NA,2,9,1.8204993546321125e-4,26,7
1961,Federica Matta,matta,chile,1955,NA,10,8.931574687721374,3.954072177857536e-5,4,1
876,César Borgia,borja,colombia,1475,NA,6,8.909090909090908,1.6408246903016444e-4,16,2
4795,Maruja Pachón,galán,colombia,1948,Periodista,11,8.69160602392428,6.413310806570191e-5,3,1
2751,Humberto Rodríguez Saá,rodríguez_saá,argentina,NA,NA,12,8.479183868956511,7.006656841708714e-5,2,1
5564,Ricardo Rodríguez Saá,rodríguez_saá,argentina,NA,Médico,12,8.479183868956511,7.006656841707853e-5,2,1
2171,Francisca Pizarro Yupanqui,pizarro,chile,1534,NA,7,8.451063829787234,1.797203808405234e-4,19,4
4587,María del Consuelo Alcalá-Galiano y Osma,valencia,colombia,1880,Política y condesa,8,8.285714285714285,2.0708526601820936e-4,29,8
5233,Paz Undurraga,undurraga,chile,1930,Cantante,7,8.21298283776823,6.872118865813295e-5,5,1
2318,Francisco Samper Madrid,samper,colombia,1889,Diplomático,6,8.164581248594379,3.499904842988971e-5,3,1
4712,Mario Cámpora,cámpora,argentina,1930,diplomático de carrera,5,7.896949157110384,4.140756635531669e-5,2,1
4125,Luis Felipe Calderón Reyes,calderón_colombia,colombia,1860,"Médico cirujano, académico, escritor, científico",71,7.776441383230871,1.4848692229544374e-4,3,1
1757,Enrique van Rysselberghe Herrera,van_rysselberghe,chile,1976,Ingeniero comercial y político,48,7.566476851308826,9.140642167522651e-5,5,1
4796,Matías Assler,vicuña,chile,1989,Actor,3,7.187083080025184,5.7416205798989375e-5,5,1
3023,Joaquín Samper Brush,samper,colombia,1869,Empresario,5,6.962963290827353,3.3266495445178146e-5,3,1
247,Alejandro Bunge,bunge,argentina,1880,"Economista , político",18,6.225277125621356,9.994167366313893e-5,2,1
3641,Juan José Feliciano Fernández Campero,campero,argentina,1777,Militar,6,6,2.1077263983896818e-4,55,25
3643,Juan José Gervasio Fernández-Campero,campero,argentina,1754,NA,6,6,2.04545420170279e-4,55,25
4788,Martha Érika Alonso,moreno_valle,mexico,1973,Diseñadora gráfica y política,33,5.991789366462817,1.1835291930416038e-4,6,1
4825,Mauricio Diez Canseco,diez_canseco,peru,1964,Empresario y productor de televisión,8,5.834797534800474,4.795159408311054e-5,1,1
1204,Clara Funes de Roca,paz,argentina,1849,Primera dama.,5,5.6244438468444296,4.083623432539496e-5,2,1
1623,Elvira Cárdenas,concha,colombia,1870,NA,7,5.374050160365949,5.5393983788953306e-5,8,1
3326,José Manuel Astigueta (hijo),astigueta,argentina,1918,Diplomático,5,5.31247925040383,4.026356008935916e-5,2,1
1245,Clorinda Málaga,málaga,peru,1905,Socialité,5,5.184815198482661,4.5058581862955903e-5,1,1
5939,Teresa Cuervo Borda,cuervo,colombia,1889,"Directora de museos, pintora y Gestora Cultural",15,5.168613859940153,6.442829437782934e-5,3,1
3036,Jofré Borgia,borja,colombia,1481,NA,5,4.909090909090909,1.360918392814236e-4,16,2
2766,Ignacio Cueto,cueto,chile,1964,Ingeniero comercial y empresario,7,4.736465945882319,3.5303550464383525e-5,5,1
5868,Sofía García,di_girolamo,chile,1982,Actriz y actriz de cine,3,4.717667407116481,3.353725979489602e-5,4,1
3314,José León Barandiarán,león_barandiarán,peru,1899,Abogado,13,4.636927039821776,8.709747674000641e-5,1,1
4571,María Teresa de Valencia y Junco Pimentel,valencia,colombia,1809,NA,9,4.615384615384616,1.997397104911469e-4,29,8
2844,Francisca de Jesús,borja,colombia,1498,NA,3,4.5,9.957249410246359e-5,16,2
1220,Claudia di Girolamo,di_girolamo,chile,1956,"Actriz (desde 1978) , directora de teatro (desde 1996) y dramaturga (desde 2011)",13,4.438837353123067,5.0460211640746616e-5,5,1
2777,Ignacio Ortiz de Zevallos,ortiz_de_zevallos,peru,1777,NA,7,4.4362711771847785,5.5967751721481986e-5,1,1
2133,Fernando Yunes Márquez,yunes,mexico,1982,"Abogado , politólogo y Político",39,4.121491038381184,1.3505930532162506e-4,6,1
5194,Patricia Lobeira Rodríguez,yunes,mexico,1982,Política y abogada,38,4.121491038381184,1.3387129962967955e-4,6,1
2096,Fernando María Campero Barragán,campero,bolivia,1808,Político y militar,5,4,1.926164515109934e-4,55,25
4458,Manuela Micaela Ignacia Fernández-Campero,campero,argentina,NA,NA,6,4,2.1026024057117099e-4,55,25
5279,Pedro Ignacio Lizarzaburu,borja,ecuador,1834,Abogado Doctor en jurisprudencia Coronel,4,4,1.6573475681141693e-4,58,27
1209,Claudia Celedón,garcía-huidobro,chile,1966,Actriz,8,3.8829088124737474,7.15286503810363e-5,5,1
546,Antonia Zegers,matte,chile,1972,Actriz,5,3.84509434304593,3.9095390167542945e-5,5,1
283,Alejandro Santos,calderón_colombia,colombia,1971,Expresidente del Grupo Semana Ex Director de la revista Semana,6,3.72563365961168,8.762542350448691e-5,3,1
433,Ana Echazarreta,sanfuentes,chile,1865,Política,5,3.6470414482201567,5.812120902223996e-5,4,1
2850,Isidoro Errázuriz,errázuriz,chile,1835,Periodista y político,2,3.590481380516759,3.9278266138682434e-5,99,1
866,Buenaventura Seoane,seoane_heredia,peru,1808,"Periodista , diplomático",12,3.5851874927108365,4.998044903075682e-5,1,1
1229,Claudio Vicuña Subercaseaux,subercaseaux,chile,1875,Agricultor y político,26,3.410217439338595,6.006111207725704e-5,4,1
4567,María Teresa Garcés,garcés,colombia,1946,"abogada, profesora y política",8,3.4022138230842827,4.494395369372852e-5,7,1
1003,Carlos Miró-Quesada Laos,miró_quesada,peru,1903,Periodista y Diplomático,6,3.3681996548669964,3.741147560728676e-5,1,1
5247,Pedro Antonio Restrepo,jaramillo_colombia,colombia,1815,"Empresario, educador, político, abogado",15,3.0786421093834497,6.086442666003897e-5,7,1
196,Alberto Muñoz Vernaza,borrero,ecuador,1860,"Abogado , diplomático , político , militar.",4,3,1.8027953269330162e-4,58,27
1821,Esther Boggini,podestá,argentina,1870,Actor,14,3,2.544294359537659e-4,17,3
2771,Ignacio José de Lizarzaburu,borja,colombia,1767,Terrateniente,6,3,2.3957390616004707e-4,58,27
4420,Manuel Tomás Luna Mujica,luna,peru,1832,Político y abogado,9,2.9999999999999996,3.275779577866682e-4,74,39
3519,Josefina Valencia,valencia,colombia,1913,"Diplomática, política y divulgadora cultural.",5,2.952035001094489,4.708256482453086e-5,7,1
87,Adalberto Vergara,vergara-azcárate,colombia,1885,Político y abogado,5,2.935339374396908,7.588626989468128e-5,3,1
5177,Pantaleón Gutiérrez,gutiérrez_díaz,colombia,1756,Político y empresario,8,2.726495726495726,8.739127539687932e-5,7,1
2464,Gertrudis Echeñique,echaurren,chile,1853,"Primera dama , matrona y obstetra",6,2.5779049611181115,4.8338760763177786e-5,4,1
2068,Fernando Caro Tanco,azuola,colombia,1910,Fotógrafo y periodista,9,2.4680636217477385,4.3261618008698156e-5,7,1
4800,Matías Oviedo,vicuña,chile,1979,Actor y músico,4,2.421261936589297,9.104658205233338e-5,5,1
4842,Maximiliano Duque,ospina,colombia,NA,Médico,5,2.3667851313502037,3.331324478411519e-5,7,1
614,Antonio Sebastián de Toledo Molina y Salazar,leyva,colombia,1622,Político y militar,7,2,2.3148584687495143e-4,73,38
4809,Mateo de Toro-Zambrano y Ureta,valdés_chile,chile,1727,NA,6,2,2.824317777391854e-4,82,46
5326,Pedro de Toledo y Leiva,leyva,colombia,1585,Político y militar,7,2,2.314858468747747e-4,73,38
588,Antonio José de Escalada,balcarce,argentina,1752,Político y Comerciante,19,1.8880237300704485,1.4702604551660017e-4,9,1
4531,María Luisa Godoy,matte,chile,1980,"Periodista , presentadora",5,1.845863037013714,3.575664913222663e-5,5,1
5125,Pía Figueroa Edwards,edwards,chile,1953,Escritora y política,2,1.7823454515335029,3.283705671482061e-5,5,1
2650,Héctor Zañartu Prieto,zañartu,chile,1880,Agricultor,22,1.724702809880221,5.449720888533375e-5,4,1
4475,María Clemencia Rodríguez de Santos,calderón_colombia,colombia,1961,Diseñadora Gráfica,6,1.6640407957354357,3.702416827845265e-5,8,1
3458,Grocio Prado,prado,peru,1857,Oficial militar,14,1.6187026606484471,6.726885631931841e-5,1,1
3963,Leoncio Prado,prado,peru,1853,Oficial naval,14,1.6187026606484471,6.726885631930874e-5,1,1
1635,Emilia de Toro,balmaceda,chile,1845,Primera dama,6,1.5453119132863766,4.6246930955959414e-5,4,1
4415,Manuel Solari Swayne,solari,peru,1914,"periodista, escritor, crítico",4,1.5254561997015594,3.5276800569098995e-5,1,1
3849,Julio César Vergara y Vergara,vergara-azcárate,colombia,NA,NA,4,1.467669687198454,6.683530256238595e-5,3,1
4066,Luis Alayza Escardó,alayza,peru,1915,Ingeniero agrónomo,12,1.4027273275334677,5.559600435156986e-5,1,1
5270,Pedro Felipe de Valencia,valencia,colombia,1767,"Político , diplomático , conde , poeta , militar",8,1.3043478260869565,1.86181826633279e-4,29,8
2532,Gregorio de Echaurren Herrera,echaurren,chile,1791,Político,9,1.2999088026311258,4.8617445980897786e-5,4,1
4218,Luisa Garmendia,pinto_chile,argentina,1797,Ama de casa,4,1.2821530834300068,3.3865371154548524e-5,4,1
1849,Eusebio Borrero,borrero,chile,1790,Militar,2,1.2509312106771855,3.113770148478427e-5,8,1
4510,María Gabriela Chávez,chávez,venezuela,1980,NA,8,1.2000000000000002,1.1636929866785599e-4,10,1
2705,Hernando Pizarro,pizarro,chile,1504,"Conquistador , explorador y gobernante colonial",5,1.2,0.00013624081585708025,19,4
1502,Douglas Botero Boshell,restrepo,colombia,1916,"Escritor, abogado, empresario, político, periodista, columnista",4,1.1432373657459545,3.290091766503541e-5,7,1
3491,José de Vergara Azcárate,vergara-azcárate,colombia,1684,"Sacerdote , Filósofo",3,1.1054176990382896,3.5904527899189233e-5,3,1
6077,Vicente Holguín,arboleda,colombia,1788,Empresario,7,1.0918627016146765,3.5654136695004214e-5,8,1
5739,Sandra O'Ryan,di_girolamo,chile,1960,Actriz,3,1.0916948928200225,3.063211216495617e-5,5,1
4362,Manuel María Mallarino Isaacs,cabal,colombia,1871,Periodista y político,7,1.0804953560371517,3.699307661338242e-5,7,1
5879,Soledad Orozco,ávila_camacho,mexico,1904,"Primera dama de México , servidora pública",9,1.0158664864547218,4.9350266761859164e-5,6,1
825,Bernardo Herrera Restrepo,restrepo,colombia,1844,NA,5,1,2.4914379888006546e-4,90,50
1100,Carolina Mestrovic,velasco_chile,argentina,1991,"Presentadora , cantante y actriz",6,1,2.4914379888006535e-4,94,54
1439,Diego Portales y Meneses,portales,peru,1689,NA,4,1,2.4914379888000025e-4,96,56
1645,Emilio Alcalá-Galiano y Osma,valencia,colombia,1881,"Político , conde y diplomático",9,1,2.0713879394640696e-4,29,8
2204,Francisco Coloma Pujades y Borja,leyva,colombia,1656,Militar,6,1,2.491437988800655e-4,103,60
5853,Simón Arboleda,arboleda,colombia,1824,"Político , diplomático , militar",4,1,2.4914379887996767e-4,106,63
5609,Roberto Thieme,pinochet,chile,1942,"Pintor , político , revolucionario , extremista de derechas, guerrillero y terrorista",3,0.8623056822913874,3.741695125568221e-5,5,1
3485,José de Mosquera y Prieto,mosquera,colombia,1707,NA,3,0.8386466165413532,9.191241647800932e-5,21,1
2490,Gloria Valencia de Castaño,lópez,colombia,1927,Periodista y presentadora de televisión,8,0.7608695652173914,7.202419363985419e-5,3,1
1008,Carlos O'Donnell y Anhetan,o'donnell,colombia,1772,Aristócrata y militar,6,0.75,1.024322383824552e-4,8,1
4200,Luis Ulloa,cisneros,peru,1869,Historiador,7,0.75,6.091517490472343e-5,11,1
1506,Ducado de San Carlos,carvajal_y_vargas,chile,NA,NA,3,0.7272727272727274,8.417619392203871e-5,9,1
739,Augusto Wiese Eslava,lavalle,peru,1886,"banquero , empresario y filántropo",6,0.6666666666666666,3.425991938418353e-5,1,1
3772,Juan de Dios Vial del Río,vial,chile,1779,Juez y político,4,0.6213463079577659,3.0913575927292836e-5,4,1
2264,Francisco Quijano Mosquera,mosquera,colombia,1790,NA,4,0.6000000000000001,7.194954348389589e-5,3,1
3863,Julio Holguín Arboleda,arboleda,colombia,1885,Escritor e historiador,5,0.5652466247559208,3.265041269854613e-5,8,1
2073,Fernando Caycedo,caicedo,colombia,1796,"Político , Militar",5,0.5354095266553647,3.456544423409557e-5,3,1
123,Agustín Edwards Budge,edwards,chile,1899,Empresario,9,0.527374177449295,3.52721152686203e-5,4,1
5869,Sofía Mosquera de Arboleda,arboleda,colombia,1824,Primera dama,11,0.5107142857142857,4.118236220829149e-5,7,1
3148,José Alfredo Gnecco Zuleta,gnecco,colombia,1976,Político y Administrador de Empresas,6,0.5,4.15639811390088e-5,4,1
4250,Magdalena Ortega de Nariño,álvarez_del_casal,colombia,1762,Activista,8,0.5,9.93875160639369e-5,3,1
2337,Francisco Urrutia Ordóñez,arboleda,colombia,1827,"Diplomático , Empresario",5,0.4,5.25796504208802e-5,3,1
4365,Manuel María Mosquera,arboleda,colombia,1800,"Escritor , periodista , político",5,0.3529411764705882,8.074008917233084e-5,21,1
4160,Luis María de Silva y Carvajal,carvajal_y_vargas,chile,1876,NA,5,0.3333333333333333,9.53907450227255e-5,9,1
5252,Pedro Balmaceda,balmaceda,chile,1868,Periodista,6,0.3333333333333333,4.385653446707821e-5,4,1
5870,Sofía Ospina de Navarro,ospina,colombia,1892,Escritora,4,0.31280537258502256,4.9725366539173256e-5,7,1
4683,Mariano Ospina Rodríguez (militar),ospina,colombia,NA,NA,2,0.2930232558139535,3.385826668771199e-5,3,1
3395,José Medina Calderón,calderón_colombia,colombia,1854,Político,3,0.28273809523809523,3.0443557311589056e-5,7,1
2833,Isabel Lleras de Ospina,lleras,colombia,1909,Escritora y poetisa,5,0.2608695652173913,3.327593704862145e-5,3,1
4973,Miguel Wenceslao de Angulo,angulo,colombia,1813,Abogado,7,0.25,4.427265091530074e-5,8,1
3310,José Joaquín Vicuña,vicuña,chile,1786,Político,3,0.22662654467920657,2.9587505972333916e-5,4,1
4636,Margarita Holguín Caro,caro,colombia,1875,Pintora,8,0.1935483870967742,4.6736764074340366e-5,7,1
1186,Christian Bach,pinal_hidalgo,argentina,1959,"actriz , productora y abogada",5,0.18181818181818182,1.4004220212857695e-4,6,1
3506,Josefa Dominga Balcarce,balcarce,argentina,1836,Activista,6,0.1764705882352941,8.273598599825938e-5,9,1
4834,Mauricio Riesco Droguett,echaurren,chile,1814,Abogado y Agricultor,5,0.17646414887794198,3.0950676527824586e-5,4,1
1544,Eduardo García-Mansilla,garcía-mansilla,argentina,1871,"Diplomático , músico",7,0.13043478260869565,9.968704524169403e-5,2,1
5437,Rafael García Mansilla,garcía-mansilla,argentina,1865,Militar,5,0.13043478260869565,7.998136914237515e-5,2,1
4030,Lorenzo Montt,montt,chile,1866,Abogado y político,4,0.09230769230769231,3.173117967113532e-5,4,1
1602,Elena Larraín Valdés,valdés_chile,chile,1918,Activista política,6,0.04878048780487805,3.203533401276602e-5,4,1
74,Aaron Pavlovsky,pavlovsky,argentina,1856,NA,9,0,1.9382369950258276e-4,43,17
73,Aarón de Anchorena,anchorena,argentina,1877,Aviador y estanciero,12,0,7.232599273003257e-5,2,1
76,Abel Casabianca,camacho,colombia,1886,Empresario y político,3,0,3.0195350148927754e-5,7,1
77,Abelardo Carranza Strasburger,carranza,mexico,1896,Militar,3,0,9.59539598267557e-5,6,1
78,Abelardo Vásquez,vásquez,peru,1929,"músico, cantautor",5,0,1.804070903177289e-4,85,47
83,Acevedo (Colombia),acevedo_colombia,colombia,NA,NA,14,0,7.149815473206645e-5,3,1
84,Acisclo Villarán,villarán,peru,1841,"Escritor , periodista y poeta",10,0,6.138110637288418e-5,1,1
88,Adela Crooke,osma,peru,1863,"Coleccionista de arte , pintora , acuarelista , ilustradora y fotógrafa",18,0,6.686461109994157e-5,1,1
91,Adolfo Ballivián,ballivián,bolivia,1831,Político y militar,13,0,2.0430077670791915e-4,9,1
92,Adolfo Ballivián Grimwood,ballivián,bolivia,NA,Diplomático,10,0,1.6356996396950322e-4,9,1
96,Adolfo Constanzo,gonzález_del_valle,mexico,1962,NA,3,0,1.7070963997344203e-4,67,34
99,Adolfo Jara Heyn,jara_saguier,paraguay,1965,NA,7,0,1.7070963997330038e-4,34,12
103,Adolfo Piossek,prebisch,argentina,1886,Académico,6,0,1.0098044476827673e-4,2,1
112,Adriana Arboleda,arboleda,colombia,1978,"Presentadora de televisión , Modelo",1,0,3.239887396773099e-5,7,1
113,Adriana Cecilia Barcia,alsogaray,argentina,1952,Profesora,7,0,7.43799070822487e-5,2,1
119,Adriana de Verneuil,de_la_puente,peru,1864,"escritora, memorista",15,0,7.868595821948966e-5,1,1
121,Agostino Rocca,rocca,argentina,1895,Empresario,4,0,6.93353266694418e-5,15,1
122,Agripina Samper Agudelo,samper,colombia,1833,Poetisa y escritora,2,0,2.891001513848544e-5,3,1
128,Agustín Fernando de Pinedo,pinedo,argentina,NA,Militar,5,0,4.757777303155333e-5,2,1
130,Agustín Jerónimo de Iturbide,iturbide,mexico,1807,NA,1,0,9.451891718038568e-5,26,7
133,Agustín Morales Olaya,olaya,colombia,1875,"Militar , político",148,0,2.461743086813582e-4,7,1
139,Agustín Vial Santelices,vial,chile,1772,"Militar , abogado y político",34,0,1.0696596719511007e-4,9,1
140,Agustín de Escalada Iriondo,escalada_(de_burgos),argentina,1908,Juez,5,0,1.702373693085971e-4,69,35
142,Agustín de Iturbide y Green,iturbide,mexico,1863,NA,1,0,1.0297766856788037e-4,26,7
143,Agustín de Pinedo,pinedo,argentina,1789,Militar,5,0,4.757777303155095e-5,2,1
144,Agustín de Rojas y Cortés Monroy,cortés_de_monroy,chile,NA,NA,10,0,1.295920857260111e-4,13,1
145,Agustín de Salazar y Muñatones,salazar_y_muñatones,peru,1702,NA,9,0,1.0386360901106698e-4,10,1
151,Aislinn Derbez,derbez,mexico,1986,"Actriz, modelo y artista visual",19,0,1.3334546966941292e-4,6,1
152,Albert Cussen,mackenna,chile,1950,"Ingeniero civil , empresario y consultor",310,0,3.138191882035814e-4,4,1
158,Alberto Ballerini,podestá,argentina,1886,Actor,2,0,7.656864640603147e-5,17,3
164,Alberto Bustamante Belaúnde,belaúnde,peru,1950,Abogado,124,0,2.1997948024663052e-4,1,1
165,Alberto Camacho Leyva,camacho,colombia,NA,NA,3,0,3.0213994702444104e-5,7,1
171,Alberto Durant,cayo,peru,1951,Director de cine y guionista,6,0,1.24433603927902e-4,14,1
174,Alberto Ezcurra Uriburu,uriburu,argentina,1937,Sacerdote católico y político,13,0,6.762588598794397e-5,2,1
178,Alberto Gainza Paz,paz,argentina,1899,"Periodista , activista político y político",126,0,2.7773757147049193e-4,2,1
180,Alberto García Granados,garcía_granados,mexico,1848,Político,7,0,7.379166396694551e-5,9,1
181,Alberto Gelly Cantilo,cantilo,argentina,1887,Arquitecto,2,0,4.819765045951264e-5,2,1
177,Alberto Gálvez Olaechea,gálvez,peru,1953,Periodista y escritor,9,0,4.912734303460788e-5,1,1
182,Alberto Héber Usher,heber,uruguay,1918,Político y agente de bolsa,78,0,1.346341544001692e-4,8,1
183,Alberto Jara Saguier,jara_saguier,paraguay,1943,NA,7,0,1.707096399732655e-4,34,12
184,Alberto Labbé Galilea,galilea,chile,NA,Diplomático,9,0,5.212179343826217e-5,5,1
185,Alberto Labbé Troncoso,galilea,chile,1921,Oficial militar,12,0,5.958346402214602e-5,5,1
187,Alberto Lleras Puga,camargo,colombia,1936,Músico,18,0,6.765165164336879e-5,3,1
188,Alberto Loret de Mola,loret_de_mola,peru,1928,NA,4,0,3.4887942968693574e-5,6,1
201,Alberto Rodríguez Larreta,rodríguez_larreta,argentina,1934,NA,8,0,4.3652975334188564e-5,2,1
203,Alberto Salinas Carranza,carranza,mexico,1892,Político y militar,100,0,2.536742587885797e-4,6,1
204,Alberto Soto de la Jara,polar,peru,1909,Diplomático,17,0,6.785175403292612e-5,1,1
205,Alberto Terrazas Cuilty,creel-terrazas,mexico,1869,Militar,5,0,7.213114130864388e-5,6,1
210,Alberto Urdaneta,urdaneta,colombia,1845,"Pintor, escritor, militar, grabadista, periodista, agricultor, académico, político, arquitecto, fotógrafo, caricaturista.",146,0,2.4324469990662974e-4,7,1
214,Alberto Uribe Urdaneta,restrepo,colombia,1918,Sacerdote católico (desde 1942) y obispo católico (desde 1954),3,0,3.013492323957476e-5,7,1
215,Alberto Valcárcel Acuña,valcárcel,peru,1944,"poeta , narrador",9,0,1.0187848760548373e-4,12,1
221,Alberto Yabar Palacios,yábar,peru,NA,Político y coleccionista de arte,8,0,1.1898107500135465e-4,12,1
226,Alcides Ames Márquez,amez,peru,1937,"Ingeniero , Glaciólogo",8,0,9.597107023936533e-5,36,1
230,Aleida Guevara,guevara,argentina,1960,Médico,17,0,8.044968169680717e-5,2,1
232,Aleida March,guevara,argentina,1936,ama de casa,19,0,9.137485097891336e-5,2,1
234,Alejandra Botero Barco,barco,colombia,1978,Economista,11,0,6.936393614799465e-5,3,1
235,Alejandra Guzmán,pinal_hidalgo,mexico,1968,"Cantante , actriz",3,0,3.412522412998922e-5,6,1
236,Alejandra de Cima Aldrete,azcárraga,mexico,1972,"Filántropa, coleccionista de arte",9,0,9.114259658184502e-5,6,1
242,Alejandro Awada,awada,argentina,1961,actor,6,0,7.827775623848806e-5,2,1
251,Alejandro Carrillo Marcor,fernández_veraud,mexico,1908,Diplomático,7,0,6.367050083107542e-5,6,1
254,Alejandro Ciangherotti,soler,argentina,1912,Actor . Actor de doblaje,21,0,2.0197744153948845e-4,15,1
255,Alejandro Ciangherotti II,soler,argentina,1940,Actor,19,0,1.8579739368530747e-4,15,1
257,Alejandro Echavarría,echavarría,colombia,1859,Empresario,20,0,2.2978245317104612e-4,32,1
262,Alejandro Gallinal,heber,uruguay,1872,"médico, político, estanciero",78,0,1.3513283728668198e-4,8,1
261,Alejandro Gómez Maganda,gómez_maganda,mexico,1910,Abogado y político,102,0,2.5777191301834464e-4,6,1
271,Alejandro Lukini,reyes_spíndola,mexico,1967,"Actor , actor de televisión, modelo , conductor",3,0,1.0216508379666199e-4,6,1
279,Alejandro Pavlovsky,pavlovsky,argentina,1865,Periodista y escritor,6,0,1.3911001354482183e-4,43,17
284,Alejandro Snopek,snopek,argentina,1972,ingeniero agrónomo y político,5,0,3.817039944746041e-5,2,1
285,Alejandro Tudela Chopitea,miró_quesada,peru,1953,"Abogado , periodista , escritor",6,0,4.1638031883589976e-5,1,1
286,Alejandro Urtubey,urtubey,argentina,1960,Piloto de automovilismo y empresario,4,0,4.845790676809815e-5,2,1
289,Alejandro Velasco Astete,astete,peru,1897,Piloto de aviación,9,0,9.459942246240444e-5,18,1
291,Alejandro Wills,wills,colombia,1887,"Compositor , cantante , guitarrista y arreglista musical",3,0,6.44988974766623e-5,3,1
292,Alejandro Zea,zea,colombia,1972,NA,10,0,5.9480963559282405e-5,3,1
293,Alejo Peralta,díaz_ceballos,mexico,1916,Empresario,9,0,7.443264546027314e-5,6,1
294,Alessa Wichtel,alarco,peru,1994,Actriz y escritora,2,0,7.907787682789403e-5,86,1
295,Alessandra Denegri,denegri,peru,1986,Actriz,4,0,4.4510768675867016e-5,1,1
296,Alessandra Guerzoni,portales,chile,1968,Actriz y productora de teatro,3,0,2.8467437526532203e-5,4,1
297,Alessandra Rosaldo,derbez,mexico,1971,"Cantante , compositora , bailarina , actriz , presentadora",18,0,1.2762866781741936e-4,6,1
298,Alessandra de Osma,osma,peru,1988,NA,15,0,6.066909153021566e-5,1,1
300,Alessia Rovegno,cayo,peru,1998,Modelo reina de belleza cantante emprendedora,9,0,1.7514455895330597e-4,14,1
303,Alexandra Graña,graña,peru,1976,Actriz y cantante,6,0,6.0533376846161343e-5,1,1
304,Alexandra Moreno Piraquive,piraquive,colombia,1969,"Abogada , Política , diplomática y empresaria",9,0,1.6413459139918694e-4,70,1
305,Alexis Mac Allister,mac_allister,argentina,1998,NA,4,0,6.436670439449756e-5,2,1
306,Alexis Rodríguez Cabello,cabello,venezuela,1965,Militar,7,0,8.369795319437184e-5,10,1
309,Alfonso Cano Isaza,cano,colombia,1927,Periodista,16,0,9.5713195800124e-5,3,1
313,Alfonso Herrera Mendoza,herrera_salcedo,mexico,1870,Enseñante,4,0,1.707096399734192e-4,108,65
314,Alfonso Herrera Salcedo,herrera_salcedo,mexico,1898,Diplomático,4,0,1.7070963997328875e-4,108,65
326,Alfredo Aramburú,aramburú,peru,1956,Chef y empresario,10,0,4.904976844948595e-5,1,1
330,Alfredo Benavides Diez-Canseco,benavides_perú,peru,1881,Diplomático y deportista,3,0,1.707096399734192e-4,109,66
331,Alfredo Boulton,boulton_venezuela,venezuela,1908,Fotógrafo,6,0,1.7070963997335012e-4,44,18
332,Alfredo C. Ferreyros Gaffron,ferreyros,peru,1916,empresario,18,0,1.0392545625407562e-4,1,1
334,Alfredo Díaz Ordaz,díaz_ordaz,mexico,1950,Cantante,11,0,1.065650688416731e-4,6,1
338,Alfredo Félix Díaz Escobar,llaca,mexico,1906,Escritor y político,4,0,9.647464629877812e-5,6,1
345,Alfredo Hoyos Mazuera,mazuera,colombia,1946,Empresario,1,0,6.020428584053012e-5,5,1
348,Alfredo Portales Mourgues,portales,chile,1892,Militar,19,0,5.955032918216692e-5,5,1
352,Alfredo Schmidt,schmidt,chile,1940,"Ingeniero civil , empresario y dirigente gremial",12,0,4.5010554610006735e-5,5,1
359,Alfredo del Mazo Vélez,del_mazo,mexico,1904,Ingeniero y político,107,0,2.691770894771578e-4,6,1
325,Alfredo Álvarez-Calderón,álvarez_calderón,peru,1882,abogado y diplomático,237,0,3.1773583996221266e-4,1,1
362,Alicia Cazzaniga,bullrich,argentina,1928,Arquitecta,13,0,9.673808831334793e-5,2,1
363,Alicia Kirchner,kirchner,argentina,1946,Política y docente,62,0,1.771987851100437e-4,2,1
364,Alicia Maguiña,málaga,peru,1938,Cantante y compositora,2,0,1.707096399734192e-4,110,67
366,Alicia Puyana Mutis,mutis,colombia,1940,Economista,6,0,1.3895321305214354e-4,42,1
369,Aline Kuppenheim,cruz-coke,chile,1969,Actriz y directora de teatro,12,0,7.36346400528735e-5,5,1
370,Alita Román,podestá,argentina,1912,Actriz,2,0,7.804998806175216e-5,17,3
371,Alma Dayer LeBaron,lebaron,mexico,1886,religioso,5,0,8.251075296363829e-5,6,1
373,Alma Delfina,pinal_hidalgo,mexico,1960,"Actriz de televisión, actriz de teatro y actriz de cine",2,0,3.462470982808223e-5,6,1
374,Alma Guillermoprieto,guillermoprieto,mexico,1949,"escritora , periodista , bailarina , profesora",1,0,2.6865698017476293e-5,4,1
375,Alma Sapag,sapag,argentina,1952,Docente,22,0,1.4490420853103357e-4,27,1
376,Alois Schreiber,schreiber,peru,1825,Político,6,0,4.0830916017981194e-5,1,1
379,Alonso Cano (actor),cano,peru,1982,Actor,14,0,8.672057075154876e-5,3,1
383,Alonso Hernández Portocarrero,pizarro,colombia,1480,Militar y Regidor,3,0,6.009693850884272e-5,13,1
386,Alonso I de Fonseca,ulloa,peru,1415,Sacerdote católico y estadista,10,0,8.926363837648231e-5,11,1
387,Alonso López de Mayorga,olmos,colombia,1566,"Militar , funcionario",10,0,8.917255887114822e-5,3,1
390,Alonso Tito Atauchi,tito,peru,1532,NA,7,0,1.8351997972758377e-4,19,4
392,Alonso Ulloa de Fonseca Quijada,ulloa,peru,1422,Sacerdote católico y obispo católico (desde 1470),10,0,8.926363837647958e-5,11,1
393,Alonso de Carrillo,carrillo_de_albornoz,peru,NA,NA,13,0,1.6194467763190647e-4,23,5
394,Alonso de Castilla Tito Atauchi Inca,tito,peru,NA,Noble y administrador virreinal,4,0,1.1380143295274953e-4,19,4
395,Alonso de Olmos,olmos,colombia,1517,"explorador , conquistador , alcalde",10,0,8.917255887114568e-5,3,1
397,Amada Díaz,díaz,mexico,1867,NA,13,0,8.882744952724401e-5,9,1
398,Amadeo Rodríguez Vergara,ospina,colombia,1879,"Militar, Político y Diplomático",124,0,1.839586314408767e-4,8,1
402,Amador Vaz de Alpoim,alpoim,argentina,1568,Explorador,3,0,1.3607152375338957e-4,2,1
403,Amador del Solar Cárdenas,del_solar,peru,1863,"Político , diplomático",242,0,3.2425607079823406e-4,1,1
404,Amalia Amoedo,fortabat,argentina,1976,"Filántropa, coleccionista de arte, artista visual",13,0,9.345005697093084e-5,2,1
405,Amalia Lacroze de Fortabat,fortabat,argentina,1921,"Empresaria , coleccionista",13,0,9.447807101405111e-5,2,1
409,Ambrosio López,lópez,colombia,1809,"Comerciante, activista político, militar",135,0,2.4211406572136447e-4,3,1
412,Ambrosio de Lezica (padre),lezica,argentina,1785,Político y comerciante,2,0,1.7070963997326027e-4,87,48
416,Amez,amez,peru,NA,NA,8,0,9.597107023936277e-5,36,1
417,Amin Yoma,yoma,argentina,1976,"Director de cine , actor de cine , guionista y productor de cine",12,0,7.298968784551526e-5,2,1
418,Amira Yoma,yoma,argentina,1952,Política,12,0,7.29896878455126e-5,2,1
419,Amparo Ballivián,ballivián,bolivia,1960,Economista y funcionaria,7,0,1.2252142604893517e-4,9,1
435,Ana Falú,falú,argentina,1947,Arquitecta,3,0,1.0698507868433862e-4,2,1
438,Ana Luisa Devés,undurraga,chile,1952,Arquitecta,6,0,5.3793582034143183e-5,5,1
439,Ana Luz Figueroa,pinto_chile,chile,1971,Actriz,2,0,2.8965694119709953e-5,5,1
441,Ana María Busquets,cano,colombia,1935,Presidenta Fundación Guillermo Cano Isaza,17,0,1.0224478375116963e-4,3,1
448,Ana María Romero,campero,bolivia,1941,"Periodista , escritora , política y jurista",3,0,1.707096399734192e-4,111,68
449,Ana María Salvadora de Otálora y Ribero,otálora,argentina,1762,NA,19,0,1.2838849828250765e-4,2,1
450,Ana María Vicuña,vicuña,chile,1947,Profesora,6,0,6.042935549554654e-5,4,1
451,Ana María Westphalen,miró_quesada,peru,1950,NA,2,0,2.812423527597736e-5,1,1
453,Ana Monterroso de Lavalleja,lavalleja,uruguay,1791,Patriota,6,0,7.211950157246579e-5,8,1
455,Ana Perichon,o'gorman,argentina,1775,NA,10,0,2.14220727765205e-4,45,19
456,Ana Wills,wills,colombia,1984,Actriz,3,0,6.449889747666002e-5,3,1
457,Ana de Azcuénaga de Olaguer Feliú,azcuénaga,argentina,1770,NA,19,0,1.5559664196999106e-4,9,1
459,Anacarsis Lanús,lanusse,argentina,1820,Empresario y proveedor,9,0,8.584795896515839e-5,2,1
460,Anacarsis Lanús (hijo),lanusse,argentina,NA,NA,9,0,8.58479589651518e-5,2,1
515,Andrea García-Huidobro,garcía-huidobro,chile,1984,Actriz y directora de teatro,6,0,5.133163384813446e-5,5,1
517,Andrea Palma (actriz),bracho,mexico,1903,Actriz,8,0,1.6627379523193652e-4,47,20
518,Andrea Revueltas,revueltas_sánchez,mexico,1938,"filósofa, escritora, profesora, polítologa",9,0,1.7702657719789736e-4,48,21
513,Andreína Baduel,baduel,venezuela,1986,"Activista, periodista",5,0,8.595381224862462e-5,10,1
466,Andrés Aramburú Salinas,aramburú,peru,1883,Periodista,16,0,6.056700835531289e-5,1,1
471,Andrés Balanta,balanta,colombia,2000,NA,12,0,1.7070963997322283e-4,24,6
473,Andrés Bolognesi,bolognesi,peru,1775,Músico,12,0,1.5372493941003877e-4,46,1
479,Andrés Farías Benavides,farías,mexico,1845,Emprendedor,6,0,8.223945000827738e-5,6,1
480,Andrés Holguín,holguín,colombia,1918,"Escritor, periodista, abogado",74,0,1.5625778714965793e-4,3,1
481,Andrés Ibarra (militar),toro_venezuela,venezuela,1807,Militar,5,0,7.235780889992547e-5,10,1
482,Andrés Llinás,llinás,colombia,1997,NA,3,0,4.20235886142772e-5,7,1
484,Andrés Martínez de Orihuela,orihuela,peru,1795,"Político, periodista y magistrado",12,0,8.557834259467237e-5,12,1
485,Andrés Niño,niño,colombia,1476,Explorador y navegante,3,0,1.707096399734192e-4,112,69
492,Andrés Prieto,prieto,chile,1928,NA,3,0,4.912752425436979e-5,3,1
493,Andrés Roca Rey,roca_rey,peru,1996,Torero,2,0,7.031761269668634e-5,12,1
495,Andrés Sanfuentes,sanfuentes,chile,1939,"Economista , académico y consultor",310,0,3.1381918820351865e-4,4,1
496,Andrés Soler,soler,mexico,1898,Actor de cine y actor de televisión,13,0,1.3615525875035572e-4,15,1
498,Andrés Velasco (actor),velasco_chile,chile,1974,Actor,1,0,4.5708169201411654e-5,5,1
505,Andrés de Madariaga y Morales,madariaga,colombia,1724,NA,4,0,4.310102783492877e-5,3,1
506,Andrés de Salazar y Muñatones,salazar_y_muñatones,peru,1691,NA,13,0,1.3527774835900305e-4,10,1
463,Andrés Álvarez-Calderón,álvarez_calderón,peru,1821,Político,1,0,3.1880410620597243e-5,1,1
521,Anexo:Familia Lleras,anexos:familias_de_colombia,colombia,NA,NA,3,0,1.7070963997344203e-4,71,36
522,Anexo:Familia Pumarejo,pumarejo,colombia,NA,NA,10,0,5.919968642323936e-5,7,1
523,Angélica Castro,garcía-huidobro,chile,1972,Modelo y actriz,2,0,2.940441665035039e-5,5,1
524,Angélica Jovita García,garcía-mansilla,argentina,1869,Filántropa,2,0,5.198524093052242e-5,2,1
525,Angélica Mayolo Obregón,obregón,colombia,1990,"Abogada , política",8,0,5.9417512139934476e-5,3,1
529,Anna Carina,copello,peru,1981,Cantante compositora actriz presentadora,1,0,1.707096399734192e-4,113,70
530,Anna Chiappe,mariátegui,peru,1898,Directora y concejala,21,0,6.347547548651133e-5,1,1
531,Annabella Azín,noboa,ecuador,1961,Política y médica,15,0,0.00010916339676294789,10,1
532,Anselmo González del Valle,gonzález_del_valle,mexico,1852,"Compositor , pianista , coleccionista y mecenas",3,0,1.7070963997338224e-4,67,34
534,Anselmo Sáenz Valiente,pueyrredón,argentina,1755,Empresario,2,0,3.84741028364915e-5,9,1
539,Antonia Maza,maza,argentina,1804,Primera dama,13,0,6.497108381423279e-5,9,1
542,Antonia Ricaurte Nariño,nariño,colombia,1800,NA,13,0,8.668138670377963e-5,7,1
543,Antonia Santa María,monckeberg,chile,1982,Actriz y cantante,9,0,4.744442183943472e-5,5,1
544,Antonia Santos,santos,colombia,1782,Militar,9,0,5.6441556274451744e-5,3,1
548,Antonino Taboada,taboada,argentina,1814,Militar y político,3,0,6.273735959074579e-5,9,1
565,Antonio Candioti y Mujica,candioti,argentina,1701,NA,13,0,7.24124778630148e-5,2,1
568,Antonio Dellepiane,avellaneda,argentina,1861,"Jurista, Director del Museo Histórico Nacional",8,0,6.27309706539076e-5,2,1
569,Antonio Febres-Cordero,febres-cordero,venezuela,1872,Escritor y abogado,10,0,1.2047403968258595e-4,10,1
574,Antonio Galeana,galeana,mexico,1780,Militar,3,0,1.7070963997344203e-4,72,37
573,Antonio Galán,galán,colombia,1952,"Ingeniero, político, catedrático",3,0,3.134966586620053e-5,3,1
577,Antonio González Guevara,gonzález_guevara,mexico,1913,Médico,2,0,3.2208152505203175e-5,6,1
581,Antonio Gutiérrez y Galleguillos,galleguillos,chile,1770,Político,10,0,1.1221527621505576e-4,13,1
579,Antonio Guízar y Valencia,guízar,mexico,1879,NA,9,0,1.7070963997331084e-4,30,9
570,Antonio Gálvez Ronceros,gálvez,peru,1932,Escritor y Profesor,9,0,4.91273430346051e-5,1,1
572,Antonio Gómez de Galleguillos,galleguillos,chile,1629,"Hacendado , Terrateniente , Militar , explorador , conquistador , poblador y gobernante colonial",10,0,1.1221527621505862e-4,13,1
586,Antonio José Restrepo,restrepo,colombia,1855,"Escritor , consejero legal, historiador , economista y político",130,0,2.3421873500232188e-4,3,1
587,Antonio José Sucre Alcalá,sucre,venezuela,1831,Periodista y militar,10,0,1.0795374022392179e-4,10,1
590,Antonio Lanusse,lanusse,argentina,1913,Ingeniero,7,0,6.932237875388528e-5,2,1
596,Antonio Manuel Silva,campero,argentina,1839,"Médico, militar y político",126,0,2.7773757147046715e-4,2,1
599,Antonio Morales Galavis,galvis_galavís,colombia,1784,Militar y Abogado,5,0,4.761783771881457e-5,3,1
601,Antonio Nariño Ortega,álvarez_del_casal,colombia,1791,Militar,6,0,7.382761399703008e-5,3,1
605,Antonio París Ricaurte,parís,colombia,1793,"Militar , político",6,0,6.05022121665267e-5,8,1
606,Antonio París Sanz de Santamaría,parís,colombia,1818,NA,3,0,3.0477758477493987e-5,8,1
612,Antonio Samper Uribe,samper,colombia,1864,Militar,2,0,5.959234379569308e-5,3,1
616,Antonio Valdés (actor),valdés,mexico,1930,Actor comediante,10,0,1.425214727173136e-4,25,1
621,Antonio de Berrío,berrío,colombia,1527,Explorador y militar,7,0,4.327752723093924e-5,7,1
624,Antonio de Mier y Celis,mier_y_terán,mexico,1834,Diplomático y banquero,6,0,1.0279321253433127e-4,6,1
625,Antonio de Ulloa,remírez_de_laredo,peru,1716,"Naturalista , escritor , militar y astrónomo",10,0,2.534385768429787e-4,60,28
626,Antonio de Undurraga,undurraga,chile,1911,"Abogado , escritor , poeta y ensayista .",4,0,4.777928140293056e-5,5,1
632,Aparicio Podestá,podestá,argentina,1897,Actor y actor de cine,6,0,1.1695308037713299e-4,17,3
634,Aquiles Concha Stuardo,concha_chile,chile,1885,Ingeniero y político,34,0,1.3147592961848176e-4,11,1
635,Aquiles Vergara,vicuña,chile,1895,"Político , soldado e historiador",19,0,5.955032918216434e-5,5,1
639,Araceli Julián,valdés,mexico,1929,Cantante compositora,12,0,1.664241771102398e-4,25,1
640,Araceli Vitta,garcía-huidobro,chile,1973,Actriz (desde 1987),2,0,2.940441665035039e-5,5,1
641,Aracely García-Granados,garcía_granados,mexico,1969,Directora (desde 2009) y asesora (1995-2009),7,0,7.379166396694264e-5,9,1
644,Argentina Austral,braun,argentina,NA,NA,7,0,8.047520607985151e-5,2,1
645,Argentinisches Tageblatt,alemann,argentina,NA,NA,6,0,6.751109601592999e-5,2,1
646,Argentino Podestá,podestá,argentina,1891,Actor,2,0,6.321750221541878e-5,17,3
647,Ariadne Welter,pinal_hidalgo,mexico,1930,Actriz,2,0,4.404478758914694e-5,6,1
648,Ariel López Padilla,fernández_veraud,mexico,1962,"Actor , actor de televisión, actor de cine y bailarín de ballet",6,0,7.262623051980274e-5,6,1
652,Armando Sánchez Málaga,málaga,peru,1929,Director de orquesta,3,0,4.9692501963130246e-5,12,1
655,Arnaldo Panizo,panizo,peru,1839,Militar,2,0,1.7070963997326027e-4,89,49
658,Artidoro García Godos,garcía_godos,peru,1844,"Matemático , catedrático universitario",4,0,1.707096399734192e-4,114,71
665,Arturo Borja,borja,ecuador,1892,Escritor y poeta,3,0,5.479919840309568e-5,10,1
666,Arturo Bullrich,bullrich,argentina,1899,NA,13,0,1.0504118377483679e-4,2,1
671,Arturo Fernández Vial,vial,chile,1858,Marino,1,0,2.9043503288166774e-5,5,1
675,Arturo Gutiérrez-Zamora Tejeda,gutiérrez_zamora,mexico,1917,Banquero,1,0,1.707096399734192e-4,115,72
676,Arturo Heber Füllgraff,heber,uruguay,1950,"Político , productor agropecuario",78,0,1.3463415440014034e-4,8,1
679,Arturo Mackenna Shiell,mackenna,chile,1919,"Ingeniero civil , empresario y consultor",3,0,2.835903911614262e-5,4,1
687,Arturo Rawson,rawson,argentina,1885,Militar,3,0,6.627004645140923e-5,2,1
688,Arturo Rodríguez Jurado,"rodríguez_(san_luis,_argentina)",argentina,1907,NA,5,0,4.2008698292582416e-5,2,1
691,Arturo Valencia Zea,valencia,colombia,1914,Jurista,70,0,1.469633592473672e-4,3,1
694,Asia Villegas,villegas_venezuela,venezuela,1959,Política,16,0,1.3360332796695187e-4,10,1
695,Astrid Lander,lander,venezuela,1962,Escritora y poetisa,9,0,8.784745169190301e-5,10,1
697,Atala Sarmiento,ponce_de_león,mexico,1972,"conductora, periodista",11,0,6.73963650460909e-5,8,1
701,Augusto Althaus,althaus,peru,1827,Político y militar,15,0,1.143002844211524e-4,28,1
707,Augusto Bolognesi,bolognesi,peru,1864,Militar,9,0,1.193531148611559e-4,46,1
708,Augusto Bullrich,alvear,argentina,1803,NA,3,0,7.878328602423897e-5,2,1
710,Augusto Conte Lerdo de Tejada,lerdo_de_tejada,mexico,1823,Diplomático,6,0,4.189138662756096e-5,6,1
712,Augusto Durand Maldonado,durand,peru,1870,Abogado y empresario agrícola,5,0,4.083702740385309e-5,1,1
713,Augusto F. León Paredes,león_barandiarán,peru,1866,Político,9,0,6.808060131000836e-5,1,1
715,Augusto Galán,galán,colombia,1956,Médico y Político,1,0,2.7520852619482677e-5,3,1
718,Augusto Larraín,gandarillas,chile,1905,NA,12,0,4.9115147027855555e-5,9,1
719,Augusto Larreta,rodríguez_larreta,argentina,1926,"actor , abogado , periodista , escritor , pintor , cantante",8,0,4.365297533418611e-5,2,1
722,Augusto Luna Llamas,luna,peru,1868,Político,3,0,1.1842020070234643e-4,74,39
729,Augusto Seminario y Váscones,seminario,peru,1833,Político y oficial militar,12,0,1.8336462335802046e-4,31,10
730,Augusto Solari,solari_argentina,argentina,1992,NA,8,0,1.6677196849498174e-4,33,11
734,Augusto Thorndike (periodista),thorndike,peru,1975,Periodista,4,0,4.0465613617125156e-5,1,1
741,Aurelia Gabriela Tizón de Perón,perón,argentina,1902,Profesora y traductora,7,0,4.525204633809796e-5,2,1
743,Aurelia Vélez Sársfield,sarsfield,argentina,1836,Escritora,12,0,6.21907606756873e-5,4,1
745,Aureliano Villarán,villarán,peru,1843,Poeta y periodista,10,0,6.138110637288142e-5,1,1
750,Aurelio García Godos,garcía_godos,peru,1881,Militar,4,0,1.7070963997328875e-4,114,71
752,Aurelio Gonzales-Vigil,gonzález_vigil,peru,1996,NA,4,0,6.878088706804142e-5,1,1
756,Aurelio Martínez Mutis,mutis,colombia,1884,Poeta Escritor,6,0,1.389532130521389e-4,42,1
758,Aurelio París Sanz de Santamaría,parís,colombia,1829,Empresario,127,0,1.8882714693071518e-4,8,1
759,Aurora López Pérez,urdaneta,venezuela,1911,Enfermera,3,0,1.1696395921165102e-4,38,1
761,Avenida Santiago Mariño,mariño,colombia,NA,NA,2,0,6.710434970315784e-5,3,1
762,Avensa,boulton_venezuela,venezuela,NA,NA,6,0,1.707096399733124e-4,44,18
765,Baldomero Lamela (hijo),canaveris,argentina,1838,Militar,7,0,8.424664672413631e-5,2,1
767,Baltasar de Piérola,piérola,peru,NA,NA,6,0,5.087837193016921e-5,11,1
769,Bartolomé Astete Núñez,astete,peru,NA,Político,12,0,1.1956203549971294e-4,18,1
776,Beatrice di Girolamo,di_girolamo,chile,1972,Artista,1,0,5.796129649679304e-5,1,1
778,Beatriz Boza,boza_de_lima,peru,1962,Abogada,6,0,5.85149294250196e-5,11,1
780,Beatriz Moreno,gonzález_de_cosío,mexico,1953,"Actriz , actriz de televisión y actriz de teatro",14,0,1.0502844855583868e-4,6,1
787,Benigno de la Torre del Mar,de_la_torre,peru,1834,Político,12,0,6.603892864106444e-5,1,1
791,Benito Gómez Farías,gómez_farías,mexico,1828,Economista,5,0,4.872671102006226e-5,9,1
794,Benito Nazar,nazar,argentina,1801,Militar,2,0,5.633743365741074e-5,2,1
800,Benjamín Edwards Garriga,edwards,chile,1850,Político,10,0,4.500253024577868e-5,4,1
801,Benjamín Franklin Rawson,rojo,argentina,1820,Pintor,11,0,6.122278573158023e-5,2,1
810,Benjamín Vicuña Subercaseaux,subercaseaux,chile,1875,Escritor y periodista,4,0,4.482605182574247e-5,9,1
813,Benjamín de la Torre del Mar Márquez,de_la_torre,peru,1871,Político,9,0,5.658287501322285e-5,1,1
814,Berenice Díaz Ceballos,díaz_ceballos,mexico,1968,Diplomática,7,0,6.814157314528806e-5,6,1
816,Bernal Díaz del Castillo,díaz_del_castillo,colombia,1495,"Conquistador , explorador y militar",2,0,3.0289173173272997e-5,9,1
817,Bernardino Piñera,piñera,chile,1915,NA,4,0,7.750160996210096e-5,5,1
819,Bernardita Zegers,zegers_chile,chile,1951,"Pintora , escultora y coleccionista de arte",12,0,4.606438021328494e-5,5,1
820,Bernardo Camacho Leyva,camacho,colombia,1919,Agente de policía,3,0,3.5918260260812105e-5,3,1
821,Bernardo Fort Brescia,brescia,peru,1951,Arquitecto empresario,7,0,1.4207675168282925e-4,18,1
822,Bernardo Garcés Córdoba,garcés,colombia,1921,Político,3,0,3.0206768584202137e-5,7,1
823,Bernardo Garza Sada,garza_sada,mexico,1930,empresario,10,0,1.0427904593734057e-4,15,1
826,Bernardo Joaquín de Anzoátegui,anzoátegui,argentina,1775,Militar,7,0,2.203647253648827e-4,61,29
832,Bernardo de Ulloa,remírez_de_laredo,peru,1682,Escritor y economista,7,0,1.8357172592943968e-4,60,28
833,Bernardo de la Espriella,de_la_espriella,colombia,1852,"Economista, historiador, político",9,0,6.238222590295844e-5,3,1
834,Bernhard Eunom Philippi,philippi,chile,1811,"Explorador , diplomático , escritor y político",5,0,4.311143949822828e-5,5,1
840,Beto da Silva,farfán,peru,1996,NA,9,0,1.6309855443565313e-4,39,14
841,Bettina Oneto,oneto,peru,1957,"Actriz , comediante y productora",8,0,2.2253220925087897e-4,91,51
842,Biby Gaytán,capetillo,mexico,1972,"Cantante , actriz de televisión y actriz de cine",7,0,1.4241181228464574e-4,52,23
846,Blanca Errázuriz,errázuriz,chile,1894,NA,2,0,4.063166598451486e-5,11,1
850,Blanca Sinisterra de Carreño,carreño,colombia,1907,NA,9,0,6.495715704643493e-5,7,1
852,Blanca de Castejón,pinal_hidalgo,mexico,1906,Actriz de cine y actriz de teatro,2,0,4.5873112999054517e-5,6,1
857,Boris de Greiff,de_greiff,colombia,1930,Ajedrecista,8,0,5.649249222246503e-5,3,1
859,Brunella Horna,acuña,peru,1997,"Presentadora de televisión , empresaria y modelo",15,0,1.1528389343805126e-4,1,1
860,Bruno Bichir,bichir,mexico,1967,"Actor de televisión, actor de teatro , actor de cine y director de cine",12,0,1.1946400687665523e-4,6,1
862,Bruno Pinasco,pinasco,peru,1974,"Periodista , productor de televisión , presentador y actor de voz",6,0,4.725744957658002e-5,1,1
863,Buenaventura Argandoña Subercaseaux,edwards,chile,1804,Filántropa,4,0,1.158546718643092e-4,5,1
865,Buenaventura Marcó del Pont,marcó_del_pont,argentina,1738,Corsario,12,0,1.3147278262399945e-4,2,1
764,Bárbara Cayo,cayo,peru,1974,Actriz presentadora de televisión cantante compositora,9,0,1.7514455895329526e-4,14,1
886,Calvagh O'Donnell,o'donnell,colombia,1515,Gobernante,3,0,1.707096399734192e-4,116,73
888,Camila O'Gorman,o'gorman,argentina,1825,NA,8,0,1.7657144250358828e-4,45,19
889,Camila Sodi,sodi,mexico,1986,actriz,18,0,1.2342599182030303e-4,6,1
892,Camilo Cabal,cabal,colombia,1918,Ingeniero agrónomo,146,0,2.4324469990659665e-4,7,1
895,Camilo Torres Restrepo,restrepo,colombia,1929,"Sacerdote, teólogo, escritor, sociólogo, guerrillero",3,0,3.0403449520557825e-5,3,1
899,Carla Ochoa,echenique,chile,1979,Modelo,14,0,5.691303157637568e-5,5,1
900,Carlos A. Leguía,leguía,peru,1859,Político,5,0,3.405952662698299e-5,1,1
907,Carlos Alfonso González de Orbegoso,orbegoso,peru,1852,NA,5,0,4.571944382434435e-5,1,1
910,Carlos Ameghino,ameghino,argentina,1865,"Explorador , paleontólogo , investigador , recolector de plantas y recolector científico",3,0,4.670241151649918e-5,2,1
914,Carlos Antonio Vélez,char,colombia,1953,Periodista,13,0,7.0330185983249e-5,3,1
915,Carlos Anzoátegui,anzoátegui,argentina,NA,Militar,7,0,2.2036472536475957e-4,61,29
919,Carlos Augusto Salaverry,salaverry,peru,1830,"Escritor , militar , político , diplomático",7,0,3.597992259696922e-5,1,1
922,Carlos Bello,bello,chile,1815,Escritor y político,15,0,5.648884420197313e-5,4,1
925,Carlos Bueno,saravia,uruguay,1980,NA,14,0,6.767457288906491e-5,8,1
931,Carlos Castaño Gil,castaño_gil,colombia,1965,"Líder, vigilante y grupo paramilitar",3,0,1.8955421061965755e-4,92,52
936,Carlos Cousiño,cousiño,chile,1859,"Industrial , filántropo y coleccionista de arte",13,0,5.945273698733324e-5,9,1
938,Carlos Cruzat,cruzat,chile,1968,NA,7,0,4.042328538798647e-5,4,1
943,Carlos Egúsquiza Amez,amez,peru,1941,Guardia civil,8,0,9.59710702393601e-5,36,1
950,Carlos Eugenio Scheck,scheck,uruguay,1920,"Periodista , empresario y escritor",6,0,3.877266444894214e-5,8,1
951,Carlos Falcó,vargas_llosa,peru,1937,Ingeniero agrónomo,15,0,8.870236900574343e-5,14,1
963,Carlos Hayre,málaga,peru,1932,Compositor y guitarrista,2,0,1.7070963997328875e-4,110,67
967,Carlos Horacio Ponce de León,ponce_de_león,argentina,1914,Sacerdote católico (desde 1938) y obispo católico (desde 1962),11,0,6.739636504608829e-5,8,1
971,Carlos Izquierdo Edwards,edwards,chile,1896,Agricultor,48,0,1.0944825094659e-4,9,1
972,Carlos J. Echavarría,echavarría,colombia,1902,Industrial,11,0,1.348397494892224e-4,32,1
973,Carlos Jara Saguier,jara_saguier,paraguay,1950,NA,7,0,1.7070963997322923e-4,34,12
975,Carlos José Belgrano,belgrano,argentina,1761,Militar,14,0,1.02758410651957e-4,2,1
977,Carlos Keller Sarmiento,sarmiento,argentina,1934,Diplomático,5,0,1.18699070588666e-4,49,1
986,Carlos Llosa,llosa,peru,1849,Militar,13,0,9.016508732430195e-5,1,1
978,Carlos López Bustamante,urdaneta,venezuela,1890,Periodista,3,0,9.958454426467691e-5,38,1
979,Carlos López Moctezuma,lópez-moctezuma,mexico,1909,Actor,4,0,2.006278242984895e-4,93,53
997,Carlos Martín del Campo,martín_del_campo,mexico,1891,Soldado,8,0,8.675686262239757e-5,6,1
1000,Carlos Menem Jr.,yoma,argentina,1968,Piloto de automovilismo,17,0,9.041026931121994e-5,2,1
1011,Carlos Octavio Bunge,bunge,argentina,1875,"sociólogo , escritor y jurista",17,0,9.780574660182655e-5,2,1
1012,Carlos Oneto,oneto,peru,1929,Actor y libretista,5,0,1.4479835533440162e-4,91,51
1026,Carlos Robledo Puch,puch,argentina,1952,Asesino en serie y ladrón,8,0,7.104186317790577e-5,9,1
1032,Carlos Rodríguez Pastor Persivale,rodríguez_pastor,peru,1959,Presidente Ejecutivo en Intergroup Financial Services Corp,10,0,4.021319082725442e-5,1,1
1036,Carlos S. Ramos Mejía,ramos_mejía,argentina,1918,político,3,0,4.165872795399558e-5,5,1
1042,Carlos Schwalb Tola,tola,peru,1953,Escritor y ensayista,125,0,2.2090116736628494e-4,1,1
1043,Carlos Segismundo de Greiff,de_greiff,colombia,1793,"Geógrafo, militar e ingeniero",5,0,4.562444472294844e-5,3,1
1045,Carlos Slim Domit,slim,mexico,1967,Empresario y emprendedor,8,0,5.931605848073803e-5,6,1
1050,Carlos Toro Manrique,toro_venezuela,venezuela,1868,Académico,3,0,1.707096399734192e-4,117,74
1058,Carlos Vicuña (empresario),vicuña,chile,1947,Abogado y empresario,310,0,3.1381918820339754e-4,4,1
1069,Carlos de los Heros,de_los_heros,peru,1850,Marino y militar,5,0,5.641881803002211e-5,1,1
1070,Carlota de Albret,borja,colombia,1480,NA,3,0,1.0957833524187244e-4,16,2
1071,Carmela Carvajal,echaurren,chile,1851,Ama de casa,5,0,3.0057286147720116e-5,4,1
1074,Carmen Alardín,pinal_hidalgo,mexico,1933,Poeta,3,0,3.913384174406146e-5,6,1
1077,Carmen Dragonetti,de_habich,argentina,1937,Indóloga y traductora,8,0,5.7905893287259127e-5,1,1
1080,Carmen Lucila Crexell,sapag,argentina,1972,Política y abogada,22,0,1.453308709066711e-4,27,1
1086,Carmen Romero Quero,morandé,chile,1958,Gestora cultural,12,0,4.092225266906227e-5,5,1
1087,Carmen Romero Rubio,díaz,mexico,1864,Política,13,0,7.753743413236217e-5,9,1
1088,Carmen Ybarra Careaga,lópez-dóriga,mexico,1963,Empresaria,16,0,1.453438110113329e-4,8,1
1089,Carmen de la Quintanilla,alvear,argentina,1793,Ejércitos patriotas,5,0,4.843388190842794e-5,2,1
1091,Carolina Alfonzo,boulton_venezuela,venezuela,1946,Artista,6,0,1.7070963997327298e-4,44,18
1092,Carolina Arredondo,pinto_chile,chile,1986,Actriz,6,0,3.79087175071015e-5,5,1
1096,Carolina Cuervo,navia,colombia,1979,Actriz,2,0,8.260058045913664e-5,2,1
1097,Carolina Deik,galán,colombia,1980,Abogada y primera dama (desde 2024),3,0,2.940686072715478e-5,4,1
1101,Carolina Monroy del Mazo,del_mazo,mexico,1962,Abogada,105,0,2.6431190517740556e-4,6,1
1106,Carolina Wiesner Ceballos,wiesner,colombia,NA,Cirujana y salud pública,6,0,5.6203461528181047e-5,3,1
1108,Carolina de Moras,bulnes,chile,1981,Modelo y presentadora de televisión,2,0,2.8432742867112068e-5,5,1
1107,Carolina de Mónaco,santo_domingo,colombia,1957,NA,5,0,1.273509993498626e-4,7,1
1110,Carolyn Bessette-Kennedy,onassis,argentina,1966,Publicista de Calvin Klein,2,0,3.487524852732177e-5,11,1
1111,Carvajal (Bogotá),carvajal,colombia,NA,NA,2,0,2.898125823162815e-5,3,1
1112,Casa Carmona,galleguillos,chile,NA,NA,10,0,1.1221527621505275e-4,13,1
1114,Casa Di Tella,di_tella,argentina,NA,NA,7,0,5.311610803553856e-5,2,1
1115,Casa Museo Eduardo Frei Montalva,frei,chile,NA,NA,10,0,4.200851539297192e-5,5,1
1116,Casa Museo López Portillo,lópez-portillo,mexico,NA,NA,10,0,6.069898659851676e-5,6,1
1118,Casa Piñera,piñera,chile,NA,NA,4,0,7.750160996209842e-5,5,1
1119,Casa Tristán del Pozo,tristán_del_pozo,peru,NA,NA,8,0,7.069435004205362e-5,11,1
1121,Casa Yabar Peralta,yábar,peru,NA,NA,8,0,1.1898107500135207e-4,12,1
1122,Casa de Cultura Jesús Reyes Heroles,reyes_heroles,mexico,NA,NA,3,0,3.285605927203299e-5,6,1
1125,Casa de Juan Antonio Lavalleja,lavalleja,uruguay,NA,NA,4,0,6.354881462764714e-5,8,1
1126,Casa de Mier,mier_y_noriega,mexico,NA,NA,1,0,1.707096399734192e-4,118,75
1128,Casa de los Heros,de_los_heros,peru,NA,NA,5,0,5.641881803001935e-5,1,1
1130,Casilda Fernández de Henestrosa y Salabert,carvajal_y_vargas,chile,1888,NA,6,0,5.208102366490678e-5,9,1
1132,Casimiro Albano Pereira,cruz_chile,chile,1783,"Sacerdote , Senador y Diputado",2,0,2.9009791756393978e-5,1,1
1136,Caso Maradona contra Villafañe,maradona,argentina,NA,NA,7,0,1.4240821141696223e-4,40,15
1137,Casona Ochagavía,ochagavía,chile,NA,NA,3,0,3.986339856407294e-5,5,1
1138,Cassandra Ciangherotti,soler,mexico,1987,Actriz,16,0,1.603477252455519e-4,15,1
1141,Catalina Edwards,edwards,chile,1976,Periodista,1,0,2.7830164688145218e-5,3,1
1142,Catalina Olcay,concha_chile,chile,1974,Actriz y conductora radiofónica,3,0,3.0846106927740516e-5,5,1
1144,Catalina Suárez Marcayda,moctezuma,mexico,1506,NA,13,0,1.681760058949148e-4,13,1
1145,Catalina de Fonseca y Ulloa,ulloa,peru,NA,NA,13,0,1.0540007004874133e-4,11,1
1146,Catherine Oxenberg,ulloa,peru,1961,Actriz,13,0,1.089492252203317e-4,11,1
1148,Cayayo Troconis,troconis,venezuela,1968,"Guitarrista , Cantante , Compositor , Productor , Dibujante",5,0,1.238716986377801e-4,10,1
1150,Cayetano Barraquer y Roviralta,barraquer,colombia,1839,Historiador y religioso,11,0,8.939808814585653e-5,14,1
1151,Cazú Zegers,zegers_chile,chile,1958,Arquitecta,12,0,4.606438021328231e-5,5,1
1152,Cecilia Alegría Varona,alegría,peru,1958,"escritora, conferencista internacional y consejera de parejas",11,0,5.3109357469840935e-5,1,1
1156,Cecilia Bolocco,yoma,chile,1965,"Miss Universo 1987 , presentadora de televisión , actriz , modelo , diseñadora de moda y activista contra el cáncer",14,0,7.874414834698996e-5,2,1
1159,Cecilia Echenique,echenique,chile,1957,"Cantante , compositora de canciones , actriz , flautista y artista discográfica",17,0,5.7188731415825525e-5,5,1
1160,Cecilia Heraud Pérez,heraud,peru,1944,"Escritora , maestra , correctora de textos y promotora cultural [ 1 ] ​",2,0,2.815756613352467e-5,1,1
1163,Cecilia Roth,pueyrredón,argentina,1956,Actriz,2,0,7.0537463926232e-5,2,1
1164,Cecilia Szperling,di_tella,argentina,1963,"Escritora , activista por los derechos de las mujeres y gestora cultural",9,0,6.313956252285933e-5,2,1
1169,Cedric Gibbons,lópez_negrete,mexico,1893,"Escenógrafo , arquitecto y director de cine",9,0,1.1560435816890369e-4,6,1
1170,Celedonio Escalada,escalada_(de_burgos),argentina,1762,Militar,3,0,1.1151838331359969e-4,69,35
1172,Celia Podestá,podestá,uruguay,NA,Actriz,2,0,7.656864640593543e-5,17,3
1173,Celia de la Serna,guevara,argentina,1906,Política,13,0,6.82181334197569e-5,2,1
1175,Centro Cultural Agustín Ross,ross_chile,chile,NA,NA,2,0,4.6871451705712906e-5,4,1
1178,Chabuca Granda,larco,peru,1920,Cantautora folclorista productora discográfica guionista dramaturga,8,0,7.764634717641428e-5,1,1
1179,Chantal Andere,bolaños_cacho,mexico,1970,Actriz cantante,13,0,7.218964357410588e-5,6,1
1181,"Chavo Guerrero, Jr.",guerrero,mexico,1970,Luchador profesional (desde 1994),7,0,1.271191056096245e-4,35,13
1183,Chiara Pinasco,pinasco,peru,1986,"Presentadora de televisión , actriz , celebridad de Internet y emprendedora",11,0,6.899071229537255e-5,1,1
1185,Chiquito Saravia,saravia,uruguay,1854,Soldado,12,0,6.019114284570388e-5,8,1
1187,Christian Nodal,aguilar,mexico,1999,Cantante músico compositor,2,0,8.754061541593652e-5,22,1
1188,Christiane Martel,alemán,mexico,1935,Actriz reina de belleza,12,0,6.733569838712286e-5,6,1
1177,Chábeli Iglesias,vargas_llosa,peru,1971,Presentadora y celebrity,16,0,9.056700772023774e-5,14,1
1190,Cibele Dorsa,onassis,argentina,1974,"Modelo , actriz y escritora",2,0,8.477015274968182e-5,11,1
1191,Cielo Gnecco,gnecco,colombia,NA,Gestora Social y Caciquismo político,5,0,3.4035179874472374e-5,3,1
1194,Cipriano de Urquiza,álzaga,argentina,1789,"Ganadero , comerciante y político",14,0,1.1262033754140747e-4,2,1
1195,Ciriaco Díaz Vélez,díaz_vélez,argentina,1799,Militar y político,9,0,1.1977555406369028e-4,2,1
1200,Clan Char,char,colombia,NA,NA,10,0,6.0959147017747304e-5,3,1
1202,Clara Agustina de Uriburu Roca,álvarez_de_arenales,argentina,1908,Modelo y socialité,14,0,7.935838750841431e-5,2,1
1205,Clara Isabel Núñez y Chabarria,azcuénaga,argentina,1771,NA,14,0,1.249968740778529e-4,9,1
1206,Clara López,lópez,colombia,1950,Economista y política,5,0,6.70440513789267e-5,3,1
1207,Clara Obligado,obligado,argentina,1950,Escritora,7,0,6.902712991324976e-5,2,1
1208,Clarita Parra,parra_chile,chile,1948,Músico,3,0,5.0408133866129976e-5,5,1
1210,Claudia Cisneros,cisneros,peru,1969,"Periodista , Columnista y Escritora",43,0,9.699581778579147e-5,5,1
1212,Claudia Dammert,alarco,peru,1949,Actriz y comediante,3,0,1.707096399734192e-4,119,76
1213,Claudia Llosa,llosa,peru,1976,Directora de cine,13,0,9.01650873242993e-5,1,1
1214,Claudia Ortiz de Zevallos,ortiz_de_zevallos,peru,1981,"Modelo, presentadora de televisión",6,0,5.392691314744499e-5,1,1
1218,Claudia Villafañe,maradona,argentina,1962,Empresaria y productora,12,0,2.2332679931767562e-4,40,15
1219,Claudia de Francisco,pardo,colombia,1955,Economista y política,11,0,7.663436217093522e-5,3,1
1227,Claudio Rebagliati,rebagliati,peru,1843,músico y Compositor,3,0,6.211881751684505e-5,1,1
1234,Clemente Althaus,althaus,peru,1835,"Profesor , periodista y funcionario público",15,0,1.1448758768405428e-4,28,1
1236,Clemente López Dóriga,lópez-dóriga,mexico,1895,NA,13,0,1.2192876564533733e-4,8,1
1237,Clemente López de Osornio,ortiz_de_rozas,argentina,1720,Militar,3,0,5.379300552675556e-5,2,1
1239,Clemente Yerovi,yerovi,ecuador,1904,Político,3,0,6.893259322599334e-5,75,1
1235,Clemente von Althaus,althaus,peru,1790,NA,19,0,1.4066683381794377e-4,28,1
1242,Clodomiro Bustamante,bustamante,peru,NA,Militar,10,0,6.853062288730097e-5,1,1
1243,Clodomiro Urtubey,urtubey,argentina,1840,Militar,4,0,4.845790676809571e-5,2,1
1246,Clotilde García Borrero,borrero,colombia,1887,"Política, sufragista, activista, escritora",133,0,2.3880252833681688e-4,3,1
1247,Colección de Arte Amalia Lacroze de Fortabat,fortabat,argentina,NA,NA,8,0,6.629171644524003e-5,2,1
1248,Colombina Parra,parra_chile,chile,1970,"Cantante , guitarrista , bajista , arquitecta . [ 1 ] ​",2,0,4.612870527942734e-5,5,1
1249,Concepción Fernández-Chicarro y de Dios,fernández_chicarro,mexico,1916,Museóloga y arqueóloga,2,0,1.7070963997326027e-4,95,55
1250,Concesión Barco,barco,colombia,NA,NA,8,0,5.775740177241712e-5,3,1
1251,Concha Urquiza,urquíza,mexico,1910,"Poeta , profesora",1,0,1.707096399734192e-4,120,77
1252,Condado de Baños,leyva,colombia,NA,NA,2,0,1.707096399734192e-4,121,78
1254,Condado de Casa Tagle de Trasierra,tagle_bracho,peru,NA,NA,3,0,4.919880114070505e-5,1,1
1256,Condado de Gamio,vásquez_de_velasco,peru,NA,NA,3,0,1.7070963997344203e-4,76,40
1257,Condado de Monteblanco,carrillo_de_albornoz,peru,NA,NA,13,0,1.6194467763189254e-4,23,5
1258,Condado de Montemar,carrillo_de_albornoz,peru,NA,NA,13,0,1.6194467763187826e-4,23,5
1259,Condado de Regla,rincón-gallardo,mexico,NA,NA,7,0,1.0816731963250084e-4,6,1
1260,Condado de San Antonio de Vista Alegre,vásquez_de_velasco,peru,NA,NA,3,0,1.7070963997338224e-4,76,40
1261,Condado de San Juan de Lurigancho,aliaga,peru,NA,NA,6,0,1.290673127094337e-4,10,1
1262,Condado de Sierrabella,santiago_concha,chile,NA,NA,7,0,5.6698254450885206e-5,1,1
1263,Condado de Superunda,velasco_chile,chile,NA,NA,2,0,1.707096399734192e-4,122,79
1264,Condado de Villaminaya,portales,chile,NA,NA,2,0,1.3149256052012384e-4,96,56
1265,Condado de Villanueva del Soto,santiago_concha,chile,NA,NA,7,0,5.669825445088236e-5,1,1
1266,Condado de la Torre de Cossío,gonzález_de_cosío,mexico,NA,NA,11,0,8.617767627142811e-5,6,1
1267,Condado de las Lagunas,vásquez_de_velasco,peru,NA,NA,3,0,1.7070963997331743e-4,76,40
1268,Condado del Valle de Oselle,ortiz_de_zevallos,peru,NA,NA,6,0,5.392691314744256e-5,1,1
1269,Conrado Villegas,villegas,argentina,1841,Militar,8,0,4.7650333656493845e-5,2,1
1272,Constanza Nordenflycht,portales,peru,1808,NA,1,0,2.7630821902087172e-5,4,1
1273,Constanza Santa María,monckeberg,chile,1973,Periodista y presentadora de noticias,9,0,4.744442183943208e-5,5,1
1276,Consuelo Lleras Puga,camargo,colombia,1933,Política,18,0,6.330691463284371e-5,3,1
1277,Consuelo Moure,moure,colombia,1947,Actriz,4,0,8.258843925991923e-5,3,1
1280,Consuelo Valdés,chadwick,chile,1948,Arqueóloga y política,97,0,1.5292116276851937e-4,5,1
1281,Contarhuacho,pizarro,chile,1500,NA,3,0,9.318782961910814e-5,19,4
1282,Copi,botana,argentina,1939,"Dibujante , novelista , dramaturgo",8,0,7.289192957398008e-5,2,1
1287,Coronel Martínez de Hoz,martínez_de_hoz,argentina,NA,NA,5,0,6.080072969530111e-5,5,1
1289,Cosme Maciel,maciel,argentina,1784,Político,7,0,1.1649206785051489e-4,2,1
1290,Crescente Errázuriz,errázuriz,chile,1839,NA,2,0,3.7081031103742364e-5,9,1
1291,Cris Morena,yankelevich,argentina,1956,"Actriz , compositora , modelo , presentadora , productora , empresaria y cazatalentos",14,0,1.9028369496039698e-4,50,22
1322,Cristina Piris López-Doriga,lópez-dóriga,mexico,1949,Sindicalista,13,0,1.2192876564533458e-4,8,1
1304,Cristián Mackenna,mackenna,chile,1979,Piloto de carreras y piloto de automovilismo,90,0,1.5111568340335157e-4,5,1
1308,Cristián Precht,precht,chile,1940,NA,2,0,2.8051842048689486e-5,5,1
1312,Cristián de Hannover,osma,peru,1985,NA,15,0,6.066909153020872e-5,1,1
1323,Cristo Montt,montt,chile,1981,Actor,14,0,5.0372902047905194e-5,5,1
1292,Cristóbal Lander,lander,venezuela,1977,Actor Modelo Abogado,13,0,1.1952618992185485e-4,10,1
1296,Cristóbal Valdés Ugalde,valdés_chile,chile,1821,Abogado,50,0,1.1353886330226989e-4,9,1
1298,Cristóbal de Mosquera y Silva,mosquera,colombia,1661,NA,1,0,4.538473768632212e-5,21,1
1299,Cristóbal de Vergara Azcárate,caicedo,colombia,1766,Abogado,80,0,1.6803574495808193e-4,3,1
1327,Cynthia Lander,lander,venezuela,1982,Modelo y participante en concursos de belleza,9,0,8.784745169189812e-5,10,1
872,César Augusto Bunge,bunge,argentina,1918,Abogado,14,0,8.362484031895354e-5,2,1
873,César Augusto Jattin,jattin,colombia,1962,Jurista,7,0,4.066932859165672e-5,3,1
878,César Miró,miró_quesada,peru,1907,"Compositor, escritor",2,0,9.353351080684886e-5,6,1
881,César Zumeta,blanco_venezuela,venezuela,1863,Político y escritor,5,0,3.8804545003550614e-5,4,1
882,César de Tezanos Pinto,pinto_chile,argentina,1885,"Abogado , académico , docente",1,0,2.863694240468488e-5,2,1
868,César «Banana» Pueyrredón,pueyrredón,argentina,1952,Cantante y compositor,6,0,5.8791744146708304e-5,2,1
1332,Dalma Maradona,maradona,argentina,1987,Actriz,12,0,2.233267993175784e-4,40,15
1330,Dalílah Polanco,derbez,mexico,1971,Actriz,16,0,1.152199291950001e-4,6,1
1336,Daniel Aráoz (gobernador),aráoz,argentina,1826,Médico,15,0,8.859545520367346e-5,2,1
1339,Daniel Díaz de León Castillo,díaz_de_león,mexico,1910,NA,7,0,8.822070704791859e-5,6,1
1341,Daniel Elbittar,lander,venezuela,1979,Actor Cantante modelo,11,0,1.0381123717539206e-4,10,1
1343,Daniel Florencio O'Leary,ospina,colombia,1801,Diplomático y militar,3,0,1.707096399734192e-4,123,80
1348,Daniel O'Day,pérez_manosalva,colombia,1844,"Empresario, inversionista y banquero",3,0,5.243406307804992e-5,3,1
1357,Daniela Lhorente,portales,chile,1979,Actriz,3,0,2.888025552499043e-5,4,1
1358,Daniela Ortiz,ortiz_de_zevallos,peru,1985,Artista visual y Pintora,6,0,5.3926913147440006e-05,1,1
1361,Daphne Dougall,gibson,argentina,1936,Fotógrafa,7,0,6.042322189315602e-5,1,1
1369,Darlenis Obregón,obregón,colombia,1986,NA,8,0,5.941751213993186e-5,3,1
1370,Daryl Hannah,onassis,argentina,1960,"Actriz , productora , activista",2,0,3.487524852732177e-5,11,1
1362,Darío Cavada,cavada,chile,1869,Profesor,8,0,4.753036559435342e-5,4,1
1364,Darío Jara Saguier,jara_saguier,paraguay,1930,NA,7,0,1.7070963997319153e-4,34,12
1366,Darío Samper,samper,colombia,1909,"Poeta , periodista , escritor , profesor universitario y político",133,0,2.390251260008561e-4,3,1
1367,Darío Yazbek,pinal_hidalgo,mexico,1990,Actor,2,0,7.536083765509726e-5,6,1
1373,David Choquehuanca,choquehuanca,bolivia,1961,Diplomático y Político,6,0,8.208134063519189e-5,20,1
1375,David Fernando Lemos,lemos,colombia,1995,NA,5,0,3.81995738712677e-5,4,1
1379,David Solari (futbolista),solari_argentina,argentina,1986,NA,8,0,1.6677196849495277e-4,33,11
1382,De viaje con los Derbez,derbez,mexico,NA,NA,14,0,1.0370888129810523e-4,6,1
1383,Deivy Balanta,balanta,colombia,1993,NA,12,0,1.7070963997319966e-4,24,6
1384,Delfina Blaquier,blaquier,argentina,1980,Fotógrafa Empresaria Atleta,5,0,8.725307781381579e-5,2,1
1385,Delfina Bunge,bunge,argentina,1881,"escritora , poeta , ensayista , filántropa",22,0,1.1520632679430542e-4,2,1
1386,Delfina Frers,blaquier,argentina,1960,Piloto de carreras y modelo,5,0,8.725307781381317e-5,2,1
1387,Delfina Gálvez Bunge,bunge,argentina,1913,Arquitecta,22,0,1.0860067271217176e-4,2,1
1388,Delfina Ortega Díaz,díaz,mexico,1845,Política y ama de casa,13,0,8.952366883754846e-5,9,1
1391,Delia Matte Pérez,matte,chile,1886,Suffragette,2,0,2.8916863683396248e-5,8,1
1402,Diana Bracho,bracho,mexico,1944,"Actriz , escritora y guionista",9,0,1.8203031208614628e-4,47,20
1403,Diana Calderón,pardo,colombia,1967,Periodista,11,0,7.663915629941029e-5,3,1
1404,Diana Pombo,pombo,colombia,1952,"Ambientalista, arquitecta, escritora",2,0,3.1681232731393026e-5,7,1
1406,Diana Turbay,quintero,colombia,1950,Periodista,24,0,6.881126199440283e-5,3,1
1408,Diario El Litoral (Corrientes),romero_feris,argentina,NA,NA,9,0,7.192903576623468e-5,2,1
1409,Diego Amozurrutia,torres_landa,mexico,1990,Actor cantante,2,0,3.0076202112134393e-5,6,1
1412,Diego Arreaza Monagas,monagas,venezuela,1854,Militar y político,5,0,3.412626852161317e-5,4,1
1414,Diego Camacho (actor),camacho,colombia,1958,Actor,70,0,1.4696335924734174e-4,3,1
1415,Diego Cisneros,cisneros_venezuela,venezuela,1911,empresario,6,0,8.901104998289967e-5,68,1
1416,Diego Dibós,dibós,peru,1976,Cantante y compositor,6,0,5.1604018213578834e-5,1,1
1417,Diego Echavarría Misas,echavarría,colombia,1895,Escultor,11,0,1.348397494892193e-4,32,1
1421,Diego Forlán,saravia,uruguay,1979,NA,14,0,6.767457288905664e-5,8,1
1423,Diego González Montero,montero,chile,1588,Oficial militar,7,0,6.282513102453756e-5,97,1
1425,Diego Ibarra,toro_venezuela,venezuela,1798,"Edecán de Simón Bolívar, Comandante de La Guaira, Comandante de Puerto Cabello.",5,0,7.235780889992308e-5,10,1
1428,Diego Lombardi,drago,peru,1975,Actor y director de teatro,15,0,2.009794440708571e-4,18,1
1430,Diego Maradona,maradona,argentina,1960,NA,11,0,2.0698246406610635e-4,40,15
1431,Diego Masías y Llosa,llosa,peru,1825,Militar,16,0,1.067030791000349e-4,1,1
1434,Diego Montero del Águila,montero,chile,1645,NA,7,0,6.282513102453115e-5,97,1
1435,Diego Muñoz,garcía-huidobro,chile,1976,Actor,2,0,4.255727199598538e-5,5,1
1436,Diego Noboa,noboa,ecuador,1789,político y terrateniente,10,0,9.417503452220527e-5,10,1
1441,Diego Rebagliati,rebagliati,peru,1972,NA,3,0,6.211881751684256e-5,1,1
1443,Diego Simeone,simeone,argentina,1970,NA,3,0,1.7070963997344203e-4,77,41
1444,Diego Sinagra,maradona,argentina,1986,NA,7,0,1.4240821141684457e-4,40,15
1445,Diego Turbay Cote,turbay,colombia,1967,Político,12,0,6.126364020882484e-5,3,1
1447,Diego de Alvarado Huanitzin,moctezuma,mexico,NA,NA,13,0,1.686044406259883e-4,13,1
1451,Dina de Marco,pinal_hidalgo,mexico,1937,actriz,4,0,5.5714877578739484e-5,6,1
1452,Dinastía López de Venezuela,lópez_venezuela,venezuela,NA,NA,1,0,7.738786679713706e-5,38,1
1454,Dionisia Pérez Manrique y Camberos,manrique,colombia,1668,Marquesa titular de San Miguel de la Vega Marquesa consorte de San Miguel de la Vega Mecenas Cónyuge del Alguacil Mayor de Popayán Cónyuge del Alcalde ordinario de Popayán,9,0,1.5551797214096265e-4,37,1
1455,Dionisio Concha Fernández,concha_chile,chile,1883,Agricultor y político,153,0,2.055607288219849e-4,4,1
1461,Dionisio Quesada,quesada,argentina,1793,Militar,3,0,1.7070963997344203e-4,78,42
1466,Dolores Dardés,bullrich,argentina,1865,Actriz,14,0,1.1095494638322406e-4,2,1
1468,Dolores del Río,lópez_negrete,mexico,1904,Actriz,11,0,1.3693139142809563e-4,6,1
1478,Domingo García Rada,belaúnde,peru,1912,"Abogado , magistrado",131,0,2.2930234221536119e-4,1,1
1480,Domingo Guzmán Lander,lander,venezuela,1881,Médico y político,9,0,8.784745169189293e-5,10,1
1481,Domingo Luis Astete Torres,astete,peru,NA,Abogado,15,0,1.4410118030970572e-4,18,1
1485,Domingo Ortiz de Rozas y Rodillo,ortiz_de_rozas,argentina,1721,Militar,1,0,3.527673930894081e-5,2,1
1486,Domingo Puch Izuleta,puch,argentina,NA,Militar,18,0,1.306445642062262e-4,9,1
1487,Domingo S. Arenas,arenas,peru,NA,Político,8,0,4.796207300675934e-5,1,1
1490,Domingo Soler,soler,mexico,1901,"Actor de cine , actor de televisión y guionista",13,0,1.3615525875033764e-4,15,1
1491,Domingo Tristán y Moscoso,tristán_del_pozo,peru,1768,Oficial militar,8,0,7.069435004205095e-5,11,1
1493,Domingo de Azcuénaga y Basavilbaso,azcuénaga,argentina,1758,Abogado y poeta,14,0,1.2499687407784528e-4,9,1
1494,Domingo de Borja,borja,colombia,NA,NA,3,0,1.1920771017085582e-4,16,2
1497,Domingo del Castillo Sanz de Santamaría,castillo_guevara,colombia,NA,NA,6,0,2.004958702717221e-4,79,43
1499,Dora Varona,alegría,chile,1930,"Poetisa , periodista , misionera y escritora",15,0,6.5472600952891e-5,1,1
1500,Doris Gibson,gibson,peru,1910,Periodista,11,0,8.422814480906008e-5,1,1
1503,Ducado de Moctezuma de Tultengo,moctezuma,mexico,NA,NA,11,0,1.468061556821848e-4,13,1
1504,Ducado de Montemar,carrillo_de_albornoz,peru,NA,NA,13,0,1.6194467763186365e-4,23,5
1505,Ducado de Regla,rincón-gallardo,mexico,NA,NA,7,0,1.0816731963249794e-4,6,1
1328,Dámaso Cárdenas del Río,cárdenas,mexico,1896,Político y militar,6,0,3.818116646057236e-5,6,1
1329,Dámaso Zapata,camacho,colombia,1833,Abogado y educador,22,0,7.929250797545845e-5,3,1
1509,Eddie Guerrero,guerrero,mexico,1967,Luchador profesional (1986-2005),13,0,2.1485946395044566e-4,35,13
1510,Eder Chaux,chaux,colombia,1991,NA,4,0,3.848610245857104e-5,3,1
1514,Edgardo Sapag,sapag,argentina,1953,Empresario y político,13,0,9.495470176028039e-5,27,1
1518,Edmundo Paz Soldán,paz_soldán,bolivia,1967,"Escritor , docente",9,0,4.366072846464299e-5,1,1
1519,Edmundo de Ayala Durand,ayala,colombia,NA,Empresario,7,0,5.8785780624431e-5,3,1
1524,Eduardo Belgrano Rawson,belgrano,argentina,1943,"Escritor , periodista y guionista",14,0,1.0275841065195432e-4,2,1
1529,Eduardo C. Basadre,basadre,peru,1886,Médico y político,8,0,4.3349564542458735e-5,1,1
1531,Eduardo Capetillo,capetillo,mexico,1970,"Actor , cantante , actor de televisión y actor de cine",11,0,2.111712668379737e-4,52,23
1532,Eduardo Chadwick Claro,chadwick,chile,1959,Empresario y emprendedor,3,0,3.0454550418986817e-5,5,1
1537,Eduardo Dibós Silva,alarco,peru,1955,"Empresario, piloto",3,0,5.3021775258216645e-5,1,1
1534,Eduardo Dávila Armenta,dávila,colombia,1950,Dirigente de fútbol y empresario,7,0,6.534431407049149e-5,3,1
1538,Eduardo Falú,falú,argentina,1923,"Cantautor , guitarrista y compositor",3,0,1.0698507868433549e-4,2,1
1540,Eduardo Ferreyros Küppers,diez_canseco,peru,1959,administrador,7,0,5.8449648321409405e-5,1,1
1547,Eduardo Ibáñez López-Dóriga,lópez-dóriga,mexico,1951,Diplomático,13,0,1.2192876564533179e-4,8,1
1548,Eduardo Ignacio Brown y Chitty,brown,argentina,1816,Militar,8,0,1.6380937219337758e-4,54,24
1549,Eduardo Kaunitz de Holmberg,holmberg,argentina,1778,Militar y botánico,7,0,1.0529194579618529e-4,2,1
1559,Eduardo Morandé,montt,chile,1958,Economista,310,0,3.1381918820332766e-4,4,1
1560,Eduardo París Forero,parís,colombia,1843,Militar,48,0,1.0944825094657868e-4,9,1
1561,Eduardo Pavlovsky,pavlovsky,argentina,1933,"actor , dramaturgo , director de teatro , psiquiatra",6,0,1.3911001354479133e-4,43,17
1562,Eduardo Peralta Ramos,peralta_ramos,argentina,1850,"comerciante , político",4,0,1.1239258791730743e-4,2,1
1565,Eduardo Pizarro Leongómez,acevedo_colombia,colombia,1949,"Escritor, periodista, catedrático",18,0,8.772267801605968e-5,3,1
1570,Eduardo Solari,solari_argentina,argentina,1950,NA,9,0,1.844914901474909e-4,33,11
1574,Eduardo Vega Luna,luna,peru,1966,Abogado y Político,237,0,3.177358399620645e-4,1,1
1575,Eduardo Wenceslao Holmberg,holmberg,argentina,1815,"Botánico , militar",8,0,1.1556481762032758e-4,2,1
1579,Eduardo Zuleta Gaviria,zuleta_colombia,colombia,1864,"Médico, diplomático, escritor y político",5,0,3.301015454838562e-5,7,1
1580,Eduardo de Habich,de_habich,peru,1835,Matemático e ingeniero,6,0,5.3674517051102435e-5,1,1
1584,Edwin Tenorio,tenorio,ecuador,1976,NA,4,0,3.9483125036374925e-5,3,1
1585,Efraín Quintero Puentes,quintero,colombia,1921,NA,13,0,5.108282329399862e-5,3,1
1592,El Hijo del Ahuizote,flores_magón,mexico,NA,NA,7,0,1.1096247514204878e-4,6,1
1593,El Nuevo Siglo,gómez,colombia,NA,NA,12,0,4.744410249183368e-5,7,1
1594,El Tío (novela),santos,colombia,NA,NA,9,0,5.644155627444902e-5,3,1
1598,Elena Barraquer Compte,barraquer,colombia,1954,Oftalmóloga,15,0,1.1154318062613051e-4,14,1
1600,Elena Holmberg,holmberg,argentina,1931,Diplomática,4,0,6.700297793044251e-5,2,1
1601,Elena Largacha Ortiz,holguín,colombia,1868,"pintora, dibujante, retratista",4,0,3.138399991983218e-5,3,1
1603,Elena Portocarrero,portocarrero_perú,peru,1931,Escritora y periodista,9,0,6.110741249895993e-5,1,1
1609,Elisa Alicia Lynch,lópez_carrillo,argentina,1833,Primera dama,21,0,1.0184837814357992e-4,5,1
1610,Elisa Brown,brown,argentina,1810,NA,8,0,1.6380937219335185e-4,54,24
1611,Elisa Correa,sanfuentes,chile,1859,Ama de casa,2,0,3.188776198367411e-5,4,1
1613,Elisa Godínez Gómez de Batista,zaldívar,chile,1904,Política,12,0,5.521849467501285e-5,5,1
1616,Elizabeth Astete,astete,peru,1952,Funcionaria y diplomática,9,0,9.459942246239403e-5,18,1
1617,Elizabeth Subercaseaux,garcía-huidobro,chile,1945,Periodista y escritora,2,0,2.9221372282850062e-5,5,1
1618,Elmer Orihuela Sosa,orihuela,peru,1973,Político,12,0,8.55783425946639e-5,12,1
1622,Elvia Barrios,villarán,peru,1958,Magistrado,13,0,6.722349107079616e-5,1,1
1624,Elvira Cuervo de Jaramillo,cuervo,colombia,1941,Política,11,0,5.3635278554290024e-5,3,1
1625,Elvira Dávila Ortiz,dávila,colombia,1917,Enfermera,10,0,8.478106614909526e-5,3,1
1626,Elvira García y García,garcía_y_garcía,peru,1862,"Educadora , periodista , escritora .",14,0,6.699382565050478e-5,1,1
1627,Elvira Orphée,ocampo,argentina,1922,"Escritora , novelista y escritora de cuentos",13,0,7.473984759709112e-5,2,1
1629,Elvira de Ayala y Herrera,borja,colombia,NA,NA,3,0,1.136088606228544e-4,16,2
1587,Elías Capriles,capriles,venezuela,1948,"Psicólogo , escritor y filósofo",6,0,8.968362729574001e-5,10,1
1589,Elías Mujica y Trasmonte,mujica,peru,1841,NA,18,0,1.0952966033857093e-4,11,1
1590,Elías Sapag,sapag,argentina,1911,empresario y político,33,0,2.066209114497763e-4,27,1
1630,Embajada de Estados Unidos en Perú,brescia,peru,NA,NA,5,0,1.0668767067758219e-4,18,1
1632,Emilia Drago,drago,peru,1988,"Actriz , bailarina , presentadora de televisión y ex modelo",11,0,1.5968521832784635e-4,18,1
1634,Emilia Noguera,portales,chile,1983,Actriz,3,0,3.0980414792771926e-5,5,1
1637,Emiliana Concha de Ossa,concha_chile,chile,1862,Modelo artístico y modelo,3,0,2.854629414039837e-5,4,1
1638,Emiliano Aguilar,aguilar,mexico,1992,Cantante,3,0,9.417367853422902e-5,22,1
1640,Emiliano Durand,durand_argentina,argentina,1976,Periodista y político.,3,0,5.657619215275557e-5,2,1
1643,Emiliano Zurita,pinal_hidalgo,mexico,1992,Actor productor escritor,4,0,1.1424502837025892e-4,6,1
1648,Emilio Azcárraga Milmo,azcárraga,mexico,1930,Empresario,17,0,1.5155753084891276e-4,6,1
1649,Emilio Azcárraga Vidaurreta,azcárraga,mexico,1895,Empresario,12,0,1.1746417667624937e-4,6,1
1650,Emilio Barrantes,barrantes,peru,1903,Docente,2,0,4.680013620104e-5,1,1
1661,Emilio Madero,madero,mexico,1880,"Empresario, militar y político",15,0,8.608703127730853e-5,6,1
1663,Emilio Mitre (militar),mitre,argentina,1824,Militar,6,0,6.147642089475081e-5,4,1
1666,Emilio Quintana (gobernador),quintana,argentina,NA,Político,7,0,6.7308691448433e-5,2,1
1669,Emilio Salinas,carranza,mexico,1864,Militar y político,3,0,1.707096399734192e-4,124,81
1670,Emilio Sayán y Palacios,mendiburu,peru,1869,Político y Empresario,2,0,5.907013316916279e-5,11,1
1672,Emilio de Althaus y Flores del Campo,althaus,peru,1829,Político,19,0,1.3786361400708476e-4,28,1
1676,Emir Yoma,yoma,argentina,1947,Empresario,12,0,7.29896878455012e-5,2,1
1677,Emma Cadenas,mujica,peru,1966,"Periodista , poetisa , cantautora , escritora y profesora",11,0,7.24672812273133e-5,11,1
1678,Emma Coronel Aispuro,coronel_méxico,mexico,1989,Reina de belleza,12,0,1.810424700117791e-4,41,16
1681,Enrique Adolfo Sieburger,sieburger,argentina,1924,NA,3,0,1.7070963997344203e-4,80,44
1685,Enrique Barreda y Laos,barreda,peru,1879,Pintor,5,0,3.71738673669934e-5,1,1
1690,Enrique Bolognesi,bolognesi,peru,1860,Militar,9,0,1.1935311486115274e-4,46,1
1694,Enrique Carrizosa Argáez,argáez,colombia,1927,"Historiador, genealogista y antropólogo",7,0,9.709207021828805e-5,3,1
1695,Enrique Checa Eguiguren,eguiguren,peru,1907,Político,15,0,6.349837331065417e-5,1,1
1697,Enrique Conrado Sieburger,sieburger,argentina,1897,NA,3,0,1.7070963997338224e-4,80,44
1698,Enrique Corradine Wiesner,wiesner,colombia,1904,Empresario,6,0,5.620346152817853e-5,3,1
1700,Enrique Díaz Indiano,bracho,mexico,1898,Actor de cine,8,0,1.662737952318488e-4,47,20
1709,Enrique González Martínez,gonzález_rojo,mexico,1871,"médico , poeta , editorialista , diplomático , académico",5,0,2.0791558714695503e-4,98,57
1710,Enrique González Rojo,gonzález_rojo,mexico,1899,Escritor,5,0,2.0791558714679164e-4,98,57
1711,Enrique González Rojo Jr.,gonzález_rojo,mexico,1928,Filósofo,2,0,9.629774562591284e-5,98,57
1713,Enrique Grau Seminario,grau,peru,1831,NA,8,0,6.565329430742454e-5,1,1
1715,Enrique Jara Saguier,jara_saguier,paraguay,1934,NA,7,0,1.707096399731522e-4,34,12
1722,Enrique Llopis,noble,argentina,1952,Cantante y compositor,3,0,4.2442506068617674e-5,2,1
1718,Enrique López Bustamante,urdaneta,venezuela,1895,"periodista , escritor",3,0,9.958454426467691e-5,38,1
1726,Enrique O'Gorman,o'gorman,argentina,1823,Funcionario,6,0,1.382283737847332e-4,45,19
1728,Enrique Palacios (militar),mendiburu,peru,1850,Oficial naval,2,0,5.907013316915977e-5,11,1
1729,Enrique París Prieto,parís,colombia,1815,empresario,3,0,5.631008488688345e-5,8,1
1732,Enrique Salinas de Gortari,salinas,mexico,1952,"Ejecutivo de empresa, empresario e ingeniero civil",7,0,4.2331233571607285e-5,6,1
1738,Enrique Santos Molano,calderón_colombia,colombia,1942,"Periodista , escritor , académico , historiador , lingüista y sociólogo",3,0,4.399272302069814e-5,3,1
1745,Enrique Udaondo,ortiz_basualdo,argentina,1880,historiador,11,0,6.225556436055822e-5,2,1
1749,Enrique Vicuña Subercaseaux,subercaseaux,chile,1874,Político,4,0,3.030444544556361e-5,4,1
1750,Enrique Yabar Almanza,yábar,peru,1874,Político,8,0,1.189810750013494e-4,12,1
1760,Enriqueta Garland Higginson,málaga,peru,1883,NA,3,0,2.9810262983670838e-5,1,1
1761,Enriqueta Leguía,diez_canseco,peru,1922,Poetisa y escritora,5,0,3.7827767000831285e-5,1,1
1766,Erasmo Obligado,obligado,argentina,1842,Militar,6,0,6.453691949265887e-5,2,1
1768,Ercilia López de Blomberg,lópez_carrillo,paraguay,1865,NA,18,0,9.483124353508839e-5,5,1
1769,Ermila Troconis de Veracoechea,troconis,venezuela,1929,Historiadora y profesora de universidad,5,0,1.2387169863777706e-4,10,1
1770,Ernestina Herrera de Noble,noble,argentina,1925,Empresaria,5,0,5.568524670787802e-5,2,1
1771,Ernestina Sodi,sodi,mexico,1960,Escritora,16,0,1.1209985310208297e-4,6,1
1775,Ernesto Balmaceda,balmaceda,chile,1887,Diplomático,2,0,2.834559754203613e-5,4,1
1777,Ernesto Bunge,bunge,argentina,1839,Arquitecto,14,0,8.362484031893942e-5,2,1
1780,Ernesto D'Alessio,derbez,mexico,1977,Actor y político,16,0,1.1590201597677237e-4,6,1
1786,Ernesto García Calderón,garcía_calderón,peru,1937,"Periodista , actor , médico , locutor y presentador de televisión",241,0,3.2235956514212763e-4,1,1
1787,Ernesto Guevara Lynch,guevara,argentina,1900,"Arquitecto , emprendedor y biógrafo",13,0,6.821813341974104e-5,2,1
1788,Ernesto Hermoza,denegri,peru,1943,Presentador de televisión,4,0,4.4510768675862185e-5,1,1
1791,Ernesto Nemer Álvarez,del_mazo,mexico,NA,Político y abogado,104,0,2.6213483953318984e-4,6,1
1801,Ervil LeBaron,lebaron,mexico,1925,NA,6,0,9.659545155688672e-5,6,1
1803,Esmeralda Arboleda,arboleda,colombia,1921,Abogada,153,0,2.0556072882193187e-4,4,1
1804,Esmeralda Mitre,álvarez_de_toledo_argentina,argentina,1982,Actriz,8,0,7.087272963615338e-5,2,1
1805,Esperanza Baur,díaz_ceballos,mexico,1920,Actriz,9,0,7.669247167056256e-5,6,1
1806,Esperanza López Mateos,mateos,mexico,1907,"traductora, activista política, sindicalista, alpinista, agente literaria",7,0,6.468475169784731e-5,6,1
1807,Estanislao Barrientos Villa,barrientos,colombia,1820,Político,10,0,4.958736396538707e-5,7,1
1811,Estanislao del Campo,maciel,argentina,1834,"Militar, funcionario, escritor",10,0,1.5739461835223692e-4,2,1
1813,Esteban Herrera Toro,toro_venezuela,venezuela,1797,NA,5,0,7.235780889992053e-5,10,1
1817,Esteban Solari,solari_argentina,argentina,1980,NA,8,0,1.6677196849489162e-4,33,11
1819,Estefanía Manrique de Castilla,manrique,colombia,1547,Cortesana,10,0,1.6640463655592956e-4,37,1
1820,Ester Matte Alessandri,matte,chile,1920,Escritora,5,0,3.0231735400017584e-5,4,1
1822,Ethel Pozo,valcárcel,peru,1980,Presentadora y empresaria,12,0,1.299033142930699e-4,12,1
1825,Eugen d'Albert,carreño,colombia,1864,Pianista y compositor,9,0,7.526788637281203e-5,10,1
1827,Eugenia Huici de Errázuriz,errázuriz,chile,1860,Mecenas,2,0,3.070162708676942e-5,9,1
1829,Eugenia Revueltas,revueltas_sánchez,mexico,1934,ensayista académica profesora universitaria,9,0,1.7883353323177616e-4,48,21
1832,Eugenio Derbez,derbez,mexico,1961,"Actor , comediante , productor, guionista, director, actor de doblaje",30,0,2.0003816444353915e-4,6,1
1847,Eulogio Fernandini,álvarez_calderón,peru,1860,Empresario,3,0,5.77951885241275e-5,1,1
1856,Eva Gonda Rivera,garza_sada,mexico,1934,Empresaria,9,0,9.487035145703763e-5,15,1
1861,Evaristo de Uriburu,álvarez_de_arenales,argentina,1796,Militar,15,0,8.501810302054768e-5,2,1
1863,Exhacienda Juriquilla,fernández_de_jáuregui,mexico,NA,NA,3,0,1.7070963997344203e-4,81,45
1865,Ezequiel Luna Guerra,luna,peru,1870,Político,3,0,6.975911359025044e-5,12,1
1868,Ezequiel Yábar Arteta,yábar,peru,1840,Terrateniente y político,8,0,1.1898107500134664e-4,12,1
1879,Fabiana Cantilo,pueyrredón,argentina,1959,Cantante y compositora de canciones,2,0,7.0537463926232e-5,2,1
1880,Fabiana Valcárcel,valcárcel,peru,2004,"Actriz , bailarina y celebridad de Internet",9,0,1.0187848760547825e-4,12,1
1881,Fabio Cruz,cruz_chile,chile,1927,Arquitecto,82,0,1.330347693206627e-4,5,1
1885,Fabio Suescún Mutis,mutis,colombia,1942,NA,6,0,1.3895321305213405e-4,42,1
1886,Fabiola León-Velarde,león-velarde,peru,1956,Fisióloga y bióloga,6,0,5.5098707015408885e-5,1,1
1892,Familia Azcárraga,azcárraga,mexico,NA,NA,7,0,7.837786140342285e-5,6,1
1893,Familia Barco,barco,colombia,NA,NA,8,0,5.7757401772408795e-5,3,1
1894,Familia Batlle,batlle,uruguay,NA,NA,14,0,6.980195311571761e-5,8,1
1895,Familia Berrío,berrío,colombia,NA,NA,7,0,4.327752723093667e-5,7,1
1896,Familia Bichir,bichir,mexico,NA,NA,9,0,9.490532495582507e-5,6,1
1898,Familia Boulton,boulton_venezuela,venezuela,NA,NA,6,0,1.707096399732317e-4,44,18
1899,Familia Brigard,brigard,colombia,NA,NA,6,0,6.12690483872455e-5,3,1
1904,Familia Chadwick,chadwick,chile,NA,NA,1,0,2.7413909139486905e-5,5,1
1905,Familia Di Palma,di_palma,argentina,NA,pilotos de automovilismo,7,0,1.0664420049567776e-4,2,1
1906,Familia Eder,eder,colombia,NA,NA,3,0,5.0425476977648106e-5,5,1
1909,Familia Frei,frei,chile,NA,NA,10,0,4.20085153929583e-5,5,1
1910,Familia Galeano,galeano,colombia,NA,NA,8,0,8.865407588128904e-5,3,1
1911,Familia Garretón,garretón,chile,NA,NA,8,0,4.517818587047663e-5,5,1
1912,Familia Gilinski,gilinski,colombia,NA,NA,2,0,9.629774562604359e-5,100,58
1913,Familia Groot,groot,colombia,NA,NA,10,0,5.793064158443952e-5,3,1
1915,Familia Jara Saguier,jara_saguier,paraguay,NA,NA,7,0,1.7070963997311132e-4,34,12
1916,Familia Kast,kast,chile,NA,NA,14,0,5.608973905873254e-5,5,1
2815,Familia Lukšić,fontbona,chile,NA,NA,13,0,4.4525110519948714e-5,4,1
1920,Familia Lukšić,luksic,chile,NA,NA,6,0,4.336365075402834e-5,4,1
1922,Familia Michelsen,michelsen,colombia,NA,NA,2,0,1.7070963997326027e-4,101,59
1925,Familia Moure,moure,colombia,NA,NA,4,0,8.258843925991603e-5,3,1
1926,Familia Nariño,nariño,colombia,NA,NA,8,0,6.154338978237755e-5,7,1
1929,Familia Piñera,piñera,chile,NA,NA,4,0,7.750160996209574e-5,5,1
1932,Familia Pombo,anexos:familias_de_colombia,colombia,NA,NA,3,0,1.7070963997338224e-4,71,36
1933,Familia Prado,prado,peru,NA,NA,10,0,5.715330707467705e-5,1,1
1935,Familia Reyes,reyes,colombia,NA,NA,7,0,4.9618807157593745e-5,3,1
1936,Familia Reyes Patria,reyes,colombia,NA,NA,7,0,4.9618807157591184e-5,3,1
1937,Familia Ricaurte,anexos:familias_de_colombia,colombia,NA,NA,3,0,1.7070963997331743e-4,71,36
1938,Familia Rospigliosi,rospigliosi,peru,NA,NA,5,0,4.8625190416738085e-5,1,1
1940,Familia Sanclemente,sanclemente,colombia,NA,NA,5,0,4.272583125162606e-5,7,1
1941,Familia Santos,anexos:familias_de_colombia,colombia,NA,NA,3,0,1.7070963997324726e-4,71,36
1942,Familia Sanz de Santamaría,sanz_de_santamaría,colombia,NA,NA,12,0,6.84821623575808e-5,3,1
1943,Familia Seminario,seminario,peru,NA,NA,9,0,1.448454840741648e-4,31,10
1944,Familia Slim,slim,mexico,NA,NA,3,0,3.9855090583826935e-5,6,1
1945,Familia Sodi,sodi,mexico,NA,NA,13,0,9.439765461661016e-5,6,1
1947,Familia Tovar,tobar,colombia,NA,NA,2,0,4.7158560117256875e-5,8,1
1948,Familia Turbay,turbay,colombia,NA,NA,9,0,5.5341561307580423e-5,3,1
1950,Familia Urrutia,urrutia,colombia,NA,NA,1,0,2.9107037827245247e-5,3,1
1954,Familia Wiesner,wiesner,colombia,NA,NA,6,0,5.620346152817592e-5,3,1
1958,Farid Char,char,colombia,1939,"Empresario, dirigente y director deportivo",10,0,6.095914701773899e-5,3,1
1959,Faustino Allende,allende_argentina,argentina,1786,Militar,5,0,1.6500647240397503e-4,62,30
1960,Fausto Gastañeta,gastañeta,peru,1872,Periodista,3,0,6.211881751684326e-5,1,1
1967,Federico Elmore,elmore,peru,1805,Militar,13,0,5.8924811734213395e-5,1,1
1971,Federico Frigerio,frigerio,argentina,1987,"Emprendedor , industrial y político",8,0,5.027939257054655e-5,2,1
1972,Federico Garretón Silva,garretón,chile,1853,Militar,9,0,4.6542985445573303e-5,5,1
1974,Federico José Uriburu,uriburu,argentina,1888,NA,13,0,6.762588598793012e-5,2,1
1981,Federico Mitre,mitre,argentina,1822,Oficial militar,6,0,6.147642089474799e-5,4,1
1983,Federico More Ruiz,more,peru,NA,"Oficial militar , político y terrateniente",5,0,1.6821074321939696e-4,20,1
1984,Federico Panizo Orbegoso,panizo,peru,1877,Abogado,2,0,1.7070963997315843e-4,89,49
1986,Federico Philippi,philippi,chile,1838,NA,8,0,6.405128154021616e-5,5,1
1991,Federico Redondo,solari_argentina,argentina,2003,NA,8,0,1.6677196849485942e-4,33,11
1995,Federico Santa María,santa_maría,chile,1845,empresario y filántropo,5,0,3.3498240518989074e-5,4,1
1996,Federico Saturnino Bravo,cantoni-bravo,argentina,1920,Diplomático y político,6,0,5.456977752777364e-5,2,1
1998,Federico Torrico,torrico,peru,1829,NA,6,0,1.0560732316920459e-4,10,1
1963,Federico Álvarez de Toledo Bedoya,álvarez_de_toledo_argentina,argentina,1826,Político,6,0,6.32842405598597e-5,2,1
2002,Feliciano Palacios y Sojo,toro_venezuela,venezuela,1730,Militar,10,0,1.1218680971663447e-4,10,1
2003,Felicitas Guerrero,álzaga,argentina,1846,NA,11,0,9.244206747855378e-5,2,1
2006,Felipe Benavides Barreda,benavides_perú,peru,1917,Conservacionista,3,0,1.7070963997328875e-4,109,66
2012,Felipe Cantuarias Salaverry,belaúnde,peru,1966,Abogado,2,0,5.0619312573736714e-5,1,1
2013,Felipe Cruzat,cruzat,chile,1997,NA,7,0,4.042328538798381e-5,4,1
2015,Felipe II de Schaumburg-Lippe,althaus,peru,1723,NA,13,0,1.0201456891264002e-4,28,1
2016,Felipe Ibáñez,ibáñez,chile,1954,Fundador y Director de la Escuela del Arte Ecuestre de Chile y empresario,9,0,4.839985236487045e-5,5,1
2021,Felipe Martín Ovejero,martín_del_campo,mexico,1698,NA,8,0,8.675686262239464e-5,6,1
2027,Felipe Pardo y Barreda,lavalle,peru,1860,Diplomático,49,0,1.2005984447271517e-4,1,1
2028,Felipe Portocarrero Carnero,portocarrero_perú,peru,1882,"Diplomático , abogado",9,0,6.110741249895716e-5,1,1
2030,Felipe Rodolfo Sapag,sapag,argentina,1943,Político y empresario,25,0,1.6125535939806368e-4,27,1
2038,Felipe Taboada,taboada,argentina,1821,"Pintor , escultor",3,0,6.273735959074376e-5,9,1
2042,Felipe de Iturbide y Huarte,iturbide,mexico,1822,NA,1,0,9.451891718038568e-5,26,7
2045,Feliza Bursztyn,leyva,colombia,1933,Escultora y pintora,1,0,2.7857189293958317e-5,7,1
2047,Fenelón de la Quintana,quintana,argentina,1828,Abogado,7,0,5.641056747631627e-5,2,1
2048,Ferdinand von Rosenzweig,de_rosenzweig_díaz,mexico,1812,Ingeniero civil y militar,1,0,1.707096399734192e-4,125,82
2049,Fermín Francisco de Carvajal Vargas,carvajal_y_vargas,chile,1722,Militar y político,1,0,1.707096399734192e-4,126,83
2050,Fermín Galeana,galeana,mexico,1771,Militar,3,0,1.7070963997338224e-4,72,37
2052,Fermín Revueltas,revueltas_sánchez,mexico,1901,Pintor,6,0,1.2705448103086792e-4,48,21
2053,Fermín Toro,toro_venezuela,venezuela,1806,"Diplomático , político , escritor , docente , botánico",15,0,1.1788810016733052e-4,10,1
2058,Fernando Amadeo Baldrich,baldrich,argentina,1926,Militar e historiador,3,0,4.133813828399404e-5,2,1
2059,Fernando Barrantes,barrantes,peru,NA,NA,2,0,4.680013620103786e-5,1,1
2066,Fernando Caicedo y Flórez,caicedo,colombia,1756,NA,2,0,5.4504168301912925e-5,21,1
2067,Fernando Cantuarias,belaúnde,peru,1964,Abogado,123,0,2.1821367117714393e-4,1,1
2069,Fernando Carrillo de Albornoz,carrillo_de_albornoz,peru,1769,Militar,16,0,1.9235524314062922e-4,23,5
2070,Fernando Carrillo de Albornoz y Lagunas,carrillo_de_albornoz,peru,1727,NA,19,0,2.2383301939669274e-4,23,5
2074,Fernando Ciangherotti,soler,mexico,1959,"Actor , compositor , dramaturgo y cantante",16,0,1.6034772524552341e-4,15,1
2082,Fernando Ferreyros,ferreyros,peru,1960,NA,12,0,7.557272689291436e-5,1,1
2092,Fernando Loyola,fernández_de_jáuregui,mexico,1873,Compositor inventor agricultor,3,0,1.7070963997338224e-4,81,45
2093,Fernando Luis de Ybarra y López-Dóriga,lópez-dóriga,mexico,1930,"Abogado, economista y empresario",16,0,1.4534381101131622e-4,8,1
2094,Fernando Luján,soler,mexico,1939,Actor,30,0,2.8009976673989306e-4,15,1
2102,Fernando Niño de Guevara,niño,colombia,1541,NA,3,0,1.707096399734192e-4,127,84
2108,Fernando Pizarro y Orellana,pizarro,chile,1570,Biógrafo,12,0,6.78874400254942e-5,11,1
2109,Fernando Redondo Solari,solari_argentina,argentina,1994,NA,8,0,1.6677196849482602e-4,33,11
2111,Fernando Rincón Jaramillo,amez,peru,1900,Oficial de la Guardia Civil del Perú,11,0,1.2230000695755567e-4,36,1
2117,Fernando Sanclemente,sanclemente,colombia,1965,Abogado y diplomático,8,0,4.9404233585843515e-5,7,1
2121,Fernando Seminario y Echandía,seminario,peru,1839,Político,9,0,1.4484548407414232e-4,31,10
2123,Fernando Soler,soler,mexico,1896,"Director de cine , guionista , productor de cine , actor , personalidad de radio , actor de cine y actor de televisión",13,0,1.3615525875029886e-4,15,1
2126,Fernando Tola de Habich,de_habich,peru,1941,"Escritor , editor , bibliógrafo , biógrafo y especialista en literatura",9,0,5.9800557737238206e-5,1,1
2127,Fernando Urdaneta Laverde,urdaneta,colombia,1895,"escritor, diplomático, político",146,0,2.4324469990649487e-4,7,1
2131,Fernando Vergara Caicedo,caicedo,colombia,1763,"Matemático , monje , académico y abogado",2,0,2.9799144436698272e-5,3,1
2135,Fernando de Borja,borja,colombia,1583,NA,1,0,7.445785158355937e-5,16,2
2136,Fernando de Olmos,olmos,colombia,1638,"militar , alcalde",13,0,1.1130787105109491e-4,3,1
2137,Fernando de Olmos y Zapiain,olmos,colombia,1662,alcalde,13,0,1.1130787105108537e-4,3,1
2139,Fernando de la Fuente y Rojas,cortés_de_monroy,chile,1671,NA,10,0,1.2959208572600793e-4,13,1
2144,Fidel Castaño,castaño_gil,colombia,1951,Grupo paramilitar,2,0,1.3302049868042827e-4,92,52
2145,Fidel Pombo,o'donnell,colombia,1837,Ingeniero,4,0,3.382229084541918e-5,3,1
2146,Fiona Alexander,sodi,mexico,1948,Escenógrafa y diseñadora de vestuario,18,0,1.1767732647236729e-4,6,1
2151,Flora Tristan,tristán_del_pozo,peru,1803,Filósofa y Escritora,8,0,7.069435004204819e-5,11,1
2152,Florabel Vargas,quispe_palomino,peru,1980,Terrorista,5,0,1.3817540258381498e-4,102,1
2155,Florencio González Balcarce,balcarce,argentina,1818,Poeta,33,0,1.2182675247788344e-4,2,1
2154,Florencio Gómez Núñez,gómez_venezuela,venezuela,1908,Piloto de aviación,7,0,1.5904091691225494e-4,2,1
2160,Florinda Meza,bolaños_cacho,mexico,1949,Actriz cantante productora de televisión,13,0,7.22911796788733e-5,6,1
2162,Foción Febres-Cordero,febres-cordero,venezuela,1831,NA,16,0,1.7881064919013487e-4,10,1
2164,Fortunato Navarro Herrera,vicuña,chile,1872,"Comerciante , agricultor y político",3,0,5.716524301062322e-5,4,1
2166,Francesca Guillén,fuentes_berain,mexico,1977,"Actriz de televisión, actriz de teatro y actriz de cine",7,0,7.672517546859638e-5,6,1
2167,Francis Mac Allister,mac_allister,argentina,1995,NA,5,0,7.270504349068088e-5,2,1
2170,Francisca Merino,cruz-coke,chile,1973,Actriz y presentadora de televisión,8,0,5.7067824003462184e-5,5,1
2173,Francisca Walker,walker_chile,chile,1987,Actriz,14,0,5.74085249065273e-5,5,1
2174,Francisca de Moctezuma,moctezuma,mexico,NA,NA,16,0,2.021487945061033e-4,13,1
2175,Francisca de Toledo y Osorio,leyva,colombia,1620,NA,3,0,1.0993343307176968e-4,73,38
2182,Francisco Antonio de Escalada,escalada,argentina,1749,Comerciante y funcionario,5,0,7.784686156298296e-5,9,1
2181,Francisco Arboleda,arboleda,colombia,1732,NA,3,0,4.4679503353118826e-5,7,1
2183,Francisco Aráoz de Lamadrid,aráoz,argentina,1794,Militar y Político,14,0,8.357567391698283e-5,2,1
2187,Francisco Balanta,balanta,colombia,1998,NA,12,0,1.7070963997317594e-4,24,6
2191,Francisco Belgrano,belgrano,argentina,1771,Político y comerciante,14,0,1.0275841065195158e-4,2,1
2194,Francisco Bolognesi,bolognesi,peru,1816,Militar,15,0,1.8825434907568806e-4,46,1
2195,Francisco Borges,lafinur,argentina,1835,Militar,10,0,7.078916590660574e-5,2,1
2202,Francisco Cavada,cavada,chile,1864,Escritor y sacerdote,8,0,4.753036559435061e-5,4,1
2205,Francisco Coloma y Leyva,leyva,colombia,1698,NA,3,0,1.3149256051996576e-4,103,60
2210,Francisco Diez-Canseco Corbacho,diez_canseco,peru,1821,Militar y político,4,0,6.229703998678137e-5,11,1
2207,Francisco Díaz de León,díaz_de_león,mexico,1897,"Pintor , dibujante , escritor , editor y grabador",7,0,8.822070704791604e-5,6,1
2215,Francisco Echenique Bryce,echenique,peru,1879,banquero,12,0,5.168883300991896e-5,5,1
2219,Francisco Fuentes Farías,farías,mexico,1830,"Político , Economista",6,0,8.223945000826905e-5,6,1
2225,Francisco García Huidobro,garcía-huidobro,chile,1697,Tesorero Perpetuo de la Real Casa de Moneda de Chile,2,0,1.707096399734192e-4,128,85
2226,Francisco García y León,seminario,peru,1828,Político,9,0,1.4484548407411911e-4,31,10
2222,Francisco García-Calderón Rey,garcía_calderón,peru,1883,"Abogado , filósofo y diplomático",243,0,3.247121215282955e-4,1,1
2230,Francisco González de Cossío Martínez,gonzález_de_cosío,mexico,1941,Economista,14,0,1.0566797112659754e-4,6,1
2231,Francisco González de Cossío y Rivera,gonzález_de_cosío,mexico,1913,"Bibliógrafo , escritor , investigador , historiador y abogado",14,0,1.0566797112658705e-4,6,1
2229,Francisco González de Cosío y Arauz,gonzález_de_cosío,mexico,1841,Político e ingeniero,11,0,8.617767627142521e-5,6,1
2233,Francisco Gorriti,gorriti,argentina,1780,Militar,4,0,5.3208291244624984e-5,2,1
2234,Francisco Graña Garland,graña,peru,1902,Periodista y empresario,9,0,6.701831293719475e-5,1,1
2237,Francisco Hernández y Hernández,pinal_hidalgo,mexico,NA,Político,100,0,2.5356424579533614e-4,6,1
2244,Francisco Javier Errázuriz Larraín,errázuriz,chile,1711,Comerciante y político,7,0,4.612372634758558e-5,9,1
2245,Francisco Javier Errázuriz Ossa,errázuriz,chile,1933,NA,2,0,3.9044841345429436e-5,4,1
2248,Francisco Javier González Balcarce,balcarce,argentina,1807,Militar,3,0,8.322863898107516e-5,9,1
2255,Francisco Javier de Ulloa,remírez_de_laredo,peru,1777,"Oficial naval , militar y político",7,0,1.835717259294043e-4,60,28
2263,Francisco José Monagas,monagas,venezuela,1747,ganadero,10,0,4.244153334127295e-5,4,1
2268,Francisco José de Caldas,arboleda,colombia,1768,NA,14,0,7.150270623473724e-5,7,1
2271,Francisco Leiva,leyva,colombia,1630,Dramaturgo y escritor,1,0,2.891873892166815e-5,2,1
2272,Francisco Lemos Arboleda,arboleda,colombia,1903,NA,132,0,2.373358377821437e-4,3,1
2275,Francisco Luna Llamas,luna,peru,1877,Político,3,0,1.1842020070217428e-4,74,39
2269,Francisco López Rayón,lópez-rayón,mexico,1782,Militar,8,0,1.4016159913609463e-4,56,26
2279,Francisco Marambio,vial,chile,1952,Diplomático,1,0,2.8136521179826844e-5,7,1
2280,Francisco Mariño y Soler,mariño,colombia,1780,Militar,2,0,6.710434970315502e-5,3,1
2281,Francisco Martín del Campo,martín_del_campo,mexico,1957,"Arquitecto , Pintor",8,0,8.675686262239162e-5,6,1
2278,Francisco María Roca,roca_y_rodríguez,ecuador,1786,NA,8,0,1.0840614557346686e-4,10,1
2282,Francisco Melgar,melgar,peru,1973,NA,5,0,4.916491261596452e-5,1,1
2290,Francisco Moreyra y Matute,moreyra,peru,1768,Político,3,0,4.0076453086498754e-5,1,1
2305,Francisco Rafael Augier,augier,argentina,1767,"Alférez Real de Santiago del Estero, subdelegado de Real Hacienda de Catamarca regidor del Cabildo de Catamarca, durante el Virreinato del Río de la Plata , Comerciante, Hacendado. Durante el periodo republicano Argentina Dignatario y firmante del Acta de Autonomía de Catamarca .",3,0,4.508789101252615e-5,2,1
2306,Francisco Ramírez Luque,hidalgo_y_costilla,mexico,1886,Político,3,0,1.415163859232972e-4,6,1
2310,Francisco Ricaurte,ricaurte,colombia,NA,NA,12,0,9.032681637555989e-5,7,1
2311,Francisco Rivas Vicuña,vicuña,chile,1880,Abogado,48,0,1.0944825094655204e-4,9,1
2312,Francisco Rodríguez Galeano,galeano,colombia,NA,Encomendero alcalde,12,0,1.2396114723471112e-4,3,1
2313,Francisco Rodríguez Galeano y Calvo,galeano,colombia,NA,Alcalde,12,0,1.2396114723470597e-4,3,1
2314,Francisco Rodríguez Galeano y Velásquez,galeano,colombia,NA,Encomendero alcalde,14,0,1.4212786708805398e-4,3,1
2324,Francisco Solano López (historietista),lópez_carrillo,argentina,1928,dibujante,14,0,7.833952969209159e-5,5,1
2326,Francisco Tomic,errázuriz,chile,1958,"Economista , ingeniero , investigador, dirigente gremial y empresario",74,0,1.120193807219922e-4,5,1
2331,Francisco Undurraga Vicuña,vicuña,chile,1856,Político,27,0,6.245923177842658e-5,4,1
2352,Francisco de Aguirre Cortés Monroy,cortés_de_monroy,chile,1630,Político,10,0,1.2959208572600465e-4,13,1
2353,Francisco de Alvear y Gómez de la Cortina,alvear,argentina,1869,"Empresario , bodeguero y político",1,0,2.8444830675012046e-5,9,1
2356,Francisco de Borja García-Huidobro,garcía-huidobro,chile,1936,Arquitecto y pintor,90,0,1.5111568340329262e-4,5,1
2359,Francisco de Borja y Miguel,borja,colombia,1609,NA,3,0,1.707096399734192e-4,129,86
2362,Francisco de Paula Andrade Troconis,troconis,venezuela,1840,Ingeniero y periodista,8,0,1.8403795226183093e-4,10,1
2365,Francisco de Segurola,segurola,argentina,1735,"Armador, navegante, comerciante.",8,0,5.467051235522758e-5,2,1
2369,Francisco de Valverde y Montalvo,de_valverde,peru,NA,NA,9,0,1.2655139598601096e-4,63,1
2368,Francisco de Valverde y Álvarez de Toledo,de_valverde,peru,NA,Militar,7,0,1.0105363323920864e-4,63,1
2373,Francisco de Zavala y Villela,zavala_de_la_maza,peru,1670,NA,4,0,1.707096399734192e-4,130,87
2375,Franco Macri,awada,argentina,1930,Empresario,7,0,6.902704804150444e-5,2,1
2378,Franklin Rawson (gobernador),rawson,argentina,1857,Oficial militar,3,0,6.627004645140503e-5,2,1
2380,Friedrich Carl Lehmann,mosquera,colombia,1850,"Botánico, científico, diplomático, escritor",1,0,2.8059842733178827e-5,8,1
2384,Fulgencio Batista,zaldívar,chile,1901,Militar,14,0,6.325381439357215e-5,5,1
2386,Fundación Solidaridad por Colombia,turbay,colombia,NA,NA,9,0,5.534156130757757e-5,3,1
1871,Félix Díaz Mori,díaz,mexico,1833,Militar,11,0,8.45273669301148e-5,9,1
1873,Félix Fulgencio Palavicini,soler,mexico,1881,político,15,0,1.5348846097783882e-4,15,1
1878,Félix de Álzaga,álzaga,argentina,1792,Político y militar,11,0,9.244206747855651e-5,2,1
2387,Gabino Anzoátegui,anzoátegui,argentina,1779,Militar,4,0,1.376062497123431e-4,61,29
2390,Gabriel Cano Villegas,cano,colombia,1891,Periodista,24,0,1.2874467002976488e-4,3,1
2392,Gabriel Echavarría Misas,echavarría,colombia,1884,"Empresario, filántropo, pianista",15,0,1.7536099319327583e-4,32,1
2393,Gabriel Feris,romero_feris,argentina,1914,Político,13,0,9.202049308195748e-5,2,1
2394,Gabriel Figueroa,mateos,mexico,1907,Director de fotografía,10,0,8.739678155387481e-5,6,1
2398,Gabriel Ponce de León,ponce_de_león,argentina,1979,NA,11,0,6.739636504608284e-5,8,1
2404,Gabriel Santos,calderón_colombia,colombia,1990,"Político , abogado",3,0,3.0185453759975598e-5,4,1
2409,Gabriel Villarán,villarán,peru,1984,NA,10,0,6.138110637287566e-5,1,1
2411,Gabriela Medina,pinto_chile,chile,1935,Actriz,5,0,3.2425477849704076e-5,5,1
2415,Gaby Espino,lander,venezuela,1977,"Actriz , modelo , presentadora",14,0,1.277158176394285e-4,10,1
2418,Gaspar Remírez de Laredo y Encalada,remírez_de_laredo,peru,1749,NA,4,0,1.1648308558251052e-4,60,28
2420,Gastón Acurio,acurio,peru,1967,"Empresario , presentador de televisión , cocinero , escritor , chef y conferenciante",8,0,6.29563652053405e-5,1,1
2423,Gastón Azcárraga,azcárraga,mexico,1955,Ejecutivo de empresa,8,0,8.30642816657067e-5,6,1
2425,Geimer Balanta,balanta,colombia,1993,NA,12,0,1.707096399731516e-4,24,6
2430,Georgina Febres-Cordero,febres-cordero,venezuela,1861,Monja,10,0,1.2047403968257266e-4,10,1
2434,Geraldine Bazán,díaz_lombardo,mexico,1983,"Actriz , presentadora",7,0,1.0226392183223978e-4,6,1
2435,Gerard Piqué,de_la_rúa,argentina,1987,NA,8,0,5.717571937354038e-5,2,1
2444,Germán Castro Caycedo,caicedo,colombia,1940,escritor y periodista,70,0,1.4696335924730303e-4,3,1
2446,Germán Díaz Lombardo,díaz_lombardo,mexico,1871,NA,5,0,7.858892494996525e-5,6,1
2451,Germán Moure,moure,colombia,1931,"Dramaturgo, director de teatro",4,0,8.25884392599126e-5,3,1
2453,Germán Samper Gnecco,samper,colombia,1924,Arquitecto,70,0,1.469633592473e-4,3,1
2459,Germán Valdés,valdés,mexico,1915,Actor cantante comediante,15,0,1.9962078846781558e-4,25,1
2460,Germán Valdés III,valdés,mexico,1989,"actor de cine, teatro y televisión",10,0,1.4252147271728215e-4,25,1
2461,Germán Vargas Espinosa,lleras,colombia,1934,NA,4,0,3.207771705444903e-5,3,1
2466,Gervasio Ortiz de Rozas,ortiz_de_rozas,argentina,1801,Político,4,0,6.373807230884574e-5,2,1
2432,Gerónimo Cafferata Marazzi,cafferata,peru,1929,Oficial naval,4,0,9.890485938028808e-5,1,1
2467,Gianella Neyra,neyra,peru,1977,Actriz y presentadora de televisión,16,0,1.0743177729701549e-4,1,1
2469,Gianluca Simeone,simeone,argentina,1998,NA,3,0,1.7070963997338224e-4,77,41
2472,Ginette Reynal,blaquier,argentina,1960,actriz • conductora • modelo,5,0,8.725307781381041e-5,2,1
2473,Gino Angelini,angelini,chile,1915,Empresario,5,0,3.314931670171492e-5,5,1
2474,Gino Assereto,neyra,peru,1987,Cantante y personalidad televisiva,12,0,8.610546339100359e-5,1,1
2476,Giovanna Pollarolo,drago,peru,1952,"Escritora , narradora , guionista y profesora universitaria",10,0,1.4545063943421072e-4,18,1
2478,Giovanni Simeone,simeone,argentina,1995,NA,3,0,1.7070963997331743e-4,77,41
2479,Gisela Ponce de León,ponce_de_león,peru,1985,Cantante y actriz,11,0,6.739636504608001e-5,8,1
2480,Gisela Valcárcel,valcárcel,peru,1963,Presentadora actriz empresaria productora columnista,12,0,1.29903314293058e-4,12,1
2481,Giselle Collao,lavalle,peru,1980,Actriz,2,0,8.908012490771306e-5,59,1
2482,Giuliano Simeone,simeone,argentina,2002,NA,3,0,1.7070963997324726e-4,77,41
2483,Glenna Cabello,cabello,venezuela,1959,Politóloga,7,0,8.369795319436684e-5,10,1
2484,Gloria Alcorta,mansilla,argentina,1915,Escritora,1,0,4.984375961206306e-5,2,1
2485,Gloria Benavides,benavides_chile,chile,1949,"Cantante , actriz y comediante",3,0,3.281374315500018e-5,5,1
2486,Gloria Lara de Echeverri,borrero,colombia,1938,Abogada Política Socióloga,135,0,2.4208892795041307e-4,3,1
2491,Gloria Zea,zea,colombia,1935,Filósofa,18,0,7.55950372834842e-5,3,1
2500,Gonzalo Lama,feliú,chile,1993,NA,2,0,2.7912721220884138e-5,5,1
2501,Gonzalo Mallarino Botero,holguín,colombia,1927,Escritor y periodista,2,0,1.707096399734192e-4,131,88
2507,Gonzalo Pizarro,pizarro,chile,1510,"Explorador , conquistador y gobernante",3,0,9.259443765288808e-5,19,4
2512,Gonzalo Romero Álvarez,campero,bolivia,1916,"Escritor , historiador , político , Ministro de Relaciones Exteriores de Uruguay y crítico de arte",3,0,1.7070963997328875e-4,111,68
2515,Gonzalo de Aliaga,aliaga,peru,1947,NA,6,0,1.2906731270942974e-4,10,1
2517,Gordon Matta-Clark,echaurren,chile,1943,"artista, performer",3,0,3.0461282212868595e-5,5,1
2526,Gregorio Cordovez,cordovéz,chile,1783,Político,4,0,4.8831379777822445e-5,3,1
2529,Gregorio Nariño Ortega,álvarez_del_casal,colombia,1783,Militar y político,6,0,7.382761399702017e-5,3,1
2531,Gregorio Paz,paz,argentina,1797,Militar,3,0,4.242680561884814e-5,2,1
2533,Grupo Fontaina - De Feo,fontaina,uruguay,NA,NA,4,0,1.223925272180521e-4,64,31
2534,Grupo Grancolombiano,michelsen,colombia,NA,NA,2,0,1.7070963997315843e-4,101,59
2535,Grupo Ledesma,blaquier,argentina,NA,NA,5,0,8.725307781380748e-5,2,1
2536,Grupo Werthein,werthein,argentina,NA,NA,6,0,9.460832318472646e-5,2,1
2539,Guadalupe Gómez Maganda Bermeo,gómez_maganda,mexico,1945,Política,102,0,2.5777191301822776e-4,6,1
2541,Guadalupe Villa,villa_michel,mexico,1786,Político y hacendado,10,0,8.207551074532164e-5,6,1
2542,Gui Gallardo,gallardo,argentina,1930,"Cantante, actor",5,0,5.555469003600958e-5,2,1
2548,Guillermo Belgrano Rawson,belgrano,argentina,1922,"Abogado, maestro, periodista y político",14,0,1.0275841065194876e-4,2,1
2551,Guillermo Brown,brown,argentina,1777,Militar,12,0,2.3605993545666398e-4,54,24
2552,Guillermo Brown y Blanco,brown,argentina,1838,Militar,8,0,1.6538246773022564e-4,54,24
2553,Guillermo Brown y Chitty,brown,argentina,1812,Comerciante,9,0,1.8318696431389418e-4,54,24
2555,Guillermo Cano Isaza,cano,colombia,1925,"periodista, escritor",20,0,1.1641740355164118e-4,3,1
2556,Guillermo Capetillo,capetillo,mexico,1958,"Actor , cantante , torero , actor de televisión y actor de cine",7,0,1.4186984363967017e-4,52,23
2557,Guillermo Carnero Hoke,hoke,peru,1917,"Poeta , periodista , activista social y escritor",2,0,4.864150550451102e-5,1,1
2560,Guillermo Echavarría Misas,echavarría,colombia,1888,Empresario,11,0,1.3483974948921292e-4,32,1
2564,Guillermo Feliú,cruz_chile,chile,1900,Historiador y académico,310,0,3.138191882031638e-4,4,1
2566,Guillermo García y García,garcía_y_garcía,peru,1847,Militar,11,0,6.198101320062874e-5,1,1
2574,Guillermo Lorca,garcía-huidobro,chile,1984,Pintor,90,0,1.511156834032742e-4,5,1
2593,Guillermo Tupper,zegers_chile,chile,1800,Comerciante,14,0,5.175330984570995e-5,5,1
2601,Gumercindo Saraiva,saravia,uruguay,1852,militar riograndense,12,0,6.0191142845695505e-5,8,1
2602,Gustavo A. Madero,madero,mexico,1875,"Revolucionario, político y empresario",11,0,7.216452431496294e-5,6,1
2603,Gustavo Adolfo Salinas Camiña,carranza,mexico,1893,"Militar , deportista y tirador",3,0,1.7070963997328875e-4,124,81
2607,Gustavo Arboleda,arboleda,colombia,1881,NA,32,0,7.194111492846091e-5,8,1
2613,Gustavo Gaviria,escobar_gaviria,colombia,1946,Narcotraficante,7,0,5.990141512181898e-5,3,1
2617,Gustavo Matamoros Camacho,camacho,colombia,1955,"Militar , jinete",3,0,8.209615181694695e-5,8,1
2619,Gustavo Matamoros León,camacho,colombia,1896,Militar,4,0,1.0092605375722135e-4,8,1
2628,Gustavo Vicuña Salas,vicuña,chile,NA,"Ingeniero civil , empresario y dirigente gremial",310,0,3.138191882031388e-4,4,1
2629,Gustavo Yankelevich,yankelevich,argentina,1949,Productor y empresario,17,0,2.2675516740217524e-4,50,22
2653,Hacienda Huando,graña,peru,NA,NA,6,0,6.053337684615594e-5,1,1
2654,Hacienda Nápoles,escobar_gaviria,colombia,NA,NA,7,0,5.990141512181632e-5,3,1
2655,Hans Gildemeister,gildemeister,peru,1956,NA,1,0,1.707096399734192e-4,132,89
2658,Hebe Podestá,podestá,argentina,1884,Actriz,6,0,1.1695308037702214e-4,17,3
2659,Hector Cafferata,cafferata,argentina,1929,Militar,4,0,9.890485938028498e-5,1,1
2660,Heinz Gildemeister,gildemeister,peru,1960,NA,1,0,1.7070963997328875e-4,132,89
2669,Herman Chadwick Larraín,chadwick,chile,1968,"abogado, síndico de quiebras",3,0,2.993693824547863e-5,5,1
2674,Hermenegildo Galeana,galeana,mexico,1762,"Hacendado, militar",3,0,1.7070963997331743e-4,72,37
2697,Hernando Alejandro Graña Acuña,graña,peru,1951,"Empresario , Ingeniero",6,0,6.053337684615312e-5,1,1
2700,Hernando Diaz Sanmiguel,parís,colombia,1935,Militar,1,0,2.7276692140615175e-5,7,1
2703,Hernando Márquez Arbeláez,duque,colombia,1916,"Abogado , escritor y economista",6,0,5.1250622503139224e-5,3,1
2704,Hernando Pastrana,borrero,argentina,1921,"Médico, psicoanalista, político y diplomático",5,0,3.30239998212258e-5,7,1
2706,Hernando Pizarro Leongómez,acevedo_colombia,colombia,1952,NA,17,0,8.299734552413601e-5,3,1
2710,Hernando de Lavalle,lavalle,peru,1859,Militar,3,0,6.051248370635459e-5,1,1
2679,Hernán Echavarría Hoyos,echavarría,colombia,1939,"empresario, economista",8,0,1.0482433617872346e-4,32,1
2684,Hernán Hinostroza,farfán,peru,1993,NA,9,0,1.6309855443559827e-4,39,14
2689,Hernán Lavín Cerda,lavín,chile,1939,Escritor,310,0,3.138191882031325e-4,4,1
2717,Hilda Sabato,sabato,argentina,1947,Historiadora,9,0,7.247640120130407e-5,2,1
2718,Hipólita Bolívar,bolívar,venezuela,1763,"Ama de crianza , esclava",9,0,1.4124933289001685e-4,10,1
2722,Hipólito Reyes Larios,reyes_larios,mexico,1946,NA,5,0,3.845923326711454e-5,6,1
2726,Horacio Beccar Varela,varela,argentina,1875,Abogado,126,0,2.777375714703067e-4,2,1
2727,Horacio Gómez Bolaños,bolaños_cacho,mexico,1930,Actor comediante,11,0,6.298086453971268e-5,6,1
2728,Horacio Rodolfo de Sosa,marcó_del_pont,argentina,1945,NA,6,0,7.427429844228929e-5,2,1
2733,Horacio Velarde,zuviría,argentina,1915,Actor,12,0,8.469876382771605e-5,2,1
2739,Hugo Ballivián,ballivián,bolivia,1901,Militar y político,7,0,1.2252142604892802e-4,9,1
2742,Hugo Maradona,maradona,argentina,1969,NA,7,0,1.4240821141681215e-4,40,15
2745,Hugo Trivelli Oyarzún,trivelli,chile,1942,"Ingeniero civil , economista , empresario , académico e investigador",315,0,3.182164048730366e-4,4,1
2634,Héctor Charry Samper,samper,colombia,1930,Diplomático y abogado,1,0,3.269286679700649e-5,8,1
2639,Héctor Guerrero,guerrero,mexico,1954,NA,7,0,1.2711910560957824e-4,35,13
2645,Héctor Pedro Blomberg,lópez_carrillo,argentina,1889,"Periodista , escritor , poeta , guionista y letrista",15,0,8.287760284197867e-5,5,1
2647,Héctor Valdés,valdés_chile,chile,1918,Arquitecto,90,0,1.5111568340326793e-4,5,1
2648,Héctor Velarde Bergmann,diez_canseco,peru,1898,"Arquitecto, escritor, docente.",3,0,2.931519253395567e-5,1,1
2652,Hércules II de Este,borja,colombia,1508,NA,2,0,7.299022548153884e-5,16,2
2756,Ignacia Allamand,allamand,chile,1981,Actriz,11,0,5.956986249480109e-5,5,1
2757,Ignacio Alfonso Cavada,cavada,chile,NA,Abogado,8,0,4.753036559434772e-5,4,1
2759,Ignacio Bernal y García Pimentel,garcía_icazbalceta,mexico,1910,"Antropólogo , arqueólogo , historiador",6,0,9.158177550475818e-5,6,1
2760,Ignacio Buse,thorne,peru,NA,NA,4,0,4.388353496120318e-5,1,1
2761,Ignacio Carrera Pinto,pinto_chile,chile,1848,"Arriero , Militar",3,0,2.9788842267521767e-5,4,1
2762,Ignacio Casimiro Roca,roca_y_rodríguez,ecuador,1838,Emprendedor y poeta,8,0,1.0840614557346433e-4,10,1
2764,Ignacio Coronel Villarreal,coronel_méxico,mexico,1954,Narcotraficante,7,0,1.1591667136160297e-4,41,16
2767,Ignacio Drago,drago,peru,1985,NA,7,0,1.1025886217306418e-4,18,1
2772,Ignacio López Rayón,lópez-rayón,mexico,1773,Militar y político,8,0,1.4016159913607352e-4,56,26
2774,Ignacio Mariátegui y Tellería,mariátegui,peru,1797,Director del Colegio Naval Director del Instituto Militar,12,0,4.781983813143726e-5,1,1
2776,Ignacio Matte Blanco,matte,chile,1908,Psicólogo y psiquiatra,310,0,3.138191882031198e-4,4,1
2781,Ignacio Prieto,prieto,chile,1943,NA,3,0,4.9127524254367395e-5,3,1
2783,Ignacio Rengifo,borrero,colombia,1876,Político,1,0,2.7141713352618532e-5,7,1
2786,Ignacio Tenorio y Carvajal,tenorio,colombia,NA,"abogado, jesuita, misionero franciscano y viajero",4,0,3.9483125036372445e-5,3,1
2787,Ignacio Umaña de Brigard,brigard,colombia,1921,"Ingeniero, empresario, banquero, político y diplomático.",6,0,6.126904838724033e-5,3,1
2790,Ignacio Vargas,parís,colombia,1786,Político,3,0,4.010369626926494e-5,3,1
2794,Ignacio de Herrera y Vergara,vergara-azcárate,chile,1769,Abogado,74,0,1.562577871495307e-4,3,1
2798,Ignacio de la Torre y Mier,díaz,mexico,1866,Político y empresario,10,0,7.70867190133891e-5,9,1
2799,Ignacio del Castillo Sanz de Santamaría,castillo_guevara,colombia,NA,NA,5,0,1.7128286101150304e-4,79,43
2800,Ildefonso Ramos Mexía,ramos_mejía,argentina,1769,Político,3,0,4.165872795399099e-5,5,1
2809,Inda Ledesma,salazar_y_meléndez,argentina,1926,"actriz , directora de teatro",11,0,5.873733805808668e-5,1,1
2810,Ingenio Bolívar,bolívar,venezuela,NA,NA,8,0,1.2768301278193457e-4,10,1
2801,Inés Coronel Barreras,coronel_méxico,mexico,1968,Narcotraficante,10,0,1.5526616778544495e-4,41,16
2802,Inés Echeverría,bello,chile,1868,Escritora,12,0,5.168666098589242e-5,4,1
2804,Inés García de Durán,borrero,colombia,1928,folclorista,5,0,3.4053380800472644e-5,3,1
2803,Inés Gómez Mont,gómez-mont,mexico,1983,presentadora de televisión,4,0,3.645370994407572e-5,6,1
2805,Inés Lafuente,fortabat,argentina,1944,"Empresaria , filántropa",17,0,1.1701143784469211e-4,2,1
2806,Inés Mónica Weinberg de Roca,roca,argentina,1948,"Abogada , Juez , Jurista",5,0,4.273725039329932e-5,2,1
2814,Irina Baeva,díaz_lombardo,mexico,1992,actriz,7,0,1.0226392183223424e-4,6,1
2821,Isaac Gilinski Sragowicz,gilinski,colombia,1934,"Ingeniero , cantante , político , banquero y diplomático",5,0,2.0791558714690833e-4,100,58
2825,Isaac Lindley,lindley,peru,1904,Empresario y Filántropo,1,0,3.108422261806428e-5,1,1
2826,Isaak Pavlovski,pavlovsky,argentina,1853,"Periodista , traductor y escritor",6,0,1.3911001354475943e-4,43,17
2829,Isabel Ferreyros,ferreyros,peru,1926,NA,12,0,7.557272689291145e-5,1,1
2831,Isabel Larco,larco,peru,1933,Presidenta del Museo Larco (Lima) y del Museo de Arte Precolombino (Cusco),11,0,9.709348603526767e-5,1,1
2832,Isabel Le Brun,pinochet,chile,1845,profesora,4,0,4.5024168627693096e-5,5,1
2835,Isabel Macedo,urtubey,argentina,1975,"Actriz, modelo y empresaria",6,0,5.5117159139170464e-5,2,1
2837,Isabel Noboa,noboa,ecuador,1946,"Empresaria , inversionista",13,0,1.1548938547268153e-4,10,1
2839,Isabel Pesado de Mier,mier_y_terán,mexico,1832,Escritora,6,0,1.0279321253432357e-4,6,1
2840,Isabel Preysler,vargas_llosa,peru,1951,"Socialité , modelo y presentadora de televisión",31,0,1.5215954145023628e-4,14,1
2842,Isabel Sabogal,sabogal,peru,1958,"Escritora , traductora , astróloga",3,0,4.208725269136542e-5,1,1
2846,Isabella Santo Domingo,santo_domingo,colombia,1968,"Actriz, escritora, comediante, empresaria",2,0,6.571051229290876e-5,7,1
2817,Isaías Villa Michel,villa_michel,mexico,NA,Militar,10,0,8.207551074531879e-5,6,1
2818,Isaías de Piérola,piérola,peru,1866,Político y comerciante,10,0,6.578636394645416e-5,11,1
2848,Isidora Goyenechea,cousiño,chile,1835,Empresaria,13,0,5.94527369873258e-5,9,1
2849,Isidora Zegers Montenegro,zegers_chile,chile,1803,"cantante , gestora y compositora",17,0,5.568201274631164e-5,5,1
2853,Isidoro de Errázuriz,errázuriz,chile,1782,Político,4,0,3.4449556084540145e-5,9,1
2854,Isidro Michel López,villa_michel,mexico,1870,Militar,10,0,8.207551074531586e-5,6,1
2855,Isidro Quesada,quesada,argentina,1802,Militar,3,0,1.7070963997338224e-4,78,42
2856,Isidro Romero,noboa,ecuador,1942,"Político , empresario y terrateniente",10,0,9.330053221790335e-5,10,1
2857,Isidro del Río,del_río,peru,1812,Político,1,0,1.707096399734192e-4,133,90
2862,Ismael Perdomo,borrero,colombia,1872,NA,3,0,1.526697834247341e-4,90,50
2863,Ismael Quispe,quispe,peru,1999,NA,2,0,8.970721278023534e-5,12,1
2866,Ismael Vicuña Subercaseaux,subercaseaux,chile,1877,Bachiller en Humanidades,22,0,5.5518840651724514e-5,4,1
2867,Ismael de la Quintana,elías,peru,1845,Político,8,0,7.162970800454642e-5,1,1
2876,Ivana Yturbe,farfán,peru,1996,Modelo y personalidad televisiva,11,0,1.937494716328839e-4,39,14
2868,Iván Archivaldo Guzmán Salazar,coronel_méxico,mexico,1983,NA,10,0,1.5337698128433625e-4,41,16
2870,Iván Dibós,alarco,peru,1939,Empresario y dirigente deportivo,3,0,5.405238878795391e-5,1,1
2875,Iván Vázquez Mellado,vázquez-mellado,mexico,1982,NA,2,0,5.0000945075552073e-5,9,1
2878,Jacinto Mariano de Villegas,villegas,argentina,1819,"Político , militar , hacendado y funcionario de gobierno durante las diferentes etapas y entidades políticas: Confederación Argentina . Estado de Buenos Aires . República Argentina .",14,0,6.124337727154214e-5,2,1
2883,Jacobo Wiesner,wiesner,colombia,1763,"Físico, químico, matemático, mineralogista e ingeniero",6,0,5.6203461528167535e-5,3,1
2894,Jaime Cerrón Palomino,cerrón,peru,1937,"Filósofo , catedrático",14,0,8.379860070235177e-5,12,1
2897,Jaime Drago,drago,peru,1959,NA,7,0,1.1025886217306088e-4,18,1
2896,Jaime Dávalos,güemes,argentina,1921,"Escritor , actor , compositor y poeta",15,0,1.0035754075824092e-4,2,1
2899,Jaime Gilinski Bacal,gilinski,colombia,1957,"Banquero , Agente de la Edificación",5,0,2.0791558714673775e-4,100,58
2902,Jaime Michelsen Uribe,lópez,colombia,1930,"Banquero, empresario",153,0,2.0556072882183635e-4,4,1
2903,Jaime Pastrana,borrero,colombia,1956,"Médico, periodista, empresario",4,0,3.218687027549909e-5,7,1
2910,Jaime Ucrós,borrero,colombia,1918,Diplomático,133,0,2.3880252833666745e-4,3,1
2911,Jaime Yankelevich,yankelevich,argentina,1894,Empresario,9,0,1.323488130195096e-4,50,22
2912,Jaime Yrigoyen von der Heyde,diez_canseco,peru,1922,"Abogado, Historiador, Escritor, Periodista",240,0,3.211527675313651e-4,1,1
2914,Janet Reátegui Rivadeneyra,reátegui,peru,1965,Política,4,0,4.809292561110871e-5,1,1
2915,Janick Maceta,lavalle,peru,1994,Modelo ingeniera de sonido [ 1 ] ​,2,0,8.908012490771306e-5,59,1
2916,Januario Salgar,salgar,colombia,1827,"Político , abogado",7,0,3.642163250127219e-5,3,1
2921,Javier Burillo Azcárraga,azcárraga,mexico,1961,"Empresario , filántropo e Inversionista",7,0,7.83778614034172e-5,6,1
2928,Javier Garza Sepúlveda,garza_sada,mexico,1927,empresario,7,0,8.109686152187002e-5,15,1
2936,Javier Ruán,aguilar,mexico,1940,Actor Guionista Escritor Cantante,2,0,7.597422965219647e-5,22,1
2943,Javier de Osma,osma,peru,1820,Militar y político,13,0,5.37187936797979e-5,1,1
2945,Javiera Díaz de Valdés,mackenna,chile,1981,Modelo y actriz,2,0,4.133892302894172e-5,5,1
2947,Jazmín Pinedo,neyra,peru,1990,"Presentadora , modelo , influencer y figura pública",14,0,9.827963159099515e-5,1,1
2950,Jefferson Farfán,farfán,peru,1984,NA,13,0,2.2447413796604075e-4,39,14
2951,Jehová Villa Escamilla,villa_michel,mexico,1933,Fotógrafo y ciclista,13,0,9.857476321153521e-5,6,1
2954,Jencarlos Canela,lander,venezuela,1988,"Actor , cantante , compositor y modelo",12,0,1.1150818308790079e-4,10,1
2955,Jerónimo Argáez,argáez,colombia,1841,Periodista,7,0,9.709207021828523e-5,3,1
2956,Jerónimo de Aliaga,aliaga,peru,1508,NA,6,0,1.2906731270942564e-4,10,1
2980,Jessica Coch,bolaños_cacho,mexico,1979,"Actriz , actriz de televisión, actriz de cine y actriz de teatro",13,0,7.218964357409722e-5,6,1
2957,Jesús Alfredo Guzmán Salazar,coronel_méxico,mexico,1986,Narcotraficante,10,0,1.5337698128431259e-4,41,16
2970,Jesús Bernaldo de Quirós,valencia,colombia,1871,Político y aristócrata,2,0,6.961206502491131e-5,29,8
2966,Jesús Degollado Guízar,guízar,mexico,NA,Militar,9,0,1.7070963997328341e-4,30,9
2965,Jesús Díaz de León,díaz_de_león,mexico,1851,Escritor y médico,7,0,8.822070704790778e-5,6,1
2969,Jesús López Portillo,lópez-portillo,mexico,1818,Abogado y político,13,0,7.509970278050624e-5,6,1
2972,Jesús Neyra Uyén,neyra,peru,1950,NA,14,0,9.013142953543665e-5,1,1
2978,Jesús Silva Herzog,silva_herzog,mexico,1893,"Economista , historiador , periodista y político",5,0,3.7278583268696794e-5,6,1
2979,Jesús Sucre,sucre,venezuela,1988,NA,10,0,1.079537402239163e-4,10,1
2981,Jimena Elías,elías,peru,1989,"Modelo , empresaria , escritora y reina de belleza",12,0,9.463374712800915e-5,1,1
2982,Jimena Gállego,reyes_spíndola,mexico,1980,"Conductora, cantante, periodista",3,0,1.0216508379665882e-4,6,1
2983,Joanna Boloña,acuña,peru,1986,Conductora de televisión,12,0,8.544202389735733e-5,1,1
2988,Joaquín Belgrano,belgrano,argentina,1773,"Comerciante, funcionario y político",14,0,1.0275841065194593e-4,2,1
2991,Joaquín Edwards Ossandón,edwards,chile,1808,NA,1,0,5.2177692926749046e-5,5,1
2993,Joaquín F. Chicarro,fernández_chicarro,mexico,1865,político,2,0,1.7070963997315843e-4,95,55
2996,Joaquín García Icazbalceta,garcía_icazbalceta,mexico,1825,"Bibliógrafo , escritor , historiador , hacendado",7,0,1.0439954609246776e-4,6,1
2998,Joaquín González Camargo,camargo,colombia,1865,Escritor,10,0,4.8961224632060966e-5,3,1
3000,Joaquín Guzmán Loera,coronel_méxico,mexico,1957,Narcotraficante,21,0,2.999438854897602e-4,41,16
2999,Joaquín Guzmán López,coronel_méxico,mexico,1986,Narcotraficante,10,0,1.5337698128428825e-4,41,16
3003,Joaquín Larraín Gandarillas,gandarillas,chile,1822,NA,11,0,4.9286558137741274e-5,9,1
3010,Joaquín Mariano Belgrano,belgrano,uruguay,1854,Arquitecto,14,0,1.0275841065194301e-4,2,1
3009,Joaquín María Barraquer y Rovira,barraquer,colombia,1834,"Militar , ingeniero , geofísico y topógrafo",11,0,8.939808814584185e-5,14,1
3012,Joaquín Nazar,nazar,argentina,1784,Militar,2,0,5.6337433657408045e-5,2,1
3015,Joaquín Pardo Vergara,vergara-azcárate,colombia,1843,NA,2,0,1.1031533761519732e-4,90,50
3020,Joaquín Ramírez,ramírez,peru,1970,Administrador de empresas,21,0,9.77872859026259e-5,1,1
3021,Joaquín Ricaurte Torrijos,ricaurte,colombia,1766,Militar,12,0,9.032681637555115e-5,7,1
3025,Joaquín Torrico,torrico,peru,1804,Militar y político,3,0,6.474531748825874e-5,10,1
3035,Joel LeBaron,lebaron,mexico,1923,NA,7,0,1.1035091414176531e-4,6,1
3038,Johanna San Miguel,alarco,peru,1967,Actriz presentadora comediante,2,0,7.907787682789403e-5,86,1
3042,John Halstead Coe,balcarce,argentina,1806,Militar,2,0,5.792691276223864e-5,2,1
3046,Jonathan Freudman,velasco_chile,venezuela,1990,Actor,2,0,9.619718901201837e-5,94,54
3048,Jorge Alberto Sabato,sabato,argentina,1924,Físico,9,0,7.247640120129521e-5,2,1
3049,Jorge Alberto del Río Salas,sieburger,argentina,1918,NA,3,0,1.7070963997331743e-4,80,44
3056,Jorge Ballivián,ballivián,bolivia,1774,Militar,10,0,1.6216457474975993e-4,9,1
3058,Jorge Barandiarán Pagador,león_barandiarán,peru,1919,Militar y político,9,0,6.808060130999451e-5,1,1
3057,Jorge Barón Biza,sabattini,argentina,1942,"escritor, periodista, docente",12,0,5.972943243593331e-5,2,1
3067,Jorge Díaz de León,díaz_de_león,mexico,1984,NA,7,0,8.822070704790477e-5,6,1
3071,Jorge Enrique Velarde,velarde,peru,1856,Militar,1,0,4.135613695200695e-5,1,1
3081,Jorge Gaitán Cortés,lleras,colombia,1920,"Arquitecto, empresario y político",73,0,1.530341057746468e-4,3,1
3084,Jorge García Granados,garcía_granados,mexico,1900,Diplomático y político,7,0,7.379166396693964e-5,9,1
3087,Jorge Guerra (actor peruano),wiesse,peru,1998,Actor,1,0,1.707096399734192e-4,134,91
3093,Jorge Herrán,bordaberry,uruguay,1897,Arquitecto,6,0,4.2152590319208845e-5,8,1
3096,Jorge Holguín Uribe,holguín,colombia,1953,Artista,44,0,1.0145048140098444e-4,7,1
3101,Jorge Lesser,garcía-huidobro,chile,NA,"Ingeniero civil , consultor y empresario",310,0,3.138191882030269e-4,4,1
3102,Jorge Leyva Durán,durán_colombia,colombia,NA,Docente universitario,11,0,4.429647450372229e-5,7,1
3104,Jorge Luco,velasco_chile,chile,1934,NA,2,0,1.0020105176750509e-4,7,1
3105,Jorge Luis Borges,lafinur,argentina,1899,"Escritor , poeta , cuentista , ensayista , traductor , crítico literario , guionista , bibliotecario , profesor , editor",12,0,8.279015042532293e-5,2,1
3110,Jorge Martínez Zuviría,zuviría,argentina,1920,Oficial militar,13,0,9.043100928334368e-5,2,1
3123,Jorge Quispe Palomino,quispe_palomino,peru,1970,"Cantante, guerrillero y narcotraficante",5,0,1.3817540258380842e-4,102,1
3129,Jorge Solari (futbolista),solari_argentina,argentina,1941,NA,8,0,1.6677196849479146e-4,33,11
3135,Jorge Velasco,velasco_chile,chile,1986,Actor,90,0,1.511156834032329e-4,5,1
3503,Josefa Acevedo de Gómez,acevedo_colombia,colombia,1803,Escritora,17,0,7.78390216613746e-5,3,1
3504,Josefa Andrade Berti,troconis,colombia,1875,Poeta,8,0,1.8403795226182e-4,10,1
3505,Josefa Carrillo y Albornoz,carrillo_de_albornoz,peru,NA,Revolucionaria,16,0,1.9235524314051777e-4,23,5
3508,Josefa Francisca Valverde,de_valverde,peru,1710,NA,5,0,7.64275888768975e-5,63,1
3511,Josefa Rosa de Muñatones,salazar_y_muñatones,peru,1669,NA,12,0,1.321840699128852e-4,10,1
3512,Josefa de Iturbide y Huarte,iturbide,mexico,1814,NA,1,0,9.451891718038568e-5,26,7
3513,Josefina Escobedo,lópez-moctezuma,mexico,1914,Actriz,4,0,2.006278242983357e-4,93,53
3514,Josefina Guilisasti,guilisasti,chile,1963,Artista visual,2,0,2.8345398064471848e-5,5,1
3516,Josefina Llaca,llaca,mexico,1890,Cantante de ópera,4,0,9.647464629877167e-5,6,1
3517,Josefina Montané,di_girolamo,chile,1988,Modelo y actriz (desde 2011),2,0,3.321336226117688e-5,5,1
3157,Josep Antoni Barraquer Roviralta,barraquer,colombia,1851,"Médico , profesor y oftalmólogo",14,0,1.060248470741594e-4,14,1
3197,Josep Batlle i Carreó,batlle,uruguay,1773,"empresario , cronista",19,0,8.525262257627993e-5,8,1
3525,Josnars Baduel,baduel,venezuela,1988,NA,5,0,8.595381224862141e-5,10,1
3142,José A. Larco,larco,peru,1830,Alcalde,8,0,7.76463471764028e-5,1,1
3144,José Agustín de la Puente Candamo,álvarez_calderón,peru,1922,"historiador , catedrático , genealogista y abogado",126,0,2.2293774321080232e-4,1,1
3151,José Alfredo Martínez de Hoz (padre),martínez_de_hoz,argentina,1895,"economista, abogado, profesor",7,0,6.667376743992024e-5,5,1
3153,José Anacleto Montt Goyenechea,montt,chile,1802,Abogado,74,0,1.062463194257726e-4,4,1
3158,José Antonio Delgado Sucre,sucre,venezuela,1965,Montañero,10,0,1.0795374022391344e-4,10,1
3163,José Antonio García Belaúnde,belaúnde,peru,1948,Diplomático,129,0,2.268048163422602e-4,1,1
3165,José Antonio Gregorio Eustaquio de Otálora y del Ribero,otálora,argentina,1767,hacendado y militar,17,0,1.1844608362240396e-4,2,1
3167,José Antonio Gregorio de Otálora,otálora,argentina,1732,"Funcionario , militar , comerciante y hacendado",27,0,1.7712421072955587e-4,2,1
3172,José Antonio Manso de Velasco,velasco_chile,chile,1688,Político y militar,2,0,1.7070963997328875e-4,122,79
3175,José Antonio Ricaurte Rigueiros,ricaurte,colombia,1748,"Jurista , Abogado",12,0,9.032681637554814e-5,7,1
3178,José Antonio Urquiza,urquíza,mexico,1904,Activista,1,0,1.7070963997328875e-4,120,77
3179,José Antonio Valdés González,valdés_chile,chile,1856,NA,3,0,1.707096399734192e-4,135,92
3180,José Antonio Valdés Munizaga,valdés_chile,chile,1836,"Político , agricultor , empresario y cónsul",3,0,1.7070963997328875e-4,135,92
3181,José Antonio Vidaurre,garretón,chile,1798,Militar,8,0,4.5178185870470945e-5,5,1
3183,José Antonio Virasoro,virasoro,argentina,1815,Militar,2,0,3.5823792481974126e-5,2,1
3187,José Antonio de Lavalle y García,lavalle,peru,1888,Ingeniero agrónomo,3,0,4.8823380942017964e-5,1,1
3189,José Antonio de Lizarzaburu,borja,ecuador,1747,Alcalde de primer voto,3,0,1.2742535611392193e-4,58,27
3154,José Antonio Íñiguez,vicuña,chile,1848,"Político , escritor , historiador",1,0,2.663519344809254e-5,4,1
3190,José Arboleda Arroyo,arboleda,colombia,1795,"Militar, hacendado e intelectual",2,0,2.8432323522917703e-5,8,1
3200,José Benito de Azcuénaga,azcuénaga,argentina,1793,Militar,15,0,1.3283344052331895e-4,9,1
3203,José Bernardo de Tagle Bracho,tagle_bracho,peru,1684,Comerciante,6,0,5.878502931577702e-5,1,1
3204,José Bourgón López-Dóriga,lópez-dóriga,mexico,1917,Militar,13,0,1.2192876564532598e-4,8,1
3205,José Boza,boza_de_lima,peru,1822,Terrateniente y político,9,0,7.118147327078885e-5,11,1
3207,José Calixto de Orihuela,orihuela,bolivia,1767,NA,12,0,8.5578342594661e-5,12,1
3210,José Camilo del Solar,vial,chile,1805,Hacendado,48,0,1.0944825094653028e-4,9,1
3213,José Carlos Mariátegui,mariátegui,peru,1895,"escritor , autodidacta y político",22,0,6.516519752852361e-5,1,1
3214,José Carrillo de Albornoz,carrillo_de_albornoz,peru,1671,Militar y político,13,0,1.6194467763181806e-4,23,5
3216,José Casimiro de Lavalle y Zugasti,lavalle,peru,1777,Militar,1,0,4.8516116656348814e-5,1,1
3218,José Cipriano Andrés de Pueyrredón,pueyrredón,argentina,1779,militar,21,0,7.69580219212148e-5,2,1
3225,José Daniel Balmaceda Fernández,balmaceda,chile,1861,Político,1,0,2.838960469963934e-5,9,1
3228,José Domingo Amunátegui Borgoño,amunátegui,chile,1832,Militar,10,0,3.649596570000827e-5,4,1
3230,José Domingo Dávila Pumarejo,dávila,colombia,1869,NA,13,0,9.537654427661338e-5,3,1
3222,José Dámaso Anzoátegui,anzoátegui,argentina,1777,Militar,4,0,1.3760624971229907e-4,61,29
3235,José Eduardo Derbez,derbez,mexico,1992,Actor de cine y actor de televisión,19,0,1.325206346297797e-4,6,1
3236,José Eduardo Gnecco Correa,gnecco,colombia,1923,Abogado,70,0,1.469633592472716e-4,3,1
3238,José Elías Balmaceda,balmaceda,chile,1849,"Político , agricultor y poeta",3,0,3.395592210667051e-5,9,1
3240,José Elías Moreno (hijo),gonzález_de_cosío,mexico,1956,"Actor , actor de televisión, actor de cine y cineasta",13,0,9.875845379154162e-5,6,1
3241,José Emilio Luna Valderrama,luna,peru,1840,Político y abogado,3,0,6.818914180413352e-5,2,1
3245,José Estenssoro,estenssoro,argentina,1934,Empresario y ejecutivo,7,0,1.39663044918163e-4,20,1
3249,José Evaristo Uriburu Roca,álvarez_de_arenales,argentina,1904,socialite,14,0,7.93583875083906e-5,2,1
3260,José Fernando Castro,caicedo,colombia,1951,"Abogado , político",7,0,4.21522360218506e-5,3,1
3258,José Fernández Arteaga,guízar,mexico,1933,NA,9,0,1.7070963997325517e-4,30,9
3262,José Francisco Echaurren Larraín,echaurren,chile,1823,político,3,0,1.2728748006030668e-4,84,1
3255,José Félix de Restrepo,restrepo,colombia,1760,Magistrado y político,16,0,5.665952864424677e-5,3,1
3271,José Gabriel Concha,concha,argentina,1785,Militar,3,0,4.097810085074069e-5,8,1
3272,José Gabriel Ortiz,caballero,colombia,1947,Presentador de televisión,11,0,6.27514782141979e-5,3,1
3273,José García de León y Pizarro,garcía_de_león,mexico,1770,Militar y político,5,0,4.8579548947520575e-5,6,1
3274,José Gastañeta,gastañeta,peru,1912,NA,3,0,6.211881751684064e-5,1,1
3276,José Gregorio Belgrano,belgrano,argentina,1762,Militar,17,0,1.1834759345463104e-4,2,1
3279,José Gregorio Lemos,lemos,colombia,1991,NA,5,0,3.819957387126485e-5,4,1
3282,José Gregorio de Lezama,álzaga,argentina,1802,"Comerciante agropecuario , hacendado , empresario , político y filántropo",13,0,1.0390226009985201e-4,2,1
3283,José Groot de Vargas,groot,colombia,1726,NA,16,0,8.1728756174185e-5,3,1
3284,José Guadalupe Martín Rábago,martín_del_campo,mexico,1935,NA,8,0,8.675686262238846e-5,6,1
3268,José Gálvez Moreno,gálvez,peru,1850,Político y militar,12,0,5.380341071465093e-5,1,1
3269,José Gálvez Paz,gálvez,peru,1792,NA,18,0,6.235724200987304e-5,1,1
3287,José Hernández,pueyrredón,argentina,1834,"Poeta , político , periodista y militar",39,0,1.1831426219983315e-4,2,1
3289,José Humberto Quintero,quintero,venezuela,1902,NA,13,0,5.108282329398643e-5,3,1
3290,José Ignacio Díaz-Granados Morales,díaz_granados,colombia,1830,Político,4,0,6.956441287081725e-5,10,1
3294,José Ignacio Helguero,aráoz,argentina,1798,Militar,14,0,8.357567391697984e-5,2,1
3301,José Ildefonso Álvarez de Arenales,álvarez_de_arenales,argentina,1798,Militar,14,0,8.096831726410696e-5,2,1
3303,José Jerónimo Triana,pérez_manosalva,colombia,1828,Botánico y médico,3,0,5.2434063078047254e-5,3,1
3304,José Joaquín Camacho,camacho,colombia,1766,"Abogado , periodista y profesor",76,0,1.6056877627379087e-4,3,1
3306,José Joaquín Inclán,gonzález_vigil,peru,1818,Político y militar,4,0,6.878088706803527e-5,1,1
3317,José Leocadio de Llona y Rivera,llona,ecuador,1797,Político,11,0,6.301946278718859e-5,1,1
3322,José Luis Claro y Cruz,claro_chile,chile,1826,Bombero,18,0,5.931311392661727e-5,5,1
3323,José Luis Di Palma,di_palma,argentina,1966,NA,7,0,1.0664420049567452e-4,2,1
3325,José Luis de Azuola,azuola,colombia,1754,"Periodista, político",6,0,3.753648020021604e-5,7,1
3312,José López Portillo y Rojas,lópez-portillo,mexico,1850,"Magistrado , escritor de cuentos , novelista , diplomático , escritor y político",16,0,8.87947764889159e-5,6,1
3330,José Manuel Estrada,estrada,argentina,1842,"Profesor , escritor , político",4,0,6.877087492826148e-5,2,1
3331,José Manuel Groot,groot,colombia,1800,Escritor y periodista,13,0,7.177574371366237e-5,3,1
3333,José Manuel Infante,montt,chile,1835,"Abogado , político y juez",311,0,3.1474300729679753e-4,4,1
3335,José Manuel Lleras,lleras,colombia,1843,Escritor,3,0,3.042119761112642e-5,3,1
3343,José Manuel Robles Arnao y García,robles_arnao,peru,1795,"Militar , político",5,0,4.035950709886478e-5,1,1
3344,José Manuel Tagle,valdés_chile,chile,1916,Ingeniero Agrónomo y político,82,0,1.3303476932057898e-4,5,1
3389,José Maria Vergara y Lozano,lozano,colombia,1792,"Militar , Político & Diplomático",12,0,6.0578536871035965e-5,3,1
3349,José María Cabal,cabal,mexico,1769,"Político , Químico y militar",1,0,5.645863786804168e-5,7,1
3350,José María Cantilo,cantilo,argentina,1816,"Boticario , periodista , escritor",2,0,4.8197650459510086e-5,2,1
3357,José María Elías González,elías-calles,mexico,1793,Militar,8,0,6.683526201743827e-5,6,1
3358,José María Gallardo,gallardo,argentina,1925,NA,5,0,5.555469003600674e-5,2,1
3360,José María Guerrero O'Byrne,vergara-azcárate,colombia,1908,Empresario y banquero,146,0,2.4324469990637547e-4,7,1
3361,José María López Rayón,lópez-rayón,mexico,1777,Militar,8,0,1.4016159913605162e-4,56,26
3366,José María Pando,remírez_de_laredo,peru,1787,Diplomático,4,0,1.1648308558247427e-4,60,28
3368,José María Pinedo,pinedo,argentina,1795,Militar,5,0,4.757777303154333e-5,2,1
3369,José María Portocarrero,lozano,colombia,1782,Político,12,0,6.0578536871039014e-5,3,1
3376,José María Robles Arnao y García,robles_arnao,peru,1794,Sacerdote,3,0,3.488324670429567e-5,1,1
3378,José María Sancho Dávila,sancho_dávila,peru,1818,empresario y capitalista,2,0,1.7070963997326027e-4,104,61
3381,José María Vergara,vergara-azcárate,colombia,1831,"Escritor , periodista crítico literario y político",146,0,2.432446999063722e-4,7,1
3386,José María de Uricoechea,uricoechea,colombia,1794,Militar y abogado,5,0,6.799786599726685e-5,99,1
3394,José Maximiliano Alfonso de Rosenzweig Díaz,de_rosenzweig_díaz,mexico,1886,Diplomático,1,0,1.7070963997328875e-4,125,82
3399,José Miguel Carrillo de Albornoz,carrillo_de_albornoz,peru,1959,"Abogado , escritor",13,0,1.6194467763180206e-4,23,5
3407,José Morales Bermúdez,morales_bermúdez,peru,1822,Político,3,0,4.3916226144791455e-5,1,1
3409,José Narciso Rovirosa Andrade,rovirosa,mexico,1849,naturista botánico escritor topógrafo cartógrafo historiador periodista político,5,0,4.304807631577527e-5,6,1
3416,José Orihuela Yabar,orihuela,peru,1895,Político,15,0,1.0158507613012912e-4,12,1
3431,José Prieto de Salazar,ricaurte,colombia,1679,Tesorero,19,0,1.3153855097213925e-4,7,1
3437,José Rafael de Salazar y Traslaviña,salazar_y_muñatones,peru,1725,NA,9,0,1.0244383459972865e-4,10,1
3441,José Revueltas,revueltas_sánchez,mexico,1914,"Guionista , dramaturgo , escritor , novelista y escritor de cuentos",12,0,2.2913829689233584e-4,48,21
3445,José Rovirosa,rovirosa,mexico,1782,militar,5,0,4.3048076315772155e-5,6,1
3449,José Sabogal,portocarrero_perú,peru,1888,"Pintor , ensayista , profesor",13,0,8.183569809230024e-5,1,1
3451,José Salvador de Ricaurte,ricaurte,colombia,1670,"Militar , Político , Empresario",19,0,1.3415734976682318e-4,7,1
3452,José Samanez Ocampo,samanez,peru,1838,"Hacendado y Explorador . Subprefecto de Andahuaylas, Prefecto de Ayacucho y de Iquitos.",5,0,4.0812551702899147e-5,11,1
3454,José Santamarina,santamarina,argentina,1963,NA,7,0,7.51269942657663e-5,8,1
3471,José Toro Hardy,toro_venezuela,venezuela,1942,Economista,3,0,5.855242250738026e-5,10,1
3476,José Vicente Gómez Bello,gómez_venezuela,venezuela,1884,Militar y político.,7,0,1.5904091691225142e-4,2,1
3483,José de Mendoza y Sánchez Boquete,mendoza_ladrón_de_guevara,peru,1797,Político,4,0,5.888141290201148e-5,1,1
3486,José de Piñera y Lombera,piñera,peru,1786,NA,4,0,7.750160996209285e-5,5,1
3492,José de Zavala y Esquivel,zavala_de_la_maza,peru,1690,NA,4,0,1.7070963997328875e-4,130,87
3500,José de la Torre Ugarte,ugarte,peru,1786,Escritor y abogado,237,0,3.1773583996181563e-4,1,1
3526,Juan Agustín Bolívar,palacios_venezuela,chile,1750,Joyero,14,0,1.440140359404994e-4,10,1
3527,Juan Agustín Niño y Álvarez,niño,colombia,NA,Alcalde,1,0,1.707096399734192e-4,136,93
3530,Juan Alcalá-Galiano y Osma,valencia,colombia,1883,Político y conde,4,0,1.0722414957313868e-4,29,8
3531,Juan Alemann,alemann,argentina,1927,"Abogado , periodista , economista y escritor",7,0,7.435780775625298e-5,2,1
3533,Juan Amadeo Baldrich,baldrich,argentina,1865,Militar,3,0,4.1338138283991635e-5,2,1
3534,Juan Andrés Balanta,balanta,colombia,1997,NA,12,0,1.7070963997312672e-4,24,6
3535,Juan Andrés Coloma,leyva,colombia,1621,NA,3,0,1.3149256051996576e-4,103,60
3539,Juan Antonio Garretón Pibernat,garretón,chile,1714,NA,8,0,4.517818587046795e-5,5,1
3541,Juan Antonio Mateos,mateos,mexico,1831,"Escritor , político , diputado , dramaturgo y poeta",7,0,6.46847516978359e-5,6,1
3543,Juan Antonio Portugal Prieto,portugal,peru,1858,Militar,4,0,6.982421662184682e-5,20,1
3545,Juan Antonio Toro Uribe,villegas_colombia,colombia,1862,"Médico, banquero",3,0,2.998689546210393e-5,7,1
3546,Juan Antonio Trelles,trelles,peru,1830,Político,3,0,3.021737744615147e-5,1,1
3547,Juan Antonio Ugarteche,ugarteche,argentina,1804,Militar,3,0,3.700565099113448e-5,1,1
3548,Juan Antonio de Galleguillos y Corbalán-Castilla,galleguillos,peru,1770,NA,10,0,1.1221527621504333e-4,13,1
3549,Juan Antonio de Galleguillos y Godoy,galleguillos,chile,1732,NA,10,0,1.1221527621504003e-4,13,1
3550,Juan Antonio de Galleguillos y Riberos de Castilla,galleguillos,chile,1668,NA,10,0,1.1221527621503661e-4,13,1
3551,Juan Antonio de Lezica Aramburu,lezica,argentina,1812,Militar,2,0,1.7070963997315843e-4,87,48
3552,Juan Antonio de Tagle-Bracho,tagle_bracho,peru,1685,NA,3,0,4.9198801140699643e-5,1,1
3554,Juan Baltasar Maciel,maciel,argentina,1727,sacerdote y educador,7,0,1.1649206785050674e-4,2,1
3555,Juan Barbeito,daract,argentina,1812,Militar y Político,10,0,7.940356861116932e-5,2,1
3558,Juan Bautista Eléspuru,eléspuru,peru,1787,Militar y político,8,0,1.0068729452363705e-4,11,1
3564,Juan Borgia (1498-1548),borja,colombia,1498,NA,4,0,1.2037400496695394e-4,16,2
3566,Juan Borja y Lizarzaburu,borja,ecuador,1816,Político y abogado,5,0,7.582621093193544e-5,10,1
3571,Juan Carlos Barreto,derbez,mexico,1957,"Actor de televisión, actor de teatro y actor de cine",16,0,1.1558399201507177e-4,6,1
3573,Juan Carlos Bistoto,meruane,argentina,1936,"Actor , productor y realizador de televisión",5,0,1.4013650838226084e-4,8,1
3579,Juan Carlos Dávalos,güemes,argentina,1887,Escritor y poeta,13,0,8.831300811192463e-5,2,1
3581,Juan Carlos Garcés,garcés,colombia,1977,Político y empresario,19,0,6.128478767659431e-5,3,1
3584,Juan Casanova Vicuña,vicuña,chile,1894,Compositor y director de orquesta,3,0,4.96925019631258e-5,12,1
3588,Juan Crisóstomo Gómez,gómez_venezuela,venezuela,1860,Político,4,0,1.0139415347329599e-4,2,1
3587,Juan Crisóstomo Álvarez,aráoz,argentina,1819,Militar,14,0,8.35756739169768e-5,2,1
3592,Juan Crooke y Navarrot,osma,peru,1829,"Diplomático , arqueólogo y coleccionista de arte",16,0,6.333878971248162e-5,1,1
3593,Juan Cruz Di Palma,di_palma,argentina,1994,NA,7,0,1.0664420049567115e-4,2,1
3594,Juan Cruz Varela,varela,argentina,1794,Escritor y político,31,0,1.1458546344646977e-4,2,1
3598,Juan Damonte,botana,argentina,1945,"escritor, periodista, traductor, fotógrafo, Karateca",7,0,6.898617940950438e-5,2,1
3600,Juan Diego Gonzales-Vigil,gonzález_vigil,peru,1985,NA,4,0,6.878088706803184e-5,1,1
3597,Juan Díaz de León,díaz_de_león,mexico,NA,Militar,7,0,8.822070704790165e-5,6,1
3603,Juan Elías González Romo y de Vivar,elías-calles,mexico,1779,Sacerdote,8,0,6.683526201743511e-5,6,1
3607,Juan Estanislao del Campo,maciel,argentina,1795,Militar,10,0,1.57394618352223e-4,2,1
3609,Juan Falú,falú,argentina,1948,"guitarrista , compositor",3,0,1.0698507868433211e-4,2,1
3613,Juan Francisco Balta del Campo,balta,peru,1854,Marino,8,0,9.353673093931607e-5,1,1
3616,Juan Francisco López,lópez_carrillo,paraguay,1855,Militar,20,0,9.677600977372214e-5,5,1
3618,Juan Francisco de Farías y Sánchez de Uribe,farías,mexico,1807,Político,6,0,8.223945000826295e-5,6,1
3620,Juan Francisco de Leyva y de la Cerda,leyva,colombia,1604,Político y militar,2,0,1.7070963997328875e-4,121,78
3624,Juan Gastañeta,gastañeta,peru,NA,Médico,3,0,6.21188175168378e-5,1,1
3626,Juan Guillermo Cano,cano,colombia,1954,Periodista,18,0,1.0736199265147499e-4,3,1
3627,Juan Guillermo More,more,peru,1836,Militar,2,0,8.122336420269855e-5,20,1
3633,Juan Ignacio Seminario y Echeandía,seminario,peru,NA,Político,9,0,1.4484548407409515e-4,31,10
3636,Juan José Calle Yabar,yábar,peru,1850,Político,8,0,1.1898107500134073e-4,12,1
3639,Juan José Díaz Infante,díaz_infante,mexico,1936,Arquitecto y profesor universitario,1,0,1.707096399734192e-4,137,94
3640,Juan José Díaz Infante Casasús,díaz_infante,mexico,1961,"Fotógrafo , poeta , artista y conservador de museo",1,0,1.7070963997328875e-4,137,94
3642,Juan José Fernández-Campero de Herrera,campero,argentina,1645,NA,3,0,1.1496704823865846e-4,55,25
3644,Juan José Godoy,godoy,argentina,1728,Sacerdote católico,6,0,5.705930622555388e-5,9,1
3646,Juan José Lanusse,lanusse,argentina,1840,Contador y político,7,0,6.932237875387665e-5,2,1
3648,Juan José Mariano Rocha,rocha,argentina,1781,"Hacendado , oficial mayor de escribanía y militar",14,0,9.993005724827677e-5,2,1
3650,Juan José Montes de Oca (médico),montes_de_oca,argentina,1806,Médico,10,0,6.588711429791856e-5,2,1
3654,Juan José Panizo,panizo,peru,1804,NA,2,0,1.7070963997304508e-4,89,49
3655,Juan José Quesada,quesada,argentina,1790,Militar,3,0,1.7070963997331743e-4,78,42
3656,Juan José Reyes Patria,reyes,colombia,1785,Militar,12,0,5.984195467941364e-5,3,1
3658,Juan José Romualdo Rocha,rocha,argentina,1754,"Hacendado , escribano público y militar",10,0,7.881579626041256e-5,2,1
3661,Juan José Sanz de Santamaría,sanz_de_santamaría,colombia,NA,alcalde,12,0,6.848216235757212e-5,3,1
3663,Juan José de Aliaga y Santa Cruz,aliaga,peru,1780,NA,9,0,1.7899202928930836e-4,10,1
3664,Juan José de Goycolea,zañartu,chile,1762,agrimensor y político,30,0,9.745308879255503e-5,9,1
3665,Juan José de la Puente e Ibáñez de Segovia,de_la_puente,peru,1724,Magistrado,10,0,6.666559141483391e-5,1,1
3670,Juan Leguía Swayne,diez_canseco,peru,1899,Piloto de aviación,7,0,5.13816164628814e-5,1,1
3668,Juan López Moctezuma,lópez-moctezuma,mexico,1932,"Director , actor , locutor de radio",2,0,1.1087327132276878e-4,93,53
3667,Juan López-Doriga Pérez,lópez-dóriga,mexico,1959,Diplomático (desde 1986),13,0,1.2192876564532298e-4,8,1
3679,Juan Manuel Alemparte Vial,vial,chile,1804,Militar,35,0,9.519219498324059e-5,9,1
3680,Juan Manuel Arrubla,arrubla,colombia,1800,NA,3,0,3.592643666741521e-5,7,1
3681,Juan Manuel Barrientos (chef),barrientos,colombia,1983,Chef y empresario,10,0,4.958736396537875e-5,7,1
3683,Juan Manuel Fernández Campero,campero,argentina,1725,Gobernador colonial,3,0,1.707096399734192e-4,138,95
3684,Juan Manuel Fernández de Jáuregui,fernández_de_jáuregui,mexico,1814,Político,3,0,1.7070963997331743e-4,81,45
3685,Juan Manuel Figueroa Aznar,yábar,peru,1878,Pintor y fotógrafo,10,0,1.4074147778202277e-4,12,1
3689,Juan Manuel Grau y Berrío,grau,colombia,1799,Vista de la aduana de Paita,11,0,7.706580037732187e-5,1,1
3690,Juan Manuel Martín del Campo,martín_del_campo,mexico,1917,Sacerdote,8,0,8.67568626223852e-5,6,1
3700,Juan Manuel Sucre Figarella,sucre,venezuela,1925,Presidente de Supermercados Cada Presidente de Seguros Horizontes VP de Seguridad del Banco del Orinoco,10,0,1.0795374022390448e-4,10,1
3676,Juan Manuel Álvarez del Castillo,álvarez_del_castillo,mexico,1891,Diplomático,1,0,2.7913791831929542e-5,6,1
3706,Juan María Pardo,álvarez_del_casal,colombia,NA,médico,1,0,2.7145671363271476e-5,7,1
3713,Juan Nepomuceno Niño,niño,colombia,1769,"Filosofía , jurisprudencia",1,0,1.7070963997328875e-4,136,93
3714,Juan Nepomuceno Quijano,quijano,colombia,NA,alcalde,2,0,4.8372672113364744e-5,3,1
3717,Juan Nicolás de Aguirre Barrenechea,barrenechea_chile,chile,NA,Político y filántropo,5,0,4.0247944207101214e-5,5,1
3716,Juan Niño,niño,colombia,NA,Explorador y conquistador,3,0,1.7070963997328875e-4,112,69
3718,Juan Norberto Eléspuru,eléspuru,peru,1846,"Militar , político y diplomático",11,0,1.2992247119510814e-4,11,1
3720,Juan Pablo Cafiero,cafiero,argentina,1953,Político,68,0,1.879400903678762e-4,2,1
3721,Juan Pablo Escobar,escobar_gaviria,colombia,1977,"Arquitecto, diseñador industrial, pacifísta, escritor y conferencista",11,0,6.885226506244114e-5,3,1
3727,Juan Pardo y Barreda,lavalle,peru,1862,"Político , empresario minero",51,0,1.2261757054768318e-4,1,1
3728,Juan Parra del Riego,miró_quesada,peru,1894,escritor,2,0,9.353351080684886e-5,6,1
3730,Juan Pizarro,pizarro,chile,1510,Explorador y conquistador,3,0,9.259443765288808e-5,19,4
3731,Juan Posse,posse,argentina,1839,Político,3,0,4.208523377102132e-5,2,1
3733,Juan Rodríguez de Fonseca,ulloa,peru,1451,NA,10,0,8.926363837646501e-5,11,1
3739,Juan Seoane,seoane_heredia,peru,1899,"Escritor , magistrado y político",11,0,4.8488394260474746e-5,1,1
3742,Juan Subercaseaux,subercaseaux,chile,1943,Pintor y artista,3,0,1.3287877465961644e-4,105,62
3743,Juan Subercaseaux Errázuriz,errázuriz,chile,1896,NA,1,0,2.6703315492873507e-5,4,1
3745,Juan Terrazas Cuilty,creel-terrazas,mexico,1855,Político,5,0,7.21311413086411e-5,6,1
3748,Juan Vehil,bullrich,argentina,1914,"Actor , actor de cine , actor de teatro y director de teatro",15,0,0.00011738690494678259,2,1
3749,Juan Vicente Bolívar Palacios,toro_venezuela,venezuela,1781,NA,11,0,1.1588309874415578e-4,10,1
3751,Juan Vicente Gómez,gómez_venezuela,venezuela,1857,"Militar , Hacendado",11,0,2.3903481914408915e-4,2,1
3753,Juan Vicente Ugarte Lobón,ugarte,peru,1858,militar,3,0,2.9245733496639687e-5,1,1
3754,Juan Vicente Ugarte del Pino,ugarte,peru,1923,"abogado, historiador, profesor, jurista",237,0,3.177358399617959e-4,1,1
3747,Juan Vélez de Guevara y Salamanca,caicedo,colombia,NA,NA,1,0,4.5312041244154694e-5,3,1
3755,Juan Walker Martínez,walker_chile,chile,1847,Político y comerciante,12,0,5.093982154942782e-5,5,1
3758,Juan de Betanzos,pizarro,chile,1510,Escritor e historiador,2,0,7.367131989312981e-5,19,4
3762,Juan de Borja y Armendia,borja,colombia,1564,NA,3,0,1.7070963997328875e-4,129,86
3765,Juan de Canaveris,canaveris,argentina,1748,Jurídico,7,0,8.424664672413099e-5,2,1
3770,Juan de Dios Vial Guzmán (1851),vial,chile,1851,Político y militar,1,0,2.6943105287071097e-5,4,1
3774,Juan de Lezica y Torrezuri,lezica,argentina,1709,ingeniero y burócrata colonial,2,0,1.7070963997304508e-4,87,48
3775,Juan de Olmos,olmos,colombia,1512,"explorador , conquistador , pacificador",13,0,1.1130787105108002e-4,3,1
3776,Juan de Olmos y Ortega,olmos,colombia,1555,"explorador , conquistador , alcalde",13,0,1.1130787105106932e-4,3,1
3780,Juan de Santa Cruz Pachacuti Yamqui Salcamaygua,santa_cruz,peru,NA,Escritor y Cronista,5,0,1.0909133173840431e-4,10,1
3786,Juan de la Llosa y Llaguno,llosa,peru,1665,Militar,13,0,9.016508732428799e-5,1,1
3787,Juan de la Madriz,bolívar,venezuela,1764,NA,8,0,1.276830127819281e-4,10,1
3790,Juana Bolívar Palacios,toro_venezuela,venezuela,1779,NA,11,0,1.1769314599505493e-4,10,1
3792,Juana Manuela Laso de Eléspuru,eléspuru,peru,1819,"Escritora , periodista",13,0,1.4568470551009683e-4,11,1
3794,Juana Pabla Carrillo,lópez_carrillo,paraguay,1807,Primera dama,23,0,1.0365531064035679e-4,5,1
3795,Juana Pesoa,lópez_carrillo,paraguay,1834,NA,18,0,9.164229837398934e-5,5,1
3797,Juana Ross Edwards,edwards,chile,1830,Filántropa,5,0,3.339485627716188e-5,8,1
3799,Juana Tressols,bullrich,argentina,1889,Actriz,24,0,1.7921881019543294e-4,2,1
3801,Juana de Iturbide y Huarte,iturbide,mexico,1812,Monja,1,0,9.451891718038568e-5,26,7
3802,Juana del Pino,otálora,argentina,1786,Dama de Beneficencia y Política,22,0,1.4456724307340156e-4,2,1
3803,Juancho de la Espriella,de_la_espriella,colombia,1973,Acordeonista,9,0,6.238222590295571e-5,3,1
3804,Judi Werthein,werthein,argentina,1967,Artista,4,0,6.760224705471488e-5,2,1
3817,Julia Elena Dávalos,güemes,argentina,1944,"Folclorista , música , letrista , compositora , cantante y artista plástica",12,0,8.255289606644109e-5,2,1
3821,Julia Swayne y Mariátegui,diez_canseco,peru,1868,Política,6,0,4.7837115748412174e-5,1,1
3822,Julia Urquidi Illanes,vargas_llosa,bolivia,1926,Escritora y secretaria,13,0,7.346442790168908e-5,14,1
3823,Julia Vial,vial,chile,1977,Periodista,1,0,1.707096399734192e-4,139,96
3825,Juliana Oxenford,frayssinet,argentina,1978,"Presentadora , periodista y locutora",9,0,9.205764109848543e-5,53,1
3826,Juliana de Hesse-Philippsthal,althaus,peru,1761,NA,17,0,1.278253579042875e-4,28,1
3827,Julieta Ballvé,pavlovsky,argentina,1920,Productora de teatro,9,0,1.9382369950245173e-4,43,17
3828,Julieta Bracho,bracho,mexico,1950,"Actriz de televisión, actriz de teatro y actriz de cine",7,0,1.486072044884615e-4,47,20
3829,Julieta Palavicini,soler,mexico,1916,Actriz,17,0,1.7128422456938488e-4,15,1
3830,Julio Allard,pinto_chile,chile,1885,Marino,3,0,3.111894599609788e-5,4,1
3842,Julio Bracho,bracho,mexico,1909,"director de cine , productor de cine , cineasta y guionista",11,0,2.1833860872196714e-4,47,20
3851,Julio Campero y Aráoz,campero,argentina,1873,NA,2,0,9.109603950977431e-5,55,25
3854,Julio Carrizosa Umaña,carrizosa,colombia,1935,NA,8,0,4.0994856370944956e-5,3,1
3855,Julio Cervantes Quijano,quijano,colombia,1911,NA,2,0,4.837267211336259e-5,3,1
3857,Julio Eduardo Ribeyro,ribeyro,peru,1871,Ingeniero civil,7,0,3.827869596808403e-5,1,1
3862,Julio Estrada Icaza,estrada_ecuador,ecuador,1917,"Historiador , empresario , catedrático",10,0,1.3840025828575992e-4,10,1
3874,Julio Mera Figueroa,mera_figueroa,argentina,1940,Político,1,0,2.7642104643200772e-5,2,1
3877,Julio Montt Salamanca,montt,chile,1861,Soldado,19,0,5.9550329182126745e-5,5,1
3885,Julio Pinto Vallejos,pinto_chile,chile,1956,Historiador y académico,7,0,4.6833991514922484e-5,11,1
3886,Julio Portocarrero O'Leary,caicedo,colombia,1867,NA,4,0,3.1728705531255975e-5,7,1
3887,Julio Prebisch,prebisch,argentina,1896,Activista,3,0,5.6391676948519046e-5,2,1
3888,Julio Roberto Gómez,esguerra,colombia,1951,"Tipografo , político , y sindicalista",7,0,3.813470268636236e-5,3,1
3892,Julio Sieburger,sieburger,argentina,1892,NA,3,0,1.7070963997324726e-4,80,44
3895,Julio Velasco González,velasco_chile,chile,1876,Ingeniero mecánico y político,35,0,1.3448081859584457e-4,11,1
3897,Julio Vicuña Cifuentes,vicuña,chile,1865,Escritor y poeta,311,0,3.147664043430069e-4,4,1
3805,Julián Arango,del_solar,colombia,1968,"Actor , comediante",2,0,5.945441308312128e-5,1,1
3806,Julián Balanta,balanta,colombia,1988,NA,12,0,1.7070963997310116e-4,24,6
3808,Julián Cock Arango,cock,colombia,1892,"Ingeniero, empresario",3,0,2.9986327638293968e-5,7,1
3810,Julián Malo Juvera,malo,mexico,1881,Militar y Político,2,0,4.441352644295259e-5,6,1
3811,Julián Soler,soler,mexico,1907,director de cine actor actor de cine actor de televisión guionista,15,0,1.5348846097779884e-4,15,1
3815,Julián de Zubiría,samper,colombia,1956,Profesor Catedrático Investigador Escritor,70,0,1.4696335924724535e-4,3,1
3904,Justo Santa María de Oro,albarracín,argentina,1772,Sacerdote,1,0,4.789071901654014e-5,49,1
3905,Justo Sierra Méndez,sierra_méndez,mexico,1848,"Abogado , político y escritor",7,0,1.581769083523995e-4,65,32
3906,Justo Sierra O'Reilly,sierra_méndez,mexico,1814,"Escritor, periodista y político",13,0,2.776362981967381e-4,65,32
3909,Katerina D'Onofrio,dibós,peru,1978,Actriz,3,0,4.17892279255e-5,1,1
3910,Katia Condos,salazar_y_meléndez,peru,1968,Actriz y presentadora de televisión,9,0,4.8386620386207806e-5,1,1
3911,Katina Medina Mora,medina_mora,mexico,1980,Directora de cine Directora de teatro,2,0,4.9725850440821175e-5,6,1
3916,Kevin Balanta,balanta,colombia,1997,NA,12,0,1.7070963997307498e-4,24,6
3917,Kevin Holt,valdés,mexico,1991,Actor,10,0,1.42521472717271e-4,25,1
3918,Kevin Mac Allister,mac_allister,argentina,1997,NA,5,0,7.270504349067806e-5,2,1
3922,Kun Agüero,maradona,argentina,1988,NA,7,0,1.4240821141677835e-4,40,15
3926,La Anónima,braun,argentina,NA,NA,7,0,8.047520607984329e-5,2,1
3927,La Cuadra Bolívar,bolívar,venezuela,NA,NA,8,0,1.2768301278192465e-4,10,1
3930,La Martona,casares,argentina,NA,NA,2,0,3.088785879559981e-5,2,1
3928,La Mañana (Buenos Aires),uriburu,argentina,NA,NA,13,0,6.762588598791491e-5,2,1
3931,La Nación (Buenos Aires),saguier,argentina,NA,NA,4,0,3.745257817174691e-5,2,1
3937,Ladislao Gutiérrez,o'gorman,argentina,1824,Sacerdote católico,8,0,1.765714425034843e-4,45,19
3939,Las Ibáñez,ibáñez_colombia,colombia,NA,NA,4,0,3.3440305024360924e-5,3,1
3940,Lastenia Gamarra Menéndez,estrada_ecuador,ecuador,1880,NA,8,0,1.1559422065746008e-4,10,1
3941,Lastenia Larriva,llona,peru,1848,"Poeta , escritora , periodista",10,0,6.138065577773253e-5,1,1
3944,Laura Reyes Retana Ramos,reyes_retana,mexico,1955,Política,99,0,2.513282145692611e-4,6,1
3945,Laura Vicuña,vicuña,chile,1891,Estudiante,3,0,1.707096399734192e-4,140,97
3949,Laureano de Anzoátegui,anzoátegui,argentina,1782,Militar,4,0,1.3760624971225207e-4,61,29
3950,Laurinda Hope Spear,brescia,peru,1950,Arquitecta,7,0,1.4207675168281824e-4,18,1
3952,Lavinia Valbonesi,noboa,ecuador,1998,Política,10,0,8.648372619261217e-5,10,1
3959,Lea Conti,podestá,argentina,1883,Actriz,4,0,9.495679016422277e-5,17,3
3961,Leonardo Aguilar,aguilar,mexico,1999,Cantante,2,0,7.131793435486061e-5,22,1
3967,Leonor Acevedo Suárez,lafinur,argentina,1876,"Traductora , secretaria",13,0,9.060394152934448e-5,2,1
3968,Leonor Cortés Moctezuma,pizarro,chile,1528,NA,8,0,1.1160866951015576e-4,13,1
3969,Leonor Frederick,montt,chile,1852,Ama de casa,2,0,2.861823561361226e-5,5,1
3970,Leonor La Rosa,bustamante,peru,1960,Agente de inteligencia,10,0,6.853062288728912e-5,1,1
3974,Leonor de Castro Mello y Meneses,borja,colombia,1512,NA,4,0,1.6584975419817953e-4,16,2
3976,Leonora Vicuña,vicuña,chile,1952,Fotógrafa,3,0,3.830211999089808e-5,4,1
3977,Leopoldo Alfredo Bravo,cantoni-bravo,argentina,1960,"político , diplomático",8,0,6.574277355327296e-5,2,1
3978,Leopoldo Angulo,angulo,colombia,1856,"Abogado, político",3,0,3.4463114170065687e-5,8,1
3979,Leopoldo Berdella de la Espriella,de_la_espriella,colombia,1951,Escritor y periodista,9,0,6.238222590295289e-5,3,1
3981,Leopoldo Lugones,lugones,argentina,1874,Polímata,7,0,1.739664663913425e-4,66,33
3986,Leslie Urteaga,urteaga,peru,NA,Abogada,3,0,4.5772906508857455e-5,1,1
3987,Levantamiento de Locumba,humala,peru,NA,NA,8,0,5.16089180995248e-5,1,1
3988,Leyvin Balanta,balanta,colombia,1990,NA,12,0,1.7070963997304817e-4,24,6
3956,León Villaveces Ibáñez,urdaneta,colombia,1849,Litógrafo e impresor,7,0,1.0626163260188433e-4,7,1
3993,Liliana García,pinto_chile,uruguay,1957,"Actriz , directora de teatro , productora y procurador",2,0,2.889724668029558e-5,5,1
3994,Lilly Caballero de Cueto,cueto_caballero,peru,1926,Educadora,15,0,4.791441365281558e-5,1,1
3995,Lily Iñiguez,bello,chile,1902,Poetisa,16,0,5.985143814163126e-5,4,1
3997,Lina Meruane,meruane,chile,1970,"Escritora , periodista y profesora de universidad",3,0,9.063374178489054e-5,8,1
3999,Lindaura Anzoátegui Campero,campero,bolivia,1846,Escritora y poetisa,2,0,2.8239149256354856e-5,4,1
4006,Lisardo,bichir,mexico,1970,"Actor , cantante , actor de televisión, actor de teatro y actor de cine",11,0,1.1204692816999989e-4,6,1
4007,Lisset,bichir,mexico,1973,"Cantante , actriz y comediante",13,0,1.287496618821915e-4,6,1
4008,Liz Solari,solari_argentina,argentina,1983,"Actriz, modelo, conductora",9,0,1.844914901473064e-4,33,11
4015,Lluís Barraquer Ferré,barraquer,colombia,1887,Neurólogo y médico,17,0,1.2503724472061193e-4,14,1
4017,Loma Negra,fortabat,argentina,NA,NA,8,0,6.629171644523115e-5,2,1
4021,Lorenzo Amez Navarro,amez,peru,1837,"Abogado , político",8,0,9.597107023935442e-5,36,1
4026,Lorenzo Lugones,lugones,argentina,1796,Militar,4,0,1.1061847303425074e-4,66,33
4031,Lorenzo Montt y Pérez de Valenzuela,montt,chile,1784,Agricultor y Político,3,0,3.077857824640487e-5,4,1
4032,Lorenzo de la Hidalga,garcía_icazbalceta,mexico,1810,Arquitecto,8,0,1.1686995162359765e-4,6,1
4033,Loreto Aravena,luksic,chile,1983,Actriz y Locutora de radio,8,0,5.452325677585233e-5,4,1
4034,Loreto Valenzuela,di_girolamo,chile,1954,Actriz,2,0,2.865943736383357e-5,5,1
4045,Lucas Caballero Calderón,caballero,colombia,1913,Escritor y periodista,12,0,5.884423827310576e-5,3,1
4052,Luciana Pedraza,billinghurst,argentina,1972,"Actriz , directora de cine",10,0,9.965352952915345e-5,11,1
4055,Luciano Montes de Oca,montes_de_oca,argentina,1794,Militar,7,0,5.516706253439626e-5,2,1
4056,Luciano Urdaneta Vargas,parís,venezuela,1825,Arquitecto e ingeniero,7,0,5.345292236474273e-5,3,1
4057,Lucie Rynning,antúnez,peru,1888,NA,7,0,3.720265356298791e-5,1,1
4059,Lucio Moreno Quintana,montes_de_oca,argentina,1898,Jurista y juez,10,0,7.384996891015316e-5,2,1
4062,Lucio V. Mansilla,garcía-mansilla,argentina,1831,"Periodista , escritor , diplomático y militar",6,0,7.831590045991774e-5,2,1
4037,Lucía Dammert,alarco,chile,1972,"Socióloga , escritora y profesora de universidad",3,0,2.9243750279921393e-5,1,1
4038,Lucía Gómez-Robledo,gómez-robledo,mexico,1989,Actriz,2,0,3.140931654720449e-5,6,1
4041,Lucía Oxenford,frayssinet,peru,1991,"Actriz , productora de teatro y modelo",12,0,1.1770428285976341e-4,53,1
4043,Lucía Pinto,pinto_chile,chile,1975,Periodista y política,41,0,8.206679895427589e-5,5,1
4068,Luis Alberto Heber,heber,uruguay,1957,Político,80,0,1.3831341372617297e-4,8,1
4075,Luis Augusto Cuervo,cuervo,colombia,1893,"Abogado, escritor, diplomático, político, académico",14,0,5.8711877030505824e-5,3,1
4076,Luis Barandiarán Pagador,león_barandiarán,peru,1922,Militar y político,9,0,6.808060130998821e-5,1,1
4086,Luis Calvo Mackenna,mackenna,chile,1872,Médico y pediatra,310,0,3.1381918820290065e-4,4,1
4087,Luis Cano Villegas,cano,colombia,1885,"Periodista, político y empresario de medios",15,0,8.306608735436217e-5,3,1
4100,Luis Concha Córdoba,concha,colombia,1891,NA,6,0,5.012188747060696e-5,8,1
4107,Luis Diego del Castillo Caicedo,castillo_guevara,colombia,1707,NA,4,0,1.4113365062002185e-4,79,43
4108,Luis Domingo Olaechea,olaechea,peru,1839,Político,6,0,3.702773801031898e-5,1,1
4114,Luis Eduardo Moreno,piraquive,colombia,1934,Maestro y pastor,10,0,1.794827961879599e-4,70,1
4116,Luis Enrique Gutiérrez Ortiz Monasterio,ortiz_monasterio,mexico,1968,Dramaturgo y poeta,4,0,8.048880991118729e-5,6,1
4123,Luis Felipe Alarco,alarco,peru,1913,Filósofo,240,0,3.2136710537224823e-4,1,1
4126,Luis Felipe Sapag,sapag,argentina,1947,Vicepresidente del Movimiento Popular Neuquino Vicedecano de la Universidad Tecnológica Nacional - Facultad Regional Neuquén,22,0,1.4395598877300225e-4,27,1
4129,Luis Fermín de Carvajal,carvajal_y_vargas,peru,1752,Militar,1,0,1.7070963997328875e-4,126,83
4135,Luis Gabriel Cano Isaza,cano,colombia,1924,Periodista,15,0,9.078648189448462e-5,3,1
4138,Luis García Pimentel,garcía_icazbalceta,mexico,1855,"Bibliógrafo , escritor e historiador",8,0,1.1784257378200856e-4,6,1
4139,Luis Germán Astete,astete,peru,1832,Político y militar,12,0,1.1846846504302171e-4,18,1
4141,Luis González Balcarce,balcarce,argentina,1831,Hacendado y funcionario,1,0,4.481384365777422e-5,9,1
4142,Luis Guízar Barragán,guízar,mexico,1895,NA,9,0,1.707096399732259e-4,30,9
4144,Luis Hernán Granier Bulnes,bulnes,chile,1966,NA,3,0,7.194134957243187e-5,5,1
4146,Luis Humberto López Portillo Leal,lópez-portillo,mexico,NA,Militar,10,0,6.069898659849516e-5,6,1
4147,Luis Irigoyen,cambaceres,argentina,1897,"diplomático , botánico , ingeniero agrónomo",13,0,7.86214790949336e-5,2,1
4149,Luis Jara Heyn,jara_saguier,paraguay,1965,NA,7,0,1.7070963997306874e-4,34,12
4150,Luis José Di Palma,di_palma,argentina,1989,NA,7,0,1.0664420049566764e-4,2,1
4155,Luis Llosa y Abril,llosa,peru,1843,Político,13,0,9.016508732427252e-5,1,1
4162,Luis Matte,matte,chile,1891,"Ingeniero civil , empresario y político",155,0,2.0801554085889733e-4,4,1
4166,Luis Mier y Terán,mier_y_terán,mexico,1835,Político,4,0,7.276770371845675e-5,6,1
4172,Luis Montero,montero,peru,1826,NA,5,0,4.71763804396616e-5,97,1
4175,Luis Noboa Naranjo,noboa,ecuador,1916,Empresario,14,0,1.1557359437435183e-4,10,1
4176,Luis Ortiz Monasterio,ortiz_monasterio,mexico,1906,"Escultor , pintor y profesor universitario",4,0,8.04888099111844e-5,6,1
4180,Luis Pico Estrada,gallardo,argentina,1936,Periodista y guionista,7,0,7.13095299765284e-5,2,1
4179,Luis Pérez Companc,pérez_companc,argentina,1972,NA,1,0,6.165647600200994e-5,2,1
4186,Luis Rubén Di Palma,di_palma,argentina,1944,NA,7,0,1.06644200495664e-4,2,1
4195,Luis Subercaseaux,errázuriz,chile,1882,"Futbolista, atleta y diplomático",4,0,2.9860108138957613e-5,4,1
4196,Luis Tanco Argáez,argáez,colombia,1861,Diplomático,10,0,1.2964084309527929e-4,3,1
4197,Luis Terrazas,creel-terrazas,mexico,1829,"Militar , político y empresario",7,0,8.976122219537122e-5,6,1
4198,Luis Terrazas Cuilty,creel-terrazas,mexico,1860,Político,5,0,7.213114130863505e-5,6,1
4203,Luis Ureta Sáenz Peña,sáenz_peña,argentina,1944,Diplomático,2,0,2.9653274048635742e-5,2,1
4206,Luis Varela y Orbegoso,varela,peru,1878,"Escritor , periodista , diplomático y docente universitario",18,0,8.694367805806625e-5,1,1
4210,Luis Villaveces Santamaría,villaveces,colombia,1890,"Empresario, contador público y juguetero",4,0,7.286670609690186e-5,7,1
4105,Luis de la Cruz,vial,chile,1768,Político y militar,2,0,3.691705138923541e-5,9,1
4213,Luis del Castillo Guevara y de Vargas,castillo_guevara,colombia,NA,NA,5,0,1.699261779900641e-4,79,43
4214,Luisa Bacichi,cambaceres,argentina,1855,Artista y empresaria,18,0,1.0281728350551559e-4,2,1
4221,Luisa Vehil,bullrich,argentina,1912,Actriz,16,0,1.247977699709418e-4,2,1
4225,Luz González Cosío de López,gonzález_de_cosío,mexico,1869,NA,12,0,9.215852270837271e-5,6,1
4227,Luz María Bedoya,bedoya,peru,1969,Artista Visual,11,0,5.4118605523340934e-5,1,1
4228,Luz María Jerez,pinal_hidalgo,mexico,1958,"Actriz de televisión, actriz de teatro , actriz de cine y creadora",2,0,3.462470982808223e-5,6,1
4229,Luz María Sapag,sapag,argentina,1944,Política,26,0,1.6747867454458416e-4,27,1
4230,Luz Valdivieso,concha_chile,chile,1977,Actriz,2,0,7.858871698700002e-5,141,1
4244,Machasa,yarur,chile,NA,NA,4,0,4.4007169721719643e-5,4,1
4245,Madeleine Osterling,mariátegui,peru,1959,"Abogada, catedrática, empresaria, columnista",19,0,5.9585387395799846e-5,1,1
4246,Madonna,onassis,argentina,1958,Ver lista Actriz Bailarina Cantante Compositora Directora de cine Diseñadora de modas Empresaria Escritora Productora discográfica,2,0,3.487524852732177e-5,11,1
4247,Maelo Reátegui,reátegui,peru,1995,NA,4,0,4.809292561110584e-5,1,1
4249,Magdalena Núñez Monreal,monreal,mexico,1959,Contadora Pública,7,0,4.395124818194782e-5,6,1
4251,Magdalena Ruiz Guiñazú,ortiz_basualdo,argentina,1931,"Periodista , traductora , escritora , locutora",14,0,6.888748460740406e-5,2,1
4254,Maicol Balanta,balanta,colombia,1990,NA,12,0,1.7070963997302068e-4,24,6
4255,Maité Allamand,allamand,chile,1911,"Escritora , diplomática y escritora de cuentos",6,0,4.3289404840056496e-5,5,1
4257,Majo Aguilar,aguilar,mexico,1994,Cantante y compositora,3,0,8.17597456669684e-5,22,1
4258,Maju Mantilla,mantilla,peru,1984,"Presentadora , modelo , empresaria , actriz",1,0,2.6899003068835673e-5,1,1
4260,Malaquías Concha,concha_chile,chile,1859,Político y escritor,310,0,3.138191882028734e-4,4,1
4262,Malucha Solari,pinto_chile,chile,1920,Coreógrafa,5,0,3.1676830767068345e-5,5,1
4263,Manongo Mujica,mujica,peru,1950,"Compositor , percusionista y director de cine",12,0,7.756593081825336e-5,11,1
4268,Manuel Amador Terreros,amador,colombia,1869,"Pintor , esperantista , lingüista y diplomático",6,0,4.165946824826443e-5,7,1
4271,Manuel Antonio Astete,astete,peru,NA,Político,9,0,9.459942246238836e-5,18,1
4272,Manuel Antonio Carreño,toro_venezuela,venezuela,1812,"Diplomático , Músico y Pedagogo",7,0,7.295274763885712e-5,10,1
4275,Manuel Antonio Jiménez de Lobatón y Costilla,jiménez_de_lobatón,peru,1723,NA,5,0,7.4493650465621e-5,11,1
4270,Manuel Arboleda Scarpetta,arboleda,colombia,1870,NA,3,0,1.844356177821031e-4,106,63
4282,Manuel Augusto Bedoya Lerzundi,bedoya,peru,1890,Escritor y periodista,14,0,5.853654526154125e-5,1,1
4286,Manuel Avelino Orihuela,orihuela,peru,1815,Político,18,0,1.1917347198540754e-4,12,1
4289,Manuel Beingolea Balarezo,beingolea,peru,1881,"Profesor , periodista y funcionario público",5,0,9.202840276998202e-5,88,1
4290,Manuel Beingolea y Oyague,beingolea,peru,1820,Militar,8,0,1.3106429147227076e-4,88,1
4294,Manuel Benjamín Cisneros,cisneros,peru,1830,"Abogado , magistrado , político",10,0,5.563880089635835e-5,1,1
4299,Manuel Bulnes Quevedo,bulnes,chile,1767,Militar,4,0,3.0842494138457285e-5,8,1
4301,Manuel Burga Seoane,seoane_heredia,peru,1957,Director de la CONMEBOL [ 1 ] ​,8,0,4.3723244406876825e-5,1,1
4302,Manuel Cabral de Melo y Alpoin,alpoim,argentina,1591,"Militar , conquistador , poblador , hacendado , empresario agroindustrial , comerciante , funcionario y gobernante colonial",3,0,1.3607152375338453e-4,2,1
4305,Manuel Capetillo,capetillo,mexico,1926,Torero Actor,13,0,2.4491831991984084e-4,52,23
4306,Manuel Capetillo de Flores,capetillo,mexico,1956,Torero y actor,8,0,1.5829223614016694e-4,52,23
4310,Manuel Checa Solari,eguiguren,peru,1915,Coleccionista de arte,15,0,5.785042854223867e-5,1,1
4312,Manuel Concha Pedregal,concha_chile,chile,1881,Carabinero,19,0,5.955032918212031e-5,5,1
4314,Manuel D. Faura Bedoya,bedoya,peru,NA,Político,11,0,5.411860552333427e-5,1,1
4316,Manuel Delgado Parker,delgado_parker,peru,1935,Empresario,1,0,2.9706852252427105e-5,1,1
4317,Manuel Diez Canseco Corbacho,diez_canseco,peru,1819,Militar y político,3,0,1.707096399734192e-4,142,98
4318,Manuel Diez Canseco y Olazábal,diez_canseco,peru,1842,Político,3,0,1.7070963997328875e-4,142,98
4319,Manuel Domingo Sánchez de Bustamante,ross_argentina,argentina,1733,Militar y comerciante,1,0,3.005599886575176e-5,2,1
4313,Manuel Díaz Vélez,díaz_vélez,argentina,1785,Militar,6,0,8.621016333205532e-5,2,1
4322,Manuel Eulogio del Río Mejía,del_río,peru,1842,Militar,1,0,1.7070963997328875e-4,133,90
4326,Manuel Fernando Rincón de Aranda,rincón,peru,1809,Político y oficial militar,3,0,8.355885816822206e-5,12,1
4328,Manuel Ferreyros Ayulo,ferreyros,peru,1880,Empresario y funcionario público,17,0,8.943431252049833e-5,1,1
4338,Manuel Gutiérrez (autor dramático),gutiérrez_nájera,mexico,1816,"Periodista , Dramatic y geógrafo",4,0,1.326931702478091e-4,107,64
4339,Manuel Gutiérrez Nájera,gutiérrez_nájera,mexico,1859,Poeta,7,0,2.19175387979643e-4,107,64
4340,Manuel Gutiérrez Zamora,gutiérrez_zamora,mexico,1813,Político y militar,1,0,1.7070963997328875e-4,115,72
4343,Manuel Joaquín de Valdivieso,maciel,chile,1760,Político y abogado,7,0,1.1649206785050067e-4,2,1
4349,Manuel José Godoy,godoy,argentina,1845,Escribano,6,0,5.7059306225550875e-5,9,1
4351,Manuel José Sierra Méndez,sierra_méndez,mexico,1852,Político,7,0,1.5817690835225276e-4,65,32
4355,Manuel Lavalleja,lavalleja,uruguay,1797,militar,4,0,6.354881462764391e-5,8,1
4358,Manuel Maciel y Cabral de Alpoin,maciel,argentina,1690,"Militar , conquistador , explorador , hacendado , funcionario y gobernante colonial",9,0,1.4681205931129924e-4,2,1
4368,Manuel Martín del Campo y Padilla,martín_del_campo,mexico,1904,NA,8,0,8.675686262238183e-5,6,1
4359,Manuel María Borrero,borrero,ecuador,1883,Político,5,0,6.303595216447027e-5,10,1
4363,Manuel María Marcó del Pont,marcó_del_pont,argentina,1771,Militar,9,0,1.0300610286931517e-4,2,1
4369,Manuel Mier y Terán,mier_y_terán,mexico,1789,Político y militar,4,0,7.276770371845324e-5,6,1
4371,Manuel Montt Balmaceda,balmaceda,chile,1925,"abogado , diplomático , escritor y rector",310,0,3.1381918820285636e-4,4,1
4374,Manuel Moreyra y Paz Soldán,moreyra,peru,1894,"Historiador , ingeniero y funcionario público",6,0,4.9614824830618794e-5,1,1
4377,Manuel Mujica Carassa,mujica,peru,1876,Político,19,0,1.1432379275135491e-4,11,1
4378,Manuel Mujica Gallo,mujica,peru,1906,"Empresario , editor , periodista y diplomático",18,0,1.0573747550319503e-4,11,1
4379,Manuel Mujica Lainez,ortiz_basualdo,argentina,1910,"Periodista , escritor , traductor , novelista y escritor de cuentos",11,0,6.225556436054317e-5,2,1
4376,Manuel Muñoz Borrero,borrero,ecuador,1891,Diplomático y abogado,3,0,1.4053464808794325e-4,58,27
4381,Manuel Neira,kast,chile,1977,NA,16,0,6.201436429272694e-5,5,1
4382,Manuel Obligado,obligado,argentina,1838,Militar y político,6,0,6.453691949265581e-5,2,1
4383,Manuel Ocampo Samanés,ocampo,peru,1843,Diplomático y colonizador,11,0,7.010949246247637e-5,2,1
4385,Manuel Olaguer Feliú y Azcuénaga,azcuénaga,argentina,1808,militar,15,0,1.2926612225150943e-4,9,1
4386,Manuel Ortiz Basualdo,ortiz_basualdo,argentina,1769,Comerciante,11,0,6.225556436053993e-5,2,1
4395,Manuel Piqueras Cotolí,sánchez-concha,peru,1885,Escultor y arquitecto,2,0,5.0773750962627976e-5,1,1
4397,Manuel Portales Palazuelos,portales,chile,1808,Hacendado,3,0,4.265260066533971e-5,9,1
4399,Manuel Puch,puch,argentina,1795,Militar,11,0,9.013320268078299e-5,9,1
4404,Manuel Rengifo,vial,chile,1793,Político,5,0,3.009395587650503e-5,4,1
4408,Manuel Rosa de la Quintana,quintana,argentina,NA,Funcionario y político,7,0,6.73086914484214e-5,2,1
4411,Manuel Sebastián Ugarte y Moscoso,ugarte,peru,1851,Médico,237,0,3.1773583996166704e-4,1,1
4412,Manuel Seminario y Váscones,seminario,peru,1830,Político,16,0,2.361366126264871e-4,31,10
4419,Manuel Tellería Vicuña,tellería,peru,1789,"Abogado , magistrado y político",237,0,3.1773583996166005e-4,1,1
4418,Manuel Teófilo Luna Llamas,luna,peru,NA,Político,3,0,1.1842020070217428e-4,74,39
4424,Manuel Valdés (actor),valdés,mexico,1931,Actor comediante,11,0,1.5439408020808624e-4,25,1
4425,Manuel Valdés Valdés,valdés_chile,chile,1933,"Abogado , empresario y dirigente gremial",310,0,3.1381918820283907e-4,4,1
4432,Manuel Vicente del Solar,del_solar,peru,1837,Agricultor,3,0,2.9245733496643827e-5,1,1
4433,Manuel Vicuña,vicuña,chile,1970,Historiador,3,0,3.002878525206942e-5,5,1
4434,Manuel Vicuña Larraín,vicuña,chile,1778,NA,1,0,3.219179151146215e-5,9,1
4435,Manuel Virgüez,piraquive,colombia,1969,Político y abogado,3,0,7.073003826835132e-5,70,1
4445,Manuel de Brigard Galindo,brigard,colombia,1848,"Político , militar",6,0,6.126904838723748e-5,3,1
4446,Manuel de Caycedo Tenorio,caicedo,chile,1737,Político y militar,3,0,1.1816302161187752e-4,7,1
4450,Manuel de Salazar y Vicuña,salazar_y_muñatones,peru,NA,Político,6,0,7.496394307060468e-5,10,1
4264,Manuel Álvarez Calderón,álvarez_calderón,peru,1811,Abogado,3,0,3.2750868367286657e-5,1,1
4457,Manuela Mallarino Isaacs,cuervo,colombia,NA,"Escritora, poeta, novelista",13,0,5.785122059372369e-5,3,1
4459,Manuela Rosas,ortiz_de_rozas,argentina,1817,Activista y escritora,23,0,1.4600864624577514e-4,2,1
4461,Manuela Sanz de Santamaría,galeano,colombia,1740,políglota e intelectual,11,0,1.1191963504970677e-4,3,1
4462,Manuela Villarán de Plasencia,villarán,peru,1840,"Escritora , poetisa y periodista",10,0,6.138110637286012e-5,1,1
4466,Manus O'Donnell,o'donnell,colombia,NA,Gobernante,3,0,1.7070963997328875e-4,116,73
4595,Marcelino Escalada Baldez,escalada_(de_burgos),uruguay,1837,"Empresario, periodista",5,0,1.7023736930851577e-4,69,35
4598,Marcelino Uribe Botero,urdaneta,colombia,1843,"Político , militar , abogado",151,0,2.508506335037957e-4,7,1
4599,Marcelino Varela,varela,peru,NA,Político y militar,3,0,4.900575658914605e-5,9,1
4603,Marcelo Awad,awad,chile,1952,Ingeniero civil y empresario,1,0,2.6539958311182444e-5,4,1
4604,Marcelo Bielsa,bielsa,argentina,1955,NA,5,0,5.1463208233065893e-5,2,1
4605,Marcelo Oxenford,frayssinet,argentina,1947,"Actor , director de escena , profesor de teatro",14,0,1.3574120757670822e-4,53,1
4609,Marcia Tambutti,allende,chile,1971,"Guionista , directora de cine y bióloga",3,0,3.1995672345896833e-5,5,1
4610,Marcial,bielsa,argentina,NA,Escritor,7,0,5.878490977520472e-5,2,1
4611,Marcial Maciel,guízar,mexico,1920,NA,9,0,1.7070963997319578e-4,30,9
4612,Marcial Pinto Agüero,pinto_chile,chile,1851,Militar,22,0,6.389363313744852e-5,5,1
4625,Marcos Mariano Paz,paz,argentina,1843,NA,2,0,2.8650555606018955e-5,4,1
4628,Marena Bencomo,boulton_venezuela,venezuela,1974,Modelo y participante en concursos de belleza,6,0,1.7070963997314325e-4,44,18
4629,Margarita Abella Caprile,mitre,argentina,1901,"Escritora , poetisa y periodista",6,0,6.147642089474502e-5,4,1
4632,Margarita Diez y Pombo,arroyo,colombia,1838,NA,12,0,5.444840577863984e-5,7,1
4635,Margarita Gutiérrez Nájera y Maillefert,gutiérrez_nájera,mexico,1894,Escritora,5,0,1.602603616921914e-4,107,64
4638,Margarita Lozano Ortiz,lozano,colombia,1936,Pintora,15,0,6.526921917770663e-5,3,1
4639,Margarita Weild,paz,argentina,1814,Activista .,2,0,3.4452904528099646e-5,2,1
4471,Maria Antonia Hagenaar,del_carril,argentina,1900,NA,9,0,5.225051924016425e-5,2,1
4642,Maria Callas,onassis,argentina,1923,Cantante de ópera y actriz,2,0,3.4559211912646264e-5,11,1
4646,Mariana Carcelén,sucre,ecuador,1805,NA,12,0,1.2420870717098917e-4,10,1
4647,Mariana Echevarría de Santiago y Ulloa,del_solar,peru,1791,NA,2,0,3.763580452184162e-5,1,1
4649,Mariana Larrabure de Orbegoso,larrabure,peru,1976,"Reina de belleza, empresaria y modelo",2,0,3.473990221054556e-5,1,1
4650,Mariana Levy,fernández_veraud,mexico,1966,Actriz cantante,9,0,1.0027916522377969e-4,6,1
4651,Mariana Mould de Pease,yrigoyen,peru,1943,Historiadora,4,0,3.142853554086948e-5,1,1
4653,Mariana de Althaus,althaus,peru,1974,"Directora de teatro , dramaturga , escritora y actriz",12,0,9.128381931607013e-5,28,1
4657,Mariano Billinghurst,billinghurst,argentina,1810,Empresario,6,0,7.054537079624218e-5,11,1
4658,Mariano Bolognesi,bolognesi,peru,1826,"Militar , pedagogo y músico",9,0,1.1995918516934612e-4,46,1
4659,Mariano Bustamante,bustamante,peru,1831,Oficial militar,10,0,6.853062288728596e-5,1,1
4661,Mariano Campero y Ugarte,campero,peru,1762,Político,3,0,1.7070963997328875e-4,138,95
4662,Mariano Canaveris,canaveris,argentina,1783,Docente,7,0,8.42466467241281e-5,2,1
4664,Mariano Castro Taboada,castro_taboada,peru,NA,Político,6,0,5.5284023688295054e-5,1,1
4669,Mariano Hidalgo,hidalgo_y_costilla,mexico,1770,Médico,3,0,1.4151638592329327e-4,6,1
4672,Mariano José de Escalada,escalada,argentina,1799,NA,5,0,7.784686156297617e-5,9,1
4674,Mariano Maza,maza,argentina,1809,Militar,6,0,4.656313345368323e-5,9,1
4677,Mariano Orihuela Bravo,orihuela,peru,1837,Político,15,0,1.0270320226468601e-4,12,1
4678,Mariano Ospina Chaparro,ospina,colombia,1854,"Político , militar , empresario",149,0,2.476719255858957e-4,7,1
4680,Mariano Ospina Navia,ospina,colombia,1915,"Militar , Político",148,0,2.4617710675235976e-4,7,1
4687,Mariano Portugal,portugal,peru,1952,"Profesor , abogado y periodista",4,0,6.982421662184389e-5,20,1
4688,Mariano Prado Heudebert,prado,peru,1900,"Empresario, banquero",13,0,6.504188135128487e-5,1,1
4692,Mariano Riva Palacio,riva_palacio,mexico,1803,Abogado,10,0,7.094860729562792e-5,6,1
4699,Mariano de Vedia y Mitre,mitre,argentina,1880,abogado,6,0,6.147642089474193e-5,4,1
4701,Mariantonia Palacios,palacios_venezuela,venezuela,1960,Músico,13,0,1.3352979112845635e-4,10,1
4704,Maricruz Nájera,bichir,mexico,NA,"Actriz , actriz de televisión y actriz de cine",18,0,1.698171885951858e-4,6,1
4703,Maricrís Rubio,ponce_de_león,peru,1980,Modelo y actriz,11,0,6.739636504606487e-5,8,1
4705,Marie Louise Alemann,alemann,argentina,1927,Cineasta,11,0,1.0455420178752997e-4,2,1
4706,Mariel Ocampo,cayo,peru,1978,Modelo y actriz,6,0,1.2443360392789206e-4,14,1
4707,Marina Lamus Obregón,obregón,colombia,1950,Investigadora,8,0,5.941751213992356e-5,3,1
4708,Marina de Tavira,sodi,mexico,1974,"Actriz de cine, televisión y teatro",15,0,1.0541501010648799e-4,6,1
4709,Marino Podestá,podestá,argentina,1891,Actor,6,0,1.1695308037702214e-4,17,3
4714,Mario Carvajal Borrero,borrero,colombia,1896,"Diplomático , político y escritor",1,0,2.7727881105155916e-5,3,1
4716,Mario Garrido Montt,montt,chile,1927,Abogado,310,0,3.138191882028148e-4,4,1
4717,Mario Heber,heber,uruguay,1921,Político,78,0,1.3464123885615866e-4,8,1
4718,Mario Henao Vallejo,escobar_gaviria,colombia,1942,NA,7,0,5.990141512181077e-5,3,1
4725,Mario Sabato (cineasta),sabato,argentina,1945,Director,8,0,5.929711131454508e-5,2,1
4727,Mario Urteaga Alvarado,urteaga,peru,1875,"Pintor , periodista , abogado , científico y político",3,0,4.5772906508854806e-5,1,1
4729,Mario Velasco,velasco_chile,chile,1979,"Presentador de televisión , Locutor de radio",4,0,1.66787932027913e-4,94,54
4735,Marquesa de Haro,díaz_ceballos,mexico,NA,NA,7,0,6.8141573145276e-5,6,1
4736,Marquesado de Bonanaro,carrillo_de_albornoz,peru,NA,NA,13,0,1.619446776317687e-4,23,5
4737,Marquesado de Casa Boza,boza_de_lima,peru,NA,NA,6,0,5.851492942500877e-5,11,1
4738,Marquesado de Casa Dávila,sancho_dávila,peru,NA,NA,2,0,1.7070963997315843e-4,104,61
4739,Marquesado de Casa Real,garcía-huidobro,chile,NA,NA,2,0,1.7070963997328875e-4,128,85
4740,Marquesado de Feria,carrillo_de_albornoz,peru,NA,NA,13,0,1.6194467763175157e-4,23,5
4741,Marquesado de Fuente Hermosa de Miranda,pardo,peru,NA,NA,8,0,6.950913985968662e-5,3,1
4742,Marquesado de Guadalupe Gallardo,rincón-gallardo,mexico,NA,NA,7,0,1.0816731963249495e-4,6,1
4743,Marquesado de Moctezuma,moctezuma,mexico,NA,NA,11,0,1.4680615568211334e-4,13,1
4744,Marquesado de Montealegre de Aulestia,carrillo_de_albornoz,peru,NA,NA,13,0,1.6194467763173408e-4,23,5
4745,Marquesado de Piedra Blanca de Guana,cortés_de_monroy,chile,NA,NA,10,0,1.295920857260013e-4,13,1
4747,Marquesado de San Cristóbal,rincón-gallardo,mexico,NA,NA,7,0,1.0816731963249182e-4,6,1
4748,Marquesado de San Miguel de la Vega,manrique,colombia,NA,NA,9,0,1.5551797214094525e-4,37,1
4749,Marquesado de Senda Blanca,carrillo_de_albornoz,peru,NA,NA,13,0,1.6194467763171617e-4,23,5
4750,Marquesado de Solanda,sucre,venezuela,NA,NA,12,0,1.2420870717098586e-4,10,1
4751,Marquesado de Tejares,portales,chile,NA,NA,2,0,1.3149256051992733e-4,96,56
4752,Marquesado de Valdelirios,santiago_concha,chile,NA,NA,7,0,5.6698254450873334e-5,1,1
4753,Marquesado de Villamayor de Santiago,manrique,colombia,NA,NA,7,0,1.2558103765946085e-4,37,1
4754,Marquesado de Villar del Águila,díez_marina,mexico,NA,NA,2,0,1.1062475258390157e-4,6,1
4756,Marquesado de Zelada de la Fuente,aliaga,peru,NA,NA,6,0,1.29067312709417e-4,10,1
4757,Marquesado de la Vega de Anzo,gonzález_del_valle,mexico,NA,NA,3,0,1.7070963997324726e-4,67,34
4758,Marquesado del Dragón de San Miguel de Híjar,santiago_concha,chile,NA,NA,7,0,5.669825445087001e-5,1,1
4782,Marta Bunge,bunge,argentina,1938,Matemática y profesora de universidad,16,0,9.190484386974526e-5,2,1
4785,Marta Fernández Miranda de Batista,zaldívar,chile,1917,Política,12,0,5.521849467499443e-5,5,1
4790,Martha Mariana Castro,soler,mexico,1966,"Actriz de cine, actriz de televisión, modelo",15,0,1.522997205913109e-4,15,1
4792,Martha Riva Palacio Obón,riva_palacio,mexico,1975,escritora,7,0,5.367030694935638e-5,6,1
4793,Martha Vértiz,vértiz,peru,1941,NA,5,0,1.0362706080142343e-4,57,1
4761,Martín Adán,benavides_perú,peru,1908,"Escritor , poeta",237,0,3.1773583996164617e-4,1,1
4764,Martín Benavides,benavides_perú,peru,1970,Funcionario y sociólogo,122,0,2.1668295002389985e-4,1,1
4768,Martín Galeano,galeano,colombia,1505,explorador,8,0,8.865407588126871e-5,3,1
4769,Martín Grande,durand_argentina,argentina,1959,Periodista,3,0,5.6576192152753e-5,2,1
4770,Martín Illia,illia,argentina,1861,NA,5,0,3.891928898975017e-5,2,1
4771,Martín José Sanabria,toro_venezuela,venezuela,1831,Político,3,0,4.8264232021012176e-5,10,1
4777,Martín Tovar Ponte,tobar,venezuela,1772,Político,2,0,4.71585601172542e-5,8,1
4778,Martín Tovar y Tovar,tovar,venezuela,1827,Pintor,4,0,9.488015680059075e-5,10,1
4780,Martín de Alzaga Unzué,álzaga,argentina,1901,"Ingeniero , piloto de automovilismo y playboy",11,0,9.244206747853626e-5,2,1
4781,Martín de los Heros,de_los_heros,peru,1783,"Militar , escritor y político",5,0,5.641881803001644e-5,1,1
4779,Martín de Álzaga,álzaga,argentina,1755,"Político , militar y comerciante de esclavos",14,0,1.0485783479738262e-4,2,1
4468,María Amez Márquez,amez,peru,1939,Historiadora y Escritora,8,0,9.597107023935146e-5,36,1
4469,María Antonia Bolívar Palacios,toro_venezuela,venezuela,1777,Propietaria,11,0,1.1769314599505792e-4,10,1
4470,María Antonia García de León,garcía_de_león,mexico,NA,Socióloga,5,0,4.8579548947517526e-5,6,1
4641,María Belén Ludueña,macri,argentina,1986,Periodista y conductora,6,0,6.092733200902704e-5,2,1
4473,María Clara Ospina,ospina,colombia,1949,Periodista,3,0,3.0234944757680527e-5,7,1
4476,María Corina Machado,tovar,venezuela,1967,"Ingeniera industrial, docente, política",4,0,9.488015680059375e-5,10,1
4479,María Cristina Díaz-Granados,díaz_granados,colombia,1986,Modelo y participante en concursos de belleza,4,0,6.956441287081394e-5,10,1
4480,María Cristina Salazar,camacho,colombia,1931,socióloga,2,0,5.0807400671395635e-5,3,1
4481,María Dolores Jaramillo,acevedo_colombia,colombia,1949,"Investigadora, crítica literaria y profesora universitaria.",16,0,7.988038809911934e-5,3,1
4482,María Edwards McClure,edwards,chile,1893,Asistente social y sanitario y asistenta social,3,0,2.9717080639933204e-5,4,1
4484,María Elena Duvauchelle,concha_chile,chile,1942,Actriz,5,0,4.690401904416885e-5,5,1
4486,María Elena Medina-Mora Icaza,medina_mora,mexico,1951,psicóloga,2,0,4.9725850440818817e-5,6,1
4487,María Elena Olazábal Estrada de Hirsch,estrada,argentina,1924,Empresaria,4,0,6.877087492825933e-5,2,1
4488,María Elena Swett,portales,chile,1979,Actriz y presentadora de televisión,4,0,8.231298094791837e-5,5,1
4489,María Elvira Bonilla,ospina,colombia,1955,"Periodista , Editora , y Escritora",3,0,3.0112182273982267e-5,7,1
4491,María Elvira Samper,caballero,colombia,1946,"Periodista, escritora, columnista",11,0,6.275147821418168e-5,3,1
4498,María Esther Ballivián,ballivián,bolivia,1927,"Pintora, dibujante, comunicadora y docente",10,0,1.655409973294182e-4,9,1
4499,María Esther Podestá,podestá,argentina,1896,Actriz,4,0,1.707096399734192e-4,143,99
4504,María Eugenia Piedrahíta,cabal,colombia,1942,Cantante,3,0,3.0014585225293665e-5,7,1
4507,María Fernanda Cabal,cabal,colombia,1966,"Política , y Politóloga",22,0,8.345768083818422e-5,8,1
4509,María Flora Yáñez,velasco_chile,chile,1898,Escritora,3,0,6.068009109793697e-5,5,1
4511,María García Granados y Saborío,garcía_granados,mexico,1860,Socialité,10,0,8.514479388680853e-5,9,1
4512,María Gracia Subercaseaux,subercaseaux,chile,1970,"Fotógrafa , presentadora de televisión y artista",3,0,1.707096399734192e-4,144,100
4521,María Josefa Ezcurra,belgrano,argentina,1785,Política,21,0,1.4196261599538245e-4,2,1
4522,María Josefa García Granados,garcía_granados,mexico,1796,"poetisa, política, periodista",7,0,7.37916639669332e-5,9,1
4527,María Luisa Bemberg,bemberg,argentina,1922,"Directora de cine , guionista",1,0,1.707096399734192e-4,145,101
4532,María Luisa Pavlovsky,pavlovsky,argentina,1897,Escritora,12,0,2.5088002662854365e-4,43,17
4526,María Luisa Álvarez de Toledo y Carreto,leyva,colombia,NA,NA,3,0,1.0993343307185879e-4,73,38
4536,María Margarita Zuleta González,carreño,colombia,1962,Abogada y politóloga,10,0,7.885089658140888e-5,10,1
4537,María Mercedes Cabal,cabal,colombia,1819,"Socialité, política",126,0,1.8678567796747073e-4,8,1
4539,María Mercedes Pino Chávez,vicuña,chile,1860,NA,3,0,1.7070963997328875e-4,140,97
4540,María Mercedes Vial,vial,chile,1863,Escritora,1,0,3.214179460229363e-5,1,1
4543,María Nicolasa de Valdés y de la Carrera,valdés_chile,chile,1733,Política y primera dama,3,0,1.4738899956587466e-4,82,46
4546,María O'Donnell,o'donnell,argentina,1970,"Periodista , escritora y politóloga",3,0,3.178313851246422e-5,2,1
4547,María Olivia Mönckeberg,monckeberg,chile,1944,Periodista y Académica,9,0,4.744442183941755e-5,5,1
4552,María Paula Duque,duque,colombia,NA,"Abogada, administradora de empresas",12,0,7.816845672464056e-5,3,1
4553,María Paz Jorquiera,freire,chile,1980,Comediante,4,0,1.707096399734192e-4,146,102
4554,María Podestá,podestá,argentina,1875,Actriz,3,0,8.480547528985894e-5,17,3
4549,María Pía Adriasola,kast,chile,1966,Abogada,19,0,6.423691952593882e-5,5,1
4550,María Pía Copello,copello,peru,1977,"Presentadora de televisión , productora , influencer",1,0,1.7070963997328875e-4,113,70
4551,María Pía Ureta,ureta,peru,1976,"Psicóloga, actriz y master coach en indoor cycling",4,0,4.9798097348518515e-5,1,1
4556,María Rostworowski,diez_canseco,peru,1915,"Historiadora , investigadora",41,0,9.912806463796874e-5,1,1
4558,María Saturnina Bárbara de Otálora y Ribero,otálora,argentina,1771,Dama Patricia,22,0,1.4629850531418985e-4,2,1
4560,María Talavera Broussé,flores_magón,mexico,1867,Política y anarquista,9,0,1.334083270491537e-4,6,1
4561,María Teresa Boulton,boulton_venezuela,venezuela,1938,"Fotógrafa, investigadora de fotografía y escritora",6,0,1.7070963997318847e-4,44,18
4562,María Teresa Cañas Pinochet,pinochet,chile,1946,Ingeniera química y empresaria,97,0,1.5292116276835533e-4,5,1
4568,María Teresa Herrán,herrán,colombia,1946,"Abogada , Politóloga Periodista , Docente , Escritora , Pintora",6,0,7.090153388523106e-5,8,1
4575,María Virginia Estenssoro,estenssoro,bolivia,1902,Escritora,4,0,9.274697505144233e-5,20,1
4576,María Wiesse,portocarrero_perú,peru,1894,"Poeta , escritora , ensayista , traductora , crítica de cine y antologadora",17,0,9.320621149453101e-5,1,1
4577,María de Jesús de Iturbide y Huarte,iturbide,mexico,1818,Monja,1,0,9.451891718038568e-5,26,7
4548,María de la Ossa de Amador,amador,colombia,1855,Primera dama,7,0,4.3629827941098966e-5,7,1
4589,María del Pilar Cimadevilla y López-Dóriga,lópez-dóriga,mexico,1952,NA,13,0,1.219287656453169e-4,8,1
4590,María del Pilar González del Valle,gonzález_del_valle,mexico,1948,Aristócrata,3,0,1.7070963997331743e-4,67,34
4804,Matea Bolívar,bolívar,venezuela,1773,Profesora y administrador de fincas,9,0,1.412493328899985e-4,10,1
4805,Mateo García de Zúñiga,garcía_de_zúñiga,argentina,1795,Militar,13,0,9.605952197842287e-5,9,1
4812,Matilde Díaz,camargo,colombia,1924,Cantante,12,0,5.557564331298157e-5,3,1
4813,Matilde Díaz Vélez,álvarez_de_toledo_argentina,argentina,1899,"estanciera, empresaria y urbanista",9,0,8.943590413792254e-5,2,1
4819,Matilde Pacheco,batlle,uruguay,1854,Política,25,0,1.0263088790758484e-4,8,1
4821,Matilde Urrutia,del_carril,chile,1912,Cantante,9,0,5.225051924016091e-5,2,1
150,Matthew Rehwoldt,guerrero,mexico,1987,NA,10,0,1.7084198747541467e-4,35,13
4797,Matías Cousiño,cousiño,chile,1810,Empresario,12,0,5.414454608205834e-5,9,1
4798,Matías Laborda Ibarra,rodríguez_saá,argentina,1916,Militar,7,0,4.929431546695543e-5,2,1
4802,Matías Villa Michel,villa_michel,mexico,1907,Militar,10,0,8.207551074530968e-5,6,1
4823,Mauricio Daract,daract,argentina,1807,Político,11,0,7.982818094777945e-5,2,1
4824,Mauricio Dayub,borensztein,argentina,1960,Actor y director de escena,8,0,7.914901620253401e-5,2,1
4828,Mauricio Herrera (actor),bracho,mexico,1934,"Actor , actor de televisión, actor de cine , comediante , dramaturgo, músico y director de teatro",7,0,1.4860720448838072e-4,47,20
4829,Mauricio Luna Valderrama,luna,peru,1840,Político,3,0,6.818914180413352e-5,2,1
4831,Mauricio Ochmann,derbez,mexico,1977,Actor,16,0,1.1578530790972149e-4,6,1
4835,Mauricio Rodríguez Múnera,santos,colombia,1958,Periodista y diplomático,9,0,5.6441556274434296e-5,3,1
4848,Melanie Zichy-Ferraris,carvajal_y_vargas,chile,1805,NA,2,0,8.618041107067693e-5,9,1
4849,Melanie von Zichy-Ferraris de Zich et Vásonykeö,carvajal_y_vargas,chile,1843,NA,2,0,8.618041107067693e-5,9,1
4856,Melitón Pedraza,billinghurst,argentina,1886,Empresario,9,0,1.0117225533814626e-4,11,1
4855,Melitón Pedraza,pedraza,argentina,1886,Empresario,1,0,3.566915081647115e-5,11,1
4863,Mercedes Belzu,zuviría,bolivia,1835,"Escritora , poetisa y traductora",16,0,1.0924068733814701e-4,2,1
4867,Mercedes Castellanos de Anchorena,anchorena,argentina,1840,NA,12,0,7.232599273001868e-5,2,1
4868,Mercedes Delgado Mallarino,mallarino,colombia,1868,Pintora,10,0,1.3126761204516072e-4,3,1
4869,Mercedes Ducci,fontaine,chile,1951,Periodista,7,0,3.3442122440385016e-5,5,1
4876,Mercedes Santamarina,santamarina,argentina,1896,Coleccionista de arte y mecenas,7,0,7.512699426576346e-5,8,1
4877,Mercedes Soler (actriz),soler,mexico,1914,Actriz,21,0,2.0197744153930598e-4,15,1
4883,Mercedes Valdivieso,valdivieso,chile,1924,"Escritora, Académica, Editora.",10,0,5.939579830823926e-5,9,1
4884,Merlina Licht,borensztein,argentina,1968,"panelista, abogada",8,0,6.889386212752828e-5,2,1
4885,Micaela Campos y Gaviño,galleguillos,chile,1796,NA,10,0,1.1221527621503309e-4,13,1
4886,Micaela Cousiño Quiñones de León,cousiño,chile,1938,NA,9,0,4.63584594625035e-5,9,1
4887,Michael Kast,kast,chile,1924,Emprendedor,21,0,6.791804809313296e-5,5,1
4889,Michael Lindsay-Hogg,lópez_negrete,mexico,1940,"Director de cine , guionista , director de teatro , realizador de televisión y director de videos musicales",10,0,1.2519253491316155e-4,6,1
4892,Micky Rospigliosi,rospigliosi,peru,1965,Periodista,8,0,7.22431400477168e-5,1,1
4893,Midori de Habich,de_habich,peru,1955,Economista,6,0,5.367451705109636e-5,1,1
4897,Miguel Alemán González,alemán,mexico,1884,Militar,10,0,5.5553182613950107e-5,6,1
4898,Miguel Alemán Magnani,alemán,mexico,1966,Empresario,12,0,6.73356983871095e-5,6,1
4908,Miguel Arroyo Arboleda,arboleda,colombia,1900,Político,146,0,2.4324469990626027e-4,7,1
4906,Miguel Aráoz y Arce,aráoz,peru,1780,Militar,16,0,9.347676366921567e-5,2,1
4911,Miguel Aylwin,aylwin,chile,1889,Abogado,20,0,5.625892991350404e-5,4,1
4916,Miguel Brown,brown,argentina,NA,Militar,5,0,1.120097279523269e-4,54,24
4918,Miguel Checa y Checa,eguiguren,peru,1861,Terrateniente,21,0,7.957537865905443e-5,1,1
4919,Miguel Claro,claro_chile,chile,1861,Sacerdote y médico,13,0,5.004645416121613e-5,5,1
4923,Miguel Dammert,alarco,peru,1903,Político,2,0,3.067496883861818e-5,1,1
4922,Miguel Díaz Lombardo,díaz_lombardo,mexico,1867,Funcionario,5,0,7.85889249499569e-5,6,1
4927,Miguel Escalada,escalada_(de_burgos),argentina,1867,"Ingeniero agrónomo , escritor , diplomático .",7,0,2.308454379626956e-4,69,35
4928,Miguel Estenssoro Rojas,estenssoro,bolivia,1827,Militar,4,0,9.274697505143943e-5,20,1
4929,Miguel Febres Cordero,febres-cordero,ecuador,1854,Hermano,7,0,9.11483695396674e-5,10,1
4931,Miguel Francisco de Villegas,villegas,argentina,1822,"Jurisconsulto , profesor universitario , militar , político y funcionario de gobierno",14,0,6.124337727153698e-5,2,1
4936,Miguel Gerónimo Seminario y Jaime,seminario,peru,1765,NA,15,0,2.2251538528247176e-4,31,10
4938,Miguel Harth-Bedoya,bedoya,peru,1968,Director de orquesta,11,0,5.4118605523330844e-5,1,1
4939,Miguel Hidalgo y Costilla,hidalgo_y_costilla,mexico,1753,"Militar , Sacerdote y profesor",3,0,1.4151638592328904e-4,6,1
4945,Miguel Lerdo de Tejada (compositor),lerdo_de_tejada,mexico,1869,Compositor y director de orquesta,6,0,4.189138662755265e-5,6,1
4946,Miguel Lobos Barrenechea,barrenechea_chile,chile,1984,Ajedrecista,5,0,4.0247944207092513e-5,5,1
4942,Miguel López Pumarejo,lópez,colombia,1892,Político y diplomático,8,0,4.5838541556429594e-5,3,1
4954,Miguel Martínez de Hoz,martínez_de_hoz,argentina,1832,Militar,5,0,6.080072969529296e-5,5,1
4955,Miguel Montenegro Villalvazo,villa_michel,mexico,1812,Militar,10,0,8.20755107453065e-5,6,1
4956,Miguel Mujica Gallo,mujica,peru,1910,"Empresario , comerciante y diplomático",15,0,9.334255010953152e-5,11,1
4957,Miguel O'Gorman,o'gorman,argentina,1749,Médico y docente,6,0,1.382283737846686e-4,45,19
4962,Miguel Rincón y Rodríguez,rincón,peru,1782,Militar y político,3,0,8.35588581682193e-5,12,1
4966,Miguel Toro Ramírez,toro_venezuela,venezuela,1898,Escritor,3,0,1.7070963997328875e-4,117,74
4977,Miguel de la Espriella,de_la_espriella,colombia,1947,NA,9,0,6.238222590294404e-5,3,1
4978,Milagros Cabello,cabello,venezuela,1966,Funcionaria pública,7,0,8.369795319435858e-5,10,1
4979,Mile Vergara,de_la_espriella,colombia,1960,"Actriz , cantante y presentadora de televisión",9,0,6.238222590294083e-5,3,1
4980,Minas de Aroa,bolívar,venezuela,NA,NA,8,0,1.2768301278191741e-4,10,1
4985,Misi,samper,colombia,1957,"Directora de teatro, Directora de escuela, Profesora de música y Compositora.",1,0,2.9914958015079388e-5,3,1
4986,Moctezuma Xocoyotzin,moctezuma,mexico,1466,NA,13,0,1.6875194795322294e-4,13,1
4987,Modesto Basadre,basadre,peru,1816,Político y periodista,8,0,4.334956454245019e-5,1,1
4990,Morgana Vargas Llosa,vargas_llosa,peru,1974,Fotógrafa y fotoperiodista,13,0,7.346442790166733e-5,14,1
4993,Museo de Sitio Bodega y Quadra,bodega_y_quadra,peru,NA,NA,2,0,2.7959118133983354e-5,1,1
4994,Myriam Stefford,sabattini,argentina,1905,"actriz, aviadora",9,0,5.119040128123245e-5,2,1
4231,Máximo Kirchner,kirchner,argentina,1977,Político,68,0,1.9282773897692283e-4,2,1
4232,Máximo León Velarde Espino,león-velarde,peru,1852,Oficial militar,7,0,7.517168271487418e-5,1,1
4236,Máximo Paz (político),paz,argentina,1851,Político y abogado,39,0,1.1831426219982329e-4,2,1
4999,Nancy Colmenares,chávez,venezuela,1956,NA,5,0,7.13118507447495e-5,10,1
5002,Napoleón Borrero,borrero,colombia,NA,"Escritor, abogado, político",74,0,1.5625778714946394e-4,3,1
5005,Narciso Fernandini,fernandini,peru,1802,Político,2,0,8.072869726878271e-5,10,1
5010,Natalie Vértiz,vértiz,peru,1991,"Presentadora de televisión , modelo y empresaria",7,0,1.3560882586834645e-4,57,1
5012,Natalio Félix Botana,botana,argentina,1888,Periodista y escritor,7,0,8.06033765555763e-5,2,1
5013,Nathalia Aragonese,walker_chile,chile,1981,Actriz,14,0,5.7408524906494935e-5,5,1
5014,Nelly Evans Risco,álvarez_calderón,peru,1943,Religiosa y terrorista,3,0,5.0743188269523844e-5,1,1
5015,Nelly Meruane,meruane,chile,1927,Actriz y profesora,5,0,1.401365083822502e-4,8,1
5020,Nemesio Antúnez,zañartu,chile,1918,NA,37,0,6.966051613450866e-5,4,1
5023,Nemesio Vicuña Mackenna,mackenna,chile,1832,Político,2,0,4.134013839701358e-5,8,1
5025,Nevis Balanta Castilla,balanta,colombia,NA,Investigadora y docente,12,0,1.7070963997299252e-4,24,6
5026,Niall Garve O'Donnell,o'donnell,colombia,1560,Militar,1,0,3.926075084943968e-5,8,1
5030,Nicanor Restrepo Restrepo,jaramillo_colombia,colombia,1869,NA,17,0,7.369530702439512e-5,7,1
5031,Nicanor Restrepo Santamaría,restrepo,colombia,1941,"Empresario, profesor y líder",3,0,4.08305832575252e-5,7,1
5032,Nico Ames,amez,peru,1976,"Actor , músico , profesor de teatro y comunicador",8,0,9.597107023934842e-5,36,1
5066,Nicolas Laso Errazuriz,errázuriz,chile,NA,NA,153,0,2.055607288216438e-4,4,1
5067,Nicolasa Montt de Marambio,montt,chile,1857,"escritora 5 libros y periódicos, Poetisa y traductora",2,0,2.752396250971093e-5,4,1
5033,Nicolás Anchorena,anchorena,argentina,1785,"Comerciante , ganadero , político y terrateniente",11,0,6.713805232322284e-5,2,1
5036,Nicolás Cabré,vicuña,argentina,1980,Actor,2,0,3.411859902839582e-5,4,1
5042,Nicolás Gómez Dávila,dávila,colombia,1913,Escritor,7,0,6.53443140704829e-5,3,1
5044,Nicolás Jiménez de Lobatón y Azaña,jiménez_de_lobatón,peru,1693,NA,8,0,1.0067072081137848e-4,11,1
5050,Nicolás Massú,massú,chile,1979,NA,1,0,3.912512334687414e-5,5,1
5053,Nicolás Pérez Gavilán y Echeverría,pérez_gavilán,mexico,1856,NA,2,0,5.1799716643747203e-5,6,1
5058,Nicolás Tanco,argáez,colombia,1830,"Explorador , diplomático y escritor",13,0,1.6200800432698576e-4,3,1
5059,Nicolás Tanco Bosmeniel,argáez,colombia,1774,Político,13,0,1.563089349972627e-4,3,1
5060,Nicolás Videla del Pino,videla,argentina,1741,NA,14,0,7.523828704308631e-5,2,1
5069,Nicomedes Santa Cruz,santa_cruz,peru,1925,"Músico , poeta , etnomusicólogo , folclorista , escritor , herrero .",5,0,1.0909133173840171e-4,10,1
5070,Nieves Zuberbühler,blaquier,argentina,1986,Periodista y productora,5,0,8.725307781380442e-5,2,1
5072,Noel Petro,petro,colombia,1933,"Músico , requintista, compositor , arreglista , cantautor y torero",4,0,5.4492425028311306e-5,3,1
5073,Noel Werthein,werthein,argentina,1911,Empresario,8,0,1.2255738548414485e-4,2,1
5075,Nora Nazar,romero_feris,argentina,1953,Política,15,0,1.087562769029833e-4,2,1
5077,Norah Borges,lafinur,argentina,1901,"Pintora , ilustradora , crítica de arte y dibujante",12,0,8.279015042530306e-5,2,1
5078,Norberto Antoni,campero,argentina,1900,Político,52,0,1.5903094738926657e-4,2,1
5079,Norberto Eléspuru,eléspuru,peru,1817,"Político , diplomático y militar",13,0,1.5270946427220668e-4,11,1
5080,Norma Arrostito,abal_medina,argentina,1940,estudiante y secretaria,6,0,3.824102683865438e-5,2,1
5081,Norte (diario),romero_feris,argentina,NA,NA,9,0,7.19290357662165e-5,2,1
5082,Noticiero 24 Horas (Colombia),gómez,colombia,NA,NA,12,0,4.744410249180805e-5,7,1
4995,Néstor Cáceres Velásquez,cáceres_velásquez,peru,NA,Político,4,0,4.1883183069056834e-5,1,1
5086,Obras completas de Florentino Ameghino,ameghino,argentina,NA,NA,3,0,4.67024115164966e-5,2,1
5087,Octavio Bunge,bunge,argentina,1844,Abogado Juez,23,0,1.2622013207674832e-4,2,1
5088,Octavio Campero Echazú,campero,bolivia,1900,Escritor y poeta,15,0,9.140572063819297e-5,2,1
5091,Odiseo Bichir,bichir,mexico,1960,"Actor de cine, teatro y televisión",14,0,1.3509827955226984e-4,6,1
5092,Oja Kodar,lópez_negrete,mexico,1941,"Directora de cine , guionista , actriz de cine y escultora",9,0,1.1483093122333039e-4,6,1
5096,Olga de Grecia,ulloa,peru,1903,NA,13,0,1.0894922522031304e-4,11,1
5098,Oliverio Lara Borrero,borrero,colombia,1905,"Empresario, ganadero, agricultor",133,0,2.3879681102082674e-4,3,1
5099,Olivia Revueltas,revueltas_sánchez,mexico,1951,"Pianista , compositora y activista social",9,0,1.7702657719769697e-4,48,21
5103,Omar Chabán,alemann,argentina,1952,Empresario y productor,9,0,9.137949967662585e-5,2,1
5106,Oriana Cicconi,alarco,peru,1989,"Actriz, locutora de radio",3,0,1.7070963997328875e-4,119,76
5108,Orlando de la Torre,de_la_torre,peru,1943,NA,6,0,4.195054674980381e-5,1,1
5111,Oscar Braun,braun,argentina,1940,Economista,8,0,8.684698072513057e-5,2,1
5113,Osvaldo Cattone,salazar_y_meléndez,argentina,1933,"Actor , director teatral , productor y empresario",9,0,5.445184260692819e-5,1,1
5117,Oswaldo Seminario y Aramburú,seminario,peru,1865,Político,12,0,1.8318406971356462e-4,31,10
5119,Otto Bemberg,ocampo,argentina,1827,"Banquero , diplomático y empresario",14,0,8.551043679233882e-5,2,1
5122,Otto de Greiff,de_greiff,colombia,1903,"Musicólogo , ingeniero, traductor, profesor, periodista, poeta",5,0,4.562444472293989e-5,3,1
5123,Ovidio Guzmán López,coronel_méxico,mexico,1990,Narcotraficante,10,0,1.5337698128415505e-4,41,16
5132,Pablo Echaurren,echaurren,chile,1951,"Pintor , escritor , historietista y ceramista",3,0,3.0461282212868595e-5,5,1
5136,Pablo Galeana,galeana,mexico,1780,Militar,3,0,1.7070963997324726e-4,72,37
5137,Pablo Granifo,lavín,chile,1958,Ingeniero comercial y empresario,82,0,1.330347693205249e-4,5,1
5142,Pablo Mouche,saravia,argentina,1987,NA,14,0,6.767457288904458e-5,8,1
5144,Pablo Ortiz Monasterio,ortiz_monasterio,mexico,1952,Fotógrafo,4,0,8.04888099111813e-5,6,1
5145,Pablo Pérez Zañartu,zañartu,chile,1915,"Profesor , ingeniero civil y empresario",312,0,3.1566188600299424e-4,4,1
5150,Pablo Seminario y Echandía,seminario,peru,1847,Político,9,0,1.4484548407399156e-4,31,10
5156,Paco Malgesto,aguilar,mexico,1914,Locutor y animador de televisión,3,0,7.295252328722096e-5,22,1
5157,Palacio Belgrano Otamendi,belgrano,argentina,NA,NA,14,0,1.0275841065192087e-4,2,1
5158,Palacio Díaz Vélez,díaz_vélez,argentina,NA,NA,6,0,8.62101633320522e-5,2,1
5159,Palacio Fernández Anchorena,anchorena,argentina,NA,NA,11,0,6.713805232321964e-5,2,1
5160,Palacio López-Dóriga,lópez-dóriga,mexico,NA,NA,13,0,1.219287656453137e-4,8,1
5161,Palacio Ochagavía,ochagavía,chile,NA,NA,3,0,3.9863398564068225e-5,5,1
5162,Palacio Ortiz Basualdo (Embajada de Francia),ortiz_basualdo,argentina,NA,NA,11,0,6.22555643605366e-5,2,1
5163,Palacio Ortiz Basualdo (Plaza San Martín),ortiz_basualdo,argentina,NA,NA,11,0,6.225556436053318e-5,2,1
5165,Palacio San Martín,anchorena,argentina,NA,NA,11,0,6.713805232321636e-5,2,1
5172,Pamela Díaz,kast,chile,1981,"Modelo , participante en concursos de belleza y presentadora de televisión",22,0,7.523598686628633e-5,5,1
5174,Pampita,aylwin,argentina,1978,"Modelo , bailarina y presentadora",13,0,4.727166063079668e-5,4,1
5175,Pan American Energy,bulgheroni,argentina,NA,NA,3,0,3.565080931931154e-5,2,1
5178,Pantaleón Sanz de Santamaría,sanz_de_santamaría,colombia,1762,Militar,15,0,8.218872811663456e-5,3,1
5180,Paola Turbay,turbay,colombia,1970,"Actriz , presentadora , ex reina de belleza",9,0,5.5341561307565475e-5,3,1
5181,Paolo Rocca,rocca,argentina,1952,CEO de Techint .,5,0,8.041742701994515e-5,15,1
5183,Paquita Vehil,bullrich,uruguay,1917,actriz,14,0,1.1095494638320281e-4,2,1
5184,Parque Ross,ross_chile,chile,NA,NA,2,0,4.687145170571044e-5,4,1
5187,Pastor S. Obligado,obligado,argentina,1841,"Escritor , abogado y militar",9,0,7.205882918698152e-5,2,1
5188,Patio Bullrich,bullrich,argentina,NA,NA,11,0,9.157337377862792e-5,2,1
5191,Patricia Durán Reveles,durán_reveles,mexico,1972,Política Licenciada en Arquitectura,2,0,3.2499111061519914e-5,6,1
5193,Patricia Llaca,llaca,mexico,1975,Actriz de televisión y actriz de cine,4,0,9.647464629876812e-5,6,1
5196,Patricia Phelps de Cisneros,cisneros_venezuela,venezuela,1947,Coleccionista de arte,8,0,1.1212156814720325e-4,68,1
5197,Patricia Reyes Spíndola,reyes_spíndola,mexico,1953,"Actriz , emprendedora , productora de cine , directora de casting, profesora , actriz de televisión, actriz de cine y actriz de teatro",3,0,1.0216508379665533e-4,6,1
5198,Patricia Ruiz Bravo,portocarrero_perú,peru,1955,"Socióloga , investigadora , escritora y profesora universitaria",11,0,6.448452319462116e-5,1,1
5202,Patricio Cullen,cullen,argentina,1826,Abogado,3,0,3.8887961855600216e-5,2,1
5203,Patricio Di Palma,di_palma,argentina,1971,NA,7,0,1.066442004956602e-4,2,1
5208,Patricio Peralta Ramos,peralta_ramos,argentina,1814,Comerciante,4,0,1.1239258791729998e-4,2,1
5210,Patricio Valdés,valdés_chile,chile,1943,Juez y abogado,1,0,1.7070963997328875e-4,139,96
5212,Patricio Wills,wills,colombia,1952,Productor de televisión,3,0,6.449889747665757e-5,3,1
5213,Patricio de Solminihac,de_solminihac,chile,1955,Ingeniero civil y empresario,83,0,1.3440091322008575e-4,5,1
5214,Patrick Bouvier Kennedy,onassis,argentina,1963,NA,6,0,4.582168975250992e-5,11,1
5215,Patrick Sarsfield,sarsfield,argentina,1655,Oficial militar y político,6,0,4.927953933545146e-5,4,1
5216,Patrick Wayne,díaz_ceballos,mexico,1939,Actor,10,0,8.082536480388012e-5,6,1
5219,Paula Bevilacqua,lander,venezuela,1980,"Actriz , modelo",13,0,1.1997362864648151e-4,10,1
5220,Paula Frías Allende,allende,chile,1963,Psicóloga,3,0,3.837306354340248e-5,11,1
5223,Paula Siero,borensztein,argentina,1966,"Actriz, modelo, directora y guionista",10,0,9.334000186384804e-5,2,1
5225,Paulina Rubio,dosamantes_rul,mexico,1971,Ver lista Actriz Cantante Compositora Diseñadora de modas Empresaria Modelo Productora discográfica]] Presentadora de televisión,4,0,1.707096399734192e-4,147,103
5229,Paullu Inca,pizarro,chile,1518,NA,4,0,1.142750952988836e-4,19,4
5231,Paz Bascuñán,aylwin,chile,1975,Actriz y modelo,17,0,5.309043724320545e-5,5,1
5239,Pedro Agustín de Valencia,valencia,colombia,1710,"Minero , comerciante , filántropo",2,0,6.97756797847921e-5,29,8
5241,Pedro Alcántara Herrán Martínez,herrán,colombia,1942,Artista plástico,4,0,6.411166686699253e-5,8,1
5245,Pedro Andrés García,garcía_de_sobrecasa,argentina,1758,"Militar , ingeniero y geógrafo",1,0,2.9268362192674458e-5,2,1
5250,Pedro Arenas i Aranda,arenas,peru,1900,Poeta y Catedrático,8,0,4.796207300675643e-5,1,1
5254,Pedro Brescia Cafferata,cafferata,peru,1921,"Empresario, banquero",4,0,9.890485938028167e-5,1,1
5256,Pedro Cafferata,cafferata,argentina,1834,"Político, empresario minero",4,0,9.890485938027818e-5,1,1
5258,Pedro Candioti,candioti,argentina,1893,NA,10,0,5.8492647435947887e-5,2,1
5260,Pedro Castelli,castelli,argentina,1796,Militar,4,0,4.209095010315118e-5,2,1
5263,Pedro Cortés de Monroy,cortés_de_monroy,chile,1536,"Hacendado , Terrateniente , Militar , explorador , conquistador , poblador y gobernante colonial",12,0,1.5176691560978388e-4,13,1
5264,Pedro Cortés de Monroy y Zavala,cortés_de_monroy,chile,1651,NA,11,0,1.4060741301269905e-4,13,1
5265,Pedro Cortés y Mendoza,cortés_de_monroy,chile,1637,NA,11,0,1.40607413012692e-4,13,1
5266,Pedro Demetrio O'Higgins,cruz_chile,chile,1818,Empresario y político,5,0,5.0310492265334674e-5,1,1
5276,Pedro Hermosa,lópez_carrillo,paraguay,1833,militar,16,0,8.71225773180394e-5,5,1
5282,Pedro José Bustamante y Alvizuri,diez_canseco,peru,1815,"Abogado , magistrado , docente universitario , político",16,0,6.392018264056157e-5,1,1
5283,Pedro José de Zavala y Bravo del Ribero,de_la_puente,peru,1779,NA,11,0,7.198013622121406e-5,1,1
5285,Pedro Lucas de Allende,allende_argentina,argentina,1742,Comerciante y funcionario,7,0,2.2183226116329177e-4,62,30
5288,Pedro Manrique de Castilla,manrique,colombia,NA,NA,9,0,1.5287154060526068e-4,37,1
5290,Pedro María Rivas Vicuña,vicuña,chile,1876,"Periodista , diplomático y político",1,0,2.6603838081155167e-5,4,1
5291,Pedro Medina Avendaño,medina,colombia,1915,"Compositor, escritor, letrista, abogado y educador",70,0,1.469633592472007e-4,3,1
5294,Pedro Miguel Obligado,obligado,argentina,1892,poeta,6,0,6.453691949264917e-5,2,1
5304,Pedro Pablo Mujica Carassa,mujica,peru,1875,Político,14,0,8.822708322820034e-5,11,1
5306,Pedro Pascal,balmaceda,chile,1975,Actor,5,0,4.098659981825333e-5,11,1
5312,Pedro Pumarejo Vega,pumarejo,colombia,NA,NA,10,0,5.919968642322434e-5,7,1
5313,Pedro Rincón-Gallardo y Rosso,rincón-gallardo,mexico,1834,Diplomático,7,0,1.0816731963248855e-4,6,1
5316,Pedro Subercaseaux,errázuriz,chile,1880,"Pintor , ilustrador y monje (1925-1956)",3,0,2.889705448637302e-5,4,1
5319,Pedro Vicuña,vicuña,chile,1956,"Actor , poeta (desde 1974) y traductor (desde 1977)",3,0,3.830211999089808e-5,4,1
5318,Pedro Vásquez de Velasco y Esparza,vásquez_de_velasco,peru,NA,"Presidente de la Real Audiencia de Quito, Lima y Charcas",3,0,1.7070963997324726e-4,76,40
5320,Pedro Yrigoyen Diez Canseco,diez_canseco,peru,1886,Diplomático,244,0,3.267480263330961e-4,1,1
5323,Pedro de Novo y Fernández Chicarro,fernández_chicarro,mexico,1884,"Geólogo , político e ingeniero de minas",2,0,1.7070963997304508e-4,95,55
5325,Pedro de Ricaurte y Torrijos,ricaurte,colombia,NA,Político,12,0,9.032681637552853e-5,7,1
5327,Pedro de Yrigoyen y Loyola,diez_canseco,peru,1789,Militar y político.,3,0,3.0032624301109445e-5,1,1
5328,Pedro de la Fuente y Rojas,cortés_de_monroy,chile,1679,NA,10,0,1.2959208572597877e-4,13,1
5330,Pedro del Solar Cárdenas,del_solar,peru,1856,Político,3,0,2.965353617170356e-5,1,1
5331,Pedropiedra,subercaseaux,chile,1978,"Compositor , músico , guitarrista y artista discográfico",5,0,2.0926802192740445e-4,105,62
5334,Pepe Gnecco,gnecco,colombia,NA,Político,19,0,6.128478767657142e-5,3,1
5335,Pepe Guízar,guízar,mexico,1912,Compositor y compositor de canciones,9,0,1.707096399731646e-4,30,9
5336,Pepe Vásquez,vásquez,peru,1961,"Cantautor, músico.",3,0,1.1708844395113677e-4,85,47
5337,Percy Gibson,gibson,peru,1885,Poeta,11,0,7.352652378353721e-5,1,1
5340,Petronila Riquelme,cruz_chile,chile,1808,NA,3,0,3.071146463652909e-5,1,1
5342,Pierangeli Llinás,llinás,colombia,1964,Actriz,3,0,4.202358861427465e-5,7,1
5343,Piero Quispe,quispe,peru,2001,NA,2,0,8.970721278023285e-5,12,1
5344,Pilar Brescia,brescia,peru,1957,Actriz Empresaria Presentadora de TV,7,0,1.394651987043207e-4,18,1
5346,Pilar de la Hidalga,garcía_icazbalceta,mexico,1843,Artista y pintora,8,0,1.1686995162358493e-4,6,1
5347,Pina Bausch,parra_chile,chile,1940,"Coreógrafa , bailarina de ballet , maestro de ballet , profesora de universidad , directora de cine , guionista y ballet director",2,0,2.7542226624448226e-5,4,1
5349,Pirí Lugones,lugones,argentina,1925,"Periodista , escritora , traductora",5,0,1.3200591538166287e-4,66,33
5351,Plaza Cultural la Santamaría,sanz_de_santamaría,colombia,NA,NA,12,0,6.848216235755614e-5,3,1
5356,Pocho Rospigliosi,rospigliosi,peru,1930,Periodista,8,0,7.22431400477069e-5,1,1
5357,Polo Lugones,lugones,argentina,1897,Jefe de policía y escritor,11,0,2.6299087866832446e-4,66,33
5358,Polo Troconis,troconis,venezuela,NA,"Locutor , productor de radio y personalidad de radio",5,0,1.2387169863776679e-4,10,1
5360,Porfirio Díaz Ortega,díaz,mexico,1873,Militar,14,0,9.341918857576276e-5,9,1
5362,Porfirio Thierry Muñoz Ledo,muñoz_ledo,mexico,1960,NA,6,0,4.050650801245173e-5,6,1
5363,Porfirio Vásquez,vásquez,peru,1902,Cantante,6,0,2.1463338565079365e-4,85,47
5370,Primo F. Villa Michel,villa_michel,mexico,1849,Político y hacendado,13,0,9.06245049748188e-5,6,1
5371,Primo Groot,groot,colombia,1756,NA,16,0,8.542134582724687e-5,3,1
5373,Procesa del Carmen Sarmiento,sarmiento,argentina,1818,NA,5,0,1.1869907058865836e-4,49,1
5124,Pánfilo Barasorda,díez_marina,mexico,1807,Militar,2,0,1.106247525838985e-4,6,1
5128,Pío Uriburu,uriburu,argentina,1844,Político,14,0,7.170248825752705e-5,2,1
5377,Quilmes (cerveza),bemberg,argentina,NA,NA,1,0,1.7070963997328875e-4,145,101
5378,Quinta Las Acacias,boulton_venezuela,venezuela,NA,NA,6,0,1.7070963997309596e-4,44,18
5416,Rafael Ayala y Lozano,ayala,colombia,1797,"Político , diplomático y empresario",13,0,8.845245233200815e-5,3,1
5417,Rafael Ballivián,ballivián,bolivia,1897,Poeta,10,0,1.6554099732939183e-4,9,1
5427,Rafael Braun,braun,argentina,1935,Periodista,7,0,8.047520607983391e-5,2,1
5429,Rafael Carrizosa,argáez,colombia,1910,"Médico, científico y educador",7,0,9.709207021826942e-5,3,1
5432,Rafael Elías González,elías-calles,mexico,1774,NA,8,0,6.68352620174216e-5,6,1
5435,Rafael Farfán,farfán,peru,1975,NA,7,0,1.324731778932767e-4,39,14
5439,Rafael García Herreros,orbegozo,colombia,1909,Sacerdote católico,1,0,2.7295111086597137e-5,3,1
5441,Rafael García Miró,garcía_y_garcía,peru,1954,pintor,11,0,6.198101320061916e-5,1,1
5443,Rafael Guízar y Valencia,guízar,bolivia,1878,NA,9,0,1.7070963997313252e-4,30,9
5450,Rafael Larraín,errázuriz,chile,1915,Sacerdote católico,27,0,6.24592317783746e-5,4,1
5447,Rafael López Rayón,lópez-rayón,mexico,1778,Militar,8,0,1.4016159913602893e-4,56,26
5452,Rafael Mallarino Holguín,holguín,colombia,1881,Artista,2,0,1.7070963997328875e-4,131,88
5453,Rafael María Carrasquilla,nariño,colombia,1857,"Escritor , presbítero católico de rito latino, educador y profesor universitario",11,0,6.771575501725696e-5,7,1
5462,Rafael Puyana,michelsen,colombia,1931,"Clavecinista, clavicembalista",2,0,1.7070963997304508e-4,101,59
5465,Rafael Rivera,rivera-torres,mexico,1925,NA,1,0,1.707096399734192e-4,148,104
5468,Rafael Santa Cruz (artista),santa_cruz,peru,1960,"actor , músico , profesor",6,0,1.2614979721560943e-4,10,1
5477,Rafaela López Aguado de Rayón,lópez-rayón,mexico,1754,NA,20,0,3.234498441597933e-4,56,26
5478,Rafaela de Vera Mujica y López Pintado,otálora,argentina,1753,NA,17,0,1.1847299794605006e-4,2,1
5480,Raimundo Larraín Covarrubias,valdés_chile,chile,1851,Agricultor y político,3,0,2.87486360220947e-5,4,1
5486,Ramón Ferreyros,ferreyros,peru,1963,NA,12,0,7.557272689289898e-5,1,1
5493,Ramón González Concha,concha_chile,chile,1803,Militar,35,0,9.51921949832027e-5,9,1
5494,Ramón López Rayón,lópez-rayón,mexico,1775,Militar y político,8,0,1.4016159913590273e-4,56,26
5495,Ramón Maza,maza,argentina,1810,Militar,9,0,5.7596100504132024e-5,9,1
5497,Ramón Novarro,pérez_gavilán,mexico,1899,Actor,2,0,5.179971664374421e-5,6,1
5500,Ramón Santamarina,santamarina,argentina,1827,"Hacendado, empresario",18,0,1.426900598428299e-4,8,1
5504,Ramón Valdés,valdés,mexico,1924,Actor comediante,12,0,1.6642417711017131e-4,25,1
5506,Ramón Zavala,zavala,peru,1853,Militar,3,0,3.932485811420358e-5,1,1
5507,Ramón de la Riva y López-Dóriga,lópez-dóriga,mexico,NA,Político,13,0,1.2192876564531042e-4,8,1
5511,Raquel Señoret,garcía-huidobro,chile,1922,Escritora y poetisa,2,0,3.1847811204410016e-5,4,1
5513,Raymundo Morales de la Torre,benavides_perú,peru,1885,"Escritor , periodista , docente universitario y funcionario público",3,0,3.052892112196075e-5,1,1
5514,Raymundo Riva Palacio,riva_palacio,mexico,1954,Periodista,10,0,6.202983704750904e-5,6,1
5383,Raúl Baillères Chávez,baillères,mexico,1895,Empresario y banquero,4,0,5.055291035661697e-5,6,1
5389,Raúl Celis Montt,montt,chile,1962,Abogado y político,49,0,9.050702201386459e-5,5,1
5394,Raúl Fajardo Moreno,holguín,colombia,1929,Arquitecto,3,0,3.519148283188703e-5,3,1
5398,Raúl Fontaina D'Oliveira,fontaina,uruguay,1901,"Periodista, empresario",9,0,2.4430144858406203e-4,64,31
5397,Raúl Fontaina Islas,fontaina,uruguay,1931,"Presentador, periodista y empresario",7,0,1.9405576829570903e-4,64,31
5405,Raúl Maradona,maradona,argentina,1966,NA,7,0,1.424082114167432e-4,40,15
5406,Raúl Marcó del Pont,marcó_del_pont,argentina,1907,"Escritor , político , historiador , cronista y periodista",6,0,7.427429844227786e-5,2,1
5410,Raúl Rolando Romero Feris,romero_feris,argentina,1946,Político,16,0,1.1308789845310618e-4,2,1
5413,Raúl Tola,tola,peru,1975,Escritor y periodista,125,0,2.2090116736602587e-4,1,1
5515,Rebeca Matte,bello,chile,1875,Escultora y pintora,22,0,7.280384186159881e-5,4,1
5517,Rebecca Jones,fuentes_berain,mexico,1957,Actriz productora de televisión,6,0,7.217603867010612e-5,6,1
5519,Regeneración (periódico),flores_magón,mexico,NA,NA,7,0,1.1096247514203653e-4,6,1
5520,Regina Pacini,alvear,argentina,1871,Cantante lírica,2,0,2.97393109780785e-5,2,1
5526,Renato Capriles,capriles,venezuela,1931,"Músico, director de orquesta",6,0,8.968362729573443e-5,10,1
5529,Reynaldo Arenas,arenas,peru,1944,Actor,8,0,4.796207300675341e-5,1,1
5533,Ricardo Campero,campero,argentina,1946,Político,52,0,1.590309473892527e-4,2,1
5535,Ricardo Cházaro Lara,cházaro,mexico,1920,Almirante,3,0,4.050899381619774e-5,6,1
5540,Ricardo Durand Flórez,durand,peru,1917,NA,5,0,4.083702740384512e-5,1,1
5539,Ricardo Díaz Granados Mantilla,díaz_granados,colombia,NA,Militar,4,0,6.956441287081042e-5,10,1
5548,Ricardo Guido Lavalle,lavalle,argentina,1871,Abogado Juez,127,0,2.7973297388936e-4,2,1
5547,Ricardo Guízar Díaz,guízar,mexico,1933,NA,9,0,1.7070963997309934e-4,30,9
5549,Ricardo Jaxa-Malachowski Benavides,benavides_perú,peru,1922,Arquitecto,3,0,1.707096399734192e-4,149,105
5551,Ricardo Lavalle (político),lavalle,argentina,1830,Estanciero Banquero,8,0,4.332309995244473e-5,2,1
5552,Ricardo León Velarde,león-velarde,peru,1895,Soldado y político,10,0,9.810588001448359e-5,1,1
5561,Ricardo Restrepo Callejas,restrepo,colombia,1847,"Político , empresario",130,0,2.3421873500196805e-4,3,1
5563,Ricardo Roca Rey,roca_rey,peru,1920,Dramaturgo y Director teatral,2,0,7.031761269668382e-5,12,1
5567,Ricardo Seminario y Aramburú,seminario,peru,1868,militar y diplomático,10,0,1.576682883809869e-4,31,10
5572,Ricardo Villarán,villarán,peru,1879,Director de cine,10,0,6.138110637285668e-5,1,1
5573,Ricardo Wiesse,wiesse,peru,1954,Artista plástico y escritor,1,0,1.7070963997328875e-4,134,91
5575,Ricardo de Jaxa Malachowski,benavides_perú,peru,1887,Arquitecto,3,0,1.7070963997328875e-4,149,105
5577,Rigny,zea,colombia,NA,NA,12,0,6.607765368535534e-5,3,1
5578,Rikky von Opel,herrán,colombia,1947,NA,4,0,6.411166686698933e-5,8,1
5579,Rime Choquehuanca,choquehuanca,bolivia,1974,abogado y político,5,0,7.184156926276889e-5,20,1
5580,Rita Hayworth,lópez_negrete,mexico,1918,"Actriz , bailarina",9,0,1.1483093122331559e-4,6,1
5581,Rito Martínez Gómez,martínez-silva,colombia,1825,Magistrado,5,0,4.2722387457219536e-5,3,1
5589,Roberto Drago,drago,peru,1923,NA,7,0,1.1025886217305742e-4,18,1
5590,Roberto Drago Maturo,drago,peru,1951,NA,9,0,1.3552635192919278e-4,18,1
5592,Roberto Escobar Gaviria,escobar_gaviria,colombia,1947,"Autor, contador, exdeportista y exnarcotraficante",7,0,5.990141512180156e-5,3,1
5593,Roberto Farfán,farfán,peru,1973,NA,7,0,1.3247317789324856e-4,39,14
5594,Roberto Fontaina,fontaina,uruguay,1900,Comediógrafo y letrista,4,0,1.223925272179009e-4,64,31
5595,Roberto Gómez Bolaños,bolaños_cacho,mexico,1929,Actor comediante director de televisión director de cine compositor cantante productor de cine productor de televisión escritor guionista,16,0,8.630911010995774e-5,6,1
5596,Roberto Gómez Fernández,bolaños_cacho,mexico,1964,"productor , artista , actor , comediante",18,0,9.595236647916724e-5,6,1
5605,Roberto Pizano,brigard,colombia,1896,NA,9,0,7.024416058270535e-5,3,1
5606,Roberto Pombo,holguín,colombia,1956,Periodista,29,0,9.939656209038932e-5,3,1
5607,Roberto Rimoldi Fraga,lanusse,argentina,1944,cantante folclórico,7,0,6.932237875387355e-5,2,1
5613,Roberto Urdaneta Gómez (militar),urdaneta,colombia,NA,Oficial militar,2,0,2.8661486181798764e-5,8,1
5584,Roberto Álvarez Calderón Rey,álvarez_calderón,peru,1939,periodista,1,0,2.6832498677058574e-5,1,1
5615,Rocío Silva-Santisteban,silva_santisteban,peru,1963,"Periodista , poetisa , catedrática universitaria y política",10,0,5.488414397899369e-5,1,1
5622,Rodolfo Galimberti,bullrich,argentina,1948,Montoneros,11,0,9.15733737786217e-5,2,1
5625,Rodolfo Martín Campero,campero,argentina,1948,Político,52,0,1.5903094738924914e-4,2,1
5628,Rodrigo Castaño,lópez,colombia,1948,Cineasta y productor,6,0,5.515354367126655e-5,3,1
5629,Rodrigo Cruz Matta,matta,chile,1953,Administrador de empresas,9,0,3.77208771083599e-5,4,1
5630,Rodrigo Errázuriz,errázuriz,chile,NA,Ingeniero civil,82,0,1.3303476932049655e-4,5,1
5634,Rodrigo Niño Zapata,niño,colombia,NA,NA,3,0,1.7070963997328875e-4,127,84
5635,Rodrigo Obregón,obregón,colombia,1951,Actor,14,0,8.09896817650113e-5,3,1
5637,Rodrigo Ponce De León,ponce_de_león,argentina,1995,NA,11,0,6.739636504606157e-5,8,1
5641,Rodrigo Villalba Mosquera,mosquera,colombia,1951,"Abogado , Economista y Político",133,0,2.3902512600055946e-4,3,1
5643,Rodulfo Amando Philippi,philippi,chile,1808,"Biólogo , paleontólogo , zoólogo , ornitólogo, botánico , naturalista , profesor universitario , fotógrafo , geólogo , explorador científico, dibujante , malacólogo , recolector de plantas y recolector científico",8,0,6.405128154020348e-5,5,1
5645,Rogelio Guerra,aguilar,mexico,1936,Actor,2,0,8.524588045899052e-5,22,1
5647,Rogelio Valdivieso Eguiguren,eguiguren,ecuador,1928,Licenciado,12,0,5.363476100865769e-5,1,1
5648,Roger Cáceres Pérez,cáceres_velásquez,peru,1961,Político,7,0,5.655730205422912e-5,1,1
5653,Rollin Thorne Sologuren,thorne,peru,1881,"banquero , industrial , hacendado y comerciante",7,0,5.2306908183335464e-5,1,1
5656,Romina Ricci,pueyrredón,argentina,1978,"Actriz, directora y guionista",2,0,7.0537463926232e-5,2,1
5657,Romina Yan,yankelevich,argentina,1974,"Actriz, cantante y animadora",12,0,1.6594046608399068e-4,50,22
5655,Román Rivera Torres,rivera-torres,mexico,1948,Arquitecto,1,0,1.7070963997328875e-4,148,104
5666,Rosa Borja de Icaza,borja,ecuador,1889,"Escritora , compositora , socióloga , ensayista , poetisa y novelista",3,0,2.9245733496645084e-5,1,1
5667,Rosa Bozán,podestá,uruguay,NA,Cancionista y actriz,2,0,7.217940524661362e-5,17,3
5670,Rosa Graña Garland,graña,peru,1909,Diseñadora de moda,9,0,6.701831293718284e-5,1,1
5672,Rosa Merino,arenas,peru,1790,Cantante,11,0,5.292267531169669e-5,1,1
5673,Rosa Núñez,acuña,peru,1954,Educadora y Empresaria,13,0,9.316564925734963e-5,1,1
5674,Rosa Pavlovsky de Rosemberg,pavlovsky,argentina,1862,Médica,6,0,1.391100135446554e-4,43,17
5677,Rosa Vicuña,vicuña,chile,1925,Escultora,3,0,2.8563671276191453e-5,4,1
5678,Rosalía Julián,valdés,mexico,1931,Cantante actriz,15,0,1.9962078846774234e-4,25,1
5679,Rosalía Valdés,valdés,mexico,1958,Actriz y cantante,16,0,2.112824840139177e-4,25,1
5680,Rosana Vinueza Estrada,estrada_ecuador,ecuador,1949,Política,6,0,9.221948888990361e-5,10,1
5681,Rosario Garza Sada,garza_sada,mexico,1893,NA,10,0,1.056744229632231e-4,15,1
5684,Rosario Puga,cruz_chile,chile,1796,Política,4,0,4.611535912660136e-5,1,1
5686,Rosaura Revueltas,revueltas_sánchez,mexico,1908,Actriz,6,0,1.270544810307811e-4,48,21
5687,Rose Kennedy,onassis,argentina,1890,NA,6,0,4.494908319244783e-5,11,1
5688,Rosenda Monteros,bracho,mexico,1935,Actriz,8,0,1.648365595643451e-4,47,20
5689,Rosinés Chávez,chávez,venezuela,1997,Internacionalista,7,0,9.035411945695061e-5,10,1
5690,Rosita Pelayo,pinal_hidalgo,mexico,1958,Actriz,2,0,3.462470982808223e-5,6,1
5691,Rossana Fernández-Maldonado,fernández-maldonado,peru,1977,"Actriz, presentadora de televisión, cantante",1,0,3.498899547549892e-5,1,1
5692,Rossana Fuentes Berain,fuentes_berain,mexico,1958,"Periodista, escritora, empresaria",4,0,6.195408215126386e-5,6,1
5694,Rubén Villa Michel,villa_michel,mexico,NA,Empresario,10,0,8.207551074529294e-5,6,1
5695,Rudecindo Roca,paz,argentina,1850,Militar,5,0,6.271195519013774e-5,2,1
5696,Rudecindo Rojo,rojo,argentina,1780,Político,11,0,6.157102336808291e-5,2,1
5697,Rudy Ventura,bichir,mexico,1926,Trompetista y cantante,12,0,1.1853437252476016e-4,6,1
5698,Rufina Cambaceres,cambaceres,argentina,1883,NA,13,0,8.244755381482675e-5,2,1
5703,Rufino Luro Cambaceres,cambaceres,argentina,1895,Aviador,7,0,5.613350963064311e-5,2,1
5705,Rufino Varela,varela,argentina,1838,"Abogado , político y economista",21,0,7.198106208815528e-5,2,1
5708,Ruperto Godoy (nieto),godoy,argentina,1898,Martillero público,6,0,5.705930622554125e-5,9,1
5712,Sabina de Iturbide y Huarte,iturbide,mexico,1810,NA,1,0,9.451891718038568e-5,26,7
5713,Sabino Vaca Narvaja,vaca_narvaja,argentina,1975,"Politólogo, profesor y diplomático",6,0,4.098464257800593e-5,2,1
5714,Sabrina Farji,awada,argentina,1964,"Realizadora, guionista , directora de cine y profesora",6,0,7.827775623847582e-5,2,1
5717,Salvador Abascal Infante,carranza,mexico,1910,Escritor y juez,5,0,4.177540905158689e-5,6,1
5718,Salvador Alberdi,aráoz,argentina,1757,Comerciante y político,15,0,8.673137498881442e-5,2,1
5723,Salvador Guerrero,guerrero,mexico,1921,NA,9,0,1.5592568877795542e-4,35,13
5728,Salvador de Iturbide y Marzán,iturbide,mexico,1849,NA,2,0,1.5273408179686729e-4,26,7
5730,Salvadora Medina Onrubia,botana,argentina,1894,"Periodista, escritora, feminista",7,0,8.060337655556695e-5,2,1
5731,Samper (cantante),samper,colombia,1985,Cantante compositor arreglista productor,29,0,9.939656209038581e-5,3,1
5735,Samuel Yankelevich,yankelevich,argentina,1921,"Empresario, productor",12,0,1.685926196911935e-4,50,22
5736,Sancho Dávila y Daza,sancho_dávila,peru,1523,Militar,2,0,1.7070963997304508e-4,104,61
5738,Sandra Fuentes-Berain Villenave,fuentes_berain,mexico,1950,Diplomática,4,0,6.195408215126104e-5,6,1
5743,Santa Rosa Jáuregui,fernández_de_jáuregui,mexico,NA,NA,3,0,1.7070963997324726e-4,81,45
5744,Santamarina e Hijos,santamarina,argentina,NA,NA,7,0,7.512699426575748e-5,8,1
5745,Santiago Alarcón,navia,colombia,1979,Actor,4,0,1.414925777589569e-4,2,1
5748,Santiago Allende,allende_argentina,argentina,1760,Militar,4,0,1.3700684382905563e-4,62,30
5752,Santiago Astete,astete,peru,NA,Político y hacendado,9,0,9.459942246238228e-5,18,1
5753,Santiago Bejarano,chaux,chile,1957,Actor,4,0,3.848610245856295e-5,3,1
5754,Santiago Betbeder,avellaneda,argentina,NA,Militar y hacendado,11,0,8.37593146931495e-5,2,1
5764,Santiago Marín Vicuña,vicuña,chile,1871,Ingeniero,310,0,3.138191882026618e-4,4,1
5768,Santiago Mutis,mutis,colombia,1951,"Escritor , poeta , ensayista , crítico de arte y profesor universitario",9,0,1.9558140604254188e-4,42,1
5762,Santiago Márquez Zorrilla,rincón,peru,1897,"Sacerdote, corresponsal de prensa",6,0,1.3408472875905497e-4,12,1
5763,Santiago Méndez Ibarra,sierra_méndez,mexico,1798,Político,4,0,1.0138117661304103e-4,65,32
5771,Santiago Rebagliati,rebagliati,peru,1996,NA,3,0,6.211881751683989e-5,1,1
5772,Santiago Rivadavia,otálora,argentina,1784,Comerciante y político,18,0,1.2112845946272267e-4,2,1
5774,Santiago Sierra Méndez,sierra_méndez,mexico,1850,"Poeta , periodista y escritor",7,0,1.5817690835218578e-4,65,32
5775,Santiago Solari,solari_argentina,argentina,1976,NA,8,0,1.667719684947186e-4,33,11
5780,Santiago de Liniers,o'gorman,argentina,1753,Militar y político,8,0,1.7557355973557066e-4,45,19
5785,Sara Gallardo,gallardo,argentina,1931,"Escritora , periodista , novelista y escritora de cuentos",9,0,7.925059582251234e-5,2,1
5787,Sara Pérez Romero,madero,mexico,1872,Política y activista,11,0,7.396192648431775e-5,6,1
5789,Sarah Jessica Parker,onassis,argentina,1965,"Actriz , productora , editora",2,0,3.487524852732177e-5,11,1
5790,Sasha Montenegro,lópez-portillo,mexico,1946,Actriz vedette,12,0,6.579640871740664e-5,6,1
5791,Saturnina Burgos,lópez_carrillo,paraguay,1830,NA,16,0,8.233882731177441e-5,5,1
5792,Saturnino Allende,allende_argentina,argentina,1788,Sacerdote católico,4,0,1.3700684382901367e-4,62,30
5794,Saturnino Vergara Moure,moure,colombia,NA,"Escritor , académico e historiador",4,0,8.258843925990895e-5,3,1
5795,Scipión Llona,llona,peru,1864,Físico,11,0,7.571753893175433e-5,1,1
5806,Sebastián Zurita,pinal_hidalgo,mexico,1986,Actor,5,0,1.3805220273211083e-4,6,1
5807,Sebastián de Aliaga y Colmenares,aliaga,peru,1743,NA,12,0,2.2844698060673613e-4,10,1
5808,Sebastián de Segurola,segurola,argentina,1740,Militar,9,0,5.794242962032201e-5,2,1
5811,Segundo Pomar,podestá,argentina,1880,"actor , director de teatro",4,0,1.7070963997328875e-4,143,99
5813,Serafina Quinteras,varela,peru,1902,"Compositora, poeta",3,0,7.154166731176899e-5,1,1
5819,Sergio Concha Rodríguez,concha_chile,chile,1931,"Abogado (desde 1955) , activista por los derechos humanos y sacerdote católico (hasta 1996)",310,0,3.1381918820264727e-4,4,1
5822,Sergio Freire,freire,chile,1980,"actor, comediante, guionista",4,0,1.7070963997328875e-4,146,102
5830,Sergio Vodanovic,vodanovic,chile,1926,Periodista y dramaturgo,5,0,3.213462271324819e-5,5,1
5831,Servando Teresa de Mier,mier_y_noriega,mexico,1763,"Presbítero , escritor , filósofo , político y militar",1,0,1.7070963997328875e-4,118,75
5832,Shakira,de_la_rúa,colombia,1977,Cantante compositora productora discográfica bailarina actriz multinstrumentista,10,0,6.448435594047172e-5,2,1
5833,Shantall,oneto,peru,1977,"Cantante , actriz y profesor de canto",5,0,1.4479835533435606e-4,91,51
5510,Shaul Guerrero,guerrero,mexico,1990,"Cantante , luchadora profesional y modelo",10,0,1.707327454269738e-4,35,13
5835,Siad Char,char,colombia,1985,Modelo y presentadora de televisión,12,0,6.723675355690526e-5,3,1
5836,Siam Di Tella,di_tella,argentina,NA,NA,7,0,5.311610803552723e-5,2,1
5840,Silvestre Revueltas,revueltas_sánchez,mexico,1899,Violinista Director de orquesta Compositor,9,0,1.7883353323158962e-4,48,21
5842,Silvia Derbez,derbez,mexico,1930,Actriz,22,0,1.5165634831521124e-4,6,1
5843,Silvia Eugenia Derbez,derbez,mexico,1970,Artista escénica,17,0,1.2150842039249107e-4,6,1
5844,Silvia Galvis,galvis_galavís,colombia,1945,"Politóloga , periodista y escritora",10,0,6.769254191610994e-5,3,1
5848,Silvia Pinto,pinto_chile,chile,1937,Periodista y política,70,0,1.2269632591263918e-4,8,1
5849,Silvia Sapag,sapag,argentina,1949,Política,22,0,1.4395598877298916e-4,27,1
5850,Silvina Bullrich,bullrich,argentina,1915,"Escritora , periodista , traductora , guionista , novelista y escritora de cuentos",11,0,9.157337377861826e-5,2,1
5851,Silvina Ocampo,ocampo,argentina,1903,escritora,13,0,7.473071109892226e-5,2,1
5852,Silvino Olivieri,cambaceres,argentina,1828,Militar,7,0,5.6133509630639806e-5,2,1
5863,Simona de Sucre Bravo,sucre,ecuador,1822,Religiosa,13,0,1.3229525730578052e-4,10,1
5856,Simón González Restrepo,restrepo,colombia,1931,Escritor,3,0,3.735022460549998e-5,3,1
5857,Simón O'Leary Soublette,ospina,venezuela,1830,Escritor y traductor,3,0,1.7070963997328875e-4,123,80
5859,Simón Planas,tovar,venezuela,1813,"Político, estadista, filósofo",4,0,9.488015680058751e-5,10,1
5860,Simón Planas Suárez,tovar,venezuela,1879,"Diplomático, académico",4,0,9.488015680058411e-5,10,1
5861,Simón de Bolívar y Castro,bolívar,venezuela,1569,NA,8,0,1.2768301278191357e-4,10,1
5864,Sinforoso Mutis Consuegra,mutis,colombia,1773,"Botánico , político , docente",6,0,1.3895321305212364e-4,42,1
5865,Sixto Quesada,quesada,argentina,1800,Militar,3,0,1.7070963997324726e-4,78,42
5876,Sofia Carson,char,colombia,1993,Actriz Bailarina Cantante Compositora,10,0,6.095914701772678e-5,3,1
5871,Sofía Petro,petro,colombia,2002,Activista por los derechos de las mujeres,6,0,6.864356027855708e-5,3,1
5872,Sofía Reca,yankelevich,argentina,1984,"Actriz, cantante y presentadora",8,0,1.195691230292131e-4,50,22
5873,Sofía Rivera Torres,martín_del_campo,mexico,1992,"Presentadora , modelo , celebridad de internet , actriz , empresaria y locutora",8,0,8.675686262237508e-5,6,1
5874,Sofía Vergara,vergara-azcárate,colombia,1972,Actriz modelo presentadora productora,2,0,4.270261821720486e-5,5,1
5878,Soledad Alonso,vicuña,chile,1957,Actriz de teatro y actriz de televisión,2,0,2.8958288124726632e-5,5,1
5881,Sonia Infante,pinal_hidalgo,mexico,1943,Actriz,2,0,4.404478758914694e-5,6,1
5882,Sonia Oquendo,pinasco,peru,1947,"Actriz , presentadora de televisión , diseñadora de moda y empresaria",10,0,6.608687451441163e-5,1,1
5883,Sonia Osorio,obregón,colombia,1928,Bailarina de ballet y coreógrafa,16,0,8.639731919598966e-5,3,1
5884,Sophia Vari,zea,colombia,1940,"Artista, pintora, joyera, escultora",12,0,6.41329775070579e-5,3,1
5885,Squillace,borja,colombia,NA,NA,2,0,1.23309257170995e-4,16,2
5889,Stephanie Cayo,cayo,peru,1988,"Actriz , modelo , bailarina y cantante",6,0,1.2443360392788474e-4,14,1
5886,Stéfano Di Palma,di_palma,argentina,1995,NA,7,0,1.0664420049565624e-4,2,1
5892,Sur (revista),ocampo,argentina,NA,NA,11,0,7.010949246246458e-5,2,1
5894,Susana Dosamantes,dosamantes_rul,mexico,1948,Actriz,4,0,1.7070963997328875e-4,147,103
5895,Susana Ferrari Billinghurst,billinghurst,argentina,1914,aviador,8,0,9.099634618431214e-5,11,1
5896,Susana Freydoz,soria,argentina,1951,NA,11,0,4.893542067496641e-5,2,1
5897,Susana Guízar,guízar,mexico,1915,Actriz de cine,9,0,1.7070963997306508e-4,30,9
5902,Susana Villarán,lavalle,peru,1949,Socióloga y política,2,0,2.9111346583634784e-5,1,1
5903,Susana de la Puente Wiese,lavalle,peru,1958,Banquera,3,0,3.055373578084728e-5,1,1
5906,Sylvia Soublette,subercaseaux,chile,1923,"Compositora , gestora cultural , soprano , instrumentista, directora coral y profesora",6,0,3.318262397689509e-5,5,1
5913,Taira Court,concha_chile,chile,1973,Actriz y decoradora de teatro,4,0,3.098237813054212e-5,5,1
5914,Taliana Vargas,caicedo,colombia,1987,"Modelo , actriz , presentadora de televisión y activista .",4,0,3.1986407701158703e-5,5,1
5915,Talina Fernández,fernández_veraud,mexico,1944,"Actriz, presentadora , periodista",9,0,8.893841251696757e-5,6,1
5916,Tamara Falcó,vargas_llosa,peru,1981,Socialite,16,0,9.311386582925745e-5,14,1
5919,Tania Elías Calles,elías-calles,mexico,1979,NA,8,0,6.683526201741787e-5,6,1
5920,Tania Ortiz Mena,lópez_negrete,mexico,1971,"Presidenta de Grupo, Energías Limpias e Infraestructura Energética",7,0,9.395196993018068e-5,6,1
5921,Tania Ramírez,ramírez,peru,1991,Contadora pública,20,0,9.580511192776302e-5,1,1
5924,Tatiana Schlossberg,onassis,argentina,1990,periodista ambiental autora,4,0,3.922906167673816e-5,11,1
5925,Tato Bores,borensztein,argentina,1925,"Actor , humorista , monologuista y actor de televisión",12,0,9.116382151502337e-5,2,1
5931,Teodoro Capriles,capriles,venezuela,1907,Ciclista Nadador Pintor Cantante,6,0,8.968362729573138e-5,10,1
5933,Teodoro Flores,flores_magón,mexico,1823,Militar,16,0,2.1596821640342296e-4,6,1
5936,Teodoro Schmidt Weichsel,schmidt,chile,1834,Ingeniero,16,0,4.8845119701829135e-5,5,1
5937,Teotitlán de Flores Magón,flores_magón,mexico,NA,NA,7,0,1.1096247514202963e-4,6,1
5941,Teresa López Bustamante,urdaneta,venezuela,1883,"Periodista , Educadora",3,0,9.958454426467691e-5,38,1
5943,Teresa María Llona,llona,peru,1905,Escritora y poetisa,11,0,7.571753893174258e-5,1,1
5945,Teresa Morales de Gómez,barrientos,colombia,1934,"Escritora, historiadora, filósofa, educadora, musicóloga, investigadora científica.",13,0,5.957108218981109e-5,7,1
5946,Teresa Piossek Prebisch,prebisch,argentina,1930,Historiadora y escritora,6,0,1.0098044476826723e-4,2,1
5949,Teresa Vicuña,vicuña,chile,1924,Escultora,3,0,2.8563671276191453e-5,4,1
5951,Thalía,díaz_ordaz,mexico,1971,cantante actriz empresaria escritora locutora presentadora productora discográfica,9,0,1.0458303559401402e-4,6,1
5953,Theodoro Valcárcel,valcárcel,peru,1902,"Compositor , director de orquesta",9,0,1.0187848760546278e-4,12,1
5958,Tita Parra,parra_chile,chile,1956,Música,3,0,7.304533425559657e-5,51,1
5959,Tita Tamames,del_carril,argentina,1921,"Productora, ambientadora, vestuarista",7,0,4.914802060330841e-5,2,1
5960,Tito Guízar,guízar,mexico,1908,Actor cantante,9,0,1.707096399730297e-4,30,9
5961,Tlapalizquixochtzin,moctezuma,mexico,NA,NA,14,0,1.7947126233738354e-4,13,1
5962,Tolita Figueroa,mateos,mexico,1957,"Diseñadora , investigadora e historiadora",10,0,8.739678155386212e-5,6,1
5963,Tomás Acurio Arguedas,acurio,peru,NA,Político,5,0,4.994001976036624e-5,1,1
5965,Tomás Canavery,canaveris,argentina,1838,capellán militar,7,0,8.42466467241251e-5,2,1
5978,Tomás O'Gorman,o'gorman,argentina,1760,Empresario,8,0,1.7557355973553388e-4,45,19
5981,Tomás Rueda Vargas,caro,colombia,1879,"Escritor, político, periodista",3,0,3.166156411576425e-5,3,1
5986,Tomás Yankelevich,yankelevich,argentina,1977,Director y productor,14,0,1.9147759562644412e-4,50,22
5987,Tomás de Allende,allende_argentina,argentina,1778,Militar,6,0,1.926957786413295e-4,62,30
5999,Toribio Alarco,alarco,peru,1798,NA,3,0,2.9242692123028183e-5,1,1
6000,Toribio Martínez de Hoz,martínez_de_hoz,argentina,1823,NA,5,0,6.080072969528989e-5,5,1
6001,Totón Podestá,podestá,argentina,1887,Actor,6,0,1.1695308037702214e-4,17,3
6002,Tracy Freundt,freundt,peru,1985,Modelo,3,0,3.571681732101757e-5,1,1
6013,Universidad de los Andes (Colombia),laserna,colombia,NA,NA,11,0,4.235352289152466e-5,7,1
6014,Urbano de Iriondo,candioti,argentina,1798,"historiador , político , funcionario público",14,0,7.597631136912293e-5,2,1
6042,Vadhir Derbez,derbez,mexico,1991,Actor y cantante,17,0,1.2096070088190952e-4,6,1
6046,Valeria Bringas,lavalle,peru,1983,"Actriz , modelo y profesora",2,0,8.908012490771306e-5,59,1
6047,Valeria Valle,capriles,venezuela,1989,"Presentadora, locutora, psicóloga",8,0,1.0689625476323406e-4,10,1
6050,Vanessa de la Torre,sanclemente,colombia,1978,"Presentadora de noticias , periodista , columnista y escritora",5,0,4.2725831251615137e-5,7,1
6052,Vania Torres,frayssinet,peru,1995,NA,8,0,7.210011494973337e-5,53,1
6054,Vasco de Contreras y Valverde,de_valverde,peru,1605,NA,7,0,1.0105363323919237e-4,63,1
6055,Venancio López,lópez_carrillo,paraguay,1830,Militar y Político,27,0,1.219460804045701e-4,5,1
6056,Ventura García Calderón,garcía_calderón,peru,1886,Escritor y Diplomático,246,0,3.2828362188667097e-4,1,1
6059,Verónica Castro,valdés,mexico,1952,"Actriz, cantante, presentadora de televisión, productora de televisión",13,0,1.780596387874407e-4,25,1
6060,Verónica Ferrari,gálvez,peru,1979,Escritora y Lingüista,9,0,4.912734303458326e-5,1,1
6063,Verónica Toussaint,rincón-gallardo,mexico,1976,Presentadora actriz comediante,7,0,1.0816731963248519e-4,6,1
6064,Verónica Wiese,lavalle,peru,1973,NA,3,0,3.072966630225986e-5,1,1
6070,Vicente Barrios,lópez_carrillo,paraguay,1825,Militar,16,0,8.61948437502644e-5,5,1
6072,Vicente Boric,boric,chile,1907,Escritor,1,0,1.707096399734192e-4,150,106
6073,Vicente Castaño,castaño_gil,colombia,1957,Narcotraficante y señor de la guerra,3,0,1.8955421061944434e-4,92,52
6075,Vicente Eguiguren Riofrío,eguiguren,peru,1819,Hacendado,19,0,6.570325569388256e-5,1,1
6086,Vicente Sanfuentes (músico),sanfuentes,chile,1977,"Disc-jockey , músico , ingeniero de sonido , compositor , remezclador, pianista y productor discográfico",2,0,4.194780523804487e-5,5,1
6089,Vicente Valdés,valdés_chile,chile,1866,agricultor y político,1,0,3.377021293417927e-5,4,1
6090,Vicente de Azcuénaga,azcuénaga,argentina,1717,Comerciante; funcionario municipal [ 1 ] ​,16,0,1.329462689174529e-4,9,1
6091,Vicente de Valverde,de_valverde,peru,1498,NA,5,0,7.642758887689071e-5,63,1
6092,Vicente de la Cruz,cruz_chile,chile,1753,"Militar, comerciante de ultramar y hacendado",5,0,4.061709928003559e-5,9,1
6093,Vickie Guerrero,guerrero,mexico,1968,NA,12,0,1.9934060379901475e-4,35,13
6094,Vicky Dávila,dávila,colombia,1973,"periodista, conductora radiofónica y presentadora de noticias",7,0,6.534431407047667e-5,3,1
6028,Victor Emilio Estrada,estrada_ecuador,ecuador,1891,Escritor y banquero,13,0,1.7210817021656645e-4,10,1
6097,Victoria Aguirre Anchorena,anchorena,argentina,1860,"Pintora , coleccionista de arte y artista visual",11,0,6.713805232320617e-5,2,1
6099,Victoria Ocampo,ocampo,argentina,1890,"Escritora , ensayista , traductora , intelectual , editora",11,0,7.010949246246142e-5,2,1
6100,Victoria Ruffo,derbez,mexico,1962,"Actriz de televisión, actriz de cine , presentadora y actriz de teatro",18,0,1.211342125857248e-4,6,1
6101,Victoria Santa Cruz,santa_cruz,peru,1922,"Compositora , coreógrafa , poetisa , cantante y profesora de universidad",5,0,1.0909133173839313e-4,10,1
6102,Victoria Saravia,saravia,uruguay,1986,"Modelo , personalidad televisiva y actriz",21,0,9.053105080064368e-5,8,1
6104,Victoria Tristán de Echenique,tristán_del_pozo,peru,1823,NA,17,0,1.1624742315207213e-4,11,1
6106,Victoriano López-Dóriga,lópez-dóriga,mexico,1854,"Marino de guerra, armador y naviero. Impulsor del deporte de la vela.",13,0,1.2192876564530707e-4,8,1
6107,Victoriano de Rocha,rocha,argentina,1708,Estanciero y funcionario colonial,7,0,5.997312747971287e-5,2,1
6108,Victorio García de Zúñiga,garcía_de_zúñiga,argentina,1779,Político,13,0,9.487165450517032e-5,9,1
6113,Villa Ocampo (museo),ocampo,argentina,NA,NA,11,0,7.010949246245817e-5,2,1
6117,Violeta Vidaurre,heiremans,chile,1928,Actriz,2,0,2.7781534404108287e-5,4,1
6121,Virgilio Barco Martínez,barco,colombia,1858,NA,8,0,5.7757401772402765e-5,3,1
6123,Virgilio Mariano Tedín,güemes,argentina,1850,Juez y abogado,10,0,7.099220115379956e-5,2,1
6126,Virginia Guedea,rincón-gallardo,mexico,1942,Escritora e historiadora,7,0,1.0816731963248165e-4,6,1
6128,Virginia Salinas,carranza,mexico,1861,NA,2,0,5.317635529687779e-5,6,1
6131,Viviana Canosa,borensztein,argentina,1971,"Presentadora , periodista y locutora",8,0,6.889386212751904e-5,2,1
6132,Vizcondado de Rostrollano,lópez-dóriga,mexico,NA,NA,13,0,1.2192876564530364e-4,8,1
6133,Vizcondado de Torre Hidalgo,carrillo_de_albornoz,peru,NA,NA,13,0,1.6194467763169787e-4,23,5
6067,Viña Valdivieso,valdivieso,chile,NA,NA,10,0,5.939579830822958e-5,9,1
6136,Vladimiro Boric,boric,chile,1906,NA,1,0,1.7070963997328875e-4,150,106
6022,Víctor Calderón,calderón_colombia,colombia,1867,Explorador,1,0,2.7142013931304805e-5,7,1
6025,Víctor Delgado Mallarino,mallarino,colombia,1929,Agente de policía,4,0,6.265577862507982e-5,3,1
6032,Víctor González Herrera,gonzález_torres,mexico,1987,Empresario,8,0,5.539008635373586e-5,6,1
6036,Víctor Llona,llona,peru,1886,Traductor y escritor,8,0,5.7867333297607145e-5,1,1
6037,Víctor Mallarino,madariaga,colombia,1957,"director , productor y actor",4,0,4.3101027834920756e-5,3,1
6139,Waldemar Méndez,subercaseaux,argentina,1971,NA,3,0,1.7070963997328875e-4,144,100
6151,Xiomy Kanashiro,farfán,peru,1998,"Personalidad televisiva, presentadora , bailarina , voleibolista y comunicadora",9,0,1.625605738965136e-4,39,14
6152,Yaco Eskenazi,vértiz,peru,1979,"Presentador , ex futbolista y actor",11,0,1.9950085765813e-4,57,1
6153,Yahaira Plasencia,farfán,peru,1994,Cantante personalidad de televisión modelo bailarina compositora [ 9 ] ​,11,0,1.9374947163266665e-4,39,14
6154,Yalena Jácome,pachón,colombia,1978,"Periodista, presentadora de noticias y Estratega en comunicaciones",5,0,4.322224895438004e-5,3,1
6156,Yilmar Zea,zea,colombia,1988,NA,10,0,5.9480963559255686e-5,3,1
6157,Yolanda Ventura,bichir,mexico,1968,Cantante y actriz,16,0,1.4470244140663585e-4,6,1
6158,Yvonne Frayssinet,frayssinet,peru,1950,Actriz directora de escena,11,0,1.0909280495207374e-4,53,1
6160,Zaldívar,zaldívar,chile,NA,NA,10,0,4.741841879746824e-5,5,1
6164,Zoilo Canavery,canaveris,argentina,1893,NA,7,0,8.424664672412199e-5,2,1
6165,Zulema Fátima Yoma,yoma,argentina,1942,Primera dama,25,0,1.2828108149954965e-4,2,1
2,Álvaro Alcalá-Galiano y Osma,valencia,colombia,1886,"Periodista de opinión , escritor , marqués e historiador",4,0,1.0234474717866096e-4,29,8
9,Álvaro H. Caicedo,caicedo,colombia,1923,"Periodista, empresario",146,0,2.4324469990664603e-4,7,1
11,Álvaro José de Alzogaray,alsogaray,argentina,1809,Militar,5,0,5.85046071693575e-5,2,1
14,Álvaro Lloreda,cabal,colombia,1903,Político y diplomático,151,0,2.5056356820928467e-4,7,1
15,Álvaro Melián Lafinur,lafinur,argentina,1889,"Escritor , crítico literario y poeta",7,0,5.849683162018868e-5,2,1
16,Álvaro Mutis,mutis,colombia,1923,"Escritor , novelista y poeta",9,0,1.9558140604256877e-4,42,1
19,Álvaro Pío Valencia,valencia,colombia,1911,"Abogado, escritor, activista, educador",4,0,3.2088074445337395e-5,7,1
21,Álvaro Rudolphy,cruz-coke,chile,1964,Actor Director Dramaturgo,8,0,5.8804728129994464e-5,5,1
24,Álvaro Vargas Llosa,vargas_llosa,peru,1966,"Escritor , economista , periodista y politólogo",14,0,7.509673458677342e-5,14,1
25,Álvaro de Galleguillos y Riberos de Castilla,galleguillos,chile,1680,NA,10,0,1.1221527621506141e-4,13,1
28,Ángel Canavery,canaveris,argentina,1850,Militar,7,0,8.424664672413887e-5,2,1
30,Ángel Cuervo Urisarri,cuervo,colombia,1838,Escritor,16,0,6.164455491134777e-5,3,1
34,Ángel Jara Saguier,jara_saguier,paraguay,1936,NA,7,0,1.7070963997333388e-4,34,12
35,Ángel Ortiz Monasterio,ortiz_monasterio,mexico,1849,Político y militar,4,0,8.048880991119001e-5,6,1
37,Ángel Parra (hijo),parra_chile,chile,1966,"Músico , guitarrista , tecladista",2,0,4.2006848916892156e-5,51,1
39,Ángel Vázquez Mellado,vázquez-mellado,mexico,1900,Político y teniente coronel,2,0,5.0000945075554737e-5,9,1
46,Ángela Ospina de Nicholls,ospina,colombia,1957,"Filósofa, relacionista pública, internacionalista, diplomática",3,0,3.0024715691776136e-5,8,1
47,Ángela Santamarina,santamarina,argentina,1863,Filántropa,9,0,8.92926468591991e-5,8,1
49,Ángelo Balanta,balanta,colombia,1990,NA,12,0,1.70709639973289e-4,24,6
52,Éder Álvarez Balanta,balanta,colombia,1993,NA,12,0,1.7070963997326745e-4,24,6
53,Édgar Valcárcel,valcárcel,peru,1932,Pianista y compositor,12,0,1.2938691661674228e-4,12,1
54,Élide Brero,pinasco,peru,1921,Actriz,8,0,5.1753609957262654e-5,1,1
56,Óscar Alzamora Revoredo,alzamora,peru,1929,NA,10,0,5.2993685535105325e-5,1,1
59,Óscar Iván Balanta,balanta,colombia,1988,NA,12,0,1.7070963997324544e-4,24,6
61,Óscar Miró Quesada de la Guerra,miró_quesada,peru,1884,Periodista científico y escritor,242,0,3.2371010691878687e-4,1,1
66,Óscar Ruiz-Tagle Humeres,ruiz-tagle,chile,1920,"Abogado , académico y empresario",3,0,2.9348202935895286e-5,5,1
68,Óscar Ugarte,ugarte,peru,1944,Médico y político,241,0,3.230852123845911e-4,1,1
71,Úrsula Boza,boza_de_lima,peru,1980,Actriz y presentadora,6,0,5.8514929425022055e-5,11,1
