persona_id,nombre,familia,pais,n_conexiones,n_matched,n_unmatched,n_conyuges,n_parejas,n_padres,n_hijos,n_cross_family,n_cross_country,familias_conectadas,paises_conectados
3750,Juan Vicente Bolívar y Ponte,palacios_venezuela,venezuela,12,10,2,1,0,6,5,8,3,"bolívar, toro_venezuela","chile, colombia"
437,Ana Jacoba García de Zúñiga,warnes,argentina,11,11,0,1,0,6,4,5,4,garcía_de_zúñiga,"chile, colombia"
1970,Federico Errázuriz Zañartu,echaurren,chile,11,11,0,2,0,6,3,0,0,,
2428,Genoveva Ricaurte Mauris,parís,colombia,11,11,0,1,0,5,5,0,0,,
4570,María Teresa Torterolo,podestá,uruguay,11,11,0,1,0,5,5,0,9,,argentina
4580,María de la Concepción Palacios y Blanco,palacios_venezuela,venezuela,11,11,0,1,0,5,5,10,2,"bolívar, toro_venezuela",colombia
4630,Margarita Caro de Holguín,caro,colombia,11,11,0,1,0,5,5,2,0,azuola,
5311,Pedro Podestá,podestá,argentina,11,11,0,1,0,5,5,0,3,,uruguay
965,Carlos Holguín Mallarino,caro,colombia,10,10,0,2,0,4,4,1,0,arboleda,
1228,Claudio Vicuña Guerrero,subercaseaux,chile,10,8,2,1,0,5,4,0,0,,
1300,Cristián Campos,di_girolamo,chile,10,8,2,2,3,3,2,0,0,,
2740,Hugo Chávez,chávez,venezuela,10,9,1,2,1,4,3,0,0,,
3385,José María de Mosquera,arboleda,colombia,10,9,1,1,0,5,4,0,0,,
5500,Ramón Santamarina,santamarina,argentina,10,7,3,1,0,6,3,0,0,,
5847,Silvia Pinal,pinal_hidalgo,mexico,10,9,1,4,0,3,3,0,0,,
6009,Tulio Ospina,ospina,colombia,10,9,1,1,0,4,5,0,0,,
588,Antonio José de Escalada,balcarce,argentina,9,7,2,1,0,3,5,5,0,san_martín,
999,Carlos Menem,yoma,argentina,9,7,2,2,1,4,2,0,1,,chile
1006,Carlos Morla Vicuña,vicuña,chile,9,7,2,1,0,5,3,0,0,,
1521,Eduarda Mansilla,garcía-mansilla,argentina,9,9,0,1,0,4,4,0,0,,
1551,Eduardo López Rivas,urdaneta,venezuela,9,7,2,1,0,4,4,1,1,bustamante,peru
1599,Elena Frías de Chávez,chávez,venezuela,9,8,1,1,0,4,4,0,0,,
1764,Enriqueta Vásquez de Ospina,ospina,colombia,9,8,1,1,0,5,3,1,0,lleras,
1846,Eulogia Echaurren,echaurren,chile,9,9,0,1,0,3,5,0,0,,
2254,Francisco Javier de Errázuriz Madariaga,errázuriz,chile,9,8,1,1,0,4,4,0,0,,
2323,Francisco Solano López,lópez_carrillo,paraguay,9,9,0,0,3,2,4,0,1,,argentina
2349,Francisco Xavier Vergara,caicedo,colombia,9,9,0,1,0,2,6,1,0,sanz_de_santamaría,
2748,Hugo de los Reyes Chávez,chávez,venezuela,9,8,1,1,0,4,4,0,0,,
2840,Isabel Preysler,vargas_llosa,peru,9,8,1,3,1,1,4,0,0,,
3167,José Antonio Gregorio de Otálora,otálora,argentina,9,6,3,1,0,4,4,0,0,,
3269,José Gálvez Paz,gálvez,peru,9,6,3,1,0,5,3,0,0,,
3425,José Piñera Carvallo,echenique,chile,9,7,2,1,0,4,4,0,0,,
3576,Juan Carlos Blanco Fernández,blanco,uruguay,9,8,1,1,0,4,4,0,0,,
3752,Juan Vicente Podestá,podestá,argentina,9,9,0,1,0,4,4,0,1,,uruguay
4276,Manuel Antonio José Warnes,garcía_de_zúñiga,colombia,9,9,0,1,0,4,4,5,9,warnes,"argentina, chile"
4370,Manuel Montt,montt,chile,9,8,1,1,0,4,4,0,0,,
4505,María Eugenia Rojas,rojas,colombia,9,9,0,1,0,4,4,0,0,,
4819,Matilde Pacheco,batlle,uruguay,9,7,2,1,0,5,3,0,0,,
4918,Miguel Checa y Checa,eguiguren,peru,9,6,3,1,0,5,3,0,0,,
5299,Pedro Nel Ospina,ospina,colombia,9,9,0,1,0,3,5,2,0,lleras,
146,Agustina López de Osornio,garcía-mansilla,argentina,8,8,0,1,0,2,5,5,0,ortiz_de_rozas,
288,Alejandro VI,borja,colombia,8,6,2,0,0,2,6,0,0,,
396,Amán Rawson,rojo,argentina,8,5,3,1,0,4,3,0,0,,
468,Andrés Aramburú Salinas,aramburú,peru,8,7,1,1,0,3,4,0,0,,
512,Andrónico Lukšić Abaroa,fontbona,chile,8,6,2,1,0,3,4,0,0,,
660,Arturo Alessandri,morandé,chile,8,7,1,1,0,2,5,4,0,velasco_chile,
662,Arturo Alessandri,velasco_chile,chile,8,7,1,1,0,2,5,2,0,morandé,
956,Carlos Ferreyros,ferreyros,peru,8,7,1,1,0,4,3,0,0,,
1182,Che Guevara,guevara,argentina,8,7,1,2,1,2,3,0,1,,peru
1467,Dolores Vargas París,urdaneta,venezuela,8,8,0,1,0,4,3,7,3,parís,colombia
1520,Eduarda Mansilla,garcía-mansilla,argentina,8,8,0,1,0,2,5,0,0,,
2094,Fernando Luján,soler,mexico,8,8,0,1,0,2,5,0,2,,argentina
2149,Flor Silvestre,aguilar,mexico,8,8,0,2,0,2,4,1,1,robles,peru
2489,Gloria Pachón,galán,colombia,8,8,0,1,0,4,3,0,0,,
2677,Hernán Cortés,moctezuma,colombia,8,6,2,1,2,3,2,2,6,pizarro,"chile, mexico"
2741,Hugo Chávez,chávez,venezuela,8,7,1,2,1,2,3,0,0,,
3041,John F. Kennedy Jr.,onassis,argentina,8,8,0,1,3,2,2,0,0,,
3246,José Eugenio Guzmán Irarrázaval,montt,chile,8,7,1,1,0,4,3,0,0,,
3697,Juan Manuel Polar y Carasas,polar,peru,8,6,2,0,0,5,3,0,0,,
3955,León Ortiz de Rozas,garcía-mansilla,argentina,8,8,0,1,0,2,5,5,0,ortiz_de_rozas,
4403,Manuel Rafael García Aguirre,garcía-mansilla,argentina,8,8,0,1,0,3,4,0,0,,
4420,Manuel Tomás Luna Mujica,luna,peru,8,6,2,1,0,4,3,0,0,,
4456,Manuela Caldera,freire,chile,8,7,1,2,0,3,3,0,0,,
4670,Mariano Ignacio Prado,málaga,peru,8,7,1,1,0,1,6,5,0,prado,
4671,Mariano Ignacio Prado,prado,peru,8,7,1,1,0,1,6,1,0,málaga,
4681,Mariano Ospina Pérez,ospina,colombia,8,8,0,1,0,4,3,0,0,,
4850,Melchor Concha y Toro,concha_chile,chile,8,7,1,1,0,4,3,0,0,,
5332,Pepe Aguilar,aguilar,mexico,8,7,1,1,0,3,4,0,0,,
5477,Rafaela López Aguado de Rayón,lópez-rayón,mexico,8,5,3,1,0,2,5,0,0,,
5490,Ramón Freire,freire,chile,8,6,2,1,0,4,3,0,0,,
5503,Ramón Subercaseaux Vicuña,errázuriz,chile,8,7,1,1,0,4,3,0,0,,
5669,Rosa Rodríguez (primera dama),morandé,chile,8,7,1,1,0,2,5,4,0,velasco_chile,
5682,Rosario Montt,montt,chile,8,8,0,1,0,3,4,0,0,,
5812,Segundo Roca,paz,argentina,8,7,1,1,1,2,4,1,1,roca_y_rodríguez,peru
5991,Tomasa de la Quintana,escalada,argentina,8,6,2,1,0,3,4,6,0,"balcarce, san_martín",
5993,Tomasa de la Quintana,balcarce,argentina,8,6,2,1,0,3,4,3,0,san_martín,
6053,Vannozza Cattanei,borja,colombia,8,8,0,0,0,4,4,0,0,,
127,Agustín Edwards Ross,edwards,chile,7,6,1,1,0,3,3,0,0,,
147,Agustina Ortiz de Rozas,garcía-mansilla,argentina,7,7,0,1,0,3,3,0,0,,
257,Alejandro Echavarría,echavarría,colombia,7,6,1,1,0,2,4,0,0,,
316,Alfonso López Michelsen,lópez,colombia,7,7,0,1,0,4,2,0,0,,
469,Andrés Aramburú Sarrio,aramburú,peru,7,4,3,1,0,4,2,0,0,,
509,Andrónico Lukšić Abaroa,luksic,chile,7,5,2,1,0,2,4,5,0,fontbona,
831,Bernardo O'Higgins,cruz_chile,chile,7,7,0,0,1,4,2,0,0,,
1079,Carmen Ibáñez,matte,chile,7,7,0,2,1,0,4,0,0,,
1109,Caroline Kennedy,onassis,argentina,7,7,0,1,0,2,4,0,0,,
1196,Ciro Alegría,alegría,peru,7,6,1,1,0,3,3,0,1,,chile
1220,Claudia di Girolamo,di_girolamo,chile,7,7,0,1,1,3,2,0,0,,
1475,Domingo Faustino Sarmiento,sarsfield,argentina,7,5,2,2,2,1,2,0,0,,
1483,Domingo Matte Mesías,bello,chile,7,6,1,1,0,1,5,4,0,matte,
1589,Elías Mujica y Trasmonte,mujica,peru,7,4,3,1,0,4,2,0,0,,
1590,Elías Sapag,sapag,argentina,7,5,2,1,0,2,4,0,0,,
1686,Enrique Barreda y Osma,barreda,peru,7,4,3,1,0,4,2,0,0,,
1779,Che Guevara,guevara,argentina,7,6,1,2,1,3,1,0,1,,peru
1832,Eugenio Derbez,derbez,mexico,7,7,0,1,1,2,3,0,0,,
1978,Federico Luna Araníbar,luna,peru,7,6,1,1,0,3,3,0,0,,
2002,Feliciano Palacios y Sojo,toro_venezuela,venezuela,7,4,3,1,0,3,3,4,0,palacios_venezuela,
2148,Fito Páez,pueyrredón,argentina,7,4,3,1,3,2,1,0,0,,
2162,Foción Febres-Cordero,febres-cordero,venezuela,7,5,2,1,0,3,3,0,0,,
2169,Francisca García-Huidobro,garcía-huidobro,chile,7,5,2,1,4,1,1,0,0,,
2235,Francisco Graña Reyes,graña,peru,7,5,2,1,0,4,2,1,0,málaga,
2276,Francisco Madero Hernández,madero,mexico,7,7,0,0,0,2,5,1,0,farías,
2301,Francisco Pizarro,pizarro,chile,7,7,0,1,2,2,2,0,0,,
2433,Gerónimo Podestá,podestá,argentina,7,7,0,0,0,4,3,0,1,,uruguay
2448,Germán Ignacio Riesco,echaurren,chile,7,5,2,1,0,2,4,0,0,,
2508,Gonzalo Pizarro Rodríguez de Aguilar,pizarro,chile,7,4,3,1,0,2,4,0,0,,
2521,Gregoria Matorras,balcarce,argentina,7,5,2,1,1,3,2,2,0,san_martín,
2585,Guillermo Seoane,seoane_heredia,peru,7,6,1,1,0,2,4,0,0,,
2735,Hortensia Bussi,allende,chile,7,6,1,2,0,3,2,0,0,,
2738,Huayna Cápac,pizarro,chile,7,5,2,1,0,1,5,1,1,tito,peru
2769,Ignacio Escudero y Valdivieso,eguiguren,peru,7,3,4,1,0,4,2,1,1,díaz_lombardo,mexico
2797,Ignacio de la Carrera y de las Cuevas,valdés_chile,chile,7,5,2,1,0,2,4,3,1,"acevedo_colombia, valdivieso",colombia
2823,Isaac Humala,humala,peru,7,5,2,1,0,3,3,0,0,,
2841,Isabel Riquelme,cruz_chile,chile,7,3,4,1,1,3,2,0,0,,
2884,Jacqueline Kennedy Onassis,onassis,argentina,7,6,1,2,1,1,3,0,0,,
2898,Jaime Garza,pinal_hidalgo,mexico,7,7,0,3,3,1,0,0,0,,
3040,John F. Kennedy,onassis,argentina,7,6,1,1,1,2,3,0,0,,
3112,Jorge Miguel Lozano de Peralta,álvarez_del_casal,colombia,7,5,2,1,0,3,3,0,0,,
3188,José Antonio de Lavalle y Pardo,lavalle,peru,7,6,1,1,0,2,4,0,0,,
3291,José Ignacio Eyzaguirre Arechavala,portales,chile,7,4,3,1,0,4,2,0,0,,
3461,José de Vergara Azcárate,caicedo,colombia,7,6,1,1,0,5,1,1,0,olmos,
3484,José de Mosquera y Prieto,arboleda,colombia,7,6,1,1,0,4,2,0,0,,
3703,Juan Manuel de Rosas,ortiz_de_rozas,argentina,7,7,0,1,0,2,4,5,0,"belgrano, garcía-mansilla",
4004,Lisandro Leyva Mazuera,durán_colombia,colombia,7,4,3,1,0,3,3,2,0,leyva,
4060,Lucio Norberto Mansilla,garcía-mansilla,argentina,7,5,2,1,0,3,3,0,0,,
4090,Luis Carlos Galán,galán,colombia,7,7,0,1,0,2,4,0,0,,
4091,Luis Carlos Galán,galán,colombia,7,7,0,1,0,3,3,0,0,,
4219,Luisa Lynch,vicuña,chile,7,7,0,1,0,3,3,0,0,,
4332,Manuel González-Olaechea Casanova,gonzález-olaechea,peru,7,6,1,1,0,3,3,0,0,,
4391,Manuel Pablo Olaechea,olaechea,peru,7,4,3,1,0,4,2,0,0,,
4704,Maricruz Nájera,bichir,mexico,7,6,1,1,0,3,3,0,0,,
4841,Maximiano Errázuriz Valdivieso,errázuriz,chile,7,6,1,1,0,3,3,2,0,echaurren,
4940,Miguel Kast,kast,chile,7,6,1,1,0,2,4,0,0,,
5039,Nicolás Fernández de Piérola y Flores,piérola,peru,7,4,3,1,0,4,2,0,0,,
5337,Percy Gibson,gibson,peru,7,4,3,1,0,4,2,0,0,,
5359,Porfirio Díaz,díaz,mexico,7,6,1,2,0,3,2,0,0,,
5396,Raúl Ferrero Rebagliati,ferrero,peru,7,4,3,1,0,4,2,0,0,,
5414,Radomiro Tomic,errázuriz,chile,7,6,1,1,0,3,3,0,0,,
5487,Ramón Freire,freire,chile,7,5,2,1,0,3,3,0,0,,
5676,Rosa Rodríguez (primera dama),velasco_chile,chile,7,6,1,1,0,1,5,2,0,morandé,
5685,Rosario Pumarejo,lópez,colombia,7,6,1,2,0,3,2,0,0,,
5701,Rufino Cuervo,cuervo,colombia,7,4,3,1,0,3,3,0,0,,
5992,Tomasa de la Quintana,san_martín,argentina,7,5,2,1,0,2,4,2,0,balcarce,
5998,Torcuato de Alvear,alvear,argentina,7,6,1,1,0,3,3,0,0,,
6007,Tulio Ospina,ospina,colombia,7,6,1,1,0,3,3,0,0,,
6055,Venancio López,lópez_carrillo,paraguay,7,6,1,0,1,3,3,0,0,,
6077,Vicente Holguín,arboleda,colombia,7,4,3,1,0,4,2,1,0,caro,
6168,Zulema Menem,yoma,argentina,7,5,2,1,1,2,3,0,0,,
4,Álvaro Castaño Castillo,lópez,colombia,6,4,2,1,0,3,2,0,0,,
10,Álvaro Holguín y Caro,caro,colombia,6,4,2,1,0,2,3,0,0,,
123,Agustín Edwards Budge,edwards,chile,6,5,1,1,0,2,3,0,0,,
126,Agustín Edwards Ossandón,edwards,chile,6,6,0,1,0,3,2,0,0,,
149,Agustina Paz de Roca,paz,argentina,6,6,0,1,1,2,2,0,0,,
263,Alejandro Galvis Galvis,galvis_galavís,colombia,6,4,2,1,0,3,2,0,0,,
458,Ana de Narváez de Caro,caicedo,colombia,6,4,2,1,0,3,2,3,0,azuola,
490,Andrés Pastrana,borrero,colombia,6,5,1,1,0,2,3,0,0,,
589,Antonio José de Sucre,sucre,colombia,6,3,3,2,1,2,1,0,3,,"ecuador, venezuela"
601,Antonio Nariño Ortega,álvarez_del_casal,colombia,6,4,2,1,0,2,3,0,0,,
615,Antonio Subercaseaux,subercaseaux,chile,6,5,1,1,0,3,2,3,0,errázuriz,
721,Augusto Leguía,leguía,peru,6,6,0,1,0,2,3,6,0,diez_canseco,
739,Augusto Wiese Eslava,lavalle,peru,6,4,2,1,0,3,2,0,0,,
793,Benito Laso de la Vega,eléspuru,peru,6,2,4,1,0,3,2,0,0,,
953,Carlos Fernando Galán,galán,colombia,6,5,1,1,0,2,3,0,0,,
1154,Cecilia Arboleda de Holguín,arboleda,colombia,6,6,0,2,0,2,2,0,0,,
1189,Christina Onassis,onassis,argentina,6,5,1,1,0,2,3,0,0,,
1276,Consuelo Lleras Puga,camargo,colombia,6,5,1,1,0,2,3,0,2,,chile
1406,Diana Turbay,quintero,colombia,6,6,0,1,0,2,3,0,0,,
1499,Dora Varona,alegría,chile,6,5,1,1,0,3,2,0,5,,peru
1530,Eduardo Caballero Calderón,caballero,colombia,6,5,1,1,0,1,4,0,0,,
1541,Eduardo Frei Montalva,frei,chile,6,4,2,1,0,3,2,0,0,,
1571,Eduardo Umaña Luna,umaña,colombia,6,5,1,1,0,2,3,0,0,,
1606,Eliana Navarro,vicuña,chile,6,6,0,1,0,2,3,0,0,,
1608,Eliodoro Matte Ossa,bunster,chile,6,4,2,1,0,2,3,2,0,matte,
1609,Elisa Alicia Lynch,lópez_carrillo,argentina,6,3,3,1,1,3,1,0,3,,paraguay
1646,Emilio Alcalá Galiano,valencia,colombia,6,5,1,1,0,1,4,0,0,,
1672,Emilio de Althaus y Flores del Campo,althaus,peru,6,5,1,1,0,1,4,0,0,,
1737,Enrique Santos Castillo,calderón_colombia,colombia,6,6,0,0,0,3,3,0,0,,
1739,Enrique Santos Montejo,calderón_colombia,colombia,6,6,0,0,0,3,3,0,0,,
1759,Enrique van Rysselberghe Varela,van_rysselberghe,chile,6,5,1,1,0,2,3,0,0,,
1762,Enriqueta Pinto,bulnes,chile,6,4,2,1,0,4,1,1,0,cruz_chile,
1763,Enriqueta Pinto,bulnes,chile,6,4,2,2,0,3,1,1,0,cruz_chile,
1794,Ernesto Sabato,sabato,argentina,6,3,3,1,0,3,2,0,0,,
1845,Eulogia Echaurren,echaurren,chile,6,6,0,1,0,1,4,0,0,,
1883,Fabio Lozano Torrijos,lozano,colombia,6,3,3,1,0,2,3,0,0,,
1976,Federico Lleras Acosta,lleras,colombia,6,4,2,1,0,3,2,0,0,,
2014,Felipe Gómez Mont,gómez-mont,mexico,6,6,0,0,0,3,3,0,0,,
2178,Francisco Antonio Pinto,cruz_chile,chile,6,4,2,1,0,3,2,2,1,"bulnes, pinto_chile",argentina
2194,Francisco Bolognesi,bolognesi,peru,6,6,0,0,0,3,3,0,0,,
2243,Francisco Javier Errázuriz Aldunate,echaurren,chile,6,5,1,1,0,2,3,3,0,errázuriz,
2244,Francisco Javier Errázuriz Larraín,errázuriz,chile,6,3,3,1,0,5,0,0,0,,
2251,Francisco Javier Vergara,vergara-azcárate,colombia,6,6,0,0,0,3,3,0,0,,
2253,Francisco Javier Errázuriz Aldunate,errázuriz,chile,6,5,1,1,0,1,4,1,0,echaurren,
2257,Francisco Vergara Azcárate,caicedo,colombia,6,5,1,1,0,2,3,0,0,,
2266,Francisco Urrutia Holguín,arboleda,colombia,6,5,1,1,0,2,3,0,0,,
2320,Francisco Santos Galvis,calderón_colombia,colombia,6,4,2,1,0,2,3,2,0,santos,
2337,Francisco Urrutia Ordóñez,arboleda,colombia,6,3,3,1,0,4,1,0,0,,
2340,Francisco Vergara Azcárate,caicedo,colombia,6,5,1,1,0,2,3,0,0,,
2341,Francisco Vergara Azcárate,caicedo,colombia,6,5,1,1,0,2,3,0,0,,
2363,Francisco de Paula Figueroa Araos,vicuña,chile,6,2,4,1,0,3,2,0,0,,
2370,Francisco Vergara Azcárate,caicedo,colombia,6,5,1,1,0,2,3,0,0,,
2529,Gregorio Nariño Ortega,álvarez_del_casal,colombia,6,4,2,1,0,2,3,0,0,,
2545,Guido Girardi Brière,lavín,chile,6,4,2,1,0,3,2,0,0,,
2597,Guillermo Valencia,laserna,colombia,6,4,2,1,0,2,3,2,0,valencia,
2606,Gustavo Alessandri Valdés,balmaceda,chile,6,4,2,1,0,2,3,0,0,,
2675,Hernán Alessandri,morandé,chile,6,5,1,1,0,3,2,0,0,,
2687,Hernán Larraín Fernández,matte,chile,6,5,1,1,0,3,2,0,0,,
2701,Hernando Groot Liévano,groot,colombia,6,4,2,1,0,3,2,0,0,,
2796,Ignacio de la Carrera y de las Cuevas,valdivieso,chile,6,4,2,1,0,1,4,2,1,"acevedo_colombia, valdés_chile",colombia
3000,Joaquín Guzmán Loera,coronel_méxico,mexico,6,5,1,1,0,1,4,0,0,,
3019,Joaquín Prieto Warnes,garcía_de_zúñiga,chile,6,5,1,1,0,2,3,5,0,warnes,
3198,José Batlle y Ordóñez,batlle,uruguay,6,6,0,1,0,1,4,0,0,,
3213,José Carlos Mariátegui,mariátegui,peru,6,5,1,1,0,3,2,0,0,,
3215,Casimiro Ulloa,cisneros,peru,6,3,3,1,0,3,2,0,0,,
3230,José Domingo Dávila Pumarejo,dávila,colombia,6,4,2,1,0,3,2,0,0,,
3248,José Evaristo Uriburu,álvarez_de_arenales,argentina,6,5,1,1,0,2,3,0,0,,
3265,José de San Martín,san_martín,argentina,6,6,0,1,0,2,3,5,0,balcarce,
3336,José Manuel Marroquín,nariño,colombia,6,4,2,1,0,2,3,3,0,ricaurte,
3362,José María Lozano de Peralta,álvarez_del_casal,colombia,6,6,0,0,0,2,4,2,0,"ayala, lozano",
3384,José María de Mosquera,arboleda,colombia,6,5,1,1,0,1,4,0,0,,
3392,José Mariano Luna,luna,peru,6,5,1,1,0,2,3,0,0,,
3393,José Martín París Álvarez,parís,colombia,6,6,0,1,0,0,5,0,0,,
3401,José Miguel Irarrázaval Alcalde,mackenna,chile,6,2,4,1,0,3,2,1,0,concha_chile,
3404,José Miguel Vicuña,vicuña,chile,6,6,0,1,0,1,4,0,0,,
3433,José Arboleda Arroyo,arboleda,colombia,6,5,1,0,0,4,2,0,0,,
3463,José Tadeo Monagas,monagas,venezuela,6,5,1,0,1,2,3,0,0,,
3487,José de San Martín,balcarce,argentina,6,6,0,1,0,4,1,0,0,,
3523,Joseph P. Kennedy,onassis,argentina,6,4,2,1,0,2,3,0,0,,
3582,Juan Carlos Pastrana,borrero,colombia,6,5,1,1,0,2,3,0,0,,
3605,Juan Emilio Roca Andrade,roca_y_rodríguez,ecuador,6,4,2,1,0,2,3,0,0,,
3623,Juan Gabriel Valdés,subercaseaux,chile,6,4,2,1,0,2,3,0,0,,
3660,Juan José Rosendo Rocha,rocha,argentina,6,5,1,1,0,3,2,0,0,,
3688,Juan Manuel Galán,galán,colombia,6,4,2,1,0,2,3,0,0,,
3749,Juan Vicente Bolívar Palacios,toro_venezuela,venezuela,6,5,1,0,1,2,3,5,0,palacios_venezuela,
3751,Juan Vicente Gómez,gómez_venezuela,venezuela,6,4,2,0,1,3,2,0,0,,
3790,Juana Bolívar Palacios,toro_venezuela,venezuela,6,5,1,1,0,2,3,5,0,palacios_venezuela,
3799,Juana Tressols,bullrich,argentina,6,6,0,0,1,2,3,0,1,,uruguay
3852,Julio Caro,caicedo,colombia,6,5,1,1,0,2,3,3,0,azuola,
3906,Justo Sierra O'Reilly,sierra_méndez,mexico,6,5,1,1,0,2,3,0,0,,
3912,Katja Alemann,alemann,argentina,6,5,1,1,1,2,2,1,1,sodi,mexico
4042,Lucía Pinochet,pinochet,chile,6,5,1,1,0,2,3,0,0,,
4124,Luis Felipe Borja Pérez,borja,ecuador,6,4,2,1,1,1,3,0,0,,
4147,Luis Irigoyen,cambaceres,argentina,6,4,2,1,0,2,3,0,0,,
4217,Luisa Garmendia,cruz_chile,argentina,6,4,2,1,0,3,2,1,4,bulnes,chile
4248,Magdalena Matte,matte,chile,6,6,0,1,0,2,3,0,0,,
4252,Magdalena Vicuña Aguirre,errázuriz,chile,6,6,0,1,0,2,3,3,0,"mackenna, subercaseaux",
4339,Manuel Gutiérrez Nájera,gutiérrez_nájera,mexico,6,3,3,0,0,3,3,0,0,,
4352,Manuel José Yrarrázaval,concha_chile,chile,6,5,1,1,0,2,3,3,0,mackenna,
4353,Manuel José Yrarrázaval,mackenna,chile,6,5,1,1,0,2,3,1,0,concha_chile,
4394,Manuel Pardo y Lavalle,lavalle,peru,6,5,1,1,0,2,3,0,0,,
4455,Manuela Caldera,freire,chile,6,5,1,1,0,2,3,0,0,,
4459,Manuela Rosas,ortiz_de_rozas,argentina,6,4,2,1,0,2,3,0,0,,
4464,Manuela Warnes,warnes,chile,6,6,0,3,0,2,1,2,2,garcía_de_zúñiga,"argentina, colombia"
4469,María Antonia Bolívar Palacios,toro_venezuela,venezuela,6,5,1,1,0,2,3,5,0,palacios_venezuela,
4513,María Hurtado de Gómez,gómez,colombia,6,5,1,1,0,3,2,0,0,,
4531,María Luisa Godoy,matte,chile,6,4,2,1,1,2,2,1,0,vicuña,
4579,María de Silva y Carvajal,carvajal_y_vargas,chile,6,4,2,1,0,2,3,0,0,,
4581,María de las Nieves de Escalada,san_martín,argentina,6,4,2,1,0,2,3,3,0,balcarce,
4582,María de los Remedios de Escalada,balcarce,argentina,6,6,0,1,0,4,1,0,0,,
4584,María del Carmen Sotomayor,errázuriz,chile,6,4,2,1,0,3,2,0,0,,
4585,María del Carmen Sotomayor,errázuriz,chile,6,4,2,2,0,2,2,0,0,,
4631,Margarita Caro de Holguín,caro,colombia,6,6,0,1,0,1,4,1,0,azuola,
4665,Mariano Castro Zaldívar,castro_taboada,peru,6,5,1,1,0,2,3,0,0,,
4666,Mariano Escalada,san_martín,argentina,6,5,1,1,0,2,3,5,0,"balcarce, escalada",
4679,Mariano Ospina Hernández,ospina,colombia,6,5,1,1,0,3,2,0,0,,
4682,Mariano Ospina Rodríguez,ospina,colombia,6,4,2,1,0,2,3,0,0,,
4686,Mariano París Ricaurte,parís,colombia,6,6,0,0,0,2,4,0,0,,
4715,Mario Galán Gómez,galán,colombia,6,3,3,1,0,2,3,0,0,,
4728,Mario Vargas Llosa,vargas_llosa,peru,6,5,1,1,1,2,2,0,1,,bolivia
4733,Marlene Dietrich,díaz_ceballos,mexico,6,2,4,1,3,1,1,1,1,onassis,argentina
4801,Matías Ramos Mejía,segurola,argentina,6,5,1,1,0,2,3,1,1,portales,chile
4870,Mercedes Fontecilla,pinto_chile,chile,6,4,2,2,0,3,1,2,0,valdivieso,
4875,Mercedes Ortiz de Rozas,ortiz_de_rozas,argentina,6,5,1,1,0,2,3,5,1,"echenique, garcía-mansilla",chile
4890,Michelle Bachelet,bachelet,chile,6,5,1,1,0,3,2,0,0,,
4904,Miguel Antonio Caro,azuola,colombia,6,6,0,1,0,3,2,3,0,caicedo,
4912,Miguel Aylwin,aylwin,chile,6,4,2,1,0,2,3,0,0,,
4941,Miguel Kast,kast,chile,6,5,1,1,0,2,3,0,0,,
5064,Nicolás de Piérola,piérola,peru,6,5,1,1,0,3,2,0,0,,
5085,Nydia Quintero,quintero,colombia,6,5,1,2,0,1,3,0,0,,
5087,Octavio Bunge,bunge,argentina,6,6,0,0,0,3,3,0,0,,
5172,Pamela Díaz,kast,chile,6,4,2,1,3,1,1,0,0,,
5247,Pedro Antonio Restrepo,jaramillo_colombia,colombia,6,3,3,1,1,2,2,1,0,restrepo,
5253,Pedro Bordaberry,bordaberry,uruguay,6,5,1,1,0,2,3,1,1,di_girolamo,chile
5269,Pedro Felipe Valencia,laserna,colombia,6,4,2,1,0,2,3,0,0,,
5297,Pedro Nel Ospina,lleras,colombia,6,6,0,1,0,3,2,3,0,ospina,
5375,Prudencio Rosas,ortiz_de_rozas,argentina,6,5,1,1,0,2,3,5,0,garcía-mansilla,
5418,Rafael Banquells,pinal_hidalgo,mexico,6,6,0,3,0,1,2,0,0,,
5422,Rafael Belaúnde Diez-Canseco,belaúnde,peru,6,5,1,1,0,2,3,0,0,,
5425,Rafael Bielsa (jurista),bielsa,argentina,6,3,3,1,0,2,3,2,2,"groot, pardo",colombia
5502,Ramón Subercaseaux Mercado,errázuriz,chile,6,6,0,1,0,2,3,3,0,subercaseaux,
5628,Rodrigo Castaño,lópez,colombia,6,4,2,1,0,2,3,0,0,,
5683,Rosario Montt,montt,chile,6,6,0,1,0,1,4,0,0,,
5700,Rufino Cuervo,cuervo,colombia,6,3,3,1,0,2,3,0,0,,
5733,Samuel Moreno Díaz,rojas,colombia,6,5,1,1,0,3,2,0,0,,
5734,Samuel Moreno,rojas,colombia,6,5,1,1,0,2,3,0,0,,
5899,Susana López de Valencia,laserna,colombia,6,4,2,1,0,3,2,0,0,,
5907,Tadea González Manrique,álvarez_del_casal,colombia,6,6,0,1,0,2,3,0,0,,
5933,Teodoro Flores,flores_magón,mexico,6,6,0,0,0,3,3,0,0,,
6018,Víctor Andrés Belaúnde,belaúnde,peru,6,5,1,1,0,3,2,0,0,,
6028,Victor Emilio Estrada,estrada_ecuador,ecuador,6,5,1,1,0,2,3,0,0,,
6075,Vicente Eguiguren Riofrío,eguiguren,peru,6,4,2,1,0,3,2,0,0,,
6104,Victoria Tristán de Echenique,tristán_del_pozo,peru,6,6,0,1,0,3,2,0,0,,
6165,Zulema Fátima Yoma,yoma,argentina,6,5,1,1,0,3,2,0,0,,
8,Álvaro Gómez Hurtado,gómez,colombia,5,5,0,1,0,3,1,0,0,,
20,Álvaro Pachón de la Torre,galán,colombia,5,3,2,1,0,2,2,0,0,,
22,Álvaro Uribe Vélez,uribe,colombia,5,5,0,1,0,2,2,0,0,,
33,Ángel Guarello,guarello,chile,5,2,3,1,0,2,2,0,0,,
148,Agustina Paz de Roca,roca,argentina,5,5,0,1,1,2,1,5,0,paz,
156,Alberto Baillères González,baillères,mexico,5,3,2,1,0,2,2,1,1,hales,chile
187,Alberto Lleras Puga,camargo,colombia,5,5,0,1,0,2,2,0,2,,chile
196,Alberto Muñoz Vernaza,borrero,ecuador,5,2,3,1,0,3,1,0,0,,
200,Alberto Rey de Castro y Romaña,bustamante,peru,5,2,3,1,0,3,1,0,0,,
204,Alberto Soto de la Jara,polar,peru,5,4,1,1,0,2,2,0,0,,
262,Alejandro Gallinal,heber,uruguay,5,2,3,1,0,3,1,0,0,,
317,Alfonso López Pumarejo,lópez,colombia,5,5,0,1,0,3,1,0,0,,
381,Alonso Cueto,cueto_caballero,peru,5,3,2,1,0,2,2,0,0,,
382,Alonso García de Zúñiga,warnes,argentina,5,4,1,1,0,1,3,2,0,garcía_de_zúñiga,
420,Amparo Noguera,portales,chile,5,5,0,0,4,1,0,0,0,,
428,Aníbal Pinto,cruz_chile,chile,5,5,0,1,0,3,1,0,1,,argentina
436,Ana Faustina Sarmiento,sarsfield,argentina,5,4,1,1,0,1,3,2,0,sarmiento,
447,Ana María Palma,vicuña,chile,5,5,0,1,1,1,2,0,0,,
467,Andrés Aramburú Sarrio,aramburú,peru,5,2,3,1,0,2,2,0,0,,
483,Andrés Marroquín Osorio,ricaurte,colombia,5,3,2,1,0,2,2,3,0,nariño,
489,Andrés Pastrana,borrero,colombia,5,4,1,1,0,2,2,0,0,,
500,Andrés Villamizar,pachón,colombia,5,5,0,1,0,2,2,2,0,galán,
546,Antonia Zegers,matte,chile,5,3,2,1,2,1,1,1,0,chadwick,
550,Antonio Aguilar,aguilar,mexico,5,4,1,2,0,1,2,0,0,,
551,Antonio Aguilar hijo,aguilar,mexico,5,5,0,1,0,2,2,1,1,borrero,colombia
560,Antonio Bentín,mujica,peru,5,2,3,1,0,3,1,0,0,,
585,Antonio Lemos Guzmán,lemos,colombia,5,2,3,1,0,3,1,0,0,,
602,Antonio Olaguer Feliú,azcuénaga,argentina,5,5,0,1,0,2,2,0,0,,
614,Antonio Sebastián de Toledo Molina y Salazar,leyva,colombia,5,2,3,1,0,2,2,0,0,,
643,Argenis Chávez,chávez,venezuela,5,4,1,1,0,2,2,0,0,,
649,Aristóteles Onassis,onassis,argentina,5,4,1,2,1,1,1,0,0,,
663,Arturo Alessandri Rodríguez,velasco_chile,chile,5,4,1,0,0,2,3,2,0,morandé,
682,Arturo Matte,matte,chile,5,3,2,1,0,2,2,0,0,,
684,Arturo Prat Carvajal,echaurren,chile,5,4,1,1,0,3,1,0,0,,
702,Augusto Leguía,diez_canseco,peru,5,5,0,1,0,1,3,0,0,,
724,Augusto Pinochet,pinochet,chile,5,5,0,1,0,2,2,0,0,,
733,Augusto Tamayo Vargas,tamayo_perú,peru,5,4,1,1,0,2,2,0,0,,
771,Bartolomé Mitre,mitre,argentina,5,3,2,1,0,2,2,0,0,,
775,Bastián Bodenhöfer,cruz-coke,chile,5,1,4,2,1,1,1,0,0,,
777,Beatriz Allende,allende,chile,5,4,1,1,0,2,2,0,0,,
785,Benigno Rodríguez Jurado,"rodríguez_(san_luis,_argentina)",argentina,5,4,1,1,0,2,2,0,0,,
787,Benigno de la Torre del Mar,de_la_torre,peru,5,3,2,1,0,2,2,0,0,,
795,Benito Rivadavia,otálora,argentina,5,5,0,1,0,2,2,0,0,,
827,Bernardo Larraín Matte,bunster,chile,5,4,1,1,0,2,2,0,0,,
836,Bertha Hernández de Ospina,ospina,colombia,5,4,1,1,0,1,3,0,0,,
838,Bertha Rojas López,cerrón,peru,5,5,0,1,0,2,2,0,0,,
848,Blanca Luz Brum,miró_quesada,uruguay,5,3,2,3,0,1,1,0,3,,"mexico, peru"
955,Carlos Ferreyros,ferreyros,peru,5,4,1,1,0,1,3,0,0,,
985,Carlos Lleras de la Fuente,lleras,colombia,5,3,2,1,0,2,2,0,0,,
993,Carlos Malpica Rivarola,silva_santisteban,peru,5,1,4,1,1,2,1,0,0,,
1021,Carlos Pizarro Leongómez,acevedo_colombia,colombia,5,4,1,1,0,1,3,0,0,,
1027,Carlos Rodríguez Pastor Mendoza,rodríguez_pastor,peru,5,4,1,1,0,2,2,0,0,,
1037,Carlos Menem Jr.,yoma,argentina,5,3,2,0,1,2,2,0,0,,
1039,Carlos Salinas de Gortari,salinas,mexico,5,4,1,1,0,1,3,0,0,,
1044,Carlos Slim,slim,mexico,5,2,3,1,0,3,1,0,0,,
1089,Carmen de la Quintanilla,alvear,argentina,5,3,2,1,0,2,2,0,0,,
1100,Carolina Mestrovic,velasco_chile,argentina,5,3,2,2,1,1,1,0,3,,"chile, venezuela"
1107,Carolina de Mónaco,santo_domingo,colombia,5,2,3,1,0,2,2,0,0,,
1134,Casimiro Ulloa,ulloa,peru,5,2,3,1,0,2,2,2,0,cisneros,
1177,Chábeli Iglesias,vargas_llosa,peru,5,3,2,1,0,2,2,0,0,,
1205,Clara Isabel Núñez y Chabarria,azcuénaga,argentina,5,3,2,1,0,3,1,0,0,,
1218,Claudia Villafañe,maradona,argentina,5,3,2,1,1,2,1,0,0,,
1222,Claudio Arredondo,pinto_chile,chile,5,5,0,2,0,2,1,0,0,,
1235,Clemente von Althaus,althaus,peru,5,5,0,0,0,2,3,0,0,,
1237,Clemente López de Osornio,ortiz_de_rozas,argentina,5,2,3,1,0,3,1,2,0,garcía-mansilla,
1240,Clemente de Althaus Dartnell,althaus,peru,5,4,1,1,0,1,3,0,0,,
1241,Clemente von Althaus,althaus,peru,5,5,0,0,0,2,3,0,0,,
1275,Consuelo Lleras Puga,carrizosa,colombia,5,4,1,1,0,3,1,4,1,camargo,chile
1297,Cristóbal de Mosquera y Silva,arboleda,colombia,5,2,3,1,0,3,1,0,0,,
1324,Cuauhtémoc Cárdenas,cárdenas,mexico,5,4,1,1,0,3,1,0,0,,
1325,Cuauhtémoc Cárdenas,cárdenas,mexico,5,4,1,1,0,2,2,0,0,,
1326,Cuxirimay Ocllo,pizarro,chile,5,4,1,3,1,0,1,0,0,,
1343,Daniel Florencio O'Leary,ospina,colombia,5,2,3,1,0,3,1,0,2,,venezuela
1345,Daniel Matamala,sanfuentes,chile,5,1,4,1,2,1,1,0,0,,
1352,Daniel Samper Ortega,gnecco,colombia,5,3,2,1,0,2,2,0,0,,
1387,Delfina Gálvez Bunge,bunge,argentina,5,4,1,1,0,2,2,0,0,,
1390,Delfina de la Cruz,cruz_chile,chile,5,5,0,2,0,2,1,0,0,,
1454,Dionisia Pérez Manrique y Camberos,manrique,colombia,5,1,4,2,0,2,1,0,0,,
1478,Domingo García Rada,belaúnde,peru,5,4,1,1,0,1,3,0,0,,
1481,Domingo Luis Astete Torres,astete,peru,5,3,2,0,0,3,2,0,0,,
1492,Domingo Víctor Santa María,santa_maría,chile,5,4,1,1,0,2,2,0,0,,
1523,Eduardo Alessandri,velasco_chile,chile,5,3,2,1,0,2,2,1,0,morandé,
1536,Eduardo Dibós Dammert,alarco,peru,5,3,2,1,0,2,2,0,0,,
1542,Eduardo Frei Ruiz-Tagle,frei,chile,5,5,0,1,0,2,2,0,0,,
1556,Eduardo Matte,matte,chile,5,4,1,1,0,2,2,2,0,bello,
1573,Eduardo Vásquez Jaramillo,ospina,colombia,5,3,2,1,0,3,1,2,0,lleras,
1629,Elvira de Ayala y Herrera,borja,colombia,5,2,3,0,0,3,2,0,0,,
1635,Emilia de Toro,balmaceda,chile,5,3,2,1,0,4,0,0,0,,
1648,Emilio Azcárraga Milmo,azcárraga,mexico,5,3,2,1,1,2,1,0,0,,
1661,Emilio Madero,madero,mexico,5,4,1,1,0,2,2,0,0,,
1673,Emilio de Althaus y Flores del Campo,althaus,peru,5,4,1,1,0,2,2,0,0,,
1679,Encarnación Ezcurra,ortiz_de_rozas,argentina,5,3,2,1,0,2,2,1,0,belgrano,
1704,Enrique Gómez Hurtado,gómez,colombia,5,4,1,1,0,2,2,0,0,,
1714,Enrique Iglesias,vargas_llosa,peru,5,3,2,0,1,2,2,0,0,,
1765,Enriqueta Vásquez de Ospina,ospina,colombia,5,4,1,1,0,1,3,0,0,,
1782,Ernesto Diez Canseco Yáñez,diez_canseco,peru,5,4,1,1,0,2,2,0,0,,
1821,Esther Boggini,podestá,argentina,5,5,0,1,0,0,4,0,0,,
1834,Eugenio Garza Sada,garza_sada,mexico,5,4,1,1,0,2,2,0,0,,
1968,Federico Errázuriz Echaurren,echaurren,chile,5,5,0,1,0,2,2,0,0,,
1983,Federico More Ruiz,more,peru,5,2,3,1,0,3,1,0,0,,
1994,Federico Salazar,salazar_y_meléndez,peru,5,3,2,1,1,1,2,0,0,,
2019,Felipe López Caballero,lópez,colombia,5,4,1,1,0,2,2,0,0,,
2064,Fernando Botero,zea,colombia,5,4,1,2,0,2,1,0,0,,
2080,Fernando Errázuriz,errázuriz,chile,5,5,0,1,0,2,2,0,0,,
2125,Fernando Tola Mendoza,de_habich,peru,5,5,0,1,0,2,2,0,1,,argentina
2147,Fiorella Cayo,cayo,peru,5,1,4,1,2,1,1,1,0,acuña,
2170,Francisca Merino,cruz-coke,chile,5,1,4,1,2,1,1,0,0,,
2177,Francisco Alayza y Paz Soldán,alayza,peru,5,2,3,1,0,3,1,0,0,,
2181,Francisco Arboleda,arboleda,colombia,5,2,3,1,0,3,1,0,0,,
2190,Francisco Belaúnde Terry,belaúnde,peru,5,4,1,1,0,1,3,0,0,,
2199,Francisco Bulnes Correa,bulnes,chile,5,4,1,1,0,1,3,0,0,,
2228,Francisco González Manrique,álvarez_del_casal,colombia,5,2,3,1,0,3,1,0,0,,
2232,Francisco González de Prada,de_la_puente,peru,5,2,3,1,0,3,1,0,0,,
2240,Francisco Jattin,jattin,colombia,5,3,2,1,0,1,3,0,0,,
2241,Francisco José Jattin Safar,jattin,colombia,5,4,1,1,0,2,2,0,0,,
2259,Francisco José Eguiguren Escudero,eguiguren,peru,5,4,1,1,0,3,1,0,0,,
2264,Francisco Quijano Mosquera,mosquera,colombia,5,2,3,1,0,3,1,0,0,,
2287,Francisco Miró-Quesada Cantuarias,miró_quesada,peru,5,4,1,1,0,1,3,0,0,,
2321,Francisco Sanz de Santamaría,galeano,colombia,5,4,1,1,0,1,3,2,2,prieto,chile
2329,Francisco Tudela y Varela,osma,peru,5,2,3,1,0,3,1,0,0,,
2346,Francisco Xavier Vergara,caicedo,colombia,5,5,0,1,0,2,2,1,0,sanz_de_santamaría,
2382,Fuad Char,char,colombia,5,3,2,1,0,2,2,0,0,,
2383,Fuad Char,char,colombia,5,3,2,1,0,2,2,0,0,,
2390,Gabriel Cano Villegas,cano,colombia,5,5,0,0,0,1,4,0,0,,
2417,Gaspar Manrique,manrique,colombia,5,3,2,1,0,2,2,0,0,,
2449,Germán Leguía y Martínez,leguía,peru,5,2,3,1,0,3,1,0,0,,
2491,Gloria Zea,zea,colombia,5,5,0,1,0,2,2,0,0,,
2496,Gonzalo Bulnes,bulnes,chile,5,5,0,0,0,3,2,0,0,,
2511,Gonzalo Revoredo,elías,peru,5,3,2,1,2,1,1,2,1,"caballero, neyra",colombia
2532,Gregorio de Echaurren Herrera,echaurren,chile,5,3,2,1,0,2,2,0,0,,
2551,Guillermo Brown,brown,argentina,5,4,1,1,0,1,3,0,0,,
2555,Guillermo Cano Isaza,cano,colombia,5,5,0,1,0,2,2,0,0,,
2573,Guillermo León Valencia,laserna,colombia,5,5,0,1,0,2,2,0,0,,
2596,Guillermo Valencia,valencia,colombia,5,3,2,1,0,1,3,1,0,laserna,
2604,Gustavo Alatriste,pinal_hidalgo,mexico,5,5,0,3,0,1,1,0,0,,
2610,Gustavo Cisneros,cisneros_venezuela,venezuela,5,5,0,1,0,2,2,0,0,,
2611,Gustavo Díaz Ordaz,díaz_ordaz,mexico,5,4,1,1,1,2,1,1,0,díaz_ceballos,
2629,Gustavo Yankelevich,yankelevich,argentina,5,5,0,1,0,2,2,0,0,,
2643,Héctor Noguera,portales,chile,5,4,1,1,0,2,2,0,0,,
2671,Herman Chadwick Valdés,chadwick,chile,5,3,2,1,0,4,0,0,0,,
2678,Hernán Cubillos,allamand,chile,5,4,1,1,0,2,2,1,1,saá,argentina
2707,Hernando Santos Castillo,calderón_colombia,colombia,5,5,0,0,0,3,2,0,0,,
2758,Ignacio Barraquer,barraquer,colombia,5,4,1,1,0,1,3,0,0,,
2828,Isabel Allende Bussi,allende,chile,5,4,1,1,0,2,2,0,0,,
2923,Javier Correa Elías,belaúnde,peru,5,2,3,1,0,3,1,0,0,,
2964,Jesús Casas Rojas,casas,colombia,5,3,2,1,0,2,2,0,0,,
2994,Joaquín Gandarillas Romero,gandarillas,chile,5,2,3,1,0,3,1,0,0,,
3043,John Wayne,díaz_ceballos,mexico,5,3,2,2,1,1,1,0,0,,
3048,Jorge Alberto Sabato,sabato,argentina,5,2,3,1,0,3,1,0,0,,
3060,Jorge Batlle,saavedra,uruguay,5,5,0,1,0,2,2,1,2,batlle,argentina
3088,Jorge Guillermo Borges,lafinur,argentina,5,5,0,1,0,1,3,0,0,,
3103,Jorge Leyva Urdaneta,durán_colombia,colombia,5,4,1,1,0,2,2,0,0,,
3105,Jorge Luis Borges,lafinur,argentina,5,3,2,1,1,2,1,0,0,,
3130,Jorge Tadeo Lozano,álvarez_del_casal,colombia,5,5,0,1,0,2,2,1,0,lozano,
3143,José Acevedo y Gómez,acevedo_colombia,colombia,5,3,2,1,0,2,2,0,0,,
3170,José Antonio Kast,kast,chile,5,5,0,1,0,2,2,0,0,,
3185,José Antonio de Lavalle,lavalle,peru,5,4,1,1,0,2,2,0,0,,
3189,José Antonio de Lizarzaburu,borja,ecuador,5,2,3,1,0,3,1,0,2,,colombia
3191,José Ballivián,ballivián,bolivia,5,5,0,1,0,2,2,1,1,pinto_chile,chile
3205,José Boza,boza_de_lima,peru,5,2,3,1,0,3,1,0,0,,
3212,José de la Riva Agüero y Looz Corswarem,riva_agüero,peru,5,4,1,1,0,1,3,0,0,,
3239,José Elías Moreno,gonzález_de_cosío,mexico,5,4,1,1,0,2,2,1,1,elías,peru
3247,José Eusebio Caro,azuola,colombia,5,3,2,1,0,2,2,1,0,caro,
3251,José Félix Aramburú Salinas,aramburú,peru,5,3,2,1,0,1,3,0,0,,
3278,José Gregorio Gutiérrez,gutiérrez_díaz,colombia,5,5,0,1,0,2,2,3,0,caicedo,
3297,José Ignacio París Ricaurte,parís,colombia,5,5,0,0,0,3,2,0,0,,
3311,José López Portillo,lópez-portillo,mexico,5,4,1,2,0,1,2,0,0,,
3328,José Manuel Balmaceda,balmaceda,chile,5,5,0,1,0,2,2,0,0,,
3329,José Manuel Balmaceda,balmaceda,chile,5,5,0,1,0,1,3,0,0,,
3386,José María de Uricoechea,uricoechea,colombia,5,2,3,1,0,3,1,0,0,,
3397,José Miguel Carrera Fontecilla,pinto_chile,chile,5,4,1,1,0,3,1,0,0,,
3415,José Olaguer Feliú y Azcuénaga,azcuénaga,argentina,5,3,2,1,0,2,2,0,0,,
3428,José Podestá,podestá,uruguay,5,3,2,1,0,3,1,0,2,,argentina
3434,José Rafael Balmaceda,balmaceda,chile,5,4,1,1,0,2,2,0,0,,
3450,José Sabogal Wiesse,portocarrero_perú,peru,5,4,1,1,0,2,2,1,0,sabogal,
3475,José Vicente Concha,concha,colombia,5,4,1,1,0,3,1,0,0,,
3524,Joseph Ricaurte,ricaurte,colombia,5,2,3,1,0,3,1,0,0,,
3538,Juan Antonio Álvarez de Arenales,álvarez_de_arenales,argentina,5,4,1,1,0,2,2,0,0,,
3542,Juan Antonio Pizarro,acevedo_colombia,colombia,5,4,1,1,0,1,3,0,0,,
3595,Juan Cueto Sierra,cueto,chile,5,4,1,1,0,2,2,0,0,,
3601,Juan Domingo Perón,perón,argentina,5,4,1,4,0,1,0,0,0,,
3614,Juan Francisco Balta y Montero,balta,peru,5,2,3,1,0,3,1,0,0,,
3619,Juan Francisco Larraín Rojas,gandarillas,chile,5,4,1,1,0,2,2,1,1,borja,colombia
3649,Juan José Mariano Rocha,rocha,argentina,5,4,1,1,0,3,1,0,0,,
3753,Juan Vicente Ugarte Lobón,ugarte,peru,5,2,3,1,0,3,1,0,0,,
3775,Juan de Olmos,olmos,colombia,5,2,3,1,0,3,1,0,0,,
3794,Juana Pabla Carrillo,lópez_carrillo,paraguay,5,3,2,1,0,2,2,0,0,,
3795,Juana Pesoa,lópez_carrillo,paraguay,5,2,3,1,1,2,1,0,0,,
3797,Juana Ross Edwards,edwards,chile,5,4,1,1,0,2,2,0,0,,
3798,Juana Ross Edwards,edwards,chile,5,4,1,1,0,2,2,0,0,,
3816,Julita Astaburuaga,claro_chile,chile,5,4,1,1,0,1,3,2,1,"mazuera, vicuña",colombia
3820,Julia Pou,ponce_de_león,uruguay,5,2,3,1,0,3,1,0,0,,
3832,Julio Amorín Larrañaga,batlle,uruguay,5,2,3,1,0,3,1,0,0,,
3833,Julio Arboleda,arboleda,colombia,5,5,0,1,0,2,2,0,0,,
3834,Julio Arboleda,arboleda,colombia,5,5,0,1,0,2,2,0,0,,
3837,Julio Argentino Pascual Roca,paz,argentina,5,4,1,1,0,2,2,0,0,,
3847,Julio César Turbay,quintero,colombia,5,4,1,1,0,1,3,0,0,,
3848,Julio César Turbay Quintero,quintero,colombia,5,4,1,1,0,2,2,0,0,,
3864,Julio Iglesias,vargas_llosa,peru,5,4,1,1,1,0,3,0,0,,
3865,Julio Iglesias Jr.,vargas_llosa,peru,5,3,2,1,1,2,1,0,0,,
3868,Julio Jung Duvauchelle,concha_chile,chile,5,4,1,1,0,2,2,0,0,,
3883,Julio Philippi Bihl,philippi,chile,5,2,3,1,0,3,1,0,0,,
3914,Keiko Fujimori,fujimori,peru,5,4,1,1,0,2,2,0,0,,
3915,Kenji Fujimori,fujimori,peru,5,4,1,1,0,2,2,0,0,,
3934,Ladislao Errázuriz Echaurren,echaurren,chile,5,4,1,1,0,2,2,0,0,,
3943,Laura Allende Gossens,allende,chile,5,4,1,1,0,1,3,0,0,,
3946,Laureano Gómez,gómez,colombia,5,5,0,1,0,2,2,0,0,,
3947,Laureano Gómez,gómez,colombia,5,5,0,1,0,2,2,0,0,,
3992,Liborio Ramón Freire Caldera,freire,chile,5,3,2,1,0,3,1,0,0,,
4001,Lino de Pombo,o'donnell,colombia,5,4,1,1,0,1,3,0,0,,
4002,Lino de Pombo,o'donnell,colombia,5,4,1,1,0,2,2,0,0,,
4009,Lizardo Alzamora Mayo,alzamora,peru,5,2,3,1,0,2,2,0,0,,
4011,Lizardo Alzamora Silva,alzamora,peru,5,4,1,1,0,2,2,0,0,,
4024,Lorenzo Batlle,batlle,uruguay,5,4,1,1,0,1,3,0,0,,
4028,Lorenzo Marroquín,ricaurte,colombia,5,4,1,1,0,2,2,3,0,nariño,
4040,Lucía Hiriart,pinochet,chile,5,5,0,1,0,2,2,0,0,,
4054,Luciano Cruz-Coke,cruz-coke,chile,5,4,1,1,2,1,1,0,0,,
4063,Lucrecia Borgia,borja,colombia,5,4,1,0,0,3,2,0,0,,
4070,Luis Alberto Lacalle,ponce_de_león,uruguay,5,3,2,1,0,3,1,0,0,,
4078,Luis Batlle Berres,saavedra,uruguay,5,3,2,1,0,2,2,1,1,batlle,argentina
4079,Luis Batlle Ibáñez,saavedra,uruguay,5,5,0,0,0,2,3,2,2,batlle,argentina
4080,Luis Bedoya Reyes,bedoya,peru,5,4,1,1,0,2,2,0,0,,
4097,Luis Caycedo y Flórez,caicedo,peru,5,3,2,1,0,2,2,1,3,sanz_de_santamaría,colombia
4114,Luis Eduardo Moreno,piraquive,colombia,5,3,2,1,0,3,1,0,0,,
4177,Luis Ospina Vásquez,lleras,colombia,5,4,1,2,0,2,1,0,0,,
4211,Luis de Ayala y Vergara,ayala,colombia,5,3,2,1,0,3,1,0,0,,
4214,Luisa Bacichi,cambaceres,argentina,5,4,1,2,0,1,2,0,0,,
4218,Luisa Garmendia,pinto_chile,argentina,5,3,2,1,0,2,2,3,3,"bulnes, cruz_chile",chile
4250,Magdalena Ortega de Nariño,álvarez_del_casal,colombia,5,3,2,1,0,2,2,0,0,,
4261,Malucha Pinto,pinto_chile,chile,5,3,2,1,1,2,1,0,0,,
4264,Manuel Álvarez Calderón,álvarez_calderón,peru,5,2,3,1,0,3,1,0,0,,
4288,Manuel Bedoya Suárez,bedoya,peru,5,2,3,1,0,3,1,0,0,,
4298,Manuel Bulnes,bulnes,chile,5,5,0,1,0,2,2,0,0,,
4305,Manuel Capetillo,capetillo,mexico,5,5,0,0,0,2,3,0,0,,
4336,Manuel González Prada,de_la_puente,peru,5,4,1,1,1,2,1,0,0,,
4341,Manuel Ibáñez Ojeda,ibáñez,chile,5,4,1,1,0,2,2,0,0,,
4348,Manuel José García-Mansilla,garcía-mansilla,argentina,5,5,0,1,0,2,2,0,0,,
4372,Manuel Montt Lehuedé,montt,chile,5,4,1,1,0,2,2,0,0,,
4374,Manuel Moreyra y Paz Soldán,moreyra,peru,5,2,3,1,0,3,1,0,0,,
4380,Manuel Mujica Carassa,mujica,peru,5,4,1,1,0,2,2,0,0,,
4387,Manuel Ortiz de Zevallos,del_solar,peru,5,3,2,1,0,3,1,1,0,ortiz_de_zevallos,
4388,Manuel Ospina Vásquez,ospina,colombia,5,4,1,1,0,3,1,1,0,lleras,
4398,Manuel Prado Ugarteche,málaga,peru,5,4,1,3,0,1,1,0,0,,
4408,Manuel Rosa de la Quintana,quintana,argentina,5,1,4,1,0,3,1,0,0,,
4442,Manuel de Balmaceda Ballesteros,balmaceda,chile,5,4,1,1,0,0,4,0,0,,
4449,Manuel de Pombo,o'donnell,colombia,5,2,3,1,0,2,2,0,0,,
4453,Manuel de Tezanos Pinto (político),pinto_chile,argentina,5,4,1,1,0,1,3,2,1,"eder, sánchez_de_bustamante",colombia
4463,Manuela Warnes,warnes,chile,5,5,0,1,0,3,1,3,2,garcía_de_zúñiga,"argentina, colombia"
4472,María Antonia Suárez,barrientos,colombia,5,4,1,1,0,1,3,0,0,,
4478,María Cristina Arango,borrero,colombia,5,5,0,1,0,1,3,0,0,,
4488,María Elena Swett,portales,chile,5,2,3,1,2,1,1,0,0,,
4496,María Errázuriz,echaurren,chile,5,5,0,1,0,2,2,0,0,,
4519,María Josefa Álvarez de Arenales,álvarez_de_arenales,argentina,5,4,1,1,0,2,2,0,0,,
4521,María Josefa Ezcurra,belgrano,argentina,5,3,2,1,1,2,1,0,0,,
4528,María Luisa Carvajal Dávalos,carvajal_y_vargas,chile,5,5,0,0,0,1,4,0,0,,
4533,María Luisa Piraquive,piraquive,colombia,5,3,2,1,0,3,1,0,0,,
4534,María Luisa Carvajal Dávalos,carvajal_y_vargas,chile,5,5,0,0,0,1,4,0,0,,
4541,María Michelsen de López,lópez,colombia,5,3,2,1,0,3,1,0,0,,
4557,María Ruiz-Tagle,frei,chile,5,4,1,1,0,2,2,0,0,,
4571,María Teresa de Valencia y Junco Pimentel,valencia,colombia,5,1,4,1,0,3,1,0,0,,
4587,María del Consuelo Alcalá-Galiano y Osma,valencia,colombia,5,2,3,1,0,2,2,0,0,,
4599,Marcelino Varela,varela,peru,5,2,3,1,0,3,1,0,0,,
4601,Marcelino de Mosquera,arboleda,colombia,5,4,1,1,0,2,2,0,0,,
4605,Marcelo Oxenford,frayssinet,argentina,5,4,1,1,0,2,2,0,3,,peru
4626,Marcos Paz,paz,argentina,5,3,2,1,0,1,3,0,0,,
4645,Mariana Aylwin,aylwin,chile,5,4,1,1,0,3,1,0,0,,
4655,Mariano A. Belaúnde,belaúnde,peru,5,2,3,1,0,2,2,0,0,,
4689,Mariano Prado Ugarteche,prado,peru,5,4,1,1,0,2,2,2,0,málaga,
4700,Mariano de la Llosa y Vizcarra,llosa,peru,5,1,4,1,0,2,2,1,1,vial,chile
4731,Marisabel Rodríguez,chávez,venezuela,5,3,2,1,1,2,1,0,0,,
4774,Martín Miguel de Güemes,puch,argentina,5,3,2,1,0,3,1,0,0,,
4795,Maruja Pachón,galán,colombia,5,5,0,1,0,1,3,3,0,pachón,
4797,Matías Cousiño,cousiño,chile,5,2,3,1,0,3,1,0,0,,
4809,Mateo de Toro-Zambrano y Ureta,valdés_chile,chile,5,3,2,2,0,2,1,0,0,,
4814,Matilde Ibáñez Tálice,saavedra,argentina,5,4,1,1,0,2,2,0,4,,uruguay
4818,Matilde Osorio Ricaurte,nariño,colombia,5,5,0,1,0,2,2,0,0,,
4871,Mercedes Hurtado de Álvarez,álvarez_del_casal,colombia,5,2,3,1,0,3,1,0,0,,
4872,Mercedes Marín del Solar,claro_chile,chile,5,3,2,1,0,3,1,2,2,"del_carril, manrique","argentina, colombia"
4879,Mercedes Tomasa San Martín y Escalada,balcarce,argentina,5,5,0,1,0,3,1,0,0,,
4891,Michelle Bachelet,bachelet,chile,5,4,1,1,0,2,2,0,0,,
4892,Micky Rospigliosi,rospigliosi,peru,5,2,3,1,1,1,2,0,0,,
4899,Miguel Alemán Valdés,alemán,mexico,5,5,0,1,0,2,2,0,0,,
4911,Miguel Aylwin,aylwin,chile,5,3,2,1,0,1,3,0,0,,
4914,Miguel Boyer,vargas_llosa,peru,5,1,4,2,0,2,1,0,0,,
4927,Miguel Escalada,escalada_(de_burgos),argentina,5,2,3,1,0,2,2,0,1,,uruguay
4952,Miguel Mariano de Villegas,villegas,argentina,5,3,2,1,0,4,0,0,0,,
4963,Miguel Samper,samper,colombia,5,3,2,1,0,3,1,0,0,,
4964,Miguel Samper Strouss,gnecco,colombia,5,3,2,1,0,2,2,1,0,samper,
4968,Miguel Uribe Turbay,quintero,colombia,5,3,2,1,0,2,2,0,0,,
4982,Misael Pastrana,borrero,colombia,5,5,0,1,0,1,3,0,0,,
4984,Misael Pastrana Pastrana,borrero,colombia,5,3,2,1,0,2,2,0,2,,argentina
4987,Modesto Basadre,basadre,peru,5,2,3,1,0,3,1,0,0,,
5022,Nemesio Vargas Valdivieso,ugarte,peru,5,2,3,1,0,3,1,0,0,,
5041,Nicolás Freire,freire,peru,5,2,3,1,0,3,1,0,0,,
5059,Nicolás Tanco Bosmeniel,argáez,colombia,5,3,2,1,0,2,2,0,0,,
5062,Nicolás de Araníbar,araníbar,peru,5,2,3,1,0,3,1,0,0,,
5079,Norberto Eléspuru,eléspuru,peru,5,5,0,1,0,2,2,0,0,,
5097,Olinda Bozán,podestá,argentina,5,5,0,2,2,1,0,0,1,,uruguay
5109,Orson Welles,lópez_negrete,mexico,5,4,1,1,2,1,1,0,0,,
5133,Pablo Escobar,escobar_gaviria,colombia,5,2,3,1,1,2,1,0,0,,
5143,Pablo Neruda,del_carril,chile,5,3,2,3,0,1,1,0,2,,argentina
5151,Pablo Valenzuela,sanfuentes,chile,5,2,3,1,0,3,1,0,0,,
5177,Pantaleón Gutiérrez,gutiérrez_díaz,colombia,5,3,2,1,0,3,1,1,0,caicedo,
5192,Patricia Frayssinet,cano,peru,5,5,0,1,1,1,2,1,1,frayssinet,colombia
5201,Patricio Aylwin,aylwin,chile,5,5,0,1,0,2,2,0,0,,
5236,Pedro Íñiguez Larraín,bello,chile,5,5,0,2,0,2,1,1,0,vicuña,
5237,Pedro Aquilino López,lópez,colombia,5,5,0,1,0,2,2,0,0,,
5242,Pedro Alejandrino del Solar,del_solar,peru,5,2,3,1,0,2,2,0,0,,
5248,Pedro Aquilino López,lópez,colombia,5,5,0,1,0,1,3,0,0,,
5249,Pedro Aquilino López,lópez,colombia,5,5,0,1,0,2,2,0,0,,
5277,Pedro Ibáñez Ojeda,ibáñez,chile,5,4,1,1,0,2,2,0,0,,
5285,Pedro Lucas de Allende,allende_argentina,argentina,5,3,2,1,0,2,2,0,0,,
5305,Pedro Rosas y Belgrano,belgrano,argentina,5,4,1,1,0,2,2,0,0,,
5308,Pedro Paz-Soldán Ureta,paz_soldán,peru,5,2,3,1,0,3,1,0,0,,
5354,Plutarco Elías Calles,elías-calles,mexico,5,3,2,1,0,3,1,0,0,,
5398,Raúl Fontaina D'Oliveira,fontaina,uruguay,5,2,3,1,0,3,1,0,0,,
5401,Raúl Isaías Baduel,baduel,venezuela,5,4,1,1,0,2,2,0,0,,
5424,Rafael Belaúnde Diez-Canseco,belaúnde,peru,5,4,1,1,0,2,2,0,0,,
5445,Rafael Urdaneta Vargas,parís,venezuela,5,4,1,1,0,2,2,2,0,urdaneta,
5449,Rafael Larco Hoyle,larco,peru,5,4,1,1,0,2,2,0,0,,
5472,Rafael Urdaneta,parís,venezuela,5,4,1,1,0,1,3,1,1,urdaneta,colombia
5512,Raúl Salinas Lozano,salinas,mexico,5,4,1,1,0,1,3,0,0,,
5521,Remigio Morales Bermúdez,llosa,peru,5,2,3,1,1,2,1,0,0,,
5576,Richard Acuña,acuña,peru,5,4,1,1,1,2,1,0,0,,
5598,Roberto Garza Sada,garza_sada,mexico,5,4,1,1,0,2,2,0,0,,
5602,Roberto Matta,echaurren,chile,5,4,1,1,0,2,2,0,0,,
5634,Rodrigo Niño Zapata,niño,colombia,5,2,3,1,0,2,2,0,0,,
5668,Rosa Clotilde Sabattini,sabattini,argentina,5,5,0,1,0,2,2,0,0,,
5687,Rose Kennedy,onassis,argentina,5,3,2,1,0,2,2,0,0,,
5719,Salvador Allende,allende,chile,5,5,0,1,0,1,3,0,0,,
5720,Salvador Allende Castro,allende,chile,5,4,1,1,0,1,3,0,0,,
5735,Samuel Yankelevich,yankelevich,argentina,5,4,1,1,0,2,2,0,0,,
5741,Sandro Mariátegui,mariátegui,peru,5,3,2,1,0,2,2,0,0,,
5742,Sandro Mariátegui,mariátegui,peru,5,3,2,1,0,2,2,0,0,,
5751,Santiago Arroyo y Valencia,arroyo,colombia,5,2,3,1,0,3,1,0,0,,
5837,Sigrid Alegría,portales,chile,5,2,3,1,2,1,1,1,0,velasco_chile,
5842,Silvia Derbez,derbez,mexico,5,4,1,1,1,1,2,0,0,,
5854,Simón Bolívar,bolívar,colombia,5,5,0,1,1,2,1,5,5,palacios_venezuela,"ecuador, venezuela"
5869,Sofía Mosquera de Arboleda,arboleda,colombia,5,5,0,2,0,2,1,0,0,,
5900,Susana López de Valencia,laserna,colombia,5,3,2,1,0,2,2,0,0,,
5925,Tato Bores,borensztein,argentina,5,4,1,1,0,2,2,0,0,,
5929,Telémaco Orihuela,orihuela,peru,5,4,1,1,0,2,2,0,0,,
5932,Teodoro Elmore,elmore,peru,5,4,1,1,0,2,2,0,0,,
5974,Tomás José Sanabria y Meleán,toro_venezuela,venezuela,5,3,2,1,0,3,1,1,1,pueyrredón,argentina
5984,Tomás Uribe,uribe,colombia,5,3,2,1,0,2,2,0,0,,
5986,Tomás Yankelevich,yankelevich,argentina,5,5,0,1,0,2,2,0,0,,
6014,Urbano de Iriondo,candioti,argentina,5,3,2,1,0,2,2,0,0,,
6019,Víctor Andrés Belaúnde,belaúnde,peru,5,4,1,1,0,1,3,0,0,,
6021,Víctor Andrés García Belaúnde,belaúnde,peru,5,4,1,1,0,2,2,0,0,,
6057,Venustiano Carranza,carranza,mexico,5,5,0,1,0,2,2,0,0,,
6084,Vicente Saadi,saadi,argentina,5,5,0,1,0,2,2,1,1,zañartu,chile
6090,Vicente de Azcuénaga,azcuénaga,argentina,5,4,1,1,0,3,1,0,0,,
6092,Vicente de la Cruz,cruz_chile,chile,5,2,3,1,0,3,1,0,0,,
6096,Victor Emilio Estrada,estrada_ecuador,ecuador,5,4,1,1,0,2,2,0,0,,
6103,Victoria Subercaseaux Vicuña,subercaseaux,chile,5,5,0,1,0,2,2,4,0,"errázuriz, mackenna",
6114,Villanueva Saravia,saravia,uruguay,5,4,1,1,0,2,2,0,0,,
6116,Violeta Parra,parra_chile,chile,5,4,1,1,0,2,2,0,0,,
6169,Zulema Menem,yoma,argentina,5,3,2,1,1,2,1,0,0,,
13,Álvaro Leyva,durán_colombia,colombia,4,2,2,1,0,1,2,0,0,,
14,Álvaro Lloreda,cabal,colombia,4,2,2,1,0,2,1,1,0,caicedo,
17,Álvaro Noboa,noboa,ecuador,4,4,0,1,0,1,2,0,0,,
18,Álvaro Pérez Treviño,pérez_treviño,mexico,4,2,2,1,0,1,2,0,0,,
26,Álvaro de Miranda Neto,onassis,argentina,4,2,2,1,1,2,0,0,0,,
32,Ángel Guarello,guarello,chile,4,1,3,1,0,1,2,0,0,,
36,Ángel Parra,parra_chile,chile,4,3,1,1,0,1,2,0,0,,
57,Óscar Benavides,benavides_perú,peru,4,0,4,1,0,2,1,0,0,,
60,Óscar Jiménez Pinochet,pinochet,chile,4,2,2,1,0,1,2,0,0,,
72,Añas Colque,pizarro,chile,4,3,1,1,1,1,1,0,0,,
86,Adán Chávez,chávez,venezuela,4,3,1,1,0,2,1,0,0,,
98,Adolfo Ibáñez Boggiano,ibáñez,chile,4,2,2,1,0,1,2,0,0,,
110,Adolfo Zaldívar,zaldívar,chile,4,4,0,1,0,2,1,1,0,vicuña,
119,Adriana de Verneuil,de_la_puente,peru,4,3,1,1,0,2,1,0,0,,
139,Agustín Vial Santelices,vial,chile,4,2,2,1,0,2,1,0,0,,
160,Alberto Benavides de la Quintana,benavides_perú,peru,4,2,2,1,0,1,2,0,0,,
176,Alberto Fujimori,fujimori,peru,4,3,1,1,0,1,2,0,0,,
182,Alberto Héber Usher,heber,uruguay,4,2,2,1,0,2,1,0,0,,
186,Alberto Lleras Camargo,camargo,colombia,4,3,1,1,0,1,2,0,1,,chile
208,Alberto Ulloa Sotomayor,cisneros,peru,4,3,1,1,0,1,2,0,0,,
213,Alberto Uribe Sierra,uribe,colombia,4,2,2,1,0,1,2,0,0,,
237,Alejandro Eder,caicedo,colombia,4,4,0,1,0,1,2,0,0,,
238,Alejandro Agustín Lanusse,lanusse,argentina,4,0,4,1,0,2,1,0,0,,
241,Alejandro Arenas Villarreal,arenas,peru,4,3,1,1,0,1,2,0,0,,
244,Alejandro Borensztein,borensztein,argentina,4,3,1,2,0,1,1,0,0,,
255,Alejandro Ciangherotti II,soler,argentina,4,4,0,0,0,2,2,0,2,,mexico
275,Alejandro Miró Quesada Garland,cisneros,peru,4,4,0,1,0,2,1,1,1,cisneros_venezuela,venezuela
281,Alejandro Santo Domingo,pumarejo,colombia,4,2,2,1,0,1,2,0,0,,
315,Alfonso López Caballero,lópez,colombia,4,3,1,1,0,2,1,0,0,,
323,Alfonso Villegas,restrepo,colombia,4,0,4,1,0,2,1,0,0,,
330,Alfredo Benavides Diez-Canseco,benavides_perú,peru,4,2,2,1,0,2,1,0,0,,
332,Alfredo C. Ferreyros Gaffron,ferreyros,peru,4,3,1,1,0,1,2,0,0,,
337,Alfredo Etcheberry,etcheberry,chile,4,1,3,1,0,2,1,0,0,,
349,Alfredo Prieto Zenteno,echaurren,chile,4,2,2,1,0,2,1,0,0,,
359,Alfredo del Mazo Vélez,del_mazo,mexico,4,2,2,1,0,2,1,0,0,,
363,Alicia Kirchner,kirchner,argentina,4,1,3,1,1,1,1,0,0,,
369,Aline Kuppenheim,cruz-coke,chile,4,3,1,1,2,0,1,0,0,,
372,Alma Dayer LeBaron,lebaron,mexico,4,1,3,1,0,2,1,0,0,,
407,Amalia Solórzano,cárdenas,mexico,4,3,1,1,0,2,1,0,0,,
411,Ambrosio O'Higgins,cruz_chile,chile,4,2,2,1,0,2,1,0,0,,
414,Amelia Solar de Claro,claro_chile,chile,4,4,0,2,0,1,1,1,1,ortiz_basualdo,argentina
415,Amenodoro Urdaneta,parís,colombia,4,4,0,0,0,2,2,2,4,urdaneta,venezuela
422,Aníbal Chávez,chávez,venezuela,4,4,0,0,0,2,2,0,0,,
425,Aníbal Fernández de Soto Valderrama,camacho,colombia,4,2,2,1,0,2,1,0,0,,
426,Aníbal Pinto,cruz_chile,chile,4,4,0,1,0,2,1,0,1,,argentina
429,Aníbal Pinto Santa Cruz,pinto_chile,chile,4,4,0,1,0,2,1,1,0,cruz_chile,
455,Ana Perichon,o'gorman,argentina,4,2,2,1,1,2,0,0,0,,
457,Ana de Azcuénaga de Olaguer Feliú,azcuénaga,argentina,4,4,0,1,0,1,2,0,0,,
463,Andrés Álvarez-Calderón,álvarez_calderón,peru,4,0,4,1,0,2,1,0,0,,
466,Andrés Aramburú Salinas,aramburú,peru,4,3,1,1,0,1,2,0,0,,
472,Andrés Bello,bello,chile,4,2,2,1,0,2,1,0,0,,
494,Andrés Samper Gnecco,gnecco,colombia,4,3,1,1,0,1,2,0,0,,
502,Andrés Wiese,lavalle,peru,4,4,0,0,4,0,0,0,0,,
534,Anselmo Sáenz Valiente,pueyrredón,argentina,4,2,2,1,0,2,1,1,1,borja,colombia
539,Antonia Maza,maza,argentina,4,4,0,1,0,2,1,0,0,,
542,Antonia Ricaurte Nariño,nariño,colombia,4,2,2,1,0,2,1,0,0,,
545,Antonia Vergara y Sanz de Santamaría,caicedo,colombia,4,4,0,1,0,1,2,0,0,,
554,Antonio Arenas,arenas,peru,4,3,1,1,0,2,1,0,0,,
561,Antonio Caballero Holguín,caballero,colombia,4,2,2,1,0,1,2,0,0,,
564,Antonio Campos Di Girolamo,di_girolamo,chile,4,4,0,0,2,2,0,0,0,,
573,Antonio Galán,galán,colombia,4,2,2,1,0,1,2,0,0,,
576,Antonio González Balcarce,balcarce,argentina,4,3,1,1,0,1,2,0,0,,
580,Antonio Guerra,de_la_espriella,colombia,4,1,3,1,0,2,1,0,0,,
592,Antonio Lemos Guzmán,lemos,colombia,4,1,3,1,0,2,1,0,0,,
593,Antonio Leocadio Guzmán,blanco_venezuela,venezuela,4,2,2,1,0,2,1,0,2,,colombia
595,Antonio Mallarino Pardo,cabal,colombia,4,2,2,1,0,1,2,0,0,,
606,Antonio París Sanz de Santamaría,parís,colombia,4,2,2,1,0,1,2,0,0,,
608,Antonio Podestá,podestá,argentina,4,4,0,1,1,2,0,0,1,,uruguay
628,Antonio de Vergara Azcárate,olmos,colombia,4,3,1,1,0,2,1,0,0,,
636,Aquilino Villegas Hoyos,villegas_colombia,colombia,4,2,2,1,0,1,2,0,0,,
653,Armando Samper,gnecco,colombia,4,3,1,1,0,1,2,1,0,samper,
654,Armando Samper,samper,colombia,4,3,1,1,0,2,1,1,0,gnecco,
658,Artidoro García Godos,garcía_godos,peru,4,1,3,1,0,2,1,0,0,,
661,Arturo Alessandri Besa,velasco_chile,chile,4,2,2,1,0,1,2,0,0,,
670,Arturo Edwards Ross,edwards,chile,4,2,2,1,0,2,1,0,0,,
679,Arturo Mackenna Shiell,mackenna,chile,4,2,2,1,0,2,1,0,0,,
680,Arturo Matte,matte,chile,4,2,2,1,0,1,2,0,0,,
685,Arturo Prat,echaurren,chile,4,3,1,1,0,2,1,0,0,,
698,Ataliva Roca,paz,argentina,4,3,1,1,0,2,1,0,0,,
699,Athina Livanos,onassis,argentina,4,3,1,2,0,1,1,0,0,,
708,Augusto Bullrich,alvear,argentina,4,2,2,1,0,2,1,0,0,,
712,Augusto Durand Maldonado,durand,peru,4,0,4,1,0,2,1,0,0,,
716,Augusto Galán,galán,colombia,4,2,2,1,0,1,2,0,0,,
723,Augusto Matte,bello,chile,4,3,1,1,0,2,1,0,0,,
726,Augusto Pinochet,pinochet,chile,4,4,0,1,0,1,2,0,0,,
772,Bartolomé Mitre Vedia,mitre,argentina,4,1,3,1,1,1,1,0,0,,
782,Begoña Basauri,di_girolamo,chile,4,2,2,0,2,1,1,1,0,undurraga,
813,Benjamín de la Torre del Mar Márquez,de_la_torre,peru,4,2,2,1,0,1,2,0,0,,
820,Bernardo Camacho Leyva,camacho,colombia,4,1,3,1,0,2,1,0,0,,
832,Bernardo de Ulloa,remírez_de_laredo,peru,4,2,2,1,0,2,1,0,0,,
837,Bertha Puga,camargo,chile,4,4,0,1,0,1,2,0,3,,colombia
859,Brunella Horna,acuña,peru,4,3,1,1,2,0,1,0,0,,
861,Bruno Philippi,philippi,chile,4,2,2,1,0,1,2,0,0,,
866,Buenaventura Seoane,seoane_heredia,peru,4,1,3,1,0,2,1,0,0,,
900,Carlos A. Leguía,leguía,peru,4,0,4,1,0,2,1,0,0,,
904,Carlos Alayza y Roel,alayza,peru,4,1,3,1,0,2,1,0,0,,
907,Carlos Alfonso González de Orbegoso,orbegoso,peru,4,0,4,1,0,2,1,0,0,,
908,Carlos Alzamora Elster,alzamora,peru,4,3,1,1,0,1,2,0,0,,
912,Carlos Antonio López,lópez_carrillo,paraguay,4,3,1,1,0,1,2,0,0,,
916,Carlos Arango Vélez,borrero,colombia,4,3,1,1,0,2,1,0,0,,
921,Carlos Basadre Forero,basadre,peru,4,1,3,1,0,2,1,0,0,,
928,Carlos Cano (actor),frayssinet,peru,4,3,1,1,0,1,2,3,0,cano,
940,Carlos Cueto Fernandini,cueto_caballero,peru,4,4,0,1,0,3,0,0,0,,
941,Carlos Díaz Vélez,álvarez_de_toledo_argentina,argentina,4,3,1,1,0,2,1,1,0,díaz_vélez,
948,Carlos Eugenio Lavín,garcía-huidobro,chile,4,3,1,2,0,1,1,2,0,"chadwick, lavín",
949,Carlos Eugenio Restrepo,restrepo,colombia,4,2,2,1,0,1,2,2,0,jaramillo_colombia,
952,Carlos Fernando Galán,galán,colombia,4,3,1,1,0,2,1,0,0,,
964,Carlos Holguín Holguín,holguín,colombia,4,0,4,1,0,2,1,0,0,,
989,Carlos Lozano y Lozano,lozano,colombia,4,3,1,1,0,1,2,0,0,,
991,Carlos Mac Allister,mac_allister,argentina,4,3,1,0,0,1,3,0,0,,
994,Carlos Manuel O'Donnell,o'donnell,colombia,4,3,1,1,0,1,2,0,0,,
996,Carlos María de Alvear,alvear,argentina,4,4,0,1,0,1,2,1,0,ponce_de_león,
1000,Carlos Menem Jr.,yoma,argentina,4,2,2,0,1,2,1,0,0,,
1003,Carlos Miró-Quesada Laos,miró_quesada,peru,4,3,1,1,0,1,2,1,0,moreyra,
1008,Carlos O'Donnell y Anhetan,o'donnell,colombia,4,3,1,0,0,2,2,0,0,,
1018,Carlos Pedro Blaquier,blaquier,argentina,4,0,4,1,0,2,1,0,0,,
1030,Carlos Rodríguez Pastor,rodríguez_pastor,peru,4,2,2,1,0,2,1,0,0,,
1041,Carlos Scheck,scheck,uruguay,4,3,1,1,0,0,3,0,0,,
1065,Carlos Zavala Loayza,zavala,peru,4,0,4,1,0,2,1,0,0,,
1071,Carmela Carvajal,echaurren,chile,4,3,1,1,0,2,1,0,0,,
1073,Carmelo Arango,borrero,colombia,4,2,2,1,0,2,1,0,0,,
1074,Carmen Alardín,pinal_hidalgo,mexico,4,2,2,1,0,1,2,0,0,,
1082,Carmen Morla Lynch,vicuña,chile,4,2,2,1,0,2,1,0,0,,
1083,Carmen Puch de Güemes,puch,argentina,4,4,0,1,0,2,1,0,0,,
1092,Carolina Arredondo,pinto_chile,chile,4,4,0,0,0,2,2,0,0,,
1093,Carolina Barco,barco,colombia,4,3,1,1,0,2,1,0,0,,
1094,Carolina Cano,cano,peru,4,4,0,0,1,2,1,2,0,frayssinet,
1103,Carolina Tohá,tohá,chile,4,4,0,1,1,2,0,0,0,,
1104,Carolina Vásquez de Ospina,lleras,colombia,4,4,0,1,0,2,1,2,0,ospina,
1146,Catherine Oxenberg,ulloa,peru,4,2,2,1,0,1,2,0,0,,
1152,Cecilia Alegría Varona,alegría,peru,4,4,0,0,0,2,2,0,2,,chile
1155,Cecilia Arboleda de Holguín,arboleda,colombia,4,4,0,1,0,2,1,0,0,,
1157,Cecilia Caballero Blanco,lópez,colombia,4,3,1,1,0,1,2,0,0,,
1166,Cecilia de la Fuente de Lleras,lleras,colombia,4,3,1,1,0,2,1,0,0,,
1170,Celedonio Escalada,escalada_(de_burgos),argentina,4,0,4,1,0,2,1,0,0,,
1186,Christian Bach,pinal_hidalgo,argentina,4,2,2,1,1,1,1,0,2,,mexico
1191,Cielo Gnecco,gnecco,colombia,4,2,2,1,0,2,1,0,0,,
1199,Clímaco Calderón,calderón_colombia,colombia,4,2,2,1,0,2,1,0,0,,
1209,Claudia Celedón,garcía-huidobro,chile,4,4,0,1,0,2,1,0,0,,
1216,Claudia Turbay,quintero,colombia,4,4,0,0,0,2,2,0,0,,
1230,Claudio di Girolamo,di_girolamo,chile,4,2,2,1,0,2,1,0,0,,
1231,Clemencia Holguín de Urdaneta,caro,colombia,4,4,0,1,0,2,1,0,0,,
1272,Constanza Nordenflycht,portales,peru,4,1,3,0,1,2,1,0,1,,chile
1274,Constanza Nordenflycht,portales,peru,4,1,3,0,1,2,1,0,1,,chile
1278,Consuelo Saavedra,velasco_chile,chile,4,3,1,2,0,1,1,0,0,,
1279,Consuelo Salgar de Montejo,salgar,colombia,4,0,4,1,0,2,1,0,0,,
1284,Cornelio Saavedra,otálora,argentina,4,3,1,1,0,2,1,0,0,,
1298,Cristóbal de Mosquera y Silva,mosquera,colombia,4,1,3,1,0,2,1,1,0,arboleda,
1301,Cristián García-Huidobro,garcía-huidobro,chile,4,3,1,1,0,2,1,0,0,,
1309,Cristián Samper,samper,colombia,4,2,2,1,0,1,2,1,0,gnecco,
1313,Cristián de la Fuente,garcía-huidobro,chile,4,3,1,1,2,1,0,0,0,,
1317,Cristian Rivero,neyra,peru,4,2,2,0,2,1,1,0,0,,
1331,Dalia Inés,aguilar,mexico,4,3,1,1,0,1,2,0,0,,
1334,Dalmacio Vélez Sarsfield,sarsfield,argentina,4,2,2,1,0,2,1,0,0,,
1347,Daniel Noboa,noboa,ecuador,4,4,0,1,0,2,1,0,0,,
1353,Daniel Samper Ospina,gnecco,colombia,4,2,2,1,0,1,2,0,0,,
1357,Daniela Lhorente,portales,chile,4,2,2,1,2,0,1,0,0,,
1370,Daryl Hannah,onassis,argentina,4,1,3,1,2,1,0,0,0,,
1389,Delfina de la Cruz,vial,chile,4,4,0,1,0,1,2,4,0,cruz_chile,
1398,Denise Pascal,allende,chile,4,2,2,1,0,1,2,0,0,,
1407,Diana Turbay,turbay,colombia,4,4,0,1,0,2,1,4,0,quintero,
1410,Diego de Angulo Lemos,angulo,colombia,4,2,2,1,0,1,2,0,0,,
1415,Diego Cisneros,cisneros_venezuela,venezuela,4,1,3,1,0,2,1,0,0,,
1420,Diego Fernando Gómez,acevedo_colombia,colombia,4,2,2,2,0,2,0,0,0,,
1422,Diego García-Sayán,garcía_y_garcía,peru,4,3,1,1,0,1,2,0,0,,
1428,Diego Lombardi,drago,peru,4,3,1,1,0,2,1,0,0,,
1429,Diego Luna,sodi,mexico,4,4,0,1,1,2,0,0,0,,
1438,Diego Portales,portales,chile,4,2,2,1,1,1,1,0,1,,peru
1439,Diego Portales y Meneses,portales,peru,4,3,1,2,0,2,0,0,3,,chile
1464,Diosdado Cabello,cabello,venezuela,4,3,1,1,0,2,1,0,0,,
1471,Domingo Caycedo,caicedo,colombia,4,3,1,1,0,1,2,0,2,,peru
1486,Domingo Puch Izuleta,puch,argentina,4,4,0,0,0,1,3,0,0,,
1489,Domingo Santa María,santa_maría,chile,4,3,1,1,0,2,1,0,0,,
1493,Domingo de Azcuénaga y Basavilbaso,azcuénaga,argentina,4,3,1,1,0,2,1,0,0,,
1514,Edgardo Sapag,sapag,argentina,4,2,2,1,0,1,2,0,0,,
1535,Eduardo Dibós Chappuis,alarco,peru,4,3,1,1,0,1,2,0,0,,
1544,Eduardo García-Mansilla,garcía-mansilla,argentina,4,2,2,1,0,2,1,0,0,,
1549,Eduardo Kaunitz de Holmberg,holmberg,argentina,4,1,3,1,0,2,1,0,0,,
1569,Eduardo Santos Montejo,santos,colombia,4,3,1,1,0,1,2,2,0,calderón_colombia,
1572,Eduardo Umaña Mendoza,umaña,colombia,4,3,1,1,0,1,2,1,1,chadwick,chile
1575,Eduardo Wenceslao Holmberg,holmberg,argentina,4,3,1,1,0,1,2,0,0,,
1579,Eduardo Zuleta Gaviria,zuleta_colombia,colombia,4,2,2,1,0,2,1,0,0,,
1636,Emilia de Toro,balmaceda,chile,4,2,2,2,0,2,0,0,0,,
1649,Emilio Azcárraga Vidaurreta,azcárraga,mexico,4,2,2,1,0,2,1,0,0,,
1651,Emilio Bello,bello,chile,4,0,4,1,0,2,1,0,0,,
1659,Emilio Estrada,estrada_ecuador,ecuador,4,2,2,1,0,2,1,0,0,,
1683,Enrique Balmaceda,balmaceda,chile,4,4,0,0,0,2,2,0,0,,
1688,Enrique Basadre Stevenson,basadre,peru,4,3,1,1,0,2,1,0,0,,
1692,Enrique Camacho Matamoros,camacho,colombia,4,2,2,1,0,1,2,0,0,,
1719,Enrique Larraín Alcalde,gandarillas,chile,4,3,1,1,0,1,2,0,0,,
1726,Enrique O'Gorman,o'gorman,argentina,4,0,4,1,0,2,1,0,0,,
1733,Enrique Salvador Sanfuentes,sanfuentes,chile,4,4,0,2,0,1,1,0,0,,
1736,Enrique Santos Calderón,calderón_colombia,colombia,4,3,1,1,0,2,1,0,0,,
1738,Enrique Santos Molano,calderón_colombia,colombia,4,2,2,1,0,1,2,0,0,,
1742,Enrique Solano López,lópez_carrillo,paraguay,4,3,1,1,0,2,1,0,1,,argentina
1744,Enrique Tola Mendoza,tola,peru,4,2,2,1,0,1,2,2,0,de_habich,
1781,Ernesto Diez-Canseco Masías,diez_canseco,peru,4,1,3,1,0,2,1,0,0,,
1787,Ernesto Guevara Lynch,guevara,argentina,4,2,2,1,0,2,1,0,0,,
1792,Ernesto Odriozola,odriozola,peru,4,2,2,1,0,1,2,0,0,,
1796,Ernesto Samper,gnecco,colombia,4,4,0,1,0,1,2,0,0,,
1809,Estanislao Vergara,tenorio,colombia,4,3,1,1,0,2,1,3,0,caicedo,
1810,Estanislao Vergara,caicedo,colombia,4,3,1,1,0,1,2,0,0,,
1820,Ester Matte Alessandri,matte,chile,4,2,2,1,0,1,2,0,0,,
1827,Eugenia Huici de Errázuriz,errázuriz,chile,4,2,2,1,0,2,1,1,0,echaurren,
1828,Eugenia Huici de Errázuriz,errázuriz,chile,4,2,2,1,0,2,1,1,0,echaurren,
1837,Eugenio Larrabure y Unanue,larrabure,peru,4,1,3,1,0,3,0,0,0,,
1844,Eugenio de Matta Vargas,matta,chile,4,3,1,1,0,1,2,0,0,,
1856,Eva Gonda Rivera,garza_sada,mexico,4,1,3,1,0,2,1,0,0,,
1860,Evaristo Madero Elizondo,farías,mexico,4,1,3,1,0,2,1,0,0,,
1865,Ezequiel Luna Guerra,luna,peru,4,1,3,1,1,1,1,0,0,,
1872,Félix Denegri Luna,denegri,peru,4,0,4,1,0,2,1,0,0,,
1875,Félix María Salazar,jaramillo_colombia,colombia,4,2,2,1,0,2,1,0,0,,
1882,Fabio Lozano y Lozano,lozano,colombia,4,3,1,1,0,1,2,0,0,,
1964,Federico Bolognesi Bolognesi,bolognesi,peru,4,0,4,1,0,2,1,0,0,,
1969,Federico Errázuriz Echenique,echaurren,chile,4,4,0,0,0,2,2,0,0,,
1977,Federico Luna Araníbar,luna,peru,4,3,1,1,0,1,2,0,0,,
1993,Federico Ringeling,vicuña,chile,4,1,3,1,0,2,1,0,0,,
2003,Felicitas Guerrero,álzaga,argentina,4,1,3,1,0,2,1,0,0,,
2008,Felipe Braun,portales,chile,4,4,0,1,3,0,0,0,0,,
2009,Felipe Bulnes,bulnes,chile,4,1,3,1,1,1,1,0,0,,
2011,Felipe Calderón,calderón_hinojosa,mexico,4,4,0,1,0,1,2,0,0,,
2017,Felipe Ibáñez,ibáñez,chile,4,2,2,1,0,1,2,0,0,,
2024,Felipe Osterling,mariátegui,peru,4,2,2,1,0,2,1,0,0,,
2026,Felipe Pardo y Aliaga,lavalle,peru,4,3,1,0,0,3,1,1,0,pardo,
2027,Felipe Pardo y Barreda,lavalle,peru,4,2,2,1,0,1,2,0,0,,
2037,Felipe Sapag,sapag,argentina,4,2,2,1,0,1,2,0,0,,
2041,Felipe Zuleta Lleras,camargo,colombia,4,2,2,1,0,1,2,1,0,carrizosa,
2043,Felipe de Osma y Pardo,osma,peru,4,0,4,1,0,2,1,0,0,,
2051,Fermín Málaga,málaga,peru,4,2,2,1,0,2,1,0,0,,
2055,Fernando Abal Medina,abal_medina,argentina,4,2,2,1,1,2,0,0,0,,
2056,Fernando Alessandri,velasco_chile,chile,4,3,1,0,0,2,2,2,0,morandé,
2057,Fernando Alfaro Maciel,maciel,argentina,4,0,4,1,0,2,1,0,0,,
2060,Fernando Belaúnde Terry,belaúnde,peru,4,4,0,1,0,2,1,0,0,,
2073,Fernando Caycedo,caicedo,colombia,4,3,1,1,0,1,2,0,2,,peru
2074,Fernando Ciangherotti,soler,mexico,4,2,2,1,0,2,1,0,0,,
2079,Fernando Errázuriz,errázuriz,chile,4,4,0,1,0,1,2,0,0,,
2093,Fernando Luis de Ybarra y López-Dóriga,lópez-dóriga,mexico,4,1,3,1,0,2,1,0,0,,
2096,Fernando María Campero Barragán,campero,bolivia,4,3,1,1,0,1,2,0,3,,argentina
2106,Fernando Ospina Hernández,ospina,colombia,4,4,0,1,0,2,1,0,0,,
2111,Fernando Rincón Jaramillo,amez,peru,4,1,3,1,0,2,1,0,0,,
2118,Fernando Sanclemente Molina,sanclemente,colombia,4,2,2,1,0,2,1,0,0,,
2133,Fernando Yunes Márquez,yunes,mexico,4,2,2,1,0,1,2,0,0,,
2140,Fernando de la Rúa,de_la_rúa,argentina,4,4,0,1,0,1,2,0,0,,
2145,Fidel Pombo,o'donnell,colombia,4,2,2,1,0,1,2,0,0,,
2151,Flora Tristan,tristán_del_pozo,peru,4,0,4,1,0,2,1,0,0,,
2164,Fortunato Navarro Herrera,vicuña,chile,4,2,2,1,0,2,1,0,0,,
2179,Francisco Antonio Pinto Cruz,cruz_chile,chile,4,2,2,1,0,2,1,0,0,,
2182,Francisco Antonio de Escalada,escalada,argentina,4,1,3,1,0,2,1,0,0,,
2184,Francisco Arboleda,arboleda,colombia,4,1,3,1,0,2,1,0,0,,
2185,Francisco Asensio de Lezama,álzaga,argentina,4,1,3,1,0,3,0,0,0,,
2201,Francisco Candioti,candioti,argentina,4,2,2,1,0,1,2,0,0,,
2215,Francisco Echenique Bryce,echenique,peru,4,0,4,1,0,2,1,0,0,,
2237,Francisco Hernández y Hernández,pinal_hidalgo,mexico,4,2,2,0,0,3,1,0,0,,
2246,Francisco Javier Errázuriz Sotomayor,errázuriz,chile,4,3,1,1,0,2,1,0,0,,
2263,Francisco José Monagas,monagas,venezuela,4,2,2,1,0,1,2,0,0,,
2267,Francisco Urrutia Olano,arboleda,colombia,4,3,1,1,0,2,1,0,0,,
2283,Francisco Melo,portales,chile,4,2,2,1,2,0,1,0,0,,
2286,Francisco Miró-Quesada Rada,miró_quesada,peru,4,3,1,1,0,1,2,0,0,,
2289,Francisco Morales Bermúdez,morales_bermúdez,peru,4,3,1,1,1,1,1,1,0,llosa,
2292,Francisco Niño Bueno,niño,colombia,4,0,4,1,0,2,1,0,0,,
2293,Francisco Obregón,obregón,colombia,4,1,3,1,0,2,1,0,0,,
2304,Francisco Quijano Mosquera,mosquera,colombia,4,1,3,1,0,2,1,0,0,,
2307,Francisco Ramón Vicuña Larraín,mackenna,chile,4,3,1,1,0,1,2,1,0,errázuriz,
2314,Francisco Rodríguez Galeano y Velásquez,galeano,colombia,4,4,0,0,0,2,2,0,0,,
2328,Francisco Tudela,osma,peru,4,3,1,1,0,1,2,0,0,,
2339,Francisco Valdés Vergara,valdés_chile,chile,4,1,3,1,0,2,1,0,0,,
2345,Francisco Xavier Vergara,caicedo,colombia,4,4,0,1,0,1,2,1,0,sanz_de_santamaría,
2354,Francisco de Borja,borja,colombia,4,2,2,1,0,2,1,0,0,,
2360,Francisco de Carvajal y Vargas,carvajal_y_vargas,peru,4,0,4,1,0,2,1,0,0,,
2365,Francisco de Segurola,segurola,argentina,4,0,4,1,0,2,1,0,0,,
2369,Francisco de Valverde y Montalvo,de_valverde,peru,4,2,2,0,0,2,2,0,0,,
2371,Francisco Vergara Mayorga,olmos,colombia,4,3,1,1,0,2,1,2,0,caicedo,
2372,Francisco de Vergara y Azcárate,olmos,colombia,4,2,2,1,0,2,1,1,0,vergara-azcárate,
2375,Franco Macri,awada,argentina,4,2,2,1,0,2,1,0,0,,
2379,Fredy Otárola,otárola,peru,4,0,4,1,0,2,1,0,0,,
2381,Froilán Largacha,holguín,colombia,4,2,2,1,0,2,1,0,0,,
2384,Fulgencio Batista,zaldívar,chile,4,2,2,2,1,1,0,0,0,,
2385,Fulvio Rossi,tohá,chile,4,2,2,1,1,1,1,0,0,,
2407,Gabriel Valdés,subercaseaux,chile,4,3,1,1,0,2,1,0,0,,
2411,Gabriela Medina,pinto_chile,chile,4,3,1,1,1,1,1,0,0,,
2422,Gastón Acurio Velarde,acurio,peru,4,2,2,1,0,2,1,0,0,,
2452,Germán Riesco,echaurren,chile,4,4,0,2,0,1,1,0,0,,
2455,Germán Schreiber,schreiber,peru,4,1,3,1,0,2,1,0,0,,
2461,Germán Vargas Espinosa,lleras,colombia,4,1,3,1,0,2,1,0,0,,
2463,Germán Zea Hernández,zea,colombia,4,1,3,1,0,2,1,0,0,,
2467,Gianella Neyra,neyra,peru,4,3,1,1,1,1,1,0,1,,argentina
2480,Gisela Valcárcel,valcárcel,peru,4,2,2,1,0,2,1,0,0,,
2486,Gloria Lara de Echeverri,borrero,colombia,4,3,1,1,0,1,2,0,0,,
2490,Gloria Valencia de Castaño,lópez,colombia,4,4,0,1,0,1,2,0,0,,
2506,Gonzalo Ortiz de Zevallos Roedel,ortiz_de_zevallos,peru,4,2,2,1,0,2,1,0,0,,
2524,Gregorio Amunátegui Solar,amunátegui,chile,4,3,1,1,0,2,1,0,0,,
2525,Gregorio Aráoz de Lamadrid,díaz_vélez,argentina,4,0,4,1,0,2,1,0,0,,
2528,Gregorio Miguel Valenzuela Fajardo,caicedo,colombia,4,1,3,1,0,2,1,0,0,,
2530,Gregorio Pérez Companc,pérez_companc,argentina,4,0,4,1,0,2,1,0,0,,
2546,Guido Girardi,lavín,chile,4,2,2,1,0,1,2,0,0,,
2561,Guillermo Edwards Garriga,edwards,chile,4,4,0,0,0,2,2,0,0,,
2567,Guillermo Garrido-Lecca Álvarez-Calderón,álvarez_calderón,peru,4,2,2,1,0,1,2,0,0,,
2576,Guillermo Lukšić,fontbona,chile,4,2,2,1,0,1,2,1,0,luksic,
2581,Guillermo París Sanz de Santamaría,parís,colombia,4,2,2,1,0,1,2,0,0,,
2618,Gustavo Matamoros D'Costa,camacho,colombia,4,3,1,1,0,2,1,0,0,,
2619,Gustavo Matamoros León,camacho,colombia,4,2,2,1,0,2,1,0,0,,
2623,Gustavo Rojas Pinilla,rojas,colombia,4,2,2,1,0,2,1,0,0,,
2626,Gustavo Santos Montejo,santos,colombia,4,2,2,1,0,1,2,2,0,calderón_colombia,
2630,Gustavo de Greiff Restrepo,de_greiff,colombia,4,2,2,1,0,2,1,0,0,,
2637,Héctor García Ribeyro,garcía_y_garcía,peru,4,0,4,1,0,2,1,0,0,,
2657,Harold Eder,caicedo,colombia,4,2,2,1,0,2,1,0,0,,
2666,Henry Eder,caicedo,colombia,4,3,1,1,0,1,2,0,0,,
2681,Hernán Echavarría Olózaga,echavarría,colombia,4,2,2,1,0,1,2,0,0,,
2686,Hernán Larraín Fernández,matte,chile,4,3,1,1,0,1,2,0,0,,
2693,Hernán Velarde,diez_canseco,peru,4,3,1,1,0,1,2,0,0,,
2702,Hernando Holguín y Caro,caro,colombia,4,3,1,1,0,2,1,0,0,,
2706,Hernando Pizarro Leongómez,acevedo_colombia,colombia,4,2,2,0,1,1,2,0,0,,
2709,Hernando Zuleta Holguín,carreño,colombia,4,2,2,1,0,2,1,0,0,,
2711,Hernando de Lavalle y García,lavalle,peru,4,3,1,1,0,1,2,0,0,,
2713,Higinio Cualla,ricaurte,colombia,4,1,3,1,0,2,1,0,0,,
2723,Hipólito Yrigoyen,cambaceres,argentina,4,3,1,1,1,1,1,0,0,,
2729,Horacio Rodríguez Larreta,rodríguez_larreta,argentina,4,1,3,1,0,2,1,0,0,,
2744,Hugo Trivelli,trivelli,chile,4,2,2,1,0,1,2,0,0,,
2746,Hugo Vaca Narvaja,vaca_narvaja,argentina,4,4,0,1,0,1,2,1,1,borrero,colombia
2754,Humberto Zurita,pinal_hidalgo,mexico,4,4,0,1,1,0,2,0,1,,argentina
2756,Ignacia Allamand,allamand,chile,4,3,1,1,0,1,2,0,0,,
2770,Ignacio Gutiérrez Vergara,caicedo,colombia,4,3,1,1,0,2,1,1,0,gutiérrez_díaz,
2771,Ignacio José de Lizarzaburu,borja,colombia,4,3,1,1,0,2,1,0,3,,ecuador
2782,Ignacio Ramírez,mateos,mexico,4,0,4,1,0,2,1,0,0,,
2784,Ignacio Sanz de Santamaría,sanz_de_santamaría,colombia,4,1,3,1,0,2,1,1,0,galeano,
2788,Ignacio Valencia,laserna,colombia,4,3,1,1,0,2,1,0,0,,
2792,Ignacio Walker,echenique,chile,4,4,0,1,0,2,1,0,0,,
2793,Ignacio Warnes,garcía_de_zúñiga,argentina,4,3,1,1,0,2,1,2,1,warnes,colombia
2802,Inés Echeverría,bello,chile,4,0,4,1,0,2,1,0,0,,
2804,Inés García de Durán,borrero,colombia,4,3,1,1,0,1,2,0,0,,
2805,Inés Lafuente,fortabat,argentina,4,4,0,1,0,1,2,0,0,,
2807,Inés Pertiné,de_la_rúa,argentina,4,3,1,1,0,2,1,0,0,,
2820,Isaac Garza Garza,garza_sada,mexico,4,4,0,1,0,0,3,1,1,velasco_chile,chile
2824,Isaac León Frías,tamayo_perú,peru,4,2,2,1,0,2,1,2,0,alarco,
2837,Isabel Noboa,noboa,ecuador,4,4,0,1,0,1,2,0,0,,
2845,Isabel de Silva y Carvajal,carvajal_y_vargas,chile,4,3,1,1,0,2,1,0,0,,
2848,Isidora Goyenechea,cousiño,chile,4,2,2,1,0,2,1,0,0,,
2849,Isidora Zegers Montenegro,zegers_chile,chile,4,3,1,2,0,1,1,0,0,,
2872,Iván Duque,duque,colombia,4,3,1,1,0,1,2,0,0,,
2901,Jaime Larraín García-Moreno,valdés_chile,chile,4,3,1,1,0,2,1,0,0,,
2903,Jaime Pastrana,borrero,colombia,4,3,1,1,0,2,1,0,0,,
2912,Jaime Yrigoyen von der Heyde,diez_canseco,peru,4,2,2,1,0,1,2,0,0,,
2917,Javier Alva Orlandini,alva,peru,4,0,4,1,0,2,1,0,0,,
2928,Javier Garza Sepúlveda,garza_sada,mexico,4,0,4,1,0,2,1,0,0,,
2932,Javier Ortiz de Zevallos,del_solar,peru,4,2,2,1,0,1,2,0,0,,
2937,Javier Tobar Ahumada,gutiérrez_díaz,colombia,4,0,4,1,0,2,1,0,0,,
2941,Javier de Belaunde López de Romaña,belaúnde,peru,4,3,1,1,0,2,1,0,0,,
2944,Javiera Carrera,valdés_chile,chile,4,2,2,1,0,2,1,0,0,,
2946,Javiera Parra,parra_chile,chile,4,3,1,0,1,1,2,1,1,llosa,peru
2948,Jean-Paul Luksić,fontbona,chile,4,2,2,1,0,2,1,0,0,,
2952,Jehová Villa Michel,villa_michel,mexico,4,2,2,1,0,2,1,0,0,,
2962,Jesús Carranza Neira,carranza,mexico,4,3,1,1,0,1,2,0,0,,
2975,Jesús Reyes Heroles,reyes_heroles,mexico,4,4,0,0,0,2,2,0,0,,
2984,Joaquín Acosta,samper,colombia,4,2,2,1,0,2,1,0,0,,
2995,Joaquín García Borrero,borrero,colombia,4,1,3,1,0,2,1,0,0,,
2997,Joaquín Godoy Ibáñez,matte,chile,4,3,1,1,0,2,1,0,0,,
3001,Joaquín José de Osma y Ramírez de Arellano,de_la_puente,peru,4,0,4,1,0,2,1,0,0,,
3005,Joaquín Lavín,lavín,chile,4,3,1,1,0,2,1,0,0,,
3017,Joaquín Prieto Concha,warnes,chile,4,3,1,1,0,1,2,1,1,casas,colombia
3018,Joaquín Prieto Hurtado,warnes,chile,4,3,1,1,0,1,2,2,0,garcía_de_zúñiga,
3027,Joaquín Walker Martínez,walker_chile,chile,4,2,2,1,0,2,1,0,0,,
3051,Jorge Alessandri,velasco_chile,chile,4,3,1,0,0,2,2,2,0,morandé,
3052,Jorge Alessandri Vergara,balmaceda,chile,4,2,2,1,0,1,2,0,0,,
3053,Jorge Astaburuaga Lyon,claro_chile,chile,4,4,0,1,0,1,2,1,0,valdés_chile,
3054,Jorge Astaburuaga,claro_chile,chile,4,2,2,1,0,2,1,0,0,,
3055,Jorge Awad,awad,chile,4,1,3,1,0,2,1,0,0,,
3059,Jorge Basadre,basadre,peru,4,3,1,1,0,1,2,0,0,,
3061,Jorge Batlle,batlle,uruguay,4,4,0,1,0,3,0,3,1,saavedra,argentina
3094,Jorge Holguín Mallarino,arboleda,colombia,4,4,0,2,0,1,1,0,0,,
3095,Jorge Holguín Mallarino,arboleda,colombia,4,4,0,1,0,2,1,0,0,,
3102,Jorge Leyva Durán,durán_colombia,colombia,4,2,2,1,0,1,2,0,0,,
3107,Jorge Macri,macri,argentina,4,1,3,1,1,1,1,0,0,,
3131,Jorge Teillier,mendoza_ladrón_de_guevara,chile,4,1,3,1,1,1,1,1,0,bustamante,
3132,Jorge Trelles,trelles,peru,4,3,1,1,0,1,2,0,0,,
3141,Jorge de la Rúa,de_la_rúa,argentina,4,2,2,1,0,1,2,0,0,,
3144,José Agustín de la Puente Candamo,álvarez_calderón,peru,4,2,2,1,0,2,1,0,0,,
3164,José Antonio García y García,garcía_y_garcía,peru,4,0,4,1,0,2,1,0,0,,
3173,José Antonio Meade Kuribreña,garcía_de_león,mexico,4,2,2,1,0,1,2,0,0,,
3186,José Antonio de Lavalle y Cortés,lavalle,argentina,4,2,2,0,0,3,1,0,2,,peru
3194,José Balta Paz,balta,peru,4,3,1,1,0,2,1,0,0,,
3197,Josep Batlle i Carreó,batlle,uruguay,4,2,2,1,0,2,1,0,0,,
3218,José Cipriano Andrés de Pueyrredón,pueyrredón,argentina,4,0,4,1,0,2,1,0,0,,
3233,José Domingo Pumarejo,pumarejo,colombia,4,1,3,1,0,2,1,0,0,,
3235,José Eduardo Derbez,derbez,mexico,4,3,1,1,0,2,1,0,0,,
3242,José Enrique Valencia,arboleda,colombia,4,2,2,1,0,2,1,0,0,,
3250,José Evaristo Uriburu Tezanos Pinto,álvarez_de_arenales,argentina,4,4,0,0,0,1,3,0,0,,
3255,José Félix de Restrepo,restrepo,colombia,4,0,4,1,0,2,1,0,0,,
3261,José Francisco Echaurren,echaurren,chile,4,2,2,1,0,1,2,0,0,,
3263,José Francisco Ruiz Massieu,ruiz-massieu,mexico,4,2,2,1,0,2,1,0,0,,
3280,José Gregorio Monagas,monagas,venezuela,4,2,2,1,0,1,2,0,0,,
3283,José Groot de Vargas,groot,colombia,4,2,2,1,0,1,2,0,0,,
3296,José Ignacio Palma,vicuña,chile,4,4,0,0,0,1,3,0,0,,
3298,José Ignacio Villegas,villegas_colombia,colombia,4,2,2,1,0,1,2,0,0,,
3299,José Ignacio Villegas Echeverri,villegas_colombia,colombia,4,2,2,1,0,1,2,0,0,,
3304,José Joaquín Camacho,camacho,colombia,4,0,4,1,0,2,1,0,0,,
3307,Joaquín Prieto,warnes,chile,4,3,1,2,0,1,1,1,0,garcía_de_zúñiga,
3308,Joaquín Prieto,warnes,chile,4,3,1,1,0,2,1,2,0,garcía_de_zúñiga,
3317,José Leocadio de Llona y Rivera,llona,ecuador,4,1,3,1,0,2,1,0,0,,
3332,José Manuel Guzmán Echeverría,montt,chile,4,2,2,1,0,2,1,0,0,,
3335,José Manuel Lleras,lleras,colombia,4,2,2,1,0,1,2,0,0,,
3338,José Manuel Pinto Arias,pinto_chile,chile,4,2,2,1,0,2,1,0,0,,
3343,José Manuel Robles Arnao y García,robles_arnao,peru,4,1,3,1,0,2,1,0,0,,
3348,José María Barrientos Jaramillo,barrientos,colombia,4,1,3,1,1,1,1,0,0,,
3349,José María Cabal,cabal,mexico,4,0,4,1,0,2,1,0,0,,
3352,José María Checa,checa,peru,4,1,3,1,0,2,1,0,0,,
3356,José María Echenique y Tristán,tristán_del_pozo,peru,4,4,0,0,0,2,2,1,0,echenique,
3357,José María Elías González,elías-calles,mexico,4,0,4,1,0,2,1,0,0,,
3365,José María Ortega y Nariño,álvarez_del_casal,colombia,4,0,4,1,0,2,1,0,0,,
3369,José María Portocarrero,lozano,colombia,4,1,3,1,0,2,1,0,0,,
3372,José María Quijano Wallis,mosquera,colombia,4,2,2,1,0,1,2,0,0,,
3377,José María Samper,samper,colombia,4,4,0,1,0,2,1,0,0,,
3387,José María de la Cruz Prieto,cruz_chile,chile,4,3,1,1,0,2,1,2,0,vial,
3398,José Miguel Carrera,pinto_chile,chile,4,4,0,1,0,2,1,1,0,valdivieso,
3408,José Morales Urresti,benavides_perú,peru,4,3,1,1,0,2,1,0,0,,
3419,José Pablo Leyva,leyva,colombia,4,2,2,1,0,1,2,2,0,durán_colombia,
3421,José Pardo y Barreda,lavalle,peru,4,3,1,1,0,2,1,0,0,,
3423,José Patricio Larraín Gandarillas,gandarillas,chile,4,3,1,1,0,1,2,0,0,,
3426,José Piñera Echenique,echenique,chile,4,1,3,1,1,1,1,0,0,,
3441,José Revueltas,revueltas_sánchez,mexico,4,3,1,1,0,1,2,0,0,,
3456,José Santiago Portales y Larraín,portales,chile,4,3,1,1,0,1,2,0,0,,
3457,José Santiago de Irarrázaval y Portales,portales,chile,4,0,4,1,0,2,1,0,0,,
3459,José Sanz de Santamaría,galeano,colombia,4,3,1,1,0,1,2,1,0,sanz_de_santamaría,
3460,José Sebastián Amador López,amador,colombia,4,2,2,1,0,2,1,0,0,,
3466,José Tohá,tohá,chile,4,3,1,1,0,2,1,0,0,,
3477,José Vicente Ortega y Mesa,nariño,colombia,4,1,3,1,0,2,1,1,0,álvarez_del_casal,
3485,José de Mosquera y Prieto,mosquera,colombia,4,3,1,1,0,1,2,3,0,arboleda,
3502,Josef de Urquiza,álzaga,argentina,4,2,2,1,0,1,2,0,0,,
3517,Josefina Montané,di_girolamo,chile,4,1,3,1,1,1,1,0,0,,
3530,Juan Alcalá-Galiano y Osma,valencia,colombia,4,1,3,1,0,2,1,0,0,,
3532,Juan Alfonso Chadwick Errázuriz,chadwick,chile,4,2,2,1,0,2,1,0,0,,
3547,Juan Antonio Ugarteche,ugarteche,argentina,4,0,4,1,0,2,1,0,0,,
3559,Juan Bautista Paz,paz,argentina,4,4,0,0,0,1,3,0,0,,
3560,Juan Bautista de Lavalle,lavalle,peru,4,3,1,1,0,2,1,0,1,,argentina
3565,Juan Borja Mata,borja,ecuador,4,1,3,1,1,1,1,0,0,,
3566,Juan Borja y Lizarzaburu,borja,ecuador,4,1,3,1,0,2,1,0,0,,
3570,Juan Carlos Alsogaray,alsogaray,argentina,4,4,0,1,1,1,1,1,1,navia,colombia
3590,Juan Crisóstomo Torrico,torrico,peru,4,3,1,1,0,1,2,0,0,,
3620,Juan Francisco de Leyva y de la Cerda,leyva,colombia,4,1,3,1,0,2,1,0,0,,
3622,Juan Gómez Martínez,gómez_martínez,colombia,4,3,1,1,0,1,2,1,1,velasco_chile,chile
3648,Juan José Mariano Rocha,rocha,argentina,4,3,1,1,0,2,1,0,0,,
3658,Juan José Romualdo Rocha,rocha,argentina,4,1,3,1,0,2,1,0,0,,
3659,Juan José Romualdo Rocha,rocha,argentina,4,1,3,1,0,2,1,0,0,,
3670,Juan Leguía Swayne,diez_canseco,peru,4,3,1,1,0,2,1,1,0,leguía,
3671,Juan Lozano y Lozano,lozano,colombia,4,2,2,1,0,1,2,0,0,,
3677,Juan Manuel Abal Medina,abal_medina,argentina,4,2,2,1,0,2,1,1,1,galán,colombia
3687,Juan Manuel Galán,galán,colombia,4,2,2,1,0,2,1,0,0,,
3694,Juan Manuel Ospina,ospina,colombia,4,3,1,1,0,1,2,0,0,,
3704,Juan Manuel de la Cruz,cruz_chile,chile,4,0,4,1,0,2,1,0,0,,
3705,Juan María Bordaberry,bordaberry,uruguay,4,4,0,1,0,1,2,0,0,,
3712,Juan Martín de Pueyrredón,pueyrredón,argentina,4,2,2,1,0,2,1,0,0,,
3716,Juan Niño,niño,colombia,4,2,2,1,0,2,1,0,0,,
3718,Juan Norberto Eléspuru,eléspuru,peru,4,2,2,1,0,2,1,0,0,,
3720,Juan Pablo Cafiero,cafiero,argentina,4,3,1,1,0,1,2,0,0,,
3737,Juan Samper Sordo,samper,argentina,4,1,3,1,0,1,2,0,1,,colombia
3741,Juan Sordo Madaleno,sordo_madaleno,mexico,4,1,3,1,0,2,1,0,0,,
3744,Juan Subercaseaux,subercaseaux,chile,4,2,2,1,0,2,1,0,0,,
3756,Juan Yarur Lolas,yarur,chile,4,2,2,1,0,2,1,0,0,,
3759,Juan de Bolívar y Martínez de Villegas,bolívar,venezuela,4,1,3,1,0,2,1,1,0,palacios_venezuela,
3778,Juan de San Martín,balcarce,argentina,4,4,0,1,0,1,2,2,0,san_martín,
3779,Juan de San Martín,san_martín,argentina,4,4,0,1,1,0,2,2,0,balcarce,
3791,Juana Manuela Gorriti,zuviría,argentina,4,4,0,1,0,1,2,0,2,,bolivia
3792,Juana Manuela Laso de Eléspuru,eléspuru,peru,4,4,0,1,0,2,1,0,0,,
3796,Juana Ringeling,vicuña,chile,4,3,1,0,2,1,1,0,0,,
3802,Juana del Pino,otálora,argentina,4,3,1,1,0,2,1,0,0,,
3813,Julián Vásquez Calle,barrientos,colombia,4,2,2,1,0,2,1,0,0,,
3821,Julia Swayne y Mariátegui,diez_canseco,peru,4,3,1,2,0,1,1,1,0,leguía,
3825,Juliana Oxenford,frayssinet,argentina,4,2,2,1,1,1,1,0,0,,
3826,Juliana de Hesse-Philippsthal,althaus,peru,4,3,1,1,0,3,0,0,0,,
3836,Julio Argentino Noble,noble,argentina,4,0,4,1,0,2,1,0,0,,
3838,Julio Argentino Roca,paz,argentina,4,4,0,1,0,2,1,0,0,,
3856,Julio Cornejo,cornejo_argentina,argentina,4,3,1,1,0,1,2,0,0,,
3863,Julio Holguín Arboleda,arboleda,colombia,4,2,2,1,0,2,1,0,0,,
3872,Julio Mario Santo Domingo,pumarejo,colombia,4,2,2,1,0,1,2,0,0,,
3873,Julio Mario Santo Domingo Braga,pumarejo,colombia,4,3,1,1,0,1,2,0,0,,
3876,Julio Montt,montt,chile,4,2,2,1,0,2,1,0,0,,
3901,Justa Masías y Llosa,llosa,peru,4,4,0,1,0,1,2,1,0,morales_bermúdez,
3923,Lázaro Cárdenas,cárdenas,mexico,4,3,1,1,0,2,1,0,0,,
3935,Ladislao Errázuriz Lazcano,echaurren,chile,4,3,1,1,0,1,2,0,0,,
3936,Ladislao Errázuriz Pereira,echaurren,chile,4,3,1,1,0,1,2,1,0,errázuriz,
3956,León Villaveces Ibáñez,urdaneta,colombia,4,3,1,1,0,1,2,3,0,villaveces,
3967,Leonor Acevedo Suárez,lafinur,argentina,4,3,1,1,0,1,2,0,0,,
3968,Leonor Cortés Moctezuma,pizarro,chile,4,4,0,1,0,2,1,4,4,moctezuma,"colombia, mexico"
3971,Leonor Oyarzún,aylwin,chile,4,3,1,1,0,2,1,0,0,,
3974,Leonor de Castro Mello y Meneses,borja,colombia,4,2,2,1,0,2,1,0,0,,
3990,Liborio Durán Borrero,borrero,colombia,4,0,4,1,0,2,1,0,0,,
3994,Lilly Caballero de Cueto,cueto_caballero,peru,4,4,0,1,0,0,3,0,0,,
3996,Lily Iñiguez,bello,chile,4,4,0,0,0,2,2,0,0,,
4005,Lisandro Leyva Pereira,leyva,colombia,4,3,1,1,0,1,2,3,0,durán_colombia,
4030,Lorenzo Montt,montt,chile,4,2,2,1,0,1,2,0,0,,
4031,Lorenzo Montt y Pérez de Valenzuela,montt,chile,4,2,2,1,0,2,1,0,0,,
4039,Lucía Hiriart,pinochet,chile,4,4,0,1,0,1,2,0,0,,
4056,Luciano Urdaneta Vargas,parís,venezuela,4,4,0,0,0,2,2,2,0,urdaneta,
4057,Lucie Rynning,antúnez,peru,4,2,2,1,0,2,1,0,0,,
4062,Lucio V. Mansilla,garcía-mansilla,argentina,4,4,0,0,0,2,2,0,0,,
4065,Luis Ángel Pinasco,pinasco,peru,4,3,1,1,1,0,2,0,0,,
4083,Luis Cáceres Velásquez,cáceres_velásquez,peru,4,2,2,1,0,2,1,0,0,,
4085,Luis Calderón Vega,calderón_hinojosa,mexico,4,4,0,1,0,1,2,1,1,errázuriz,chile
4089,Luis Carlos Camacho Leyva,camacho,colombia,4,0,4,1,0,2,1,0,0,,
4098,Luis Cisneros Vizquerra,cisneros,peru,4,2,2,1,1,1,1,0,0,,
4101,Luis Cousiño,cousiño,chile,4,3,1,1,0,2,1,0,0,,
4103,Luis Cousiño Talavera,cousiño,chile,4,1,3,1,0,2,1,0,0,,
4104,Luis Cuervo Márquez,cuervo,colombia,4,2,2,1,0,2,1,0,0,,
4108,Luis Domingo Olaechea,olaechea,peru,4,0,4,1,0,2,1,0,0,,
4112,Luis Eduardo Azuola y Rocha,azuola,colombia,4,0,4,1,0,2,1,0,0,,
4117,Luis Enrique Osorio,obregón,colombia,4,2,2,1,0,2,1,0,0,,
4130,Luis Fernán Cisneros,cisneros,peru,4,3,1,1,0,2,1,0,0,,
4131,Luis Fernán Cisneros,cisneros,peru,4,3,1,1,0,1,2,0,0,,
4132,Luis Fernando Santos,calderón_colombia,colombia,4,2,2,1,0,1,2,0,0,,
4143,Luis Guillermo Echeverri Abad,borrero,colombia,4,2,2,1,0,2,1,0,0,,
4145,Luis Hernando Turbay Turbay,turbay,colombia,4,2,2,1,0,2,1,0,0,,
4163,Luis Matte,matte,chile,4,2,2,1,0,2,1,0,0,,
4167,Luis Miró Quesada Valega,miró_quesada,peru,4,2,2,1,0,1,2,0,0,,
4168,Luis Miró Quesada Garland,miró_quesada,peru,4,3,1,1,0,1,2,2,0,cisneros,
4170,Luis Miró Quesada de la Guerra,cisneros,peru,4,3,1,1,0,1,2,1,0,miró_quesada,
4174,Luis Montt Montt,montt,chile,4,3,1,1,0,2,1,0,0,,
4175,Luis Noboa Naranjo,noboa,ecuador,4,2,2,1,0,1,2,0,0,,
4187,Luis Sáenz Peña,sáenz_peña,argentina,4,2,2,1,0,2,1,0,0,,
4200,Luis Ulloa,cisneros,peru,4,3,1,1,0,1,2,2,0,ulloa,
4229,Luz María Sapag,sapag,argentina,4,4,0,0,0,2,2,0,0,,
4231,Máximo Kirchner,kirchner,argentina,4,3,1,0,1,2,1,0,0,,
4232,Máximo León Velarde Espino,león-velarde,peru,4,2,2,1,0,2,1,0,0,,
4234,Máximo Pacheco Gómez,matte,chile,4,2,2,1,0,2,1,0,0,,
4267,Manuel Amador Guerrero,amador,colombia,4,2,2,1,0,2,1,0,0,,
4269,Manuel Ancízar,samper,colombia,4,2,2,1,0,2,1,0,0,,
4272,Manuel Antonio Carreño,toro_venezuela,venezuela,4,3,1,1,0,2,1,3,0,carreño,
4285,Manuel Augusto Olaechea,olaechea,peru,4,2,2,1,0,1,2,0,0,,
4287,Manuel Bartolomé Ferreyros,ferreyros,peru,4,3,1,1,0,1,2,0,0,,
4291,Manuel Belgrano,belgrano,argentina,4,3,1,0,1,2,1,0,0,,
4296,Manuel Bulnes,bulnes,chile,4,4,0,1,0,1,2,0,0,,
4309,Manuel Casabianca,camacho,colombia,4,2,2,1,0,2,1,0,0,,
4317,Manuel Diez Canseco Corbacho,diez_canseco,peru,4,1,3,1,0,2,1,0,0,,
4318,Manuel Diez Canseco y Olazábal,diez_canseco,peru,4,2,2,1,0,1,2,0,0,,
4321,Manuel Escalada,san_martín,argentina,4,4,0,0,0,2,2,3,0,balcarce,
4335,Manuel González Olaechea,gonzález-olaechea,peru,4,2,2,1,0,2,1,1,1,rojas,colombia
4338,Manuel Gutiérrez (autor dramático),gutiérrez_nájera,mexico,4,1,3,1,0,2,1,0,0,,
4347,Manuel José García,garcía-mansilla,argentina,4,2,2,1,0,2,1,0,0,,
4356,Manuel Llosa,llosa,peru,4,2,2,0,0,3,1,0,0,,
4365,Manuel María Mosquera,arboleda,colombia,4,3,1,1,0,1,2,0,0,,
4377,Manuel Mujica Carassa,mujica,peru,4,3,1,1,0,1,2,0,0,,
4378,Manuel Mujica Gallo,mujica,peru,4,2,2,1,0,1,2,0,0,,
4384,Manuel Odriozola Romero,odriozola,peru,4,4,0,1,0,1,2,1,0,benavides_perú,
4393,Manuel Pardo Ribadeneira,pardo,peru,4,1,3,1,0,2,1,1,0,lavalle,
4400,Manuel Quijano Ordóñez,mosquera,colombia,4,3,1,1,0,1,2,0,0,,
4401,Manuel Quijano Ordóñez,mosquera,colombia,4,3,1,1,0,2,1,0,0,,
4414,Manuel Seoane (político),seoane_heredia,peru,4,2,2,1,0,1,2,0,0,,
4421,Manuel Toribio Ureta,ureta,peru,4,0,4,1,1,2,0,0,0,,
4422,Manuel Ugarteche,ugarteche,peru,4,2,2,1,0,2,1,0,0,,
4423,Manuel Ulloa Elías,cisneros,peru,4,3,1,1,0,1,2,1,0,ulloa,
4426,Manuel Velarde Aspíllaga,paz,peru,4,2,2,1,0,2,1,2,0,diez_canseco,
4427,Manuel Velarde Dellepiane,diez_canseco,peru,4,2,2,1,0,1,2,2,0,paz,
4428,Manuel Velarde Seoane,diez_canseco,peru,4,1,3,1,0,2,1,0,0,,
4430,Manuel Vicente Maza,maza,argentina,4,3,1,1,0,1,2,0,0,,
4436,Manuel Yrarrázaval,concha_chile,chile,4,4,0,1,0,2,1,0,0,,
4437,Manuel Yrigoyen Arias,diez_canseco,peru,4,3,1,1,0,1,2,0,0,,
4438,Manuel Yrigoyen Diez Canseco,diez_canseco,peru,4,2,2,1,0,1,2,0,0,,
4439,Manuel Zañartu Zañartu,zañartu,chile,4,3,1,1,0,1,2,0,0,,
4445,Manuel de Brigard Galindo,brigard,colombia,4,0,4,1,0,2,1,0,0,,
4448,Manuel de Odriozola,odriozola,peru,4,2,2,1,0,2,1,0,0,,
4458,Manuela Micaela Ignacia Fernández-Campero,campero,argentina,4,4,0,0,0,2,2,0,0,,
4467,María Ángela Holguín,holguín,colombia,4,1,3,1,1,1,1,0,0,,
4474,María Clara Ospina,ospina,colombia,4,4,0,0,0,2,2,0,0,,
4475,María Clemencia Rodríguez de Santos,calderón_colombia,colombia,4,3,1,2,0,1,1,1,0,santos,
4482,María Edwards McClure,edwards,chile,4,2,2,1,0,1,2,0,0,,
4492,María Emilia Soria,soria,argentina,4,4,0,0,0,2,2,0,0,,
4495,María Errázuriz,echaurren,chile,4,4,0,1,0,2,1,0,0,,
4506,María Eugenia de Escalada,san_martín,argentina,4,2,2,1,0,1,2,2,0,balcarce,
4509,María Flora Yáñez,velasco_chile,chile,4,2,2,1,0,2,1,0,0,,
4515,María José Bello,walker_chile,chile,4,2,2,1,1,1,1,1,1,awada,argentina
4517,María José Prieto,di_girolamo,chile,4,2,2,1,1,1,1,0,0,,
4530,María Luisa Fernández,concha_chile,chile,4,3,1,1,0,1,2,0,0,,
4532,María Luisa Pavlovsky,pavlovsky,argentina,4,4,0,0,0,2,2,0,0,,
4539,María Mercedes Pino Chávez,vicuña,chile,4,2,2,1,0,2,1,0,0,,
4542,María Michelsen de López,lópez,colombia,4,2,2,1,0,2,1,0,0,,
4558,María Saturnina Bárbara de Otálora y Ribero,otálora,argentina,4,4,0,1,0,1,2,0,0,,
4576,María Wiesse,portocarrero_perú,peru,4,4,0,1,0,1,2,0,0,,
4595,Marcelino Escalada Baldez,escalada_(de_burgos),uruguay,4,1,3,1,0,2,1,0,1,,argentina
4597,Marcelino Uribe Arango,restrepo,colombia,4,3,1,1,0,1,2,2,0,urdaneta,
4598,Marcelino Uribe Botero,urdaneta,colombia,4,2,2,1,0,2,1,2,0,restrepo,
4618,Marco Avellaneda,avellaneda,argentina,4,4,0,0,0,1,3,0,0,,
4620,Marco Fidel Suárez,barrientos,colombia,4,3,1,1,0,1,2,0,0,,
4632,Margarita Diez y Pombo,arroyo,colombia,4,3,1,1,0,2,1,0,0,,
4638,Margarita Lozano Ortiz,lozano,colombia,4,2,2,1,0,1,2,0,0,,
4644,Mariana Aylwin,aylwin,chile,4,3,1,1,0,2,1,0,0,,
4646,Mariana Carcelén,sucre,ecuador,4,1,3,1,0,2,1,0,1,,colombia
4667,Mariano Felipe Paz Soldán,paz_soldán,peru,4,2,2,0,0,3,1,0,0,,
4684,Mariano Ospina Vásquez,ospina,colombia,4,3,1,1,0,2,1,0,0,,
4691,Mariano Puga Vega,concha_chile,chile,4,4,0,1,0,2,1,0,0,,
4693,Mariano Saavedra,otálora,argentina,4,3,1,1,0,2,1,0,0,,
4695,Mariano Severo Balcarce,balcarce,argentina,4,3,1,1,0,2,1,0,0,,
4696,Mariano Tanco,argáez,colombia,4,3,1,1,0,1,2,1,0,cordovéz,
4709,Marino Podestá,podestá,argentina,4,4,0,0,0,2,2,0,0,,
4713,Mario Cafiero,cafiero,argentina,4,2,2,1,0,1,2,0,0,,
4717,Mario Heber,heber,uruguay,4,2,2,1,0,2,1,0,0,,
4719,Mario Horton,walker_chile,chile,4,3,1,1,2,1,0,0,0,,
4720,Mario Laserna Pinzón,laserna,colombia,4,1,3,1,1,1,1,0,0,,
4765,Martín Cortés Zúñiga,moctezuma,mexico,4,3,1,1,0,1,2,1,3,pizarro,"chile, colombia"
4776,Martín Soria,soria,argentina,4,4,0,0,0,2,2,0,0,,
4784,Marta Cruz-Coke,cruz_chile,chile,4,3,1,1,0,1,2,0,0,,
4808,Mateo de Toro-Zambrano y Ureta,valdés_chile,chile,4,2,2,1,0,2,1,0,0,,
4811,Mateo de la Cruz,cruz_chile,chile,4,2,2,1,0,1,2,0,0,,
4815,Matilde Ibáñez Tálice,batlle,argentina,4,3,1,1,0,1,2,3,3,saavedra,uruguay
4820,Matilde Rodríguez Larreta,rodríguez_larreta,uruguay,4,2,2,1,0,2,1,0,1,,argentina
4842,Maximiliano Duque,ospina,colombia,4,2,2,1,0,2,1,0,0,,
4844,Maya Fernández,allende,chile,4,2,2,1,0,1,2,0,0,,
4868,Mercedes Delgado Mallarino,mallarino,colombia,4,2,2,1,0,1,2,0,0,,
4880,Mercedes Tomasa San Martín y Escalada,balcarce,argentina,4,4,0,1,0,2,1,0,0,,
4881,Mercedes Valdés,valdés_chile,chile,4,2,2,1,0,2,1,0,0,,
4882,Mercedes Valdés,valdés_chile,chile,4,2,2,1,0,2,1,0,0,,
4884,Merlina Licht,borensztein,argentina,4,1,3,1,0,2,1,0,0,,
4886,Micaela Cousiño Quiñones de León,cousiño,chile,4,0,4,1,0,2,1,0,0,,
4888,Michael Kast,kast,chile,4,3,1,1,0,1,2,0,0,,
4889,Michael Lindsay-Hogg,lópez_negrete,mexico,4,2,2,1,0,2,1,0,0,,
4900,Miguel Alemán Velasco,alemán,mexico,4,4,0,1,0,3,0,0,0,,
4901,Miguel Alfonso de la Espriella,de_la_espriella,colombia,4,1,3,1,0,2,1,0,0,,
4902,Miguel Allamand,allamand,chile,4,3,1,1,0,2,1,1,1,calderón_hinojosa,mexico
4905,Miguel Antonio Checa Eguiguren,eguiguren,peru,4,3,1,1,0,2,1,0,0,,
4910,Miguel Arroyo Hurtado,arroyo,colombia,4,4,0,1,0,2,1,0,0,,
4928,Miguel Estenssoro Rojas,estenssoro,bolivia,4,0,4,1,0,2,1,0,0,,
4932,Miguel Francisco de Villegas,villegas,argentina,4,3,1,1,0,3,0,0,0,,
4936,Miguel Gerónimo Seminario y Jaime,seminario,peru,4,4,0,0,0,2,2,0,0,,
4942,Miguel López Pumarejo,lópez,colombia,4,2,2,1,0,2,1,0,0,,
4950,Miguel Luis Amunátegui,amunátegui,chile,4,4,0,0,0,2,2,0,0,,
4951,Miguel Mariano de Villegas,villegas,argentina,4,2,2,1,0,3,0,0,0,,
4956,Miguel Mujica Gallo,mujica,peru,4,2,2,1,0,1,2,0,0,,
4967,Miguel Uribe Londoño,quintero,colombia,4,3,1,2,0,1,1,1,0,turbay,
4969,Miguel Urrutia Montoya,arboleda,colombia,4,2,2,1,0,1,2,0,0,,
4970,Miguel Vásquez Barrientos,barrientos,colombia,4,2,2,1,0,1,2,0,0,,
4973,Miguel Wenceslao de Angulo,angulo,colombia,4,1,3,1,0,2,1,0,0,,
4983,Misael Pastrana,borrero,colombia,4,4,0,1,0,1,2,0,0,,
4990,Morgana Vargas Llosa,vargas_llosa,peru,4,2,2,1,0,2,1,0,0,,
4996,Néstor Kirchner,kirchner,argentina,4,4,0,1,0,2,1,0,0,,
4999,Nancy Colmenares,chávez,venezuela,4,3,1,2,0,1,1,0,0,,
5000,Nancy Colmenares,chávez,venezuela,4,3,1,1,0,2,1,0,0,,
5003,Napoleón Uriburu,álvarez_de_arenales,argentina,4,4,0,0,0,2,2,0,0,,
5005,Narciso Fernandini,fernandini,peru,4,0,4,1,0,2,1,0,0,,
5029,Nicanor Parra,parra_chile,chile,4,3,1,1,0,3,0,0,0,,
5030,Nicanor Restrepo Restrepo,jaramillo_colombia,colombia,4,3,1,1,0,2,1,0,0,,
5031,Nicanor Restrepo Santamaría,restrepo,colombia,4,2,2,1,0,1,2,2,0,jaramillo_colombia,
5040,Nicolás Freire,freire,peru,4,1,3,1,0,2,1,0,0,,
5044,Nicolás Jiménez de Lobatón y Azaña,jiménez_de_lobatón,peru,4,4,0,0,0,2,2,0,0,,
5048,Nicolás Maduro,maduro,venezuela,4,4,0,1,0,2,1,0,0,,
5057,Nicolás Sanz de Santamaría,prieto,chile,4,3,1,1,0,2,1,3,3,galeano,colombia
5058,Nicolás Tanco,argáez,colombia,4,3,1,1,0,2,1,0,0,,
5063,Nicolás de Piérola,piérola,peru,4,3,1,1,0,1,2,0,0,,
5073,Noel Werthein,werthein,argentina,4,2,2,0,0,2,2,0,0,,
5074,Nohra Puyana de Pastrana,borrero,colombia,4,2,2,2,0,1,1,0,0,,
5077,Norah Borges,lafinur,argentina,4,3,1,1,0,2,1,0,0,,
5084,Numa Pompilio Llona,llona,ecuador,4,3,1,1,0,1,2,0,1,,peru
5096,Olga de Grecia,ulloa,peru,4,2,2,0,0,2,2,0,0,,
5114,Osvaldo Hiriart,pinochet,chile,4,2,2,1,0,2,1,0,0,,
5123,Ovidio Guzmán López,coronel_méxico,mexico,4,2,2,1,0,1,2,0,0,,
5127,Pío Tristán,tristán_del_pozo,peru,4,2,2,0,0,3,1,2,0,echenique,
5135,Pablo Escobar,escobar_gaviria,colombia,4,1,3,1,1,1,1,0,0,,
5140,Pablo Larraín,matte,chile,4,4,0,1,0,2,1,0,0,,
5154,Paul von Metternich,carvajal_y_vargas,chile,4,3,1,1,0,1,2,0,0,,
5170,Paloma Valencia,laserna,colombia,4,2,2,1,0,1,2,0,0,,
5186,Pastor Ospina Rodríguez,ospina,colombia,4,2,2,1,0,2,1,0,0,,
5190,Patty Chirinos,chirinos,peru,4,2,2,1,0,1,2,0,0,,
5196,Patricia Phelps de Cisneros,cisneros_venezuela,venezuela,4,3,1,1,0,2,1,0,0,,
5205,Patricio Hales,hales,chile,4,2,2,1,0,1,2,0,0,,
5206,Patricio Larraín Alcalde,gandarillas,chile,4,2,2,1,0,1,2,0,0,,
5214,Patrick Bouvier Kennedy,onassis,argentina,4,4,0,0,0,2,2,0,0,,
5217,Patrocinio González Garrido,ortiz_mena,mexico,4,3,1,1,0,2,1,0,0,,
5226,Paulina Veloso Valenzuela,veloso,chile,4,3,1,1,0,2,1,0,0,,
5239,Pedro Agustín de Valencia,valencia,colombia,4,0,4,1,0,2,1,0,0,,
5240,Pedro Alcántara Herrán,arboleda,colombia,4,2,2,1,0,2,1,0,0,,
5244,Pedro Alonso Niño González,niño,colombia,4,1,3,1,0,2,1,0,0,,
5251,Pedro Astete Núñez,astete,peru,4,4,0,0,0,2,2,0,0,,
5266,Pedro Demetrio O'Higgins,cruz_chile,chile,4,3,1,0,0,2,2,0,0,,
5268,Pedro Félix Vicuña,mackenna,chile,4,4,0,1,0,2,1,0,0,,
5270,Pedro Felipe de Valencia,valencia,colombia,4,1,3,1,0,2,1,0,0,,
5273,Pedro García de la Huerta Izquierdo,matte,chile,4,2,2,1,0,2,1,0,0,,
5275,Pedro Groot,groot,colombia,4,2,2,1,0,1,2,0,0,,
5282,Pedro José Bustamante y Alvizuri,diez_canseco,peru,4,1,3,1,0,2,1,1,0,bustamante,
5284,Pedro Justo Berrío,berrío,colombia,4,2,2,1,0,2,1,0,0,,
5286,Pedro Luis de Borja,borja,colombia,4,2,2,1,0,1,2,0,0,,
5289,Pedro María Carreño,carreño,colombia,4,2,2,1,0,2,1,0,0,,
5290,Pedro María Rivas Vicuña,vicuña,chile,4,0,4,1,0,2,1,0,0,,
5295,Pedro Montt,montt,chile,4,4,0,1,0,2,1,0,0,,
5307,Pedro Paz-Soldán Ureta,paz_soldán,peru,4,1,3,1,0,2,1,0,0,,
5314,Pedro Rosas y Belgrano,belgrano,argentina,4,3,1,1,0,2,1,0,0,,
5320,Pedro Yrigoyen Diez Canseco,diez_canseco,peru,4,3,1,1,0,1,2,0,0,,
5324,Pedro de Osma y Pardo,osma,peru,4,0,4,1,0,2,1,0,0,,
5326,Pedro de Toledo y Leiva,leyva,colombia,4,2,2,1,0,1,2,0,0,,
5327,Pedro de Yrigoyen y Loyola,diez_canseco,peru,4,2,2,1,0,2,1,0,0,,
5363,Porfirio Vásquez,vásquez,peru,4,3,1,1,0,1,2,0,0,,
5371,Primo Groot,groot,colombia,4,4,0,0,0,2,2,0,0,,
5376,Prudencio Rosas,ortiz_de_rozas,argentina,4,3,1,1,0,2,1,3,0,garcía-mansilla,
5380,Quispe Sisa,pizarro,chile,4,3,1,1,0,2,1,0,0,,
5382,Rómulo Ferrero Rebagliati,ferrero,peru,4,0,4,1,0,2,1,0,0,,
5385,Raúl Barón Biza,sabattini,argentina,4,4,0,2,0,1,1,0,0,,
5388,Raúl Bolaños Cacho Guzmán,bolaños_cacho,mexico,4,4,0,0,0,2,2,0,0,,
5397,Raúl Fontaina Islas,fontaina,uruguay,4,2,2,1,0,1,2,0,0,,
5411,Raúl Salinas Lozano,salinas,mexico,4,3,1,1,0,0,3,0,0,,
5421,Rafael Belaúnde Diez-Canseco,belaúnde,peru,4,3,1,1,0,1,2,0,0,,
5432,Rafael Elías González,elías-calles,mexico,4,0,4,1,0,2,1,0,0,,
5433,Rafael Errázuriz Echaurren,echaurren,chile,4,3,1,1,0,2,1,0,0,,
5480,Raimundo Larraín Covarrubias,valdés_chile,chile,4,2,2,1,0,2,1,0,0,,
5482,Ramón Barros Luco,valdés_chile,chile,4,2,2,2,0,1,1,0,0,,
5484,Ramón Saadi,saadi,argentina,4,2,2,1,0,1,2,0,0,,
5498,Ramón Ribeyro,ribeyro,peru,4,4,0,0,0,2,2,0,0,,
5513,Raymundo Morales de la Torre,benavides_perú,peru,4,2,2,1,0,2,1,0,0,,
5515,Rebeca Matte,bello,chile,4,4,0,1,0,2,1,0,0,,
5523,Remigio Morales Bermúdez Sánchez,llosa,peru,4,3,1,1,0,1,2,1,0,morales_bermúdez,
5524,René Benavides,benavides_chile,chile,4,1,3,1,0,2,1,0,0,,
5531,Ricardo Bentín Sánchez,mujica,peru,4,3,1,1,0,2,1,0,0,,
5534,Ricardo Carrasquilla,nariño,colombia,4,1,3,1,0,2,1,0,0,,
5537,Ricardo Cruzat Hurtado,cruzat,chile,4,0,4,1,0,2,1,0,0,,
5552,Ricardo León Velarde,león-velarde,peru,4,3,1,1,0,2,1,0,0,,
5555,Ricardo Matte Pérez,matte,chile,4,2,2,1,0,1,2,2,0,bello,
5556,Ricardo Melgar Bao,melgar,peru,4,0,4,1,0,2,1,0,0,,
5560,Ricardo Portocarrero Caicedo,soublette,colombia,4,3,1,0,0,3,1,3,0,"caicedo, lozano",
5562,Ricardo Rivera Schreiber,schreiber,peru,4,0,4,1,0,2,1,0,0,,
5574,Ricardo Zuloaga,tovar,venezuela,4,1,3,1,0,2,1,0,0,,
5580,Rita Hayworth,lópez_negrete,mexico,4,1,3,2,0,1,1,0,0,,
5586,Roberto Angelini,angelini,chile,4,3,1,1,0,1,2,1,0,vicuña,
5587,Roberto Camacho Weberberg,camacho,colombia,4,2,2,1,0,1,2,0,0,,
5596,Roberto Gómez Fernández,bolaños_cacho,mexico,4,4,0,2,0,1,1,0,0,,
5605,Roberto Pizano,brigard,colombia,4,2,2,1,0,2,1,0,0,,
5608,Roberto Rocca,rocca,argentina,4,3,1,1,0,2,1,0,0,,
5611,Roberto Urdaneta,urdaneta,colombia,4,4,0,1,0,1,2,3,0,caro,
5614,Rocío Banquells,pinal_hidalgo,mexico,4,3,1,1,0,2,1,0,0,,
5632,Rodrigo Lloreda Caicedo,caicedo,colombia,4,4,0,1,0,1,2,4,0,cabal,
5633,Rodrigo Lloreda Caicedo,cabal,colombia,4,4,0,1,0,2,1,0,0,,
5635,Rodrigo Obregón,obregón,colombia,4,3,1,1,0,2,1,0,0,,
5646,Rogelio Julio Frigerio,frigerio,argentina,4,2,2,1,0,2,1,0,0,,
5653,Rollin Thorne Sologuren,thorne,peru,4,2,2,1,0,2,1,0,0,,
5657,Romina Yan,yankelevich,argentina,4,3,1,1,0,2,1,0,0,,
5662,Roque Benavides,benavides_perú,peru,4,3,1,1,0,1,2,0,0,,
5679,Rosalía Valdés,valdés,mexico,4,3,1,1,0,2,1,0,0,,
5684,Rosario Puga,cruz_chile,chile,4,2,2,1,1,1,1,0,0,,
5698,Rufina Cambaceres,cambaceres,argentina,4,4,0,0,0,2,2,0,0,,
5721,Salvador Allende,allende,chile,4,4,0,1,0,1,2,0,0,,
5722,Salvador Camacho Roldán,camacho,colombia,4,1,3,1,0,2,1,1,1,ureta,peru
5726,Salvador Sanfuentes,sanfuentes,chile,4,4,0,0,0,2,2,0,0,,
5728,Salvador de Iturbide y Marzán,iturbide,mexico,4,1,3,1,0,2,1,0,0,,
5732,Samuel Moreno,rojas,colombia,4,3,1,1,0,2,1,0,0,,
5749,Santiago Antúnez de Mayolo,antúnez,peru,4,4,0,2,0,1,1,0,1,,chile
5779,Santiago de Larraín y Vicuña,vicuña,chile,4,0,4,1,0,2,1,0,0,,
5781,Santos Acosta,acosta_del_castillo,colombia,4,1,3,1,0,2,1,1,0,samper,
5789,Sarah Jessica Parker,onassis,argentina,4,1,3,1,2,1,0,0,0,,
5801,Sebastián Lerdo de Tejada,lerdo_de_tejada,mexico,4,0,4,1,0,2,1,0,0,,
5805,Sebastián Salazar Bondy,salazar_y_meléndez,peru,4,1,3,1,0,2,1,0,1,,argentina
5807,Sebastián de Aliaga y Colmenares,aliaga,peru,4,4,0,0,0,2,2,0,0,,
5808,Sebastián de Segurola,segurola,argentina,4,0,4,1,0,2,1,0,0,,
5814,Serapio de Tezanos Pinto,pinto_chile,argentina,4,2,2,1,0,1,2,1,1,garcía-huidobro,chile
5817,Sergio Bitar,bitar,chile,4,3,1,1,0,2,1,0,0,,
5821,Sergio Fajardo,holguín,colombia,4,2,2,1,1,1,1,0,0,,
5826,Sergio Saavedra,velasco_chile,chile,4,1,3,1,0,3,0,0,0,,
5839,Silvestre Ochagavía Errázuriz,echaurren,chile,4,2,2,1,0,2,1,0,0,,
5846,Silvia Núñez del Arco,santiago_concha,peru,4,1,3,1,0,2,1,1,0,orbegoso,
5853,Simón Arboleda,arboleda,colombia,4,1,3,1,0,2,1,0,0,,
5855,Simón Elías González,elías-gonzález,mexico,4,0,4,1,0,2,1,0,0,,
5864,Sinforoso Mutis Consuegra,mutis,colombia,4,0,4,1,0,2,1,0,0,,
5866,Sixto Villegas,villegas,argentina,4,2,2,1,0,2,1,0,0,,
5883,Sonia Osorio,obregón,colombia,4,4,0,1,0,2,1,0,0,,
5890,Stephanie Salas,pinal_hidalgo,mexico,4,4,0,0,1,1,2,0,0,,
5891,Sully Sáenz,vértiz,peru,4,2,2,1,2,0,1,1,0,acuña,
5902,Susana Villarán,lavalle,peru,4,1,3,1,0,2,1,0,0,,
5904,Sybila Arredondo,bustamante,chile,4,4,0,2,0,1,1,3,1,mendoza_ladrón_de_guevara,peru
5905,Sylvia Pasquel,pinal_hidalgo,mexico,4,3,1,1,0,2,1,0,0,,
5914,Taliana Vargas,caicedo,colombia,4,3,1,2,0,1,1,1,0,eder,
5924,Tatiana Schlossberg,onassis,argentina,4,3,1,1,0,2,1,0,0,,
5938,Teresa Carreño,carreño,venezuela,4,3,1,1,0,1,2,2,1,toro_venezuela,colombia
5942,Teresa Lozano e Isasi,ayala,colombia,4,4,0,1,0,2,1,1,0,álvarez_del_casal,
5945,Teresa Morales de Gómez,barrientos,colombia,4,2,2,1,0,1,2,0,0,,
5950,Teresa Wilms Montt,montt,chile,4,0,4,1,0,2,1,0,0,,
5952,Thania Vega,vega,colombia,4,4,0,2,0,1,1,0,0,,
5955,Tiburcia Haedo,paz,argentina,4,1,3,1,0,2,1,0,0,,
5957,Tilsa Lozano,vértiz,argentina,4,2,2,1,2,0,1,1,2,polar,peru
5981,Tomás Rueda Vargas,caro,colombia,4,2,2,1,0,2,1,0,0,,
5999,Toribio Alarco,alarco,peru,4,2,2,1,0,2,1,0,0,,
6001,Totón Podestá,podestá,argentina,4,4,0,0,0,2,2,0,0,,
6017,Víctor Andrés Belaúnde,belaúnde,peru,4,3,1,1,0,1,2,0,0,,
6039,Víctor Mosquera Chaux,chaux,colombia,4,1,3,1,0,2,1,1,0,arboleda,
6070,Vicente Barrios,lópez_carrillo,paraguay,4,0,4,1,0,2,1,0,0,,
6072,Vicente Boric,boric,chile,4,0,4,1,0,2,1,0,0,,
6095,Victor Caro,azuola,colombia,4,2,2,1,0,2,1,1,0,caicedo,
6102,Victoria Saravia,saravia,uruguay,4,4,0,0,3,1,0,0,1,,argentina
6105,Victoria Tristán de Echenique,echenique,peru,4,4,0,1,0,1,2,4,0,tristán_del_pozo,
6112,Vidal García y García,garcía_y_garcía,peru,4,0,4,1,0,2,1,0,0,,
6119,Virgilio Barco,barco,colombia,4,3,1,1,0,2,1,0,0,,
6121,Virgilio Barco Martínez,barco,colombia,4,0,4,1,1,1,1,0,0,,
6142,Wenceslao Ibáñez,ibáñez_colombia,colombia,4,1,3,1,0,2,1,0,0,,
6163,Zenón de Pombo,o'donnell,colombia,4,2,2,1,0,1,2,0,0,,
2,Álvaro Alcalá-Galiano y Osma,valencia,colombia,3,1,2,0,0,2,1,0,0,,
9,Álvaro H. Caicedo,caicedo,colombia,3,0,3,1,0,1,1,0,0,,
12,Álvaro Leyva,durán_colombia,colombia,3,1,2,1,0,1,1,0,0,,
16,Álvaro Mutis,mutis,colombia,3,2,1,1,0,1,1,0,0,,
21,Álvaro Rudolphy,cruz-coke,chile,3,1,2,0,2,1,0,0,0,,
27,Álvaro de Soto,polar,peru,3,2,1,1,0,1,1,0,0,,
31,Ángel Gallardo,ortiz_basualdo,argentina,3,0,3,1,0,1,1,0,0,,
41,Ángel de Iturbide y Huarte,iturbide,chile,3,2,1,1,0,1,1,0,2,,mexico
44,Ángela Jeria,bachelet,chile,3,2,1,1,0,1,1,0,0,,
45,Ángela Montoya Holguín,holguín,colombia,3,0,3,1,0,1,1,0,0,,
46,Ángela Ospina de Nicholls,ospina,colombia,3,1,2,1,0,1,1,0,0,,
54,Élide Brero,pinasco,peru,3,2,1,1,0,1,1,0,0,,
55,Íñigo de Borja y Velasco,borja,colombia,3,0,3,0,0,2,1,0,0,,
61,Óscar Miró Quesada de la Guerra,miró_quesada,peru,3,2,1,1,0,1,1,0,0,,
63,Óscar Parra,parra_chile,chile,3,1,2,1,0,1,1,0,0,,
64,Óscar Pinochet de la Barra,pinochet,chile,3,0,3,1,0,1,1,0,0,,
66,Óscar Ruiz-Tagle Humeres,ruiz-tagle,chile,3,0,3,1,0,1,1,0,0,,
67,Óscar Trelles Montes,trelles,peru,3,2,1,1,0,1,1,0,0,,
75,Abel A. Luna Mujica,luna,peru,3,0,3,1,0,1,1,0,0,,
76,Abel Casabianca,camacho,colombia,3,2,1,1,0,1,1,0,0,,
85,Adán Chávez,chávez,venezuela,3,2,1,1,0,2,0,0,0,,
91,Adolfo Ballivián,ballivián,bolivia,3,2,1,1,0,1,1,0,0,,
93,Adolfo Bioy Casares,ocampo,argentina,3,2,1,1,0,1,1,0,0,,
94,Adolfo Bioy Domecq,ocampo,argentina,3,2,1,1,0,1,1,0,0,,
100,Adolfo López Mateos,mateos,mexico,3,2,1,1,0,1,1,0,0,,
101,Adolfo León Gómez,acevedo_colombia,colombia,3,0,3,1,0,1,1,0,0,,
104,Adolfo Rodríguez Saá,rodríguez_saá,argentina,3,1,2,1,0,1,1,1,0,"rodríguez_(san_luis,_argentina)",
108,Adolfo Veloso,veloso,chile,3,0,3,1,0,1,1,0,0,,
109,Adolfo Zaldívar,vicuña,chile,3,3,0,1,0,1,1,2,0,zaldívar,
114,Adriana Cisneros,cisneros_venezuela,venezuela,3,2,1,1,0,2,0,0,0,,
124,Agustín Edwards Eastman,edwards,chile,3,2,1,1,0,1,1,1,0,concha_chile,
125,Agustín Edwards Mac-Clure,edwards,chile,3,2,1,1,0,1,1,0,0,,
129,Agustín Haya de la Torre,de_la_torre,peru,3,2,1,1,0,1,1,0,0,,
133,Agustín Morales Olaya,olaya,colombia,3,0,3,1,0,1,1,0,0,,
140,Agustín de Escalada Iriondo,escalada_(de_burgos),argentina,3,1,2,1,0,1,1,0,0,,
141,Agustín de Iriondo Candioti,candioti,argentina,3,1,2,1,0,1,1,0,0,,
155,Alberto Bachelet,bachelet,chile,3,3,0,1,0,1,1,0,0,,
163,Alberto Benegas Lynch (padre),benegas,argentina,3,2,1,1,0,1,1,1,1,montt,chile
165,Alberto Camacho Leyva,camacho,colombia,3,1,2,1,0,1,1,0,0,,
172,Alberto Edwards Vives,edwards,chile,3,0,3,1,0,1,1,0,0,,
173,Alberto Elmore,elmore,peru,3,2,1,1,0,1,1,0,0,,
179,Alberto Gallinal Heber,heber,uruguay,3,1,2,1,0,1,1,0,0,,
185,Alberto Labbé Troncoso,galilea,chile,3,3,0,0,0,1,2,0,0,,
193,Alberto Montoya Puyana,puyana,colombia,3,0,3,1,0,1,1,0,0,,
195,Alberto Montt Montt,montt,chile,3,2,1,1,0,2,0,0,0,,
199,Alberto Pumarejo,pumarejo,colombia,3,1,2,1,0,1,1,0,0,,
202,Alberto Rodríguez Saá,rodríguez_saá,argentina,3,2,1,1,0,1,1,2,0,"rodríguez_(san_luis,_argentina)",
207,Alberto Ulloa Cisneros,cisneros,peru,3,2,1,1,0,1,1,0,0,,
209,Alberto Undurraga,vicuña,chile,3,1,2,1,0,1,1,0,0,,
210,Alberto Urdaneta,urdaneta,colombia,3,0,3,1,0,2,0,0,0,,
216,Alberto Valdivieso Araos,valdivieso,chile,3,0,3,1,0,1,1,0,0,,
224,Alberto de Belaúnde,belaúnde,peru,3,2,1,1,0,1,1,0,0,,
231,Aleida Guevara,guevara,argentina,3,3,0,0,0,2,1,0,0,,
232,Aleida March,guevara,argentina,3,3,0,1,0,1,1,0,0,,
235,Alejandra Guzmán,pinal_hidalgo,mexico,3,1,2,1,0,2,0,0,0,,
242,Alejandro Awada,awada,argentina,3,1,2,1,0,1,1,0,0,,
248,Alejandro Cabal Pombo,cabal,colombia,3,0,3,1,0,1,1,0,0,,
253,Alejandro Char,char,colombia,3,2,1,1,0,1,1,0,0,,
254,Alejandro Ciangherotti,soler,argentina,3,3,0,1,0,0,2,0,2,,mexico
258,Alejandro Eder,eder,colombia,3,3,0,1,0,1,1,3,0,caicedo,
266,Alejandro Garretón,garretón,chile,3,1,2,1,0,1,1,0,0,,
268,Alejandro Hales,hales,chile,3,1,2,1,0,1,1,0,0,,
270,Alejandro López de Romaña,bustamante,peru,3,0,3,1,0,2,0,0,0,,
272,Alejandro Luna Ledesma,sodi,mexico,3,3,0,1,0,1,1,0,0,,
274,Alejandro Miró-Quesada Cisneros,cisneros,peru,3,1,2,1,0,1,1,0,0,,
277,Alejandro Obregón,obregón,colombia,3,2,1,1,0,1,1,0,0,,
278,Alejandro Osorio Uribe,nariño,colombia,3,2,1,1,0,1,1,0,0,,
283,Alejandro Santos,calderón_colombia,colombia,3,2,1,1,0,1,1,0,0,,
285,Alejandro Tudela Chopitea,miró_quesada,peru,3,0,3,1,0,1,1,0,0,,
296,Alessandra Guerzoni,portales,chile,3,2,1,1,1,1,0,0,0,,
297,Alessandra Rosaldo,derbez,mexico,3,2,1,1,1,0,1,0,0,,
298,Alessandra de Osma,osma,peru,3,1,2,1,0,1,1,0,0,,
300,Alessia Rovegno,cayo,peru,3,2,1,0,1,1,1,0,0,,
302,Alex Fort Brescia,brescia,peru,3,0,3,1,0,1,1,0,0,,
304,Alexandra Moreno Piraquive,piraquive,colombia,3,2,1,0,0,2,1,0,0,,
311,Alfonso Dávila Ortiz,dávila,colombia,3,1,2,1,0,1,1,0,0,,
312,Alfonso Esguerra Gómez,esguerra,colombia,3,0,3,1,0,1,1,0,0,,
320,Alfonso Reyes Echandía,echandía,colombia,3,1,2,1,0,1,1,0,0,,
322,Alfonso Valdivieso,galán,colombia,3,1,2,1,0,1,1,1,1,valdivieso,chile
324,Alfonso de los Heros,de_los_heros,peru,3,1,2,1,0,1,1,0,0,,
325,Alfredo Álvarez-Calderón,álvarez_calderón,peru,3,1,2,1,0,1,1,0,0,,
331,Alfredo Boulton,boulton_venezuela,venezuela,3,0,3,1,0,1,1,0,0,,
334,Alfredo Díaz Ordaz,díaz_ordaz,mexico,3,3,0,0,1,2,0,0,0,,
336,Alfredo Etcheberry,etcheberry,chile,3,0,3,1,0,1,1,0,0,,
339,Alfredo Ferrero Diez-Canseco,diez_canseco,peru,3,0,3,1,0,1,1,0,0,,
340,Alfredo Ferreyros Ayulo,ferreyros,peru,3,2,1,1,0,1,1,0,0,,
343,Alfredo González Prada,de_la_puente,peru,3,2,1,1,0,2,0,0,0,,
348,Alfredo Portales Mourgues,portales,chile,3,0,3,1,0,2,0,0,0,,
352,Alfredo Schmidt,schmidt,chile,3,1,2,1,0,1,1,0,0,,
353,Alfredo Thorne,thorne,peru,3,1,2,1,0,1,1,0,0,,
355,Alfredo Vásquez Cobo,carrizosa,colombia,3,1,2,1,0,1,1,0,0,,
356,Alfredo Vázquez Carrizosa,carrizosa,colombia,3,2,1,1,0,1,1,0,0,,
357,Alfredo del Mazo González,del_mazo,mexico,3,3,0,1,0,1,1,1,1,ureta,peru
358,Alfredo del Mazo Maza,del_mazo,mexico,3,2,1,1,0,1,1,0,0,,
371,Alma Dayer LeBaron,lebaron,mexico,3,0,3,1,0,1,1,0,0,,
377,Alonso Alegría Amézquita,alegría,peru,3,1,2,1,0,1,1,0,0,,
385,Alonso II de Fonseca,ulloa,peru,3,3,0,0,0,1,2,0,1,,chile
387,Alonso López de Mayorga,olmos,colombia,3,0,3,1,0,1,1,0,0,,
401,Amado Sapag,sapag,argentina,3,1,2,1,0,1,1,0,0,,
404,Amalia Amoedo,fortabat,argentina,3,3,0,0,0,2,1,0,0,,
405,Amalia Lacroze de Fortabat,fortabat,argentina,3,2,1,1,0,1,1,0,0,,
406,Amalia Larraín y Vicuña,vicuña,chile,3,0,3,1,0,2,0,0,0,,
408,Amancio Williams,bunge,argentina,3,2,1,1,0,1,1,0,0,,
409,Ambrosio López,lópez,colombia,3,1,2,1,0,1,1,0,0,,
410,Ambrosio Montt Luco,montt,chile,3,3,0,1,0,1,1,0,0,,
419,Amparo Ballivián,ballivián,bolivia,3,0,3,1,0,2,0,0,0,,
440,Ana María Barrenechea Grünwald,barrenechea_chile,chile,3,1,2,1,0,1,1,0,0,,
441,Ana María Busquets,cano,colombia,3,3,0,1,0,1,1,0,0,,
443,Ana María Gazmuri,vicuña,chile,3,2,1,1,1,0,1,0,0,,
444,Ana María Groot,groot,colombia,3,1,2,1,0,1,1,0,0,,
445,Ana María Huarte,iturbide,mexico,3,0,3,0,0,2,1,0,0,,
446,Ana María Orozco,del_solar,colombia,3,2,1,1,1,1,0,0,1,,peru
450,Ana María Vicuña,vicuña,chile,3,3,0,0,0,2,1,0,0,,
452,Ana Mercedes Gómez,gómez_martínez,colombia,3,2,1,1,0,1,1,0,0,,
453,Ana Monterroso de Lavalleja,lavalleja,uruguay,3,1,2,1,0,1,1,0,0,,
454,Ana Monterroso de Lavalleja,lavalleja,uruguay,3,1,2,1,0,1,1,0,0,,
462,Anacleto Clemente Bolívar,palacios_venezuela,venezuela,3,2,1,1,0,1,1,2,0,toro_venezuela,
464,Andrés Allamand,allamand,chile,3,3,0,1,0,1,1,0,0,,
465,Andrés Aramburú Menchaca,aramburú,peru,3,2,1,1,0,1,1,0,0,,
470,Andrés Aylwin,aylwin,chile,3,2,1,1,0,1,1,0,0,,
476,Andrés Concha,concha_chile,chile,3,0,3,1,0,1,1,0,0,,
484,Andrés Martínez de Orihuela,orihuela,peru,3,0,3,1,0,2,0,0,0,,
486,Andrés Palma,vicuña,chile,3,2,1,1,0,1,1,0,0,,
487,Andrés Pardo Tovar,álvarez_del_casal,colombia,3,0,3,1,0,1,1,0,0,,
488,Andrés Pascal Allende,allende,chile,3,2,1,1,0,1,1,0,0,,
491,Andrés Pedraza,billinghurst,argentina,3,3,0,1,0,1,1,0,0,,
497,Andrés Townsend,diez_canseco,peru,3,1,2,1,0,1,1,0,0,,
499,Andrés Velasco Brañes,velasco_chile,chile,3,2,1,1,0,1,1,0,0,,
506,Andrés de Salazar y Muñatones,salazar_y_muñatones,peru,3,3,0,0,0,1,2,0,0,,
511,Andrónico Lukšić Craig,fontbona,chile,3,2,1,1,0,1,1,1,0,luksic,
520,Anel Townsend,diez_canseco,peru,3,2,1,1,0,1,1,0,0,,
527,Anita Fernandini de Naranjo,álvarez_calderón,peru,3,1,2,1,0,1,1,0,0,,
530,Anna Chiappe,mariátegui,peru,3,3,0,1,0,0,2,0,0,,
531,Annabella Azín,noboa,ecuador,3,3,0,1,0,1,1,0,0,,
540,Antonia Maza,maza,argentina,3,3,0,1,0,1,1,0,0,,
543,Antonia Santa María,monckeberg,chile,3,0,3,1,0,1,1,0,0,,
556,Antonio Baraya,ricaurte,colombia,3,0,3,1,0,2,0,0,0,,
557,Antonio Basilio Cuervo,cuervo,colombia,3,2,1,1,0,1,1,0,0,,
559,Antonio Belaúnde Moreyra,belaúnde,peru,3,1,2,1,0,1,1,0,0,,
562,Antonio Cafiero,cafiero,argentina,3,2,1,1,0,0,2,0,0,,
563,Antonio Calzada Urquíza,rovirosa,mexico,3,2,1,0,0,2,1,0,0,,
568,Antonio Dellepiane,avellaneda,argentina,3,0,3,1,0,2,0,0,0,,
578,Antonio González Manrique,manrique,colombia,3,0,3,1,0,2,0,0,0,,
582,Antonio Guzmán Blanco,blanco_venezuela,colombia,3,2,1,1,0,1,1,0,2,,venezuela
599,Antonio Morales Galavis,galvis_galavís,colombia,3,0,3,1,0,2,0,0,0,,
600,Antonio Nariño,álvarez_del_casal,colombia,3,3,0,1,0,0,2,0,0,,
605,Antonio París Ricaurte,parís,colombia,3,3,0,0,0,2,1,0,0,,
611,Antonio Sánchez Granados,díaz_granados,ecuador,3,0,3,1,0,2,0,0,0,,
612,Antonio Samper Uribe,samper,colombia,3,1,2,1,0,1,1,0,1,,argentina
624,Antonio de Mier y Celis,mier_y_terán,mexico,3,1,2,1,0,2,0,0,0,,
625,Antonio de Ulloa,remírez_de_laredo,peru,3,3,0,0,0,2,1,0,0,,
627,Antonio de Vergara Azcárate,vergara-azcárate,colombia,3,2,1,1,0,1,1,2,0,olmos,
629,Antonio de la Rúa,de_la_rúa,argentina,3,3,0,0,1,2,0,0,1,,colombia
630,Antonio de la Rúa (político),de_la_rúa,argentina,3,2,1,1,0,0,2,0,0,,
632,Aparicio Podestá,podestá,argentina,3,3,0,0,0,2,1,0,0,,
633,Aparicio Saravia,saravia,uruguay,3,0,3,1,0,2,0,0,0,,
635,Aquiles Vergara,vicuña,chile,3,0,3,1,0,2,0,0,0,,
642,Argenis Chávez,chávez,venezuela,3,2,1,1,0,2,0,0,0,,
651,Armando Robles Godoy,robles,peru,3,3,0,0,0,1,2,0,0,,
664,Arturo Aylwin,aylwin,chile,3,2,1,1,0,1,1,0,0,,
666,Arturo Bullrich,bullrich,argentina,3,1,2,1,0,1,1,0,0,,
667,Arturo Char,char,colombia,3,1,2,1,0,1,1,0,0,,
672,Arturo Fontaine Aldunate,fontaine,chile,3,2,1,1,0,0,2,0,0,,
673,Arturo Fontaine Talavera,fontaine,chile,3,3,0,1,0,1,1,0,0,,
674,Arturo Frei Bolívar,frei,chile,3,0,3,1,0,1,1,0,0,,
676,Arturo Heber Füllgraff,heber,uruguay,3,1,2,1,0,1,1,0,0,,
677,Arturo Umberto Illia,illia,argentina,3,2,1,1,0,1,1,0,0,,
678,Arturo Mackenna Íñiguez,mackenna,chile,3,1,2,1,0,1,1,0,0,,
681,Arturo Matte Alessandri,matte,chile,3,2,1,1,0,0,2,0,0,,
686,Arturo Puga,camargo,chile,3,2,1,1,0,1,1,0,0,,
690,Arturo Salazar Larraín,salazar_y_meléndez,peru,3,1,2,1,0,1,1,0,0,,
692,Arturo Yrarrázaval Correa,mackenna,chile,3,2,1,1,0,1,1,0,0,,
696,Atahualpa,pizarro,chile,3,1,2,1,0,1,1,0,0,,
700,Athina Roussel,onassis,argentina,3,3,0,1,0,1,1,0,0,,
714,Augusto Ferrero Costa,ferrero,peru,3,1,2,1,0,1,1,0,0,,
715,Augusto Galán,galán,colombia,3,1,2,1,0,1,1,0,0,,
719,Augusto Larreta,rodríguez_larreta,argentina,3,0,3,1,0,2,0,0,0,,
725,Augusto Pinochet Hiriart,pinochet,chile,3,3,0,0,0,2,1,0,0,,
731,Augusto Tamayo Möller,tamayo_perú,peru,3,1,2,1,0,1,1,0,0,,
740,Augusto Wiese de Osma,lavalle,peru,3,1,2,1,0,1,1,0,0,,
746,Aurelio Amoedo,fortabat,argentina,3,2,1,1,0,1,1,0,0,,
753,Aurelio Iragorri Hormaza,valencia,colombia,3,2,1,1,0,1,1,0,0,,
757,Aurelio Miró Quesada Sosa,miró_quesada,peru,3,0,3,1,0,1,1,0,0,,
779,Beatriz Caballero,caballero,colombia,3,2,1,1,0,1,1,0,0,,
781,Beatriz Velasco,alemán,mexico,3,3,0,1,0,1,1,0,0,,
791,Benito Gómez Farías,gómez_farías,mexico,3,1,2,1,0,1,1,0,0,,
792,Benito Rivadavia,otálora,argentina,3,3,0,1,0,0,2,0,0,,
797,Benjamín Boza,boza_de_lima,peru,3,2,1,1,0,1,1,0,0,,
808,Benjamín Vicuña,aylwin,chile,3,3,0,0,3,0,0,0,2,,argentina
809,Benjamín Vicuña Mackenna,mackenna,chile,3,3,0,1,0,1,1,1,0,subercaseaux,
810,Benjamín Vicuña Subercaseaux,subercaseaux,chile,3,3,0,0,0,2,1,1,0,mackenna,
812,Benjamín Walker,echenique,chile,3,3,0,0,0,2,1,0,0,,
822,Bernardo Garcés Córdoba,garcés,colombia,3,1,2,1,0,1,1,0,0,,
823,Bernardo Garza Sada,garza_sada,mexico,3,1,2,1,0,1,1,0,0,,
828,Bernardo Larraín Matte,matte,chile,3,2,1,1,0,2,0,2,0,bunster,
829,Bernardo Larraín Vial,vial,chile,3,1,2,1,0,1,1,1,0,tohá,
830,Bernardo Matte,matte,chile,3,1,2,1,0,1,1,1,0,bunster,
839,Bertilda Samper Acosta,samper,colombia,3,3,0,0,0,2,1,0,0,,
845,Bigote Arrocet,velasco_chile,argentina,3,2,1,1,1,0,1,0,2,,chile
846,Blanca Errázuriz,errázuriz,chile,3,1,2,1,0,1,1,0,0,,
850,Blanca Sinisterra de Carreño,carreño,colombia,3,1,2,1,0,1,1,0,0,,
855,Bolívar Ulloa,ulloa,peru,3,2,1,1,0,1,1,2,0,cisneros,
871,César Arredondo,pinto_chile,chile,3,3,0,1,0,1,1,0,0,,
874,César Batlle Pacheco,batlle,uruguay,3,3,0,0,0,2,1,0,0,,
876,César Borgia,borja,colombia,3,2,1,0,0,1,2,0,0,,
882,César de Tezanos Pinto,pinto_chile,argentina,3,1,2,1,0,1,1,0,1,,chile
885,Calixto Torres Umaña,restrepo,colombia,3,1,2,1,0,1,1,0,0,,
886,Calvagh O'Donnell,o'donnell,colombia,3,2,1,1,0,1,1,0,0,,
888,Camila O'Gorman,o'gorman,argentina,3,1,2,0,1,2,0,0,0,,
890,Camila Valero,pinal_hidalgo,mexico,3,3,0,0,1,1,1,0,0,,
892,Camilo Cabal,cabal,colombia,3,1,2,1,0,1,1,0,0,,
901,Carlos Abascal Carranza,carranza,mexico,3,2,1,1,0,1,1,0,0,,
909,Carlos Alzamora Traverso,alzamora,peru,3,2,1,1,0,1,1,0,0,,
913,Carlos Antonio Lis,ucrós,colombia,3,0,3,1,0,1,1,0,0,,
914,Carlos Antonio Vélez,char,colombia,3,2,1,1,0,1,1,0,0,,
920,Carlos Balmaceda Saavedra,balmaceda,chile,3,2,1,1,0,1,1,0,0,,
922,Carlos Bello,bello,chile,3,1,2,1,0,1,1,0,0,,
923,Carlos Boloña,acuña,peru,3,2,1,1,0,1,1,0,0,,
924,Carlos Bonorino Udaondo,ortiz_basualdo,argentina,3,0,3,1,0,1,1,0,0,,
931,Carlos Castaño Gil,castaño_gil,colombia,3,0,3,1,0,1,1,0,0,,
934,Carlos Concha Subercaseaux,concha_chile,chile,3,2,1,1,0,1,1,1,1,álvarez_del_casal,colombia
939,Carlos Cuervo Márquez,cuervo,colombia,3,1,2,1,0,1,1,0,0,,
944,Carlos Enrique Ferreyros Urmeneta,ferreyros,peru,3,0,3,1,0,2,0,0,0,,
947,Carlos Ernesto Soria,soria,argentina,3,3,0,1,0,0,2,0,0,,
951,Carlos Falcó,vargas_llosa,peru,3,2,1,1,0,1,1,0,0,,
959,Carlos Garcés Córdoba,garcés,colombia,3,1,2,1,0,1,1,0,0,,
966,Carlos Holguín Sardi,holguín,colombia,3,0,3,1,0,1,1,0,0,,
980,Carlos Larraín Claro,claro_chile,chile,3,1,2,1,0,1,1,0,0,,
983,Carlos Lemos Simmonds,lemos,colombia,3,2,1,1,0,1,1,0,0,,
984,Carlos Lleras Restrepo,lleras,colombia,3,3,0,1,0,1,1,0,0,,
990,Carlos María Elías,elías,peru,3,2,1,1,0,1,1,0,0,,
998,Carlos Martínez Silva,martínez-silva,colombia,3,2,1,1,0,1,1,0,0,,
1004,Carlos Moreyra y Paz Soldán,moreyra,peru,3,0,3,1,0,1,1,0,0,,
1005,Carlos Morla Lynch,vicuña,chile,3,2,1,1,0,2,0,0,0,,
1007,Carlos Neuhaus Rizo-Patrón,ugarteche,peru,3,0,3,1,0,1,1,0,0,,
1009,Carlos O'Donnell y Joris,o'donnell,colombia,3,2,1,1,0,1,1,0,0,,
1014,Carlos Ortiz de Zevallos Paz Soldán,del_solar,peru,3,0,3,1,0,2,0,0,0,,
1017,Carlos Paz Soldán y Benavides,paz_soldán,peru,3,2,1,1,0,1,1,0,0,,
1022,Carlos Restrepo Canal,restrepo,colombia,3,0,3,1,0,1,1,0,0,,
1029,Carlos Rodríguez Larreta,rodríguez_larreta,argentina,3,1,2,1,0,1,1,0,0,,
1031,Carlos Rodríguez Pastor Mendoza,rodríguez_pastor,peru,3,2,1,1,0,1,1,0,0,,
1034,Carlos Rubén Polar,polar,peru,3,1,2,1,0,1,1,0,0,,
1040,Carlos Sanz de Santamaría,sanz_de_santamaría,colombia,3,1,2,1,0,1,1,0,0,,
1049,Carlos Torcuato de Alvear,alvear,argentina,3,1,2,1,0,1,1,0,0,,
1057,Carlos Vial Izquierdo,vial,chile,3,0,3,1,0,1,1,0,0,,
1059,Carlos Vicuña Fuentes,vicuña,chile,3,3,0,0,0,0,3,0,0,,
1060,Carlos Villaveces Restrepo,villaveces,colombia,3,2,1,1,0,1,1,2,0,urdaneta,
1061,Carlos Walker Martínez,walker_chile,chile,3,0,3,1,0,1,1,0,0,,
1062,Carlos Wiesse Portocarrero,portocarrero_perú,peru,3,1,2,1,0,1,1,0,0,,
1066,Carlos de Aragón de Gurrea y de Borja,borja,colombia,3,0,3,0,0,2,1,0,0,,
1078,Carmen Frei,frei,chile,3,3,0,1,0,2,0,0,0,,
1084,Carmen Puch de Güemes,puch,argentina,3,3,0,1,0,1,1,0,0,,
1085,Carmen Romano,lópez-portillo,mexico,3,1,2,1,0,1,1,0,0,,
1090,Carmenza Duque,leyva,colombia,3,0,3,1,0,1,1,0,0,,
1095,Carolina Correa Londoño,rojas,colombia,3,2,1,1,0,1,1,0,0,,
1098,Carolina Isakson de Barco,barco,colombia,3,3,0,1,0,1,1,0,0,,
1099,Carolina Marzán,pinto_chile,chile,3,2,1,1,0,1,1,0,0,,
1105,Carolina Vásquez de Ospina,ospina,colombia,3,3,0,1,0,1,1,1,0,lleras,
1108,Carolina de Moras,bulnes,chile,3,1,2,0,1,1,1,0,0,,
1149,Cayetana Álvarez de Toledo,peralta_ramos,argentina,3,0,3,1,0,2,0,0,0,,
1153,Cecilia Alegría Varona,alegría,peru,3,3,0,0,0,2,1,0,2,,chile
1156,Cecilia Bolocco,yoma,chile,3,1,2,1,0,1,1,0,1,,argentina
1158,Cecilia de la Fuente de Lleras,lleras,colombia,3,2,1,1,0,1,1,0,0,,
1161,Cecilia Morel,piñera,chile,3,1,2,1,0,1,1,1,0,echenique,
1162,Cecilia Navia,navia,colombia,3,1,2,1,0,1,1,0,0,,
1163,Cecilia Roth,pueyrredón,argentina,3,1,2,1,0,1,1,0,0,,
1168,Cecilio de Álzaga,álzaga,argentina,3,2,1,1,0,1,1,0,0,,
1178,Chabuca Granda,larco,peru,3,0,3,1,0,2,0,0,0,,
1180,Charles Henri Pellegrini,pellegrini,argentina,3,2,1,1,0,1,1,0,0,,
1183,Chiara Pinasco,pinasco,peru,3,3,0,0,0,2,1,0,0,,
1188,Christiane Martel,alemán,mexico,3,3,0,1,0,1,1,0,0,,
1197,Ciro Molina Garcés,garcés,colombia,3,0,3,1,0,1,1,0,0,,
1204,Clara Funes de Roca,paz,argentina,3,3,0,1,0,1,1,0,0,,
1212,Claudia Dammert,alarco,peru,3,1,2,1,0,1,1,0,0,,
1224,Claudio Donoso,zegers_chile,chile,3,1,2,1,0,1,1,0,0,,
1225,Claudio Galán,galán,colombia,3,2,1,1,0,2,0,0,0,,
1232,Clemencia Holguín de Urdaneta,caro,colombia,3,3,0,1,0,2,0,0,0,,
1233,Clemencia de Caycedo,caicedo,colombia,3,0,3,1,0,2,0,0,0,,
1238,Clemente Pérez,errázuriz,chile,3,1,2,1,0,1,1,0,0,,
1239,Clemente Yerovi,yerovi,ecuador,3,2,1,1,0,1,1,0,0,,
1245,Clorinda Málaga,málaga,peru,3,3,0,1,0,1,1,0,0,,
1246,Clotilde García Borrero,borrero,colombia,3,1,2,1,0,1,1,0,0,,
1281,Contarhuacho,pizarro,chile,3,2,1,0,0,2,1,0,0,,
1286,Cornelio Saavedra Rodríguez,saavedra,chile,3,0,3,1,0,2,0,0,0,,
1291,Cris Morena,yankelevich,argentina,3,3,0,1,0,0,2,0,0,,
1292,Cristóbal Lander,lander,venezuela,3,2,1,2,0,1,0,0,0,,
1294,Cristóbal Quintero,quintero,colombia,3,0,3,1,0,1,1,0,0,,
1302,Cristián Labbé Galilea,galilea,chile,3,2,1,1,0,1,1,0,0,,
1303,Cristián Labbé Martínez,galilea,chile,3,2,1,0,0,1,2,0,0,,
1306,Cristián Mason,vicuña,chile,3,1,2,2,0,0,1,0,0,,
1307,Cristián Monckeberg,monckeberg,chile,3,1,2,1,0,1,1,0,0,,
1311,Cristián Zegers,zegers_chile,chile,3,0,3,1,0,1,1,0,0,,
1312,Cristián de Hannover,osma,peru,3,1,2,1,0,1,1,0,0,,
1314,Cristian Castro,valdés,mexico,3,2,1,1,0,2,0,1,1,vial,chile
1315,Cristian Galleguillos,galleguillos,chile,3,0,3,1,0,1,1,0,0,,
1318,Cristina Fernández de Kirchner,kirchner,argentina,3,2,1,1,0,1,1,0,0,,
1320,Cristina Girardi,lavín,chile,3,3,0,1,0,1,1,1,1,vergara-azcárate,colombia
1332,Dalma Maradona,maradona,argentina,3,2,1,1,0,2,0,0,0,,
1338,Daniel Blanco Acevedo,blanco,uruguay,3,2,1,1,0,1,1,0,0,,
1344,Daniel García-Mansilla,garcía-mansilla,argentina,3,3,0,1,0,2,0,1,1,rodríguez_larreta,uruguay
1346,Daniel Mazuera,gómez,colombia,3,2,1,1,0,1,1,0,0,,
1349,Daniel Olaechea,olaechea,peru,3,1,2,1,0,1,1,0,0,,
1354,Daniel Samper Pizano,gnecco,colombia,3,3,0,0,0,1,2,0,0,,
1355,Daniel Scheck,scheck,uruguay,3,2,1,1,0,1,1,0,0,,
1359,Daniella Cabello,cabello,venezuela,3,3,0,1,0,2,0,0,0,,
1367,Darío Yazbek,pinal_hidalgo,mexico,3,1,2,0,1,2,0,0,0,,
1374,David Dasso,hoke,peru,3,0,3,1,0,1,1,0,0,,
1381,David de Tezanos Pinto,pinto_chile,chile,3,2,1,1,0,1,1,1,1,garcía-huidobro,argentina
1385,Delfina Bunge,bunge,argentina,3,3,0,1,0,1,1,0,0,,
1388,Delfina Ortega Díaz,díaz,mexico,3,3,0,1,0,1,1,0,0,,
1391,Delia Matte Pérez,matte,chile,3,1,2,1,0,1,1,1,0,bello,
1392,Delia del Carril,del_carril,argentina,3,1,2,1,0,2,0,0,1,,chile
1397,Denise Pascal,allende,chile,3,1,2,1,0,1,1,0,0,,
1399,Denisse Dibós,alarco,peru,3,3,0,1,0,1,1,1,0,del_solar,
1400,Diómedes Arias Schreiber,schreiber,peru,3,1,2,1,0,1,1,0,0,,
1401,Diana Álvarez-Calderón,álvarez_calderón,peru,3,0,3,1,0,1,1,0,0,,
1402,Diana Bracho,bracho,mexico,3,1,2,1,0,1,1,0,0,,
1427,Diego José de Pueyrredón,pueyrredón,argentina,3,0,3,1,0,1,1,0,0,,
1435,Diego Muñoz,garcía-huidobro,chile,3,1,2,1,1,1,0,0,0,,
1436,Diego Noboa,noboa,ecuador,3,2,1,1,0,1,1,0,0,,
1450,Diego de Angulo Lemos,largacha,colombia,3,1,2,1,0,1,1,1,0,angulo,
1462,Dionisio Romero Paoletti,romero,peru,3,1,2,1,0,1,1,0,0,,
1463,Dionisio Romero Seminario,romero,peru,3,2,1,1,0,1,1,0,0,,
1473,Domingo Elías,elías,peru,3,3,0,1,0,1,1,0,0,,
1477,Domingo García Belaúnde,belaúnde,peru,3,2,1,0,0,1,2,0,0,,
1488,Domingo Santa María,santa_maría,chile,3,2,1,1,0,1,1,0,0,,
1500,Doris Gibson,gibson,peru,3,2,1,1,0,1,1,0,0,,
1502,Douglas Botero Boshell,restrepo,colombia,3,0,3,1,0,1,1,0,0,,
1509,Eddie Guerrero,guerrero,mexico,3,2,1,1,0,1,1,0,0,,
1513,Edgardo Rebagliati,rebagliati,peru,3,2,1,1,0,1,1,0,0,,
1525,Eduardo Berrío González,berrío,colombia,3,2,1,1,0,1,1,0,0,,
1526,Eduardo Blanco (escritor),toro_venezuela,venezuela,3,0,3,1,0,2,0,0,0,,
1532,Eduardo Chadwick Claro,chadwick,chile,3,1,2,1,0,1,1,0,0,,
1533,Eduardo Cruz-Coke,cruz_chile,chile,3,1,2,1,0,1,1,0,0,,
1543,Eduardo Gaitán Durán,durán_colombia,colombia,3,0,3,1,0,1,1,0,0,,
1550,Eduardo López Bustamante,urdaneta,venezuela,3,2,1,1,0,1,1,0,0,,
1555,Eduardo Matte,matte,chile,3,2,1,1,0,1,1,1,0,bello,
1559,Eduardo Morandé,montt,chile,3,1,2,1,0,1,1,0,0,,
1560,Eduardo París Forero,parís,colombia,3,0,3,1,0,1,1,0,0,,
1562,Eduardo Peralta Ramos,peralta_ramos,argentina,3,1,2,1,0,1,1,0,0,,
1565,Eduardo Pizarro Leongómez,acevedo_colombia,colombia,3,3,0,1,0,1,1,0,0,,
1566,Eduardo Restrepo Sáenz,restrepo,colombia,3,0,3,1,0,1,1,0,0,,
1578,Eduardo Zuleta Ángel,zuleta_colombia,colombia,3,1,2,1,0,1,1,0,0,,
1582,Edwin Elmore,elmore,peru,3,1,2,1,0,1,1,0,0,,
1583,Edwin Schlossberg,onassis,argentina,3,2,1,1,0,1,1,0,0,,
1585,Efraín Quintero Puentes,quintero,colombia,3,0,3,1,0,2,0,0,0,,
1595,Eladio Vergara,vergara-azcárate,colombia,3,2,1,0,0,2,1,0,0,,
1601,Elena Largacha Ortiz,holguín,colombia,3,3,0,1,0,1,1,2,0,largacha,
1604,Eleodoro Rodríguez Matte,matte,chile,3,0,3,1,0,2,0,0,0,,
1607,Eliodoro Matte Larraín,matte,chile,3,1,2,1,0,1,1,1,0,bunster,
1611,Elisa Correa,sanfuentes,chile,3,1,2,1,0,2,0,0,0,,
1612,Elisa Correa,sanfuentes,chile,3,1,2,1,0,2,0,0,0,,
1621,Elsa Noguera,de_la_espriella,colombia,3,0,3,1,0,2,0,0,0,,
1623,Elvira Cárdenas,concha,colombia,3,1,2,1,0,1,1,0,0,,
1624,Elvira Cuervo de Jaramillo,cuervo,colombia,3,0,3,1,0,1,1,0,0,,
1625,Elvira Dávila Ortiz,dávila,colombia,3,1,2,1,0,1,1,0,0,,
1628,Elvira Rawson,rawson,argentina,3,1,2,1,0,1,1,1,0,rojo,
1632,Emilia Drago,drago,peru,3,2,1,1,0,1,1,0,0,,
1633,Emilia Márquez de la Plata,santa_maría,chile,3,3,0,1,0,1,1,0,0,,
1634,Emilia Noguera,portales,chile,3,2,1,0,1,1,1,0,0,,
1638,Emiliano Aguilar,aguilar,mexico,3,1,2,0,1,1,1,0,0,,
1641,Emiliano Figueroa,vicuña,chile,3,3,0,2,0,1,0,0,0,,
1642,Emiliano Salinas,salinas,mexico,3,2,1,1,0,1,1,0,0,,
1643,Emiliano Zurita,pinal_hidalgo,mexico,3,3,0,0,0,2,1,0,1,,argentina
1645,Emilio Alcalá-Galiano y Osma,valencia,colombia,3,1,2,0,0,2,1,0,0,,
1664,Emilio Ocampo,ocampo,argentina,3,2,1,1,0,1,1,0,0,,
1665,Emilio Ortiz de Zevallos,del_solar,peru,3,3,0,0,0,1,2,0,0,,
1669,Emilio Salinas,carranza,mexico,3,1,2,0,0,2,1,0,0,,
1684,Enrique Barco Guerrero,barco,colombia,3,0,3,1,0,1,1,0,0,,
1689,Enrique Basombrío,echenique,peru,3,0,3,1,0,1,1,0,0,,
1694,Enrique Carrizosa Argáez,argáez,colombia,3,0,3,1,0,1,1,0,0,,
1696,Enrique Chirinos Soto,chirinos,peru,3,1,2,1,0,1,1,0,0,,
1702,Enrique Ferreyros Ayulo,ferreyros,peru,3,2,1,1,0,1,1,0,0,,
1705,Enrique Gómez Martínez,gómez,colombia,3,2,1,0,0,1,2,0,0,,
1706,Enrique García Sayán,garcía_y_garcía,peru,3,1,2,1,0,1,1,0,0,,
1708,Enrique Godoy,godoy,argentina,3,0,3,1,0,2,0,0,0,,
1716,Enrique José Arboleda,arboleda,colombia,3,1,2,1,0,1,1,0,0,,
1717,Enrique José O'Donnell,o'donnell,colombia,3,1,2,1,0,1,1,0,0,,
1718,Enrique López Bustamante,urdaneta,venezuela,3,2,1,1,0,1,1,0,0,,
1720,Enrique Larreta,rodríguez_larreta,argentina,3,0,3,1,0,1,1,0,0,,
1721,Enrique León Velarde,león-velarde,peru,3,1,2,1,0,1,1,0,0,,
1725,Enrique Montt Montt,montt,chile,3,2,1,1,0,2,0,0,0,,
1731,Enrique Ruiz Guiñazú,ortiz_basualdo,argentina,3,1,2,1,0,1,1,0,0,,
1735,Enrique Santos Calderón,calderón_colombia,colombia,3,2,1,1,0,1,1,0,0,,
1741,Enrique Shaw,bunge,argentina,3,0,3,1,0,1,1,0,0,,
1750,Enrique Yabar Almanza,yábar,peru,3,0,3,1,0,1,1,0,0,,
1752,Enrique Zañartu,zañartu,chile,3,1,2,1,0,1,1,0,0,,
1753,Enrique Zileri,gibson,peru,3,3,0,1,0,1,1,0,1,,argentina
1755,Enrique de la Riva Agüero Riglos,riva_agüero,peru,3,2,1,1,0,1,1,0,0,,
1758,Enrique van Rysselberghe Martínez,van_rysselberghe,chile,3,1,2,1,0,1,1,0,0,,
1760,Enriqueta Garland Higginson,málaga,peru,3,1,2,1,0,1,1,0,0,,
1768,Ercilia López de Blomberg,lópez_carrillo,paraguay,3,2,1,1,0,1,1,0,1,,argentina
1772,Ernesto Alayza Grundy,alayza,peru,3,3,0,1,0,1,1,1,0,álvarez_calderón,
1774,Ernesto Aramburú Menchaca,aramburú,peru,3,2,1,1,0,1,1,0,0,,
1783,Ernesto Durán Cordovez,borrero,colombia,3,1,2,1,0,1,1,0,0,,
1784,Ernesto Fontaine,fontaine,chile,3,1,2,1,0,1,1,1,1,febres-cordero,ecuador
1795,Ernesto Samper,samper,colombia,3,3,0,1,0,1,1,3,0,gnecco,
1811,Estanislao del Campo,maciel,argentina,3,2,1,1,0,1,1,0,0,,
1814,Esteban Jaramillo,jaramillo_colombia,colombia,3,0,3,1,0,1,1,0,0,,
1815,Esteban Justo García de Zúñiga,garcía_de_zúñiga,argentina,3,3,0,0,0,1,2,2,0,warnes,
1822,Ethel Pozo,valcárcel,peru,3,1,2,1,1,1,0,0,0,,
1831,Eugenio Cruz Vargas,bello,chile,3,0,3,1,0,1,1,0,0,,
1835,Eugenio Guzmán Montt,montt,chile,3,1,2,1,0,1,1,0,0,,
1836,Eugenio Heiremans,heiremans,chile,3,0,3,1,0,1,1,0,0,,
1843,Eugenio Velasco Morandé,morandé,chile,3,0,3,1,0,1,1,0,0,,
1847,Eulogio Fernandini,álvarez_calderón,peru,3,2,1,1,0,1,1,0,0,,
1850,Eusebio Gregorio Ruzo,acuña_argentina,argentina,3,0,3,1,0,2,0,0,0,,
1853,Eustoquio Díaz Vélez (hijo),díaz_vélez,argentina,3,2,1,1,0,1,1,1,0,álvarez_de_toledo_argentina,
1855,Eustorgio Salgar,salgar,colombia,3,1,2,1,0,1,1,0,0,,
1859,Evaristo Gandarillas Gandarillas,gandarillas,chile,3,1,2,1,0,1,1,0,0,,
1861,Evaristo de Uriburu,álvarez_de_arenales,argentina,3,3,0,1,0,0,2,0,0,,
1862,Evaristo de Uriburu,álvarez_de_arenales,argentina,3,3,0,1,0,0,2,0,0,,
1864,Ezequiel Hurtado,hurtado,colombia,3,0,3,1,0,2,0,0,0,,
1868,Ezequiel Yábar Arteta,yábar,peru,3,0,3,1,0,1,1,0,0,,
1871,Félix Díaz Mori,díaz,mexico,3,1,2,1,0,1,1,0,0,,
1874,Félix Mackenna Vicuña,mackenna,chile,3,1,2,1,0,1,1,0,0,,
1877,Félix Salazar Jaramillo,jaramillo_colombia,colombia,3,1,2,1,0,1,1,0,0,,
1881,Fabio Cruz,cruz_chile,chile,3,1,2,1,0,1,1,0,0,,
1884,Fabio Lozano y Lozano,torrijos,colombia,3,2,1,1,0,1,1,2,0,lozano,
1889,Facundo Zuviría,zuviría,argentina,3,0,3,1,0,2,0,0,0,,
1905,Familia Di Palma,di_palma,argentina,3,1,2,0,0,2,1,0,0,,
1958,Farid Char,char,colombia,3,1,2,1,0,1,1,0,0,,
1967,Federico Elmore,elmore,peru,3,3,0,0,0,0,3,0,0,,
1986,Federico Philippi,philippi,chile,3,2,1,1,0,1,1,0,0,,
2004,Felipe Alessandri,balmaceda,chile,3,2,1,1,0,1,1,0,0,,
2010,Felipe Calderón,calderón_hinojosa,mexico,3,3,0,1,0,1,1,0,0,,
2016,Felipe Ibáñez,ibáñez,chile,3,1,2,1,0,1,1,0,0,,
2018,Felipe Kast,kast,chile,3,2,1,1,1,1,0,0,0,,
2025,Felipe Pérez Manosalva,lleras,colombia,3,0,3,1,0,1,1,0,0,,
2034,Felipe Santiago Ignacio de Otálora y del Ribero,otálora,argentina,3,2,1,1,0,1,1,1,1,kast,chile
2036,Felipe Salaverry,salaverry,peru,3,2,1,1,0,1,1,0,0,,
2039,Felipe Tudela y Barreda,osma,peru,3,2,1,1,0,1,1,0,0,,
2045,Feliza Bursztyn,leyva,colombia,3,1,2,1,1,1,0,1,0,durán_colombia,
2063,Fernando Bolívar,palacios_venezuela,venezuela,3,2,1,1,0,1,1,2,0,toro_venezuela,
2068,Fernando Caro Tanco,azuola,colombia,3,2,1,1,0,1,1,2,0,caicedo,
2070,Fernando Carrillo de Albornoz y Lagunas,carrillo_de_albornoz,peru,3,3,0,0,0,1,2,0,0,,
2072,Fernando Caycedo,caicedo,colombia,3,2,1,1,0,1,1,0,1,,peru
2081,Fernando Errázuriz Sotomayor,errázuriz,chile,3,2,1,1,0,1,1,0,0,,
2083,Fernando Freire García de la Huerta,freire,chile,3,1,2,1,0,1,1,0,0,,
2085,Fernando Gómez Martínez,gómez_martínez,colombia,3,2,1,1,0,0,2,0,0,,
2087,Fernando Guarello Fitz-Henry,guarello,chile,3,2,1,1,0,1,1,0,0,,
2088,Fernando Irarrázaval Mackenna,mackenna,chile,3,1,2,1,0,1,1,0,0,,
2095,Fernando Márquez de la Plata Encalada,santa_maría,chile,3,1,2,1,0,1,1,0,0,,
2097,Fernando Massú,massú,chile,3,0,3,1,0,1,1,0,0,,
2110,Fernando Rincón Bazo,amez,peru,3,2,1,1,0,1,1,0,0,,
2120,Fernando Schmidt,schmidt,chile,3,1,2,1,0,1,1,0,0,,
2122,Fernando Silva Santisteban,silva_santisteban,peru,3,1,2,1,0,1,1,0,0,,
2124,Fernando Tola Cires,de_habich,peru,3,3,0,0,0,1,2,1,0,tola,
2128,Fernando Uribe Restrepo,restrepo,colombia,3,1,2,1,0,1,1,0,0,,
2129,Fernando Vaca Narvaja,vaca_narvaja,argentina,3,2,1,1,0,1,1,0,0,,
2138,Fernando de Szyszlo,varela,peru,3,1,2,1,0,1,1,0,0,,
2142,Fidel Cano Correa,cano,colombia,3,0,3,1,0,1,1,0,0,,
2146,Fiona Alexander,sodi,mexico,3,3,0,1,0,1,1,0,0,,
2150,Flora Azcuénaga,azcuénaga,argentina,3,2,1,1,0,1,1,1,1,portales,chile
2158,Florentino González,ibáñez_colombia,colombia,3,0,3,1,0,1,1,0,0,,
2168,Francisca Güemes,güemes,argentina,3,0,3,1,0,2,0,0,0,,
2171,Francisca Pizarro Yupanqui,pizarro,chile,3,3,0,1,0,2,0,0,0,,
2172,Francisca Valenzuela,sanfuentes,chile,3,3,0,0,2,1,0,0,0,,
2195,Francisco Borges,lafinur,argentina,3,1,2,1,0,1,1,0,0,,
2196,Francisco Borja Quintero Gallo,quintero,colombia,3,0,3,1,0,2,0,0,0,,
2200,Francisco Bulnes Sanfuentes,bulnes,chile,3,2,1,1,0,1,1,0,0,,
2204,Francisco Coloma Pujades y Borja,leyva,colombia,3,3,0,0,0,2,1,0,0,,
2217,Francisco Eustaquio Álvarez,álvarez_del_casal,colombia,3,0,3,1,0,1,1,0,0,,
2218,Francisco Freire Caldera,freire,chile,3,2,1,0,1,2,0,0,0,,
2221,Francisco García-Calderón Landa,garcía_calderón,peru,3,2,1,1,0,0,2,0,0,,
2224,Francisco García-Calderón Rey,garcía_calderón,peru,3,2,1,1,0,1,1,0,0,,
2225,Francisco García Huidobro,garcía-huidobro,chile,3,1,2,1,0,1,1,0,0,,
2226,Francisco García y León,seminario,peru,3,0,3,1,0,2,0,0,0,,
2231,Francisco González de Cossío y Rivera,gonzález_de_cosío,mexico,3,2,1,1,0,1,1,0,0,,
2236,Francisco Hermógenes Ramos Mejía,segurola,argentina,3,1,2,1,0,1,1,0,0,,
2239,Francisco Jattin,jattin,colombia,3,1,2,1,0,1,1,0,0,,
2247,Francisco Javier Errázuriz Talavera,errázuriz,chile,3,2,1,1,0,1,1,1,0,echaurren,
2249,Francisco Javier Mariátegui y Tellería,mariátegui,peru,3,0,3,1,0,2,0,0,0,,
2250,Francisco Javier Vergara,vergara-azcárate,colombia,3,3,0,0,0,1,2,0,0,,
2252,Francisco Javier Zaldúa,orbegozo,colombia,3,0,3,1,0,2,0,0,0,,
2260,Francisco José Jattin Safar,jattin,colombia,3,2,1,1,0,0,2,0,0,,
2261,Francisco José Lloreda,cabal,colombia,3,1,2,1,0,1,1,0,0,,
2268,Francisco José de Caldas,arboleda,colombia,3,0,3,1,0,2,0,0,0,,
2272,Francisco Lemos Arboleda,arboleda,colombia,3,0,3,1,0,1,1,0,0,,
2273,Francisco Lombardi,drago,peru,3,2,1,0,0,1,2,0,0,,
2274,Francisco Lourido,garcés,colombia,3,0,3,1,0,1,1,0,0,,
2275,Francisco Luna Llamas,luna,peru,3,1,2,1,1,1,0,0,0,,
2284,Francisco Mendoza Pérez,pérez_manosalva,colombia,3,1,2,1,0,1,1,1,0,lleras,
2285,Francisco Miró-Quesada Cantuarias,miró_quesada,peru,3,2,1,1,0,1,1,0,0,,
2295,Francisco Orrego Vicuña,vicuña,chile,3,1,2,1,0,1,1,0,0,,
2297,Francisco Pérez Mackenna,mackenna,chile,3,0,3,1,0,1,1,0,0,,
2298,Francisco Pardo Mesones,pardo,peru,3,0,3,1,0,2,0,0,0,,
2300,Francisco Pizano de Brigard,brigard,colombia,3,1,2,1,0,1,1,0,0,,
2302,Francisco Prat,echaurren,chile,3,2,1,1,0,1,1,0,0,,
2303,Francisco Puyana Menéndez,puyana,colombia,3,0,3,1,0,1,1,0,0,,
2309,Francisco Reyes Morandé,morandé,chile,3,1,2,1,0,1,1,0,0,,
2313,Francisco Rodríguez Galeano y Calvo,galeano,colombia,3,2,1,1,0,1,1,0,0,,
2315,Francisco Rodríguez del Toro,toro_venezuela,venezuela,3,0,3,1,0,2,0,0,0,,
2316,Francisco Rodríguez del Toro e Isturiz,toro_venezuela,venezuela,3,0,3,1,0,2,0,0,0,,
2317,Francisco Ruiz-Tagle,portales,chile,3,0,3,1,0,2,0,0,0,,
2319,Francisco Santos Calderón,calderón_colombia,colombia,3,2,1,1,0,1,1,0,0,,
2327,Francisco Torrijos y Rigueiros,torrijos,colombia,3,0,3,1,0,2,0,0,0,,
2330,Francisco Umaña,umaña,colombia,3,1,2,1,0,1,1,0,0,,
2332,Francisco Urdaneta,urdaneta,uruguay,3,1,2,1,0,1,1,1,1,caro,colombia
2335,Francisco Urrutia Holguín,arboleda,colombia,3,2,1,1,0,1,1,0,0,,
2336,Francisco Urrutia Olano,arboleda,colombia,3,2,1,1,0,1,1,0,0,,
2342,Francisco Vergara Mayorga,olmos,colombia,3,2,1,1,0,1,1,1,0,caicedo,
2350,Francisco Zarco,mateos,mexico,3,0,3,1,0,2,0,0,0,,
2358,Francisco de Borja y Aragón,borja,colombia,3,1,2,1,0,1,1,0,0,,
2367,Francisco de Valencia,valencia,colombia,3,0,3,1,0,1,1,0,0,,
2392,Gabriel Echavarría Misas,echavarría,colombia,3,2,1,1,0,1,1,0,0,,
2395,Gabriel González Videla,videla,chile,3,1,2,1,0,1,1,0,0,,
2397,Gabriel París,parís,colombia,3,1,2,1,0,1,1,0,0,,
2400,Gabriel Revéiz Pizarro,pizarro_colombia,colombia,3,0,3,1,0,1,1,0,0,,
2402,Gabriel Reyes-Patria,reyes,colombia,3,3,0,0,0,1,2,0,0,,
2404,Gabriel Santos,calderón_colombia,colombia,3,2,1,1,0,1,1,0,0,,
2405,Gabriel Soto,díaz_lombardo,mexico,3,2,1,1,1,0,1,0,0,,
2406,Gabriel Valdés,subercaseaux,chile,3,2,1,1,0,1,1,0,0,,
2412,Gabriela Michetti,illia,argentina,3,0,3,1,0,1,1,0,0,,
2414,Gabriela Velasco,velasco_chile,chile,3,2,1,2,0,1,0,0,1,,argentina
2421,Gastón Acurio,acurio,peru,3,2,1,1,0,1,1,0,0,,
2424,Gastón von Mühlenbrock,von_mühlenbrock,chile,3,0,3,1,0,1,1,0,0,,
2426,Genaro Castro Iglesias,castro_taboada,peru,3,1,2,1,0,1,1,0,0,,
2427,Genaro Delgado Parker,delgado_parker,peru,3,0,3,1,1,1,0,0,0,,
2429,Jorge Edwards Brown,edwards,chile,3,2,1,1,0,2,0,0,0,,
2437,Gerardo Ayerbe Chaux,ayerbe,colombia,3,0,3,1,0,1,1,0,0,,
2450,Germán Molina Valdivieso,valdivieso,chile,3,0,3,1,0,1,1,0,0,,
2457,Germán Umaña,umaña,colombia,3,2,1,0,0,1,2,0,0,,
2462,Germán Vargas Lleras,lleras,colombia,3,2,1,0,0,1,2,0,0,,
2464,Gertrudis Echeñique,echaurren,chile,3,2,1,1,0,1,1,0,0,,
2465,Gertrudis Medeiros,cornejo_argentina,argentina,3,1,2,1,0,1,1,0,0,,
2473,Gino Angelini,angelini,chile,3,1,2,1,0,1,1,0,0,,
2494,Gonzalo Alegría,alegría,peru,3,3,0,0,0,2,1,0,1,,chile
2497,Gonzalo Córdoba Mallarino,mallarino,colombia,3,0,3,1,0,1,1,0,0,,
2499,Gonzalo Ibáñez,ibáñez,chile,3,2,1,1,0,1,1,0,0,,
2510,Gonzalo Restrepo Jaramillo,jaramillo_colombia,colombia,3,2,1,1,0,1,1,0,0,,
2516,Gonzalo de la Puente y Lavalle,lavalle,peru,3,2,1,1,0,1,1,0,0,,
2517,Gordon Matta-Clark,echaurren,chile,3,2,1,1,0,1,1,0,0,,
2518,Graciela Fehrman,montero,chile,3,1,2,1,0,1,1,0,0,,
2540,Guadalupe Pineda,aguilar,mexico,3,2,1,2,0,0,1,1,1,rocha,argentina
2544,Guido Girardi,lavín,chile,3,1,2,1,0,1,1,0,0,,
2549,Guillermo Bermúdez,samper,colombia,3,2,1,1,0,1,1,0,0,,
2553,Guillermo Brown y Chitty,brown,argentina,3,2,1,1,0,1,1,0,0,,
2563,Guillermo Eugenio Snopek,snopek,argentina,3,3,0,0,0,1,2,0,0,,
2566,Guillermo García y García,garcía_y_garcía,peru,3,0,3,1,0,2,0,0,0,,
2568,Guillermo Garrido-Lecca Frías,álvarez_calderón,peru,3,2,1,1,0,1,1,0,0,,
2572,Guillermo Larco Cox,larco,peru,3,0,3,1,0,2,0,0,0,,
2575,Guillermo Lukšić,luksic,chile,3,1,2,1,0,1,1,0,0,,
2584,Guillermo Rawson,rojo,argentina,3,1,2,1,0,1,1,0,0,,
2592,Guillermo Thorndike,thorndike,peru,3,3,0,0,0,1,2,0,0,,
2595,Guillermo Uribe Holguín,holguín,colombia,3,1,2,1,0,1,1,1,0,uribe,
2599,Guillermo Wiese de Osma,lavalle,peru,3,2,1,1,0,1,1,0,0,,
2602,Gustavo A. Madero,madero,mexico,3,1,2,0,0,2,1,0,0,,
2605,Gustavo Alessandri Balmaceda,balmaceda,chile,3,1,2,1,0,1,1,0,0,,
2612,Gustavo Errázuriz Larraín,errázuriz,chile,3,0,3,1,0,1,1,0,0,,
2617,Gustavo Matamoros Camacho,camacho,colombia,3,1,2,1,0,1,1,0,0,,
2620,Gustavo Mohme,llona,peru,3,2,1,1,0,1,1,0,0,,
2622,Gustavo Petro,petro,colombia,3,3,0,1,0,1,1,0,0,,
2648,Héctor Velarde Bergmann,diez_canseco,peru,3,2,1,1,0,1,1,0,0,,
2651,Héctor de Elía,álzaga,argentina,3,1,2,1,1,1,0,1,1,pachón,colombia
2656,Harold Bedoya,pizarro_colombia,colombia,3,2,1,1,0,1,1,1,0,borrero,
2658,Hebe Podestá,podestá,argentina,3,3,0,0,0,2,1,0,0,,
2661,Helena Groot de Restrepo,groot,colombia,3,2,1,1,0,1,1,1,0,restrepo,
2665,Henry Eder,caicedo,colombia,3,2,1,1,0,1,1,0,0,,
2670,Herman Chadwick Piñera,chadwick,chile,3,2,1,1,0,1,1,0,0,,
2680,Hernán Echavarría Olózaga,echavarría,colombia,3,1,2,1,0,1,1,0,0,,
2683,Hernán Garrido Lecca,garrido-lecca,peru,3,0,3,1,0,1,1,0,0,,
2694,Hernán Vodanovic,vodanovic,chile,3,1,2,1,0,1,1,0,0,,
2696,Hernán de Solminihac,de_solminihac,chile,3,1,2,1,0,1,1,0,0,,
2700,Hernando Diaz Sanmiguel,parís,colombia,3,0,3,1,0,1,1,0,0,,
2703,Hernando Márquez Arbeláez,duque,colombia,3,0,3,1,0,1,1,0,0,,
2704,Hernando Pastrana,borrero,argentina,3,1,2,1,0,1,1,0,1,,colombia
2705,Hernando Pizarro,pizarro,chile,3,3,0,1,0,1,1,0,0,,
2712,Hernando de Soto (economista),polar,peru,3,1,2,1,1,1,0,0,0,,
2717,Hilda Sabato,sabato,argentina,3,1,2,1,0,1,1,0,0,,
2721,Hipólito Lagos,schmidt,chile,3,1,2,1,0,1,1,0,0,,
2724,Honorato Quintero Toscano,quintero,colombia,3,1,2,1,0,2,0,0,0,,
2730,Horacio Rodríguez Larreta (procurador),rodríguez_larreta,argentina,3,0,3,1,0,1,1,0,0,,
2732,Horacio Urteaga,urteaga,peru,3,0,3,1,0,2,0,0,0,,
2734,Horacio Walker,walker_chile,chile,3,1,2,1,0,1,1,0,0,,
2736,Huáscar,tito,peru,3,2,1,0,0,2,1,0,0,,
2745,Hugo Trivelli Oyarzún,trivelli,chile,3,2,1,1,0,1,1,0,0,,
2747,Hugo Wast,zuviría,argentina,3,2,1,1,0,0,2,0,0,,
2751,Humberto Rodríguez Saá,rodríguez_saá,argentina,3,0,3,1,0,1,1,0,0,,
2766,Ignacio Cueto,cueto,chile,3,1,2,1,0,1,1,0,0,,
2783,Ignacio Rengifo,borrero,colombia,3,1,2,1,0,1,1,0,0,,
2790,Ignacio Vargas,parís,colombia,3,2,1,1,0,1,1,2,2,urdaneta,venezuela
2794,Ignacio de Herrera y Vergara,vergara-azcárate,chile,3,0,3,1,0,2,0,0,0,,
2801,Inés Coronel Barreras,coronel_méxico,mexico,3,2,1,1,0,1,1,0,0,,
2809,Inda Ledesma,salazar_y_meléndez,argentina,3,2,1,2,0,0,1,0,1,,peru
2813,Irene Frei,frei,chile,3,0,3,1,0,1,1,0,0,,
2815,Familia Lukšić,fontbona,chile,3,3,0,1,0,1,1,0,0,,
2821,Isaac Gilinski Sragowicz,gilinski,colombia,3,2,1,1,0,1,1,0,0,,
2825,Isaac Lindley,lindley,peru,3,1,2,1,0,1,1,0,0,,
2827,Isabel Allende,allende,chile,3,1,2,1,0,1,1,0,0,,
2830,Isabel de Yugoslavia,ulloa,peru,3,3,0,1,0,1,1,1,0,cisneros,
2831,Isabel Larco,larco,peru,3,1,2,1,0,1,1,0,0,,
2832,Isabel Le Brun,pinochet,chile,3,1,2,1,0,1,1,0,0,,
2833,Isabel Lleras de Ospina,lleras,colombia,3,3,0,1,0,1,1,0,0,,
2836,Isabel Moctezuma Tecuichpo Ixcaxochitzin,moctezuma,mexico,3,2,1,0,0,2,1,1,1,pizarro,chile
2846,Isabella Santo Domingo,santo_domingo,colombia,3,0,3,0,1,1,1,0,0,,
2852,Isidoro Tohá,tohá,chile,3,0,3,1,0,1,1,0,0,,
2868,Iván Archivaldo Guzmán Salazar,coronel_méxico,mexico,3,2,1,1,0,1,1,0,0,,
2870,Iván Dibós,alarco,peru,3,2,1,1,0,1,1,0,0,,
2871,Iván Duque Escobar,duque,colombia,3,2,1,1,0,0,2,0,0,,
2873,Iván Moreira,matte,chile,3,1,2,1,1,1,0,0,0,,
2876,Ivana Yturbe,farfán,peru,3,2,1,1,1,0,1,0,0,,
2878,Jacinto Mariano de Villegas,villegas,argentina,3,2,1,1,0,2,0,0,0,,
2881,Jack Schlossberg,onassis,argentina,3,3,0,0,0,2,1,0,0,,
2883,Jacobo Wiesner,wiesner,colombia,3,0,3,1,0,1,1,0,0,,
2885,Jacqueline van Rysselberghe,van_rysselberghe,chile,3,2,1,1,0,1,1,0,0,,
2886,Jacquin Strouss Lucena,gnecco,colombia,3,3,0,2,0,0,1,1,0,samper,
2890,Jaime Bayly,orbegoso,peru,3,2,1,1,0,1,1,1,0,santiago_concha,
2891,Jaime Bulnes Sanfuentes,bulnes,chile,3,2,1,1,0,1,1,0,0,,
2894,Jaime Cerrón Palomino,cerrón,peru,3,3,0,1,0,0,2,0,0,,
2896,Jaime Dávalos,güemes,argentina,3,3,0,0,0,1,2,0,0,,
2902,Jaime Michelsen Uribe,lópez,colombia,3,0,3,1,0,1,1,0,0,,
2908,Jaime Thorne León,thorne,peru,3,1,2,1,0,1,1,0,0,,
2909,Jaime Tohá,tohá,chile,3,1,2,1,0,1,1,1,1,acevedo_colombia,colombia
2910,Jaime Ucrós,borrero,colombia,3,2,1,1,0,1,1,0,0,,
2916,Januario Salgar,salgar,colombia,3,1,2,1,0,1,1,0,0,,
2919,Javier Bedoya de Vivanco,bedoya,peru,3,2,1,1,0,1,1,0,0,,
2926,Javier Errázuriz Echaurren,echaurren,chile,3,1,2,1,0,1,1,0,0,,
2927,Javier Etcheberry,etcheberry,chile,3,0,3,1,0,1,1,0,0,,
2929,Javier González-Olaechea,gonzález-olaechea,peru,3,2,1,1,0,1,1,0,0,,
2931,Javier Mariátegui Chiappe,mariátegui,peru,3,3,0,0,0,2,1,0,0,,
2939,Javier Velarde Aspíllaga,diez_canseco,peru,3,0,3,1,0,1,1,0,0,,
2942,Javier de Belaunde Ruiz de Somocurcio,belaúnde,peru,3,2,1,1,0,1,1,0,0,,
2945,Javiera Díaz de Valdés,mackenna,chile,3,1,2,1,0,1,1,0,0,,
2947,Jazmín Pinedo,neyra,peru,3,2,1,0,2,0,1,0,0,,
2950,Jefferson Farfán,farfán,peru,3,3,0,0,3,0,0,0,0,,
2953,Jenaro Prieto,prieto,chile,3,1,2,1,0,1,1,0,0,,
2957,Jesús Alfredo Guzmán Salazar,coronel_méxico,mexico,3,2,1,1,0,1,1,0,0,,
2958,Jesús Alzamora,alzamora,peru,3,1,2,1,0,1,1,0,0,,
2970,Jesús Bernaldo de Quirós,valencia,colombia,3,1,2,1,0,2,0,0,0,,
2978,Jesús Silva Herzog,silva_herzog,mexico,3,2,1,1,0,1,1,0,0,,
2981,Jimena Elías,elías,peru,3,3,0,1,0,1,1,0,0,,
2986,Joaquín Barraquer,barraquer,colombia,3,3,0,0,0,2,1,0,0,,
2987,Joaquín Barraquer,barraquer,colombia,3,3,0,0,0,1,2,0,0,,
2990,Joaquín Edwards,bello,chile,3,1,2,1,0,1,1,0,0,,
2991,Joaquín Edwards Ossandón,edwards,chile,3,1,2,1,0,1,1,0,0,,
3004,Joaquín Lavín,lavín,chile,3,2,1,1,0,1,1,0,0,,
3006,Joaquín Lavín León,lavín,chile,3,2,1,1,0,1,1,0,0,,
3007,Joaquín Leguía Gálvez,diez_canseco,peru,3,2,1,1,0,1,1,0,0,,
3008,Joaquín Maciel y Lacoizqueta,maciel,argentina,3,2,1,1,0,2,0,1,0,alpoim,
3011,Joaquín Mosquera,arboleda,colombia,3,1,2,1,0,1,1,0,0,,
3013,Joaquín Palma,vicuña,chile,3,2,1,1,0,1,1,0,0,,
3014,Joaquín París Ricaurte,parís,colombia,3,3,0,0,0,2,1,0,0,,
3016,Joaquín Prieto,warnes,chile,3,2,1,1,0,1,1,1,0,garcía_de_zúñiga,
3030,Joaquín de Mosquera,arboleda,colombia,3,2,1,1,0,1,1,0,0,,
3032,Joaquín del Pino,otálora,argentina,3,2,1,1,0,1,1,0,0,,
3036,Jofré Borgia,borja,colombia,3,2,1,0,0,1,2,0,0,,
3065,Jorge Checa Eguiguren,eguiguren,peru,3,1,2,1,0,1,1,0,0,,
3080,Jorge Gabriel Larraín,bunster,chile,3,2,1,1,0,1,1,0,0,,
3081,Jorge Gaitán Cortés,lleras,colombia,3,1,2,1,0,1,1,1,0,pérez_manosalva,
3082,Jorge Gaitán Durán,durán_colombia,colombia,3,0,3,1,0,1,1,0,0,,
3083,Jorge Garcés Borrero,borrero,colombia,3,0,3,1,0,1,1,0,0,,
3090,Jorge Guillermo Llosa Pautrat,llosa,peru,3,1,2,1,0,1,1,0,0,,
3093,Jorge Herrán,bordaberry,uruguay,3,1,2,1,0,1,1,0,0,,
3098,Jorge Huneeus Zegers,zegers_chile,chile,3,1,2,1,0,1,1,0,0,,
3099,Jorge Jiménez de la Jara,pinochet,chile,3,2,1,1,0,1,1,0,0,,
3109,Jorge Mario Eastman Vélez,eastman,colombia,3,2,1,1,0,1,1,1,1,álvarez_calderón,peru
3114,Jorge Montt,montt,chile,3,1,2,1,0,1,1,0,0,,
3118,Jorge Piqueras,lavalle,peru,3,3,0,0,0,2,1,1,0,sánchez-concha,
3120,Jorge Prado Ugarteche,prado,peru,3,2,1,1,0,1,1,1,0,málaga,
3121,Jorge Prat,echaurren,chile,3,2,1,1,0,1,1,0,0,,
3122,Jorge Prieto Echaurren,echaurren,chile,3,1,2,1,0,1,1,0,0,,
3127,Jorge Sapag,sapag,argentina,3,2,1,1,0,1,1,0,0,,
3134,Jorge Valdivieso Blanco,valdivieso,chile,3,1,2,1,0,1,1,0,0,,
3137,Jorge Yarur Banna,yarur,chile,3,1,2,1,0,1,1,0,0,,
3139,Jorge Zabaleta,garcía-huidobro,chile,3,1,2,0,2,1,0,0,0,,
3140,Jorge de Tezanos Pinto,pinto_chile,argentina,3,1,2,1,0,1,1,1,1,garcía-huidobro,chile
3148,José Alfredo Gnecco Zuleta,gnecco,colombia,3,3,0,0,0,1,2,0,0,,
3157,Josep Antoni Barraquer Roviralta,barraquer,colombia,3,2,1,0,0,2,1,0,0,,
3162,José Antonio Gandarillas Luco,gandarillas,chile,3,0,3,1,0,1,1,0,0,,
3165,José Antonio Gregorio Eustaquio de Otálora y del Ribero,otálora,argentina,3,2,1,1,0,1,1,0,0,,
3168,José Antonio Guzmán,matta,chile,3,0,3,1,0,1,1,0,0,,
3171,José Antonio Kast Adriasola,kast,chile,3,3,0,0,0,2,1,0,0,,
3172,José Antonio Manso de Velasco,velasco_chile,chile,3,1,2,0,0,2,1,0,0,,
3175,José Antonio Ricaurte Rigueiros,ricaurte,colombia,3,0,3,1,0,2,0,0,0,,
3182,José Antonio Viera-Gallo,chadwick,chile,3,1,2,1,0,1,1,0,0,,
3190,José Arboleda Arroyo,arboleda,colombia,3,2,1,0,0,1,2,0,0,,
3200,José Benito de Azcuénaga,azcuénaga,argentina,3,3,0,0,0,2,1,0,0,,
3201,José Bernardo Sáenz de Santamaría,galeano,colombia,3,2,1,1,0,1,1,2,2,prieto,chile
3203,José Bernardo de Tagle Bracho,tagle_bracho,peru,3,2,1,1,0,1,1,0,0,,
3243,José Enrique Valencia,arboleda,colombia,3,1,2,1,0,1,1,0,0,,
3245,José Estenssoro,estenssoro,argentina,3,1,2,1,0,1,1,0,0,,
3252,José Félix Aramburú Salinas,aramburú,peru,3,1,2,1,0,1,1,0,0,,
3259,José Fernando Carrillo Ugarte,ugarte,peru,3,0,3,1,0,1,1,0,0,,
3262,José Francisco Echaurren Larraín,echaurren,chile,3,1,2,1,0,1,1,0,0,,
3267,José Gálvez Egúsquiza,gálvez,peru,3,2,1,1,0,1,1,0,0,,
3268,José Gálvez Moreno,gálvez,peru,3,2,1,1,0,1,1,0,0,,
3275,José Graña,graña,peru,3,0,3,1,0,1,1,0,0,,
3276,José Gregorio Belgrano,belgrano,argentina,3,1,2,0,0,2,1,0,0,,
3277,José Gregorio Gutiérrez,caicedo,colombia,3,3,0,1,0,1,1,1,0,gutiérrez_díaz,
3281,José Gregorio Paz Soldán,de_la_puente,peru,3,0,3,1,0,2,0,0,0,,
3282,José Gregorio de Lezama,álzaga,argentina,3,1,2,1,0,1,1,0,0,,
3293,José Ignacio de Gorriti,zuviría,argentina,3,2,1,1,0,1,1,0,0,,
3295,José Ignacio Palma,vicuña,chile,3,3,0,0,0,0,3,0,0,,
3302,José Javier Eguiguren,eguiguren,ecuador,3,0,3,1,0,2,0,0,0,,
3303,José Jerónimo Triana,pérez_manosalva,colombia,3,0,3,1,0,1,1,0,0,,
3312,José López Portillo y Rojas,lópez-portillo,mexico,3,3,0,0,0,1,2,0,0,,
3313,José López Portillo y Weber,lópez-portillo,mexico,3,3,0,0,0,1,2,0,0,,
3321,José Luis Cantilo,ortiz_basualdo,argentina,3,0,3,1,0,1,1,0,0,,
3322,José Luis Claro y Cruz,claro_chile,chile,3,3,0,1,0,1,1,0,0,,
3327,José Manuel Astigueta (padre),astigueta,argentina,3,2,1,1,0,1,1,1,1,gómez_farías,mexico
3330,José Manuel Estrada,estrada,argentina,3,1,2,1,0,1,1,0,0,,
3331,José Manuel Groot,groot,colombia,3,1,2,1,0,1,1,0,0,,
3333,José Manuel Infante,montt,chile,3,0,3,1,0,1,1,0,0,,
3337,José Manuel Marroquín Osorio,ricaurte,colombia,3,3,0,0,0,2,1,3,0,nariño,
3347,José María Balmaceda Fernández,balmaceda,chile,3,3,0,0,0,1,2,0,0,,
3350,José María Cantilo,cantilo,argentina,3,1,2,1,0,1,1,0,0,,
3360,José María Guerrero O'Byrne,vergara-azcárate,colombia,3,0,3,1,0,1,1,0,0,,
3364,José María Orihuela Morón,orihuela,argentina,3,2,1,0,0,2,1,0,0,,
3375,José María Rivas Groot,groot,colombia,3,2,1,1,0,1,1,0,0,,
3381,José María Vergara,vergara-azcárate,colombia,3,0,3,1,0,1,1,0,0,,
3391,José Mariano Astigueta (padre),astigueta,argentina,3,1,2,1,0,1,1,0,0,,
3394,José Maximiliano Alfonso de Rosenzweig Díaz,de_rosenzweig_díaz,mexico,3,0,3,1,0,1,1,0,0,,
3395,José Medina Calderón,calderón_colombia,colombia,3,0,3,1,0,1,1,0,0,,
3396,José Miguel Carrera,valdivieso,chile,3,3,0,1,0,1,1,2,0,pinto_chile,
3402,José Miguel Morales Dasso,benavides_perú,peru,3,1,2,1,0,1,1,0,0,,
3411,José Nicolás González Balcarce,balcarce,argentina,3,0,3,1,0,2,0,0,0,,
3414,José Obdulio Gaviria,escobar_gaviria,colombia,3,0,3,1,0,1,1,0,0,,
3418,José Pablo Leyva,leyva,colombia,3,1,2,1,0,1,1,1,0,durán_colombia,
3431,José Prieto de Salazar,ricaurte,colombia,3,1,2,1,0,1,1,0,0,,
3438,José Ramón de Leyva,leyva,colombia,3,0,3,1,0,2,0,0,0,,
3446,José Rubén Uñac,uñac,argentina,3,0,3,1,0,1,1,0,0,,
3447,José Rufino Echenique,tristán_del_pozo,peru,3,3,0,1,0,0,2,1,0,echenique,
3449,José Sabogal,portocarrero_perú,peru,3,2,1,1,0,1,1,0,0,,
3469,José Tomás Angulo,angulo,colombia,3,0,3,1,0,1,1,0,0,,
3470,José Tomás Errázuriz,errázuriz,chile,3,2,1,1,0,1,1,0,0,,
3488,José de Santiago Concha,santiago_concha,peru,3,1,2,1,0,1,1,0,0,,
3491,José de Vergara Azcárate,vergara-azcárate,colombia,3,2,1,1,0,1,1,2,0,"caicedo, olmos",
3493,José de la Puente Brunke,álvarez_calderón,peru,3,1,2,1,0,1,1,0,0,,
3497,José de la Riva-Agüero,riva_agüero,peru,3,2,1,1,0,1,1,0,0,,
3498,José de la Riva Agüero y Looz Corswarem,riva_agüero,peru,3,2,1,1,0,1,1,0,0,,
3507,Josefa Errázuriz,errázuriz,chile,3,1,2,1,0,1,1,0,0,,
3510,Josefa Lozano y González Manrique,álvarez_del_casal,colombia,3,3,0,1,0,2,0,0,0,,
3515,Josefina Herrán,bordaberry,uruguay,3,3,0,1,0,1,1,0,0,,
3522,Josep Batlle i Carreó,batlle,uruguay,3,1,2,1,0,1,1,0,0,,
3526,Juan Agustín Bolívar,palacios_venezuela,chile,3,2,1,1,0,1,1,0,2,,venezuela
3528,Juan Agustín Uricoechea Navarro,uricoechea,colombia,3,0,3,1,0,1,1,0,0,,
3529,Juan Albano Pereira de la Cruz,cruz_chile,chile,3,1,2,1,0,1,1,0,0,,
3535,Juan Andrés Coloma,leyva,colombia,3,2,1,0,0,2,1,0,0,,
3536,Juan Andrés Fontaine,fontaine,chile,3,2,1,1,0,1,1,0,0,,
3544,Juan Antonio Ribeyro,ribeyro,peru,3,1,2,1,0,1,1,0,0,,
3545,Juan Antonio Toro Uribe,villegas_colombia,colombia,3,0,3,1,0,1,1,0,0,,
3548,Juan Antonio de Galleguillos y Corbalán-Castilla,galleguillos,peru,3,0,3,1,0,2,0,0,0,,
3561,Juan Bautista de Lavalle y García,lavalle,peru,3,2,1,1,0,1,1,0,0,,
3568,Juan Camilo Restrepo,herrán,colombia,3,1,2,1,0,1,1,0,0,,
3569,Juan Cancio Luna y Montes,luna,peru,3,0,3,1,1,0,1,0,0,,
3578,Juan Carlos Cornejo Linares,cornejo_argentina,argentina,3,3,0,0,0,2,1,0,0,,
3580,Juan Carlos Esguerra,esguerra,colombia,3,1,2,1,0,1,1,0,0,,
3588,Juan Crisóstomo Gómez,gómez_venezuela,venezuela,3,0,3,0,0,2,1,0,0,,
3602,Juan Eduardo Errázuriz,errázuriz,chile,3,0,3,1,0,1,1,0,0,,
3607,Juan Estanislao del Campo,maciel,argentina,3,1,2,1,0,1,1,0,0,,
3615,Juan Francisco García de Zúñiga,garcía_de_zúñiga,argentina,3,3,0,0,0,1,2,1,0,warnes,
3616,Juan Francisco López,lópez_carrillo,paraguay,3,3,0,0,0,2,1,0,1,,argentina
3625,Juan Gonzalo Restrepo Londoño,jaramillo_colombia,colombia,3,3,0,1,0,1,1,1,1,errázuriz,chile
3628,Juan Guillermo Restrepo,jaramillo_colombia,colombia,3,3,0,0,0,1,2,1,0,restrepo,
3629,Juan Guillermo Vivado,portales,chile,3,0,3,1,0,2,0,0,0,,
3633,Juan Ignacio Seminario y Echeandía,seminario,peru,3,0,3,1,0,2,0,0,0,,
3634,Juan Ignacio Torres Landa,torres_landa,mexico,3,1,2,1,0,1,1,0,0,,
3637,Juan José Castelli,castelli,argentina,3,2,1,1,0,1,1,0,0,,
3638,Juan José Chaux Mosquera,chaux,colombia,3,0,3,1,0,1,1,0,0,,
3643,Juan José Gervasio Fernández-Campero,campero,argentina,3,3,0,0,0,2,1,0,0,,
3651,Juan José Neira,acevedo_colombia,colombia,3,0,3,1,0,1,1,0,0,,
3652,Juan José Ossa,bulnes,chile,3,2,1,1,0,1,1,0,0,,
3653,Juan José Pérez Vergara,montt,chile,3,2,1,1,0,1,1,0,0,,
3656,Juan José Reyes Patria,reyes,colombia,3,2,1,0,0,2,1,0,0,,
3673,Juan Luis Ossa Bulnes,bulnes,chile,3,1,2,1,0,1,1,0,0,,
3674,Juan Luis Sanfuentes,sanfuentes,chile,3,3,0,2,0,1,0,0,0,,
3682,Juan Manuel Dávila Pumarejo,dávila,colombia,3,0,3,1,1,1,0,0,0,,
3683,Juan Manuel Fernández Campero,campero,argentina,3,2,1,1,0,1,1,0,2,,peru
3689,Juan Manuel Grau y Berrío,grau,colombia,3,3,0,0,0,1,2,0,3,,peru
3693,Juan Manuel Ospina,ospina,colombia,3,2,1,1,0,1,1,0,0,,
3702,Juan Manuel Urtubey,urtubey,argentina,3,2,1,1,0,1,1,0,0,,
3706,Juan María Pardo,álvarez_del_casal,colombia,3,1,2,1,0,1,1,0,0,,
3709,Juan Martín Caicedo,caicedo,colombia,3,0,3,1,0,1,1,0,0,,
3710,Juan Martín Echenique,tristán_del_pozo,peru,3,3,0,0,0,2,1,0,0,,
3711,Juan Martín Echenique,tristán_del_pozo,peru,3,3,0,0,0,2,1,1,0,echenique,
3726,Juan Pardo Heeren,lavalle,peru,3,1,2,1,0,1,1,0,0,,
3728,Juan Parra del Riego,miró_quesada,peru,3,1,2,1,0,1,1,0,1,,uruguay
3729,Juan Pinto Durán,pinto_chile,chile,3,0,3,1,0,1,1,0,0,,
3734,Juan Rodríguez del Toro,toro_venezuela,venezuela,3,0,3,1,0,2,0,0,0,,
3735,Juan Saá,saá,argentina,3,1,2,1,0,1,1,0,0,,
3742,Juan Subercaseaux,subercaseaux,chile,3,1,2,1,0,1,1,0,0,,
3746,Juan Uribe Holguín,holguín,colombia,3,0,3,1,0,1,1,0,0,,
3762,Juan de Borja y Armendia,borja,colombia,3,1,2,0,0,2,1,0,0,,
3764,Juan de Borja y Cattanei,borja,colombia,3,3,0,0,0,1,2,0,0,,
3766,Juan de Dios Rawson,rojo,argentina,3,3,0,0,0,1,2,1,0,rawson,
3776,Juan de Olmos y Ortega,olmos,colombia,3,1,2,1,0,1,1,0,0,,
3788,Juana Alarco de Dammert,alarco,peru,3,0,3,1,0,2,0,0,0,,
3793,Juana María Pueyrredón,pueyrredón,argentina,3,2,1,1,0,1,1,1,1,borja,colombia
3808,Julián Cock Arango,cock,colombia,3,0,3,1,0,1,1,0,0,,
3823,Julia Vial,vial,chile,3,1,2,1,0,1,1,1,0,valdés_chile,
3824,Juliana Awada,awada,argentina,3,1,2,1,1,1,0,0,0,,
3829,Julieta Palavicini,soler,mexico,3,3,0,1,0,1,1,0,0,,
3831,Julio Aurelio Amoedo,fortabat,argentina,3,3,0,1,0,2,0,0,0,,
3835,Julio Arboleda Valencia,arboleda,ecuador,3,0,3,1,0,2,0,0,0,,
3841,Julio Berrío París,berrío,colombia,3,2,1,0,0,2,1,0,0,,
3842,Julio Bracho,bracho,mexico,3,3,0,1,0,1,1,0,0,,
3844,Julio César Rodríguez,garcía-huidobro,chile,3,1,2,1,1,0,1,0,0,,
3845,Julio César Saguier (empresario),saguier,argentina,3,1,2,1,0,1,1,0,0,,
3853,Julio Carrizosa,carrizosa,colombia,3,1,2,1,0,1,1,0,0,,
3857,Julio Eduardo Ribeyro,ribeyro,peru,3,2,1,1,0,1,1,0,0,,
3858,Julio East,álvarez_calderón,peru,3,0,3,1,0,1,1,0,0,,
3859,Julio Eduardo Ribeyro,ribeyro,peru,3,2,1,1,0,1,1,0,0,,
3860,Julio Ego-Aguirre,paz_soldán,peru,3,0,3,1,0,2,0,0,0,,
3867,Julio Jung,concha_chile,chile,3,3,0,1,0,1,1,0,0,,
3875,Julio Montt,montt,chile,3,1,2,1,0,1,1,0,0,,
3884,Julio Philippi Izquierdo,philippi,chile,3,2,1,1,0,1,1,0,0,,
3886,Julio Portocarrero O'Leary,caicedo,colombia,3,2,1,0,1,1,1,2,0,soublette,
3889,Julio Rodolfo Alsogaray,alsogaray,argentina,3,1,2,1,0,1,1,0,0,,
3898,Julio Zegers (compositor),zegers_chile,chile,3,0,3,1,0,1,1,0,0,,
3903,Justo José de Urquiza,álzaga,argentina,3,2,1,1,0,1,1,0,0,,
3905,Justo Sierra Méndez,sierra_méndez,mexico,3,1,2,1,0,1,1,0,0,,
3919,Kike Morandé,morandé,chile,3,0,3,1,0,1,1,0,0,,
3925,Lázaro Cárdenas,cárdenas,mexico,3,2,1,1,0,1,1,0,0,,
3929,La Malinche,moctezuma,mexico,3,3,0,0,2,0,1,1,2,pizarro,colombia
3954,León Febres-Cordero Ribadeneyra,febres-cordero,ecuador,3,1,2,1,0,1,1,0,0,,
3957,León de Febres Cordero,febres-cordero,venezuela,3,1,2,1,0,1,1,0,0,,
3958,León de Greiff,de_greiff,colombia,3,1,2,1,0,1,1,0,0,,
3964,Leonidas Vial Guzmán,vial,chile,3,0,3,1,0,1,1,0,0,,
3966,Leonidas Yerovi (hijo),yerovi,peru,3,2,1,1,0,1,1,1,0,cano,
3975,Leonor de Velasco Álvarez,álvarez_del_casal,colombia,3,3,0,1,0,1,1,0,0,,
3977,Leopoldo Alfredo Bravo,cantoni-bravo,argentina,3,1,2,1,0,0,2,0,0,,
3981,Leopoldo Lugones,lugones,argentina,3,2,1,1,0,1,1,0,0,,
3983,Leopoldo O'Donnell,o'donnell,colombia,3,2,1,1,0,1,1,0,0,,
3991,Liborio Justo,justo,argentina,3,2,1,0,0,1,2,0,0,,
3993,Liliana García,pinto_chile,uruguay,3,1,2,2,0,0,1,0,1,,chile
3998,Lina Moreno de Uribe,uribe,colombia,3,2,1,1,0,1,1,0,0,,
4013,Lizardo Segundo Ugarte Bejarano,ugarte,peru,3,2,1,1,0,1,1,0,0,,
4015,Lluís Barraquer Ferré,barraquer,colombia,3,3,0,0,0,2,1,0,0,,
4016,Lluís Barraquer Roviralta,barraquer,colombia,3,2,1,0,0,2,1,0,0,,
4018,Lorena Ponce de León,ponce_de_león,uruguay,3,1,2,1,0,1,1,0,0,,
4021,Lorenzo Amez Navarro,amez,peru,3,0,3,1,0,2,0,0,0,,
4022,Lorenzo Batlle,batlle,uruguay,3,2,1,1,0,1,1,0,0,,
4023,Lorenzo Batlle Pacheco,batlle,uruguay,3,3,0,0,0,2,1,0,0,,
4027,Lorenzo María Lleras,lleras,colombia,3,2,1,1,0,1,1,0,0,,
4029,Lorenzo Montt,montt,chile,3,1,2,1,0,1,1,0,0,,
4032,Lorenzo de la Hidalga,garcía_icazbalceta,mexico,3,2,1,1,0,1,1,0,0,,
4033,Loreto Aravena,luksic,chile,3,1,2,1,1,0,1,0,0,,
4034,Loreto Valenzuela,di_girolamo,chile,3,1,2,1,1,1,0,0,0,,
4044,Lucas Caballero Barrera,caballero,colombia,3,2,1,1,0,0,2,0,0,,
4047,Lucas Gnecco,gnecco,colombia,3,2,1,0,0,2,1,0,0,,
4050,Lucas Vicente Joaquín de Borja y Lasteros,borja,ecuador,3,0,3,0,0,2,1,0,0,,
4052,Luciana Pedraza,billinghurst,argentina,3,2,1,1,0,1,1,0,0,,
4058,Lucio Alfredo Cornejo Linares,cornejo_argentina,argentina,3,2,1,1,0,1,1,0,0,,
4064,Lucrecia Borgia,borja,colombia,3,2,1,0,0,1,2,0,0,,
4066,Luis Alayza Escardó,alayza,peru,3,2,1,1,0,1,1,0,0,,
4068,Luis Alberto Heber,heber,uruguay,3,1,2,1,0,1,1,0,0,,
4075,Luis Augusto Cuervo,cuervo,colombia,3,1,2,1,0,1,1,0,0,,
4092,Luis Carlos Restrepo,restrepo,colombia,3,0,3,1,0,1,1,0,0,,
4094,Luis Carlos Vélez,char,colombia,3,2,1,1,0,1,1,0,0,,
4102,Luis Cousiño Mac Iver,cousiño,chile,3,1,2,1,0,1,1,0,0,,
4110,Luis E. Valcárcel,valcárcel,peru,3,0,3,1,0,1,1,0,0,,
4115,Luis Eduardo Nieto Caballero,caballero,colombia,3,0,3,1,0,1,1,0,0,,
4118,Luis Enrique Yarur,yarur,chile,3,0,3,1,0,1,1,0,0,,
4120,Luis Ernesto Videla,videla,chile,3,1,2,1,0,1,1,0,0,,
4123,Luis Felipe Alarco,alarco,peru,3,1,2,0,0,2,1,0,0,,
4125,Luis Felipe Calderón Reyes,calderón_colombia,colombia,3,2,1,1,0,1,1,0,0,,
4127,Luis Felipe Villarán,villarán,peru,3,1,2,1,0,1,1,0,0,,
4135,Luis Gabriel Cano Isaza,cano,colombia,3,2,1,1,0,1,1,0,0,,
4136,Luis Gallo Porras,porras,peru,3,0,3,1,0,1,1,0,0,,
4137,Luis García Huidobro Aldunate,garcía-huidobro,chile,3,0,3,1,0,2,0,0,0,,
4144,Luis Hernán Granier Bulnes,bulnes,chile,3,2,1,1,0,1,1,0,0,,
4152,Luis Lacalle Pou,ponce_de_león,uruguay,3,3,0,1,0,2,0,0,0,,
4155,Luis Llosa y Abril,llosa,peru,3,0,3,1,0,2,0,0,0,,
4157,Luis Mackenna Shiell,mackenna,chile,3,0,3,1,0,1,1,0,0,,
4160,Luis María de Silva y Carvajal,carvajal_y_vargas,chile,3,3,0,0,0,1,2,0,0,,
4162,Luis Matte,matte,chile,3,1,2,1,0,1,1,0,0,,
4164,Luis Matte Valdés,matte,chile,3,2,1,1,0,1,1,0,0,,
4169,Luis Miró Quesada Valega,miró_quesada,peru,3,1,2,1,0,1,1,0,0,,
4178,Luis Pércovich Roca,belaúnde,peru,3,0,3,1,0,1,1,0,0,,
4184,Luis Roca y Boloña,roca_y_rodríguez,peru,3,0,3,1,0,2,0,0,0,,
4190,Luis Schmidt Montes,schmidt,chile,3,1,2,1,0,1,1,0,0,,
4191,Luis Schmidt Quezada,schmidt,chile,3,2,1,1,0,1,1,0,0,,
4210,Luis Villaveces Santamaría,villaveces,colombia,3,2,1,1,0,1,1,2,0,urdaneta,
4215,Luisa Borgia,borja,colombia,3,2,1,0,0,1,2,0,0,,
4223,Luz Bulnes,bulnes,chile,3,2,1,1,0,0,2,0,0,,
4226,Luz Granier,bulnes,chile,3,2,1,1,0,1,1,0,0,,
4230,Luz Valdivieso,concha_chile,chile,3,2,1,1,0,1,1,0,0,,
4235,Máximo Pacheco Matte,matte,chile,3,1,2,1,0,1,1,0,0,,
4238,Mónica Echeverría,velasco_chile,chile,3,2,1,1,0,1,1,0,0,,
4241,Macacha Güemes,güemes,argentina,3,0,3,1,0,2,0,0,0,,
4245,Madeleine Osterling,mariátegui,peru,3,3,0,0,2,1,0,0,0,,
4251,Magdalena Ruiz Guiñazú,ortiz_basualdo,argentina,3,2,1,1,0,1,1,0,0,,
4253,Magdalena de Guzmán,pizarro,chile,3,2,1,2,0,1,0,2,1,"cortés_de_monroy, moctezuma",mexico
4255,Maité Allamand,allamand,chile,3,0,3,1,0,1,1,0,0,,
4256,Maite Orsini,tohá,chile,3,2,1,0,2,1,0,1,0,valdivieso,
4258,Maju Mantilla,mantilla,peru,3,0,3,1,1,0,1,0,0,,
4262,Malucha Solari,pinto_chile,chile,3,3,0,1,0,1,1,0,0,,
4266,Manuel Alcalde Velasco,velasco_chile,chile,3,0,3,1,0,1,1,0,0,,
4274,Manuel Antonio Garretón Walker,garretón,chile,3,1,2,1,0,2,0,0,0,,
4279,Manuel Antonio Sanclemente,sanclemente,colombia,3,0,3,1,0,1,1,0,0,,
4286,Manuel Avelino Orihuela,orihuela,peru,3,2,1,1,0,0,2,0,0,,
4290,Manuel Beingolea y Oyague,beingolea,peru,3,3,0,0,0,1,2,0,0,,
4293,Manuel Benavides Canduela,benavides_perú,peru,3,0,3,1,0,2,0,0,0,,
4297,Manuel Bulnes Pinto,bulnes,chile,3,2,1,1,0,2,0,0,0,,
4299,Manuel Bulnes Quevedo,bulnes,chile,3,2,1,1,0,1,1,0,0,,
4300,Manuel Bulnes Sanfuentes,bulnes,chile,3,2,1,1,0,1,1,0,0,,
4302,Manuel Cabral de Melo y Alpoin,alpoim,argentina,3,1,2,1,0,1,1,0,0,,
4304,Manuel Candamo,álvarez_calderón,peru,3,0,3,1,0,2,0,0,0,,
4307,Manuel Carvajal Sinisterra,borrero,colombia,3,1,2,1,0,1,1,1,1,toro_venezuela,venezuela
4308,Manuel Carvajal Valencia,carvajal,colombia,3,1,2,1,0,1,1,1,0,borrero,
4312,Manuel Concha Pedregal,concha_chile,chile,3,0,3,1,0,2,0,0,0,,
4315,Manuel Dammert Ego-Aguirre,alarco,peru,3,1,2,1,0,1,1,0,1,,chile
4316,Manuel Delgado Parker,delgado_parker,peru,3,0,3,1,0,1,1,0,0,,
4324,Manuel Feliú,feliú,chile,3,1,2,1,0,1,1,0,0,,
4325,Manuel Felipe de Tovar,tobar,venezuela,3,0,3,1,0,2,0,0,0,,
4326,Manuel Fernando Rincón de Aranda,rincón,peru,3,0,3,1,0,2,0,0,0,,
4328,Manuel Ferreyros Ayulo,ferreyros,peru,3,2,1,1,0,1,1,0,0,,
4329,Manuel Gálvez,bunge,argentina,3,3,0,1,0,1,1,0,0,,
4333,Manuel González-Olaechea Franco,gonzález-olaechea,peru,3,1,2,1,0,1,1,0,0,,
4342,Manuel Isidoro Belzu,zuviría,bolivia,3,2,1,1,0,1,1,0,1,,argentina
4359,Manuel María Borrero,borrero,ecuador,3,0,3,1,0,1,1,0,0,,
4360,Manuel María Gálvez Egúsquiza,gálvez,peru,3,1,2,1,0,1,1,0,0,,
4362,Manuel María Mallarino Isaacs,cabal,colombia,3,1,2,1,0,1,1,0,0,,
4366,Manuel María Sanclemente,cabal,colombia,3,1,2,1,0,1,1,0,0,,
4371,Manuel Montt Balmaceda,balmaceda,chile,3,0,3,1,0,1,1,0,0,,
4373,Manuel Moreyra Loredo,moreyra,peru,3,1,2,1,0,1,1,0,0,,
4385,Manuel Olaguer Feliú y Azcuénaga,azcuénaga,argentina,3,3,0,0,0,2,1,0,0,,
4392,Manuel París Ricaurte,parís,colombia,3,3,0,0,0,2,1,0,0,,
4396,Manuel Piqueras Luna,lavalle,peru,3,2,1,1,0,1,1,0,0,,
4397,Manuel Portales Palazuelos,portales,chile,3,2,1,1,0,1,1,0,0,,
4404,Manuel Rengifo,vial,chile,3,3,0,0,0,2,1,0,0,,
4407,Manuel Romero Rubio,díaz,mexico,3,2,1,1,0,1,1,0,0,,
4412,Manuel Seminario y Váscones,seminario,peru,3,2,1,1,0,1,1,0,0,,
4413,Manuel Seoane (político),seoane_heredia,peru,3,1,2,1,0,1,1,0,0,,
4419,Manuel Tellería Vicuña,tellería,peru,3,0,3,1,0,2,0,0,0,,
4431,Manuel Vicente Villarán,villarán,peru,3,2,1,1,0,1,1,0,0,,
4444,Manuel Bernardo Álvarez del Casal,álvarez_del_casal,colombia,3,1,2,2,0,0,1,0,0,,
4446,Manuel de Caycedo Tenorio,caicedo,chile,3,2,1,1,0,1,1,0,0,,
4447,Manuel de Mendiburu,mendiburu,peru,3,1,2,1,0,2,0,0,0,,
4452,Manuel de Tezanos Pinto (constituyente),pinto_chile,argentina,3,2,1,1,0,1,1,1,2,garcía-huidobro,chile
4454,Manuel de la Puente y Lavalle,lavalle,peru,3,0,3,1,0,2,0,0,0,,
4460,Manuela Sáenz,palacios_venezuela,ecuador,3,1,2,1,1,1,0,1,1,bolívar,colombia
4466,Manus O'Donnell,o'donnell,colombia,3,1,2,1,0,1,1,0,0,,
4477,María Correa Morandé,morandé,chile,3,1,2,1,0,1,1,0,0,,
4480,María Cristina Salazar,camacho,colombia,3,1,2,1,0,2,0,0,0,,
4483,María Edwards McClure,edwards,chile,3,1,2,1,0,1,1,0,0,,
4485,María Elena Etcheberry,etcheberry,chile,3,2,1,0,0,2,1,0,0,,
4491,María Elvira Samper,caballero,colombia,3,1,2,1,0,1,1,0,0,,
4501,María Eugenia Cordovez,febres-cordero,ecuador,3,1,2,1,0,1,1,0,0,,
4502,María Eugenia Estenssoro,estenssoro,argentina,3,2,1,0,0,1,2,0,0,,
4503,María Eugenia Hirmas,bitar,chile,3,3,0,1,0,1,1,0,0,,
4504,María Eugenia Piedrahíta,cabal,colombia,3,1,2,1,0,1,1,0,0,,
4507,María Fernanda Cabal,cabal,colombia,3,1,2,1,0,1,1,0,0,,
4510,María Gabriela Chávez,chávez,venezuela,3,2,1,0,1,2,0,0,0,,
4516,María José Pizarro,acevedo_colombia,colombia,3,2,1,0,0,1,2,0,0,,
4518,María José Zaldívar,zaldívar,chile,3,2,1,1,0,1,1,1,0,vicuña,
4520,Josefa Acevedo de Gómez,acevedo_colombia,colombia,3,3,0,1,0,1,1,0,0,,
4523,María Josefa Sanz de Santamaría,sanz_de_santamaría,colombia,3,2,1,1,0,1,1,0,0,,
4525,María Juliana Ruiz,duque,colombia,3,1,2,1,0,1,1,0,0,,
4526,María Luisa Álvarez de Toledo y Carreto,leyva,colombia,3,2,1,0,0,2,1,0,0,,
4538,María Mercedes Cuéllar,lópez,colombia,3,0,3,1,0,1,1,0,0,,
4549,María Pía Adriasola,kast,chile,3,2,1,1,0,1,1,0,0,,
4552,María Paula Duque,duque,colombia,3,3,0,1,0,1,1,0,0,,
4553,María Paz Jorquiera,freire,chile,3,2,1,1,1,0,1,0,0,,
4556,María Rostworowski,diez_canseco,peru,3,0,3,1,0,1,1,0,0,,
4559,María Soledad Tohá,tohá,chile,3,1,2,1,0,1,1,0,0,,
4561,María Teresa Boulton,boulton_venezuela,venezuela,3,0,3,1,0,1,1,0,0,,
4563,María Teresa Campos,velasco_chile,chile,3,1,2,1,1,0,1,0,1,,argentina
4574,María Victoria Ovalle,errázuriz,chile,3,1,2,1,0,1,1,0,0,,
4578,María de Luna y Ayala,borja,colombia,3,3,0,0,0,2,1,0,0,,
4588,María del Mar Pizarro,acevedo_colombia,colombia,3,2,1,0,0,1,2,0,0,,
4591,María del Rosario Guerra,de_la_espriella,colombia,3,0,3,1,0,2,0,0,0,,
4592,Marcela Cubillos,allamand,chile,3,2,1,2,0,1,0,0,0,,
4600,Marcelino de Mosquera,arboleda,colombia,3,2,1,1,0,1,1,0,0,,
4607,Marcelo Trivelli,trivelli,chile,3,2,1,1,0,1,1,0,0,,
4610,Marcial,bielsa,argentina,3,2,1,1,0,1,1,0,0,,
4619,Marco Fidel Suárez,barrientos,colombia,3,2,1,1,0,1,1,0,0,,
4621,Marcos Balcarce,balcarce,argentina,3,3,0,0,0,1,2,0,0,,
4622,Marcos Bulgheroni,bulgheroni,argentina,3,2,1,1,0,1,1,0,0,,
4623,Marcos Cueto,cueto_caballero,peru,3,3,0,0,0,2,1,0,0,,
4627,Marcos Peña,braun,argentina,3,0,3,1,0,1,1,0,0,,
4628,Marena Bencomo,boulton_venezuela,venezuela,3,0,3,1,0,1,1,0,0,,
4633,Margarita Diez y Pombo,arroyo,colombia,3,2,1,1,0,1,1,0,0,,
4636,Margarita Holguín Caro,caro,colombia,3,3,0,0,0,2,1,0,0,,
4642,Maria Callas,onassis,argentina,3,1,2,1,1,1,0,0,0,,
4650,Mariana Levy,fernández_veraud,mexico,3,3,0,1,0,1,1,0,0,,
4653,Mariana de Althaus,althaus,peru,3,1,2,1,0,2,0,0,0,,
4663,Mariano Candioti,candioti,argentina,3,1,2,1,0,1,1,0,0,,
4668,Mariano Fernández Amunátegui,amunátegui,chile,3,0,3,1,0,1,1,0,0,,
4675,Mariano Melgar Conde,melgar,peru,3,0,3,1,0,2,0,0,0,,
4677,Mariano Orihuela Bravo,orihuela,peru,3,2,1,1,0,1,1,0,0,,
4678,Mariano Ospina Chaparro,ospina,colombia,3,1,2,1,0,1,1,0,0,,
4680,Mariano Ospina Navia,ospina,colombia,3,0,3,1,0,1,1,0,0,,
4683,Mariano Ospina Rodríguez (militar),ospina,colombia,3,0,3,1,0,1,1,0,0,,
4697,Mariano de Silva y Carvajal,carvajal_y_vargas,chile,3,3,0,1,0,1,1,0,0,,
4698,Mariano de Silva y Carvajal,carvajal_y_vargas,chile,3,3,0,1,0,1,1,0,0,,
4702,Maricarmen Alva,alva,peru,3,2,1,1,0,1,1,0,0,,
4705,Marie Louise Alemann,alemann,argentina,3,3,0,1,0,1,1,0,0,,
4710,Mario Brescia Cafferata,cafferata,peru,3,0,3,1,0,1,1,0,0,,
4711,Mario Bunge,bunge,argentina,3,2,1,1,0,1,1,0,0,,
4721,Mario Marcel,tohá,chile,3,2,1,1,1,1,0,0,0,,
4729,Mario Velasco,velasco_chile,chile,3,2,1,1,1,0,1,0,2,,argentina
4734,Marleny Contreras,cabello,venezuela,3,3,0,1,0,1,1,0,0,,
4763,Martín Belaúnde Moreyra,belaúnde,peru,3,2,1,1,0,1,1,0,0,,
4766,Martín Güemes y Puch,puch,argentina,3,2,1,1,0,2,0,0,0,,
4772,Martín José Warnes,garcía_de_zúñiga,argentina,3,3,0,0,0,2,1,2,1,warnes,colombia
4773,Martín Menem,menem,argentina,3,2,1,0,0,1,2,0,0,,
4775,Martín Rivadavia,rivadavia,argentina,3,1,2,1,0,2,0,0,0,,
4777,Martín Tovar Ponte,tobar,venezuela,3,0,3,1,0,2,0,0,0,,
4778,Martín Tovar y Tovar,tovar,venezuela,3,0,3,1,0,2,0,0,0,,
4783,Marta Cruz-Coke,cruz-coke,chile,3,2,1,1,0,1,1,2,0,cruz_chile,
4785,Marta Fernández Miranda de Batista,zaldívar,chile,3,2,1,1,0,1,1,1,1,malo,mexico
4789,Martha Hildebrandt,pérez_treviño,peru,3,0,3,1,0,1,1,0,0,,
4791,Martha Meza,yoma,argentina,3,1,2,1,1,0,1,0,0,,
4794,Martina Warnes,warnes,argentina,3,3,0,1,0,2,0,2,2,garcía_de_zúñiga,"colombia, uruguay"
4796,Matías Assler,vicuña,chile,3,2,1,0,1,1,1,0,0,,
4805,Mateo García de Zúñiga,garcía_de_zúñiga,argentina,3,2,1,1,0,1,1,0,0,,
4810,Mateo de la Cruz,cruz_chile,chile,3,1,2,1,0,1,1,0,0,,
4816,Matilde Ladrón de Guevara,mendoza_ladrón_de_guevara,chile,3,2,1,1,0,1,1,2,0,bustamante,
4823,Mauricio Daract,daract,argentina,3,3,0,0,0,1,2,0,0,,
4827,Mauricio Gómez Escobar,gómez,colombia,3,3,0,0,0,2,1,0,0,,
4830,Mauricio Macri,awada,argentina,3,2,1,1,0,1,1,0,0,,
4832,Mauricio Pastor Daract,daract,argentina,3,2,1,1,0,1,1,0,0,,
4833,Mauricio Pešutić,pinto_chile,chile,3,3,0,1,1,0,1,0,1,,uruguay
4834,Mauricio Riesco Droguett,echaurren,chile,3,2,1,1,0,1,1,0,0,,
4837,Max Arias-Schreiber Pezet,miró_quesada,peru,3,0,3,1,0,1,1,0,0,,
4840,Maximiano Errázuriz,errázuriz,chile,3,0,3,1,0,1,1,0,0,,
4845,Maya Fernández,allende,chile,3,1,2,1,0,1,1,0,0,,
4846,Medardo Rivas,groot,colombia,3,2,1,1,0,1,1,0,0,,
4847,Melania Urbina,lavalle,peru,3,2,1,1,1,0,1,0,0,,
4848,Melanie Zichy-Ferraris,carvajal_y_vargas,chile,3,1,2,1,0,1,1,0,0,,
4849,Melanie von Zichy-Ferraris de Zich et Vásonykeö,carvajal_y_vargas,chile,3,1,2,2,0,0,1,0,0,,
4851,Melchor de Borja y Velasco,borja,colombia,3,1,2,0,0,2,1,0,0,,
4854,Melitón Porras Osores,porras,peru,3,2,1,1,0,1,1,0,0,,
4861,Mercedes Álvarez de Flores,álvarez_del_casal,colombia,3,2,1,1,0,1,1,0,0,,
4863,Mercedes Belzu,zuviría,bolivia,3,3,0,0,0,2,1,0,1,,argentina
4864,Mercedes Belzu,zuviría,bolivia,3,3,0,0,0,2,1,0,2,,argentina
4867,Mercedes Castellanos de Anchorena,anchorena,argentina,3,1,2,1,0,1,1,0,0,,
4877,Mercedes Soler (actriz),soler,mexico,3,3,0,1,0,0,2,0,2,,argentina
4878,Mercedes Tijero de Alayza,alayza,peru,3,2,1,1,0,1,1,0,0,,
4883,Mercedes Valdivieso,valdivieso,chile,3,0,3,1,0,1,1,0,0,,
4887,Michael Kast,kast,chile,3,2,1,1,0,0,2,0,0,,
4894,Miguel Ángel Yunes Linares,yunes,mexico,3,2,1,1,0,0,2,0,0,,
4895,Miguel Ángel Yunes Márquez,yunes,mexico,3,3,0,1,0,1,1,0,0,,
4898,Miguel Alemán Magnani,alemán,mexico,3,2,1,1,0,2,0,0,0,,
4903,Miguel Alva Orlandini,alva,peru,3,1,2,0,0,2,1,0,0,,
4907,Miguel Arce,acuña,peru,3,3,0,0,3,0,0,2,0,cayo,
4909,Miguel Arroyo Diez,arroyo,colombia,3,2,1,1,0,2,0,0,0,,
4913,Miguel Belgrano,belgrano,argentina,3,0,3,1,0,1,1,0,0,,
4931,Miguel Francisco de Villegas,villegas,argentina,3,2,1,1,0,2,0,0,0,,
4935,Miguel García Granados,garcía_granados,mexico,3,2,1,1,0,1,1,0,0,,
4937,Miguel Grau,grau,peru,3,2,1,1,0,1,1,0,2,,colombia
4947,Miguel Luis Amunátegui,amunátegui,chile,3,3,0,0,0,1,2,0,0,,
4948,Miguel Luis Amunátegui Johnson,amunátegui,chile,3,2,1,1,0,1,1,0,0,,
4959,Miguel Piñera,echenique,chile,3,2,1,1,1,1,0,0,0,,
4962,Miguel Rincón y Rodríguez,rincón,peru,3,0,3,1,0,2,0,0,0,,
4971,Miguel Vásquez Barrientos,barrientos,colombia,3,1,2,1,0,1,1,0,0,,
4981,Miodrag Marinović,zaldívar,chile,3,1,2,1,0,1,1,0,0,,
4986,Moctezuma Xocoyotzin,moctezuma,mexico,3,1,2,0,0,1,2,0,0,,
4997,Néstor Morales,duque,colombia,3,1,2,1,0,1,1,0,0,,
4998,Nadine Heredia,humala,peru,3,1,2,1,0,1,1,0,0,,
5002,Napoleón Borrero,borrero,colombia,3,0,3,1,0,1,1,0,0,,
5006,Natalia Chacón,elías-calles,mexico,3,3,0,1,0,1,1,0,0,,
5015,Nelly Meruane,meruane,chile,3,1,2,1,0,2,0,0,1,,argentina
5019,Nemecio Orbegoso,orbegoso,peru,3,2,1,1,0,1,1,0,0,,
5024,Néstor Morales,duque,colombia,3,1,2,1,0,1,1,0,0,,
5028,Nicanor Mujica Álvarez-Calderón,álvarez_calderón,peru,3,1,2,1,0,1,1,0,0,,
5034,Nicolás Avellaneda,avellaneda,argentina,3,3,0,1,0,1,1,0,0,,
5036,Nicolás Cabré,vicuña,argentina,3,1,2,1,2,0,0,1,0,aylwin,
5038,Nicolás Esguerra,esguerra,colombia,3,0,3,1,0,1,1,0,0,,
5042,Nicolás Gómez Dávila,dávila,colombia,3,0,3,1,0,1,1,0,0,,
5043,Nicolás Grau,veloso,chile,3,1,2,1,0,1,1,0,0,,
5046,Nicolás Maduro,maduro,venezuela,3,3,0,1,0,1,1,0,0,,
5054,Nicolás Petro,petro,colombia,3,2,1,1,0,1,1,0,0,,
5061,Nicolás Yerovi,cano,peru,3,3,0,0,1,1,1,2,0,yerovi,
5066,Nicolas Laso Errazuriz,errázuriz,chile,3,0,3,1,0,2,0,0,0,,
5067,Nicolasa Montt de Marambio,montt,chile,3,1,2,1,0,1,1,0,0,,
5075,Nora Nazar,romero_feris,argentina,3,2,1,2,0,0,1,0,0,,
5093,Olga Duque de Ospina,ospina,colombia,3,2,1,1,0,1,1,0,0,,
5098,Oliverio Lara Borrero,borrero,colombia,3,1,2,1,0,1,1,0,0,,
5112,Oscar Valicelli,podestá,argentina,3,3,0,1,2,0,0,0,0,,
5113,Osvaldo Cattone,salazar_y_meléndez,argentina,3,1,2,2,1,0,0,0,0,,
5117,Oswaldo Seminario y Aramburú,seminario,peru,3,2,1,1,0,1,1,0,0,,
5118,Otilia Larrañaga,aguilar,mexico,3,2,1,1,1,0,1,0,0,,
5126,Pío Isaac Acuña,acuña_argentina,argentina,3,1,2,1,0,1,1,0,0,,
5128,Pío Uriburu,uriburu,argentina,3,1,2,1,0,1,1,0,0,,
5131,Pablo Borrero Ayerbe,ayerbe,colombia,3,0,3,1,0,1,1,0,0,,
5137,Pablo Granifo,lavín,chile,3,0,3,1,0,1,1,0,0,,
5138,Pablo Kast,kast,chile,3,2,1,1,0,1,1,0,0,,
5145,Pablo Pérez Zañartu,zañartu,chile,3,0,3,1,0,1,1,0,0,,
5147,Pablo Podestá (actor),podestá,argentina,3,3,0,1,0,2,0,0,1,,uruguay
5153,Pablo Yrarrázaval,valdés_chile,chile,3,1,2,1,0,1,1,0,0,,
5155,Pacífico Chiriboga,borja,ecuador,3,0,3,1,0,2,0,0,0,,
5169,Paloma Valencia,laserna,colombia,3,1,2,1,0,1,1,0,0,,
5176,Pantaleón Gutiérrez,gutiérrez_díaz,colombia,3,1,2,1,0,1,1,0,0,,
5183,Paquita Vehil,bullrich,uruguay,3,2,1,0,0,1,2,0,2,,argentina
5187,Pastor S. Obligado,obligado,argentina,3,2,1,1,0,1,1,0,0,,
5189,Patricia Bullrich,bullrich,argentina,3,1,2,1,0,1,1,1,1,leyva,colombia
5195,Patricia Matte,bunster,chile,3,3,0,1,0,1,1,0,0,,
5207,Patricio Lynch,zaldívar,chile,3,1,2,1,0,1,1,0,0,,
5208,Patricio Peralta Ramos,peralta_ramos,argentina,3,0,3,1,0,2,0,0,0,,
5213,Patricio de Solminihac,de_solminihac,chile,3,1,2,1,0,1,1,0,0,,
5216,Patrick Wayne,díaz_ceballos,mexico,3,2,1,1,0,1,1,0,0,,
5218,Patty Chirinos,chirinos,peru,3,1,2,1,0,1,1,0,0,,
5219,Paula Bevilacqua,lander,venezuela,3,2,1,1,1,1,0,0,0,,
5220,Paula Frías Allende,allende,chile,3,2,1,1,0,1,1,0,0,,
5224,Paulina Núñez,monckeberg,chile,3,1,2,1,0,1,1,0,0,,
5225,Paulina Rubio,dosamantes_rul,mexico,3,2,1,1,0,1,1,0,0,,
5227,Paulina Veloso Valenzuela,veloso,chile,3,2,1,1,0,1,1,0,0,,
5228,Paulina Vodanovic,vodanovic,chile,3,2,1,1,0,1,1,0,0,,
5229,Paullu Inca,pizarro,chile,3,2,1,0,0,1,2,0,0,,
5230,Paulo Laserna Phillips,laserna,colombia,3,0,3,1,0,1,1,0,0,,
5231,Paz Bascuñán,aylwin,chile,3,2,1,1,1,1,0,0,0,,
5233,Paz Undurraga,undurraga,chile,3,1,2,1,0,1,1,0,0,,
5238,Pedro Acevedo y Tejada,acevedo_colombia,colombia,3,1,2,1,0,1,1,0,0,,
5252,Pedro Balmaceda,balmaceda,chile,3,3,0,0,0,2,1,0,0,,
5257,Pedro Campos Di Girolamo,di_girolamo,chile,3,3,0,0,1,2,0,0,0,,
5261,Pedro Celestino Luna,luna,peru,3,0,3,1,0,1,1,0,0,,
5263,Pedro Cortés de Monroy,cortés_de_monroy,chile,3,1,2,1,0,2,0,0,0,,
5264,Pedro Cortés de Monroy y Zavala,cortés_de_monroy,chile,3,0,3,1,0,2,0,0,0,,
5281,Pedro José Berrío,berrío,colombia,3,2,1,1,0,1,1,0,0,,
5283,Pedro José de Zavala y Bravo del Ribero,de_la_puente,peru,3,0,3,1,0,2,0,0,0,,
5291,Pedro Medina Avendaño,medina,colombia,3,0,3,1,0,1,1,0,0,,
5301,Pedro Olaechea,álvarez_calderón,peru,3,2,1,1,0,1,1,1,0,olaechea,
5309,Juan de Arona,paz_soldán,peru,3,3,0,0,0,1,2,0,0,,
5317,Pedro Trujillo Zañartu,zañartu,chile,3,0,3,1,0,2,0,0,0,,
5331,Pedropiedra,subercaseaux,chile,3,2,1,0,0,1,2,0,0,,
5334,Pepe Gnecco,gnecco,colombia,3,0,3,1,0,1,1,0,0,,
5338,Percy Gibson Parra,gibson,peru,3,1,2,1,0,1,1,0,0,,
5339,Pero Niño,niño,colombia,3,0,3,1,0,1,1,0,0,,
5340,Petronila Riquelme,cruz_chile,chile,3,2,1,1,0,1,1,0,0,,
5345,Pilar Castaño,lópez,colombia,3,3,0,1,0,2,0,0,0,,
5357,Polo Lugones,lugones,argentina,3,2,1,1,0,1,1,0,0,,
5360,Porfirio Díaz Ortega,díaz,mexico,3,2,1,1,0,2,0,0,0,,
5370,Primo F. Villa Michel,villa_michel,mexico,3,2,1,1,0,1,1,0,0,,
5374,Prudencio Lazcano Echaurren,echaurren,chile,3,1,2,1,0,1,1,0,0,,
5384,Raúl Barón Biza,sabattini,argentina,3,3,0,2,0,0,1,0,0,,
5390,Raúl Damonte Taborda,botana,argentina,3,3,0,0,0,2,1,0,0,,
5391,Raúl Diez Canseco Terry,diez_canseco,peru,3,0,3,1,0,1,1,0,0,,
5395,Raúl Ferrero Costa,ferrero,peru,3,1,2,1,0,1,1,0,0,,
5399,Raúl Fontaina Islas,fontaina,uruguay,3,1,2,1,0,1,1,0,0,,
5402,Raúl Lorenzo Batlle,batlle,uruguay,3,1,2,1,0,1,1,0,0,,
5403,Raúl Madero,madero,mexico,3,2,1,1,0,1,1,0,0,,
5412,Raúl Salinas de Gortari,salinas,mexico,3,1,2,1,1,1,0,0,0,,
5416,Rafael Ayala y Lozano,ayala,colombia,3,3,0,0,0,2,1,0,0,,
5419,Rafael Batlle Pacheco,batlle,uruguay,3,3,0,0,0,2,1,0,0,,
5420,Rafael Belaúnde Aubry,belaúnde,peru,3,2,1,1,0,1,1,0,0,,
5429,Rafael Carrizosa,argáez,colombia,3,1,2,1,0,1,1,0,0,,
5431,Rafael Delgado Barreneche,holguín,colombia,3,0,3,1,0,1,1,0,0,,
5436,Rafael García Mansilla,garcía-mansilla,argentina,3,3,0,0,0,2,1,0,0,,
5437,Rafael García Mansilla,garcía-mansilla,argentina,3,3,0,0,0,2,1,0,0,,
5442,Rafael Grau,grau,peru,3,2,1,1,0,1,1,0,0,,
5444,Rafael Guilisasti,guilisasti,chile,3,0,3,1,0,1,1,0,0,,
5448,Rafael Larco Herrera,larco,peru,3,1,2,1,0,1,1,0,0,,
5452,Rafael Mallarino Holguín,holguín,colombia,3,2,1,1,0,1,1,1,0,madariaga,
5457,Rafael Navas Pardo,pardo,colombia,3,0,3,1,0,1,1,0,0,,
5459,Rafael Pardo,pardo,colombia,3,2,1,2,0,1,0,0,0,,
5460,Rafael Pardo,pardo,colombia,3,2,1,2,0,1,0,0,0,,
5463,Rafael Reyes Prieto,reyes,colombia,3,0,3,1,0,1,1,0,0,,
5470,Rafael Santos Calderón,calderón_colombia,colombia,3,1,2,1,0,1,1,0,0,,
5473,Rafael Urdaneta Vargas,urdaneta,venezuela,3,2,1,1,0,2,0,1,0,parís,
5478,Rafaela de Vera Mujica y López Pintado,otálora,argentina,3,2,1,0,0,2,1,0,0,,
5479,Raimundo Fernández Villaverde,carvajal_y_vargas,chile,3,2,1,1,0,1,1,0,0,,
5481,Ramón Allende,allende,chile,3,2,1,1,0,1,1,0,0,,
5483,Ramón Castilla,diez_canseco,peru,3,1,2,1,1,0,1,0,0,,
5485,Ramón Errázuriz,errázuriz,chile,3,2,1,1,0,1,1,0,0,,
5489,Ramón Freire (marino),freire,peru,3,3,0,0,0,1,2,0,0,,
5491,Ramón García Huidobro,garcía-huidobro,chile,3,0,3,1,0,2,0,0,0,,
5499,Ramón Saadi,saadi,argentina,3,1,2,1,0,1,1,0,0,,
5510,Shaul Guerrero,guerrero,mexico,3,3,0,1,0,2,0,0,0,,
5516,Rebeca Matte,bello,chile,3,3,0,1,0,1,1,0,0,,
5522,Remigio Morales Bermúdez Pedraglio,morales_bermúdez,peru,3,3,0,0,0,2,1,0,0,,
5530,Ricardo Bentín Mujica,mujica,peru,3,1,2,1,0,1,1,0,0,,
5538,Ricardo Cruzat Ochagavía,cruzat,chile,3,0,3,1,0,1,1,0,0,,
5542,Ricardo Gómez Campuzano,nariño,colombia,3,0,3,1,0,1,1,0,0,,
5543,Ricardo Güiraldes,güiraldes,argentina,3,2,1,1,0,1,1,0,0,,
5558,Ricardo Monreal Ávila,monreal,mexico,3,0,3,1,0,1,1,0,0,,
5559,Ricardo Ortiz de Zevallos y Tagle,del_solar,peru,3,3,0,0,0,1,2,0,0,,
5569,Ricardo Valdés Bustamante,valdés_chile,chile,3,1,2,1,0,1,1,0,0,,
5575,Ricardo de Jaxa Malachowski,benavides_perú,peru,3,1,2,1,0,1,1,0,0,,
5581,Rito Martínez Gómez,martínez-silva,colombia,3,2,1,1,0,1,1,0,0,,
5601,Roberto Leguía,leguía,peru,3,0,3,1,0,2,0,0,0,,
5606,Roberto Pombo,holguín,colombia,3,0,3,1,0,1,1,0,0,,
5609,Roberto Thieme,pinochet,chile,3,1,2,1,0,2,0,0,0,,
5610,Roberto Urdaneta,caro,colombia,3,3,0,2,0,0,1,0,0,,
5613,Roberto Urdaneta Gómez (militar),urdaneta,colombia,3,1,2,1,0,1,1,0,0,,
5615,Rocío Silva-Santisteban,silva_santisteban,peru,3,3,0,0,1,1,1,0,0,,
5618,Rodolfo D'Onofrio,yoma,argentina,3,1,2,0,1,1,1,0,0,,
5627,Rodrigo Borja Cevallos,borja,ecuador,3,1,2,1,0,1,1,0,0,,
5629,Rodrigo Cruz Matta,matta,chile,3,0,3,1,0,1,1,0,0,,
5640,Rodrigo Valdés,valdés_chile,chile,3,0,3,1,0,1,1,0,0,,
5644,Rogelio Frigerio (nieto),frigerio,argentina,3,1,2,1,0,1,1,0,0,,
5659,Ronald Kay,parra_chile,chile,3,2,1,2,0,0,1,0,0,,
5661,Roque Benavides,benavides_perú,peru,3,2,1,1,0,1,1,0,0,,
5663,Roque Sáenz Peña,sáenz_peña,argentina,3,2,1,1,0,1,1,0,0,,
5666,Rosa Borja de Icaza,borja,ecuador,3,2,1,1,0,1,1,0,0,,
5667,Rosa Bozán,podestá,uruguay,3,1,2,1,0,1,1,0,1,,argentina
5673,Rosa Núñez,acuña,peru,3,3,0,1,0,1,1,0,0,,
5675,Rosa Pedraglio,morales_bermúdez,peru,3,2,1,1,0,1,1,0,0,,
5678,Rosalía Julián,valdés,mexico,3,3,0,1,0,1,1,0,0,,
5695,Rudecindo Roca,paz,argentina,3,3,0,0,0,2,1,1,0,roca,
5709,Sótero del Río,del_río_chile,chile,3,0,3,1,0,1,1,0,0,,
5717,Salvador Abascal Infante,carranza,mexico,3,2,1,1,0,1,1,0,0,,
5718,Salvador Alberdi,aráoz,argentina,3,1,2,1,0,1,1,0,0,,
5724,Salvador María del Carril,del_carril,argentina,3,2,1,1,0,1,1,0,0,,
5727,Salvador de Iturbide y Huarte,iturbide,mexico,3,2,1,1,0,1,1,0,0,,
5739,Sandra O'Ryan,di_girolamo,chile,3,2,1,0,2,0,1,1,0,bachelet,
5754,Santiago Betbeder,avellaneda,argentina,3,2,1,1,0,1,1,0,0,,
5755,Santiago Cafiero,cafiero,argentina,3,2,1,1,0,1,1,0,0,,
5756,Santiago Caputo,caputo,argentina,3,0,3,1,0,1,1,0,0,,
5757,Santiago Creel,creel-terrazas,mexico,3,0,3,1,0,1,1,0,0,,
5758,Santiago Cueto Caballero,cueto_caballero,peru,3,3,0,0,0,2,1,0,0,,
5759,Santiago Eder,eder,colombia,3,1,2,1,0,1,1,1,0,caicedo,
5765,Santiago Martínez Delgado,mallarino,colombia,3,2,1,1,0,1,1,0,0,,
5766,Santiago Montt Albano,montt,chile,3,2,1,1,0,1,1,0,0,,
5769,Santiago Pérez Manosalva,lleras,colombia,3,1,2,1,0,1,1,0,0,,
5770,Santiago Pérez Triana,lleras,colombia,3,2,1,1,0,1,1,0,0,,
5777,Santiago de Errázuriz Madariaga,errázuriz,chile,3,1,2,1,0,1,1,0,0,,
5780,Santiago de Liniers,o'gorman,argentina,3,1,2,1,1,0,1,0,0,,
5782,Santos Cavada Carvajal,cavada,chile,3,0,3,1,0,1,1,0,0,,
5785,Sara Gallardo,gallardo,argentina,3,2,1,2,0,0,1,0,0,,
5788,Sara del Campo,montt,chile,3,1,2,1,0,1,1,0,0,,
5794,Saturnino Vergara Moure,moure,colombia,3,0,3,1,0,2,0,0,0,,
5798,Sebastián Claro,claro_chile,chile,3,0,3,1,0,1,1,0,0,,
5800,Sebastián Edwards Figueroa,edwards,chile,3,0,3,1,0,1,1,0,0,,
5803,Sebastián Piñera,echenique,chile,3,3,0,1,0,1,1,1,0,piñera,
5806,Sebastián Zurita,pinal_hidalgo,mexico,3,3,0,0,0,2,1,0,1,,argentina
5811,Segundo Pomar,podestá,argentina,3,2,1,1,1,0,1,0,0,,
5816,Sergio Arboleda,arboleda,colombia,3,1,2,1,0,1,1,0,0,,
5818,Sergio Camargo,acosta_del_castillo,colombia,3,0,3,1,0,1,1,0,0,,
5822,Sergio Freire,freire,chile,3,2,1,1,1,0,1,0,0,,
5823,Sergio Galilea,galilea,chile,3,0,3,1,0,1,1,0,0,,
5828,Sergio Urrejola,monckeberg,chile,3,1,2,1,0,1,1,0,0,,
5832,Shakira,de_la_rúa,colombia,3,2,1,0,2,1,0,0,2,,argentina
5834,Shaul Guerrero,guerrero,mexico,3,3,0,1,0,2,0,0,0,,
5835,Siad Char,char,colombia,3,1,2,1,0,1,1,0,0,,
5841,Silvia Alessandri,morandé,chile,3,2,1,1,0,1,1,0,0,,
5845,Silvia Martorell,illia,argentina,3,1,2,1,0,1,1,0,0,,
5848,Silvia Pinto,pinto_chile,chile,3,0,3,1,0,1,1,0,0,,
5858,Simón Pešutić,pinto_chile,chile,3,2,1,0,1,1,1,0,0,,
5861,Simón de Bolívar y Castro,bolívar,venezuela,3,0,3,1,0,2,0,0,0,,
5870,Sofía Ospina de Navarro,ospina,colombia,3,1,2,1,0,1,1,0,0,,
5877,Soledad Acosta de Samper,samper,colombia,3,3,0,1,0,1,1,0,0,,
5881,Sonia Infante,pinal_hidalgo,mexico,3,1,2,2,0,1,0,0,0,,
5882,Sonia Oquendo,pinasco,peru,3,3,0,1,0,1,1,0,0,,
5884,Sophia Vari,zea,colombia,3,1,2,1,0,1,1,0,0,,
5888,Stefano Salvini,alarco,peru,3,3,0,0,3,0,0,0,0,,
5895,Susana Ferrari Billinghurst,billinghurst,argentina,3,1,2,1,0,1,1,0,0,,
5896,Susana Freydoz,soria,argentina,3,3,0,1,0,0,2,0,0,,
5898,Susana Higuchi,fujimori,peru,3,3,0,1,0,0,2,0,0,,
5906,Sylvia Soublette,subercaseaux,chile,3,2,1,1,0,1,1,0,0,,
5908,Tadea Lozano e Isasi,lozano,colombia,3,3,0,1,0,1,1,3,0,álvarez_del_casal,
5910,Tadeo Acuña,acuña_argentina,argentina,3,3,0,0,0,2,1,0,0,,
5923,Tatiana Santo Domingo,pumarejo,colombia,3,3,0,1,0,1,1,1,0,santo_domingo,
5928,Teófilo Saá,saá,argentina,3,2,1,1,0,1,1,0,0,,
5936,Teodoro Schmidt Weichsel,schmidt,chile,3,3,0,0,0,1,2,0,0,,
5947,Teresa Tanco de Herrera,cordovéz,colombia,3,2,1,1,0,1,1,2,0,argáez,
5954,Tiago Correa,allamand,chile,3,1,2,1,1,1,0,0,0,,
5961,Tlapalizquixochtzin,moctezuma,mexico,3,2,1,0,0,2,1,0,0,,
5967,Tomás Cipriano de Mosquera,arboleda,colombia,3,1,2,1,0,1,1,0,0,,
5972,Tomás Herrán,arboleda,colombia,3,2,1,1,0,1,1,0,0,,
5975,Tomás Kast,kast,chile,3,2,1,1,0,1,1,0,0,,
5977,Tomás Liberato Perón,perón,argentina,3,0,3,1,0,1,1,0,0,,
5983,Tomás Tenorio y Carvajal,tenorio,colombia,3,0,3,1,0,2,0,0,0,,
5996,Torcuato Di Tella,di_tella,argentina,3,3,0,0,0,1,2,0,0,,
6003,Trinidad González Balcarce,balcarce,argentina,3,3,0,1,0,1,1,0,0,,
6008,Tulio Ospina Pérez,ospina,colombia,3,2,1,1,0,1,1,0,0,,
6015,Usuario:Lamder/Taller,polar,peru,3,1,2,1,1,1,0,0,0,,
6022,Víctor Calderón,calderón_colombia,colombia,3,1,2,1,0,1,1,0,0,,
6023,Víctor Castro Iglesias,castro_taboada,peru,3,2,1,1,0,1,1,0,0,,
6027,Víctor Eguiguren Escudero,eguiguren,peru,3,3,0,0,0,2,1,0,0,,
6029,Víctor Freundt Rosell,freundt,peru,3,0,3,1,0,1,1,0,0,,
6033,Víctor González Torres,gonzález_torres,mexico,3,1,2,0,1,1,1,0,0,,
6034,Víctor Hugo Cárdenas,choquehuanca,bolivia,3,0,3,1,0,1,1,0,0,,
6035,Víctor Larco Herrera,larco,peru,3,0,3,1,0,1,1,0,0,,
6040,Víctor Paz Estenssoro,estenssoro,bolivia,3,0,3,1,0,1,1,0,0,,
6043,Valentín Alsina,maza,argentina,3,3,0,1,0,1,1,0,0,,
6044,Valentín Gómez Farías,gómez_farías,mexico,3,2,1,1,0,1,1,0,0,,
6046,Valeria Bringas,lavalle,peru,3,1,2,1,2,0,0,0,0,,
6048,Vanessa Ciangherotti,soler,mexico,3,3,0,1,0,1,1,1,1,rocca,argentina
6050,Vanessa de la Torre,sanclemente,colombia,3,0,3,0,1,1,1,0,0,,
6078,Vicente Huidobro,concha_chile,chile,3,3,0,1,0,1,1,1,0,garcía-huidobro,
6082,Vicente Ramón Roca,roca_y_rodríguez,ecuador,3,2,1,1,0,1,1,0,0,,
6085,Vicente Sabatini,di_girolamo,chile,3,2,1,0,1,1,1,0,0,,
6093,Vickie Guerrero,guerrero,mexico,3,2,1,1,0,1,1,0,0,,
6098,Victoria Morales Etchevers,tohá,chile,3,3,0,1,0,1,1,0,0,,
6107,Victoriano de Rocha,rocha,argentina,3,0,3,1,0,2,0,0,0,,
6129,Viridiana Alatriste,pinal_hidalgo,mexico,3,3,0,0,1,2,0,0,0,,
6130,Vittorio di Girolamo,di_girolamo,chile,3,1,2,1,0,1,1,0,0,,
6134,Vladimir Cerrón,cerrón,peru,3,3,0,0,0,2,1,0,0,,
6138,Waldemar Cerrón,cerrón,peru,3,3,0,0,0,2,1,0,0,,
6149,Ximena Morla Lynch,vicuña,chile,3,2,1,1,0,2,0,0,0,,
6152,Yaco Eskenazi,vértiz,peru,3,3,0,1,2,0,0,0,1,,argentina
6157,Yolanda Ventura,bichir,mexico,3,3,0,1,1,1,0,0,0,,
6158,Yvonne Frayssinet,frayssinet,peru,3,3,0,1,0,1,1,0,1,,argentina
6162,Zenón Freire Caldera,freire,chile,3,2,1,1,0,2,0,0,0,,
6166,Zulema Jattin Corrales,jattin,colombia,3,3,0,0,0,1,2,0,0,,
3,Álvaro Alsogaray,alsogaray,argentina,2,1,1,1,0,0,1,0,0,,
5,Álvaro Cruzat,cruzat,chile,2,0,2,1,0,1,0,0,0,,
6,Álvaro Escobar,portales,chile,2,1,1,0,1,0,1,0,0,,
7,Álvaro Espinoza (actor),concha_chile,chile,2,2,0,0,2,0,0,0,0,,
19,Álvaro Pío Valencia,valencia,colombia,2,2,0,0,0,1,1,0,0,,
24,Álvaro Vargas Llosa,vargas_llosa,peru,2,1,1,1,0,1,0,0,0,,
25,Álvaro de Galleguillos y Riberos de Castilla,galleguillos,chile,2,0,2,1,0,1,0,0,0,,
30,Ángel Cuervo Urisarri,cuervo,colombia,2,2,0,0,0,1,1,0,0,,
38,Ángel Prieto Vial,vial,chile,2,1,1,1,0,1,0,1,0,cruz_chile,
42,Ángela Aguilar,aguilar,mexico,2,2,0,1,0,1,0,0,0,,
43,Ángela Castelli,castelli,argentina,2,1,1,1,0,1,0,0,0,,
58,Óscar Guillermo Garretón,garretón,chile,2,0,2,1,0,1,0,0,0,,
62,Óscar Miró Quesada de la Guerra,miró_quesada,peru,2,1,1,1,0,0,1,0,0,,
73,Aarón de Anchorena,anchorena,argentina,2,0,2,0,0,2,0,0,0,,
77,Abelardo Carranza Strasburger,carranza,mexico,2,2,0,0,0,1,1,0,0,,
78,Abelardo Vásquez,vásquez,peru,2,1,1,1,0,1,0,0,0,,
81,Absalón Fernández de Soto Lozano,fernández_de_soto,colombia,2,0,2,1,0,1,0,0,0,,
87,Adalberto Vergara,vergara-azcárate,colombia,2,2,0,0,0,1,1,0,0,,
88,Adela Crooke,osma,peru,2,2,0,1,0,1,0,0,0,,
90,Adolfo Alsina,maza,argentina,2,2,0,0,0,2,0,0,0,,
92,Adolfo Ballivián Grimwood,ballivián,bolivia,2,2,0,0,0,1,1,0,0,,
95,Adolfo Bullrich,alvear,argentina,2,2,0,0,0,2,0,0,0,,
103,Adolfo Piossek,prebisch,argentina,2,2,0,0,0,1,1,0,0,,
105,"Adolfo Rodríguez Saá """"El Pampa""""",rodríguez_saá,argentina,2,0,2,1,0,1,0,0,0,,
106,Adolfo Saguier,saguier,paraguay,2,0,2,1,0,1,0,0,0,,
107,Adolfo Samper,samper,colombia,2,0,2,1,0,1,0,0,0,,
112,Adriana Arboleda,arboleda,colombia,2,2,0,1,0,1,0,1,0,caicedo,
116,Adriana Tudela,osma,peru,2,2,0,0,0,1,1,0,0,,
117,Adriana Zubiate,neyra,peru,2,2,0,0,2,0,0,1,0,elías,
121,Agostino Rocca,rocca,argentina,2,0,2,1,0,1,0,0,0,,
132,Agustín Manuel Camacho,camacho,colombia,2,0,2,0,0,2,0,0,0,,
136,Agustín Pedro Justo,justo,argentina,2,1,1,1,0,0,1,0,0,,
142,Agustín de Iturbide y Green,iturbide,mexico,2,0,2,1,0,1,0,0,0,,
145,Agustín de Salazar y Muñatones,salazar_y_muñatones,peru,2,2,0,0,0,1,1,0,0,,
151,Aislinn Derbez,derbez,mexico,2,2,0,1,0,1,0,0,0,,
159,Alberto Benavides Ganoza,benavides_perú,peru,2,2,0,0,0,1,1,0,0,,
166,Alberto Casas Santamaría,casas,colombia,2,1,1,1,0,0,1,0,0,,
168,Alberto Decombe Edwards,edwards,chile,2,0,2,1,0,1,0,0,0,,
169,Alberto Donadío,galvis_galavís,colombia,2,1,1,1,0,1,0,0,0,,
170,Alberto Dupuy,esguerra,colombia,2,0,2,1,0,1,0,0,0,,
184,Alberto Labbé Galilea,galilea,chile,2,2,0,0,0,1,1,0,0,,
189,Alberto Lozano Simonelli,lozano,colombia,2,2,0,0,0,1,1,0,0,,
192,Alberto Mario Pumarejo,pumarejo,colombia,2,1,1,1,0,1,0,0,0,,
214,Alberto Uribe Urdaneta,restrepo,colombia,2,2,0,0,0,1,1,0,0,,
215,Alberto Valcárcel Acuña,valcárcel,peru,2,0,2,0,0,2,0,0,0,,
217,Alberto Vial Infante,vial,chile,2,1,1,1,0,1,0,0,0,,
218,Alberto Villamizar,pachón,colombia,2,2,0,1,0,0,1,1,0,galán,
219,Alberto Williams,bunge,argentina,2,2,0,0,0,1,1,0,0,,
222,Alberto Zaldívar,zaldívar,chile,2,1,1,1,0,1,0,0,0,,
223,Alberto de Belaúnde,belaúnde,peru,2,1,1,1,0,1,0,0,0,,
228,Aldo Mariátegui,mariátegui,peru,2,1,1,0,1,1,0,0,0,,
229,Aldo Mariátegui,mariátegui,peru,2,1,1,0,1,1,0,0,0,,
230,Aleida Guevara,guevara,argentina,2,2,0,0,0,2,0,0,0,,
233,Alejandra Borrero,borrero,colombia,2,0,2,0,0,2,0,0,0,,
234,Alejandra Botero Barco,barco,colombia,2,2,0,0,0,1,1,0,0,,
239,Alejandro Alayza Mujica,alayza,peru,2,2,0,0,0,1,1,0,0,,
240,Alejandro Aragón,bichir,mexico,2,1,1,1,0,1,0,0,0,,
243,Alejandro Baillères,baillères,mexico,2,2,0,0,0,1,1,0,0,,
245,Alejandro Botero Uribe,restrepo,colombia,2,0,2,1,0,1,0,0,0,,
246,Alejandro Bulgheroni,bulgheroni,argentina,2,1,1,1,0,1,0,1,0,bunge,
249,Alejandro Camacho,fuentes_berain,mexico,2,2,0,1,0,0,1,0,0,,
250,Alejandro Carrillo Castro,fernández_veraud,mexico,2,2,0,1,0,1,0,0,0,,
251,Alejandro Carrillo Marcor,fernández_veraud,mexico,2,2,0,0,0,1,1,0,0,,
259,Alejandro Errázuriz Mackenna,errázuriz,chile,2,0,2,1,0,1,0,0,0,,
261,Alejandro Gómez Maganda,gómez_maganda,mexico,2,2,0,0,0,1,1,0,0,,
264,Alejandro Galvis Ramírez,galvis_galavís,colombia,2,2,0,0,0,1,1,0,0,,
265,Alejandro García-Huidobro,garcía-huidobro,chile,2,1,1,1,0,0,1,1,1,rojas,colombia
273,Alejandro Lyons,de_la_espriella,colombia,2,1,1,1,0,1,0,0,0,,
282,Alejandro Santos,santos,colombia,2,1,1,1,0,1,0,1,0,calderón_colombia,
289,Alejandro Velasco Astete,astete,peru,2,0,2,1,0,1,0,0,0,,
294,Alessa Wichtel,alarco,peru,2,1,1,0,2,0,0,0,0,,
295,Alessandra Denegri,denegri,peru,2,0,2,1,1,0,0,0,0,,
299,Alessia Injoque,alegría,chile,2,2,0,0,0,1,1,0,2,,peru
303,Alexandra Graña,graña,peru,2,0,2,0,1,0,1,0,0,,
309,Alfonso Cano Isaza,cano,colombia,2,2,0,0,0,1,1,0,0,,
314,Alfonso Herrera Salcedo,herrera_salcedo,mexico,2,2,0,0,0,1,1,0,0,,
318,Alfonso Patiño Roselli,camargo,colombia,2,0,2,1,0,1,0,0,0,,
321,Alfonso Ugarte,ugarte,peru,2,0,2,0,0,2,0,0,0,,
327,Alfredo Barnechea,segurola,peru,2,0,2,1,0,1,0,0,0,,
328,Alfredo Barros Errázuriz,errázuriz,chile,2,0,2,1,0,1,0,0,0,,
341,Alfredo Ferreyros Gildemeister,ferreyros,peru,2,2,0,0,0,1,1,0,0,,
342,Alfredo Fortabat,fortabat,argentina,2,1,1,1,0,1,0,0,0,,
347,Alfredo Pareja Diez-Canseco,diez_canseco,ecuador,2,0,2,1,0,1,0,0,0,,
361,Alicia Cañas,zañartu,chile,2,0,2,1,0,1,0,0,0,,
365,Alicia Moreau de Justo,justo,argentina,2,1,1,1,0,1,0,0,0,,
373,Alma Delfina,pinal_hidalgo,mexico,2,1,1,1,0,0,1,0,0,,
376,Alois Schreiber,schreiber,peru,2,1,1,1,0,0,1,0,0,,
379,Alonso Cano (actor),cano,peru,2,1,1,0,0,2,0,0,0,,
383,Alonso Hernández Portocarrero,pizarro,colombia,2,2,0,1,1,0,0,2,2,moctezuma,mexico
384,Alonso III de Fonseca,ulloa,chile,2,2,0,0,0,1,1,0,2,,peru
388,Alonso Martín de Don Benito,pizarro,chile,2,0,2,1,0,1,0,0,0,,
397,Amada Díaz,díaz,mexico,2,2,0,1,0,1,0,0,0,,
400,Amadeo de Piérola,piérola,peru,2,1,1,1,0,1,0,0,0,,
403,Amador del Solar Cárdenas,del_solar,peru,2,2,0,0,0,1,1,0,0,,
421,Aníbal Chávez,chávez,venezuela,2,2,0,0,0,2,0,0,0,,
423,Aníbal Cruzat Ortega,cruzat,chile,2,0,2,1,0,1,0,0,0,,
424,Aníbal Fernández de Soto,camacho,colombia,2,2,0,1,0,1,0,1,1,saá,argentina
430,Aníbal Sanfuentes Velasco,sanfuentes,chile,2,0,2,1,0,1,0,0,0,,
431,Aníbal Zañartu,zañartu,chile,2,0,2,1,0,1,0,0,0,,
432,Ana Carolina Gaillard,rodríguez_saá,argentina,2,2,0,0,1,0,1,1,0,saá,
433,Ana Echazarreta,sanfuentes,chile,2,1,1,1,0,1,0,0,0,,
434,Ana Echazarreta,sanfuentes,chile,2,1,1,1,0,1,0,0,0,,
439,Ana Luz Figueroa,pinto_chile,chile,2,1,1,1,0,0,1,0,0,,
449,Ana María Salvadora de Otálora y Ribero,otálora,argentina,2,2,0,1,0,1,0,0,0,,
461,Anacleto Angelini,angelini,chile,2,0,2,1,0,1,0,0,0,,
473,Andrés Bolognesi,bolognesi,peru,2,2,0,0,0,0,2,0,0,,
475,Andrés Chadwick,chadwick,chile,2,1,1,1,0,1,0,0,0,,
477,Andrés Di Tella,di_tella,argentina,2,1,1,1,0,0,1,0,0,,
480,Andrés Holguín,holguín,colombia,2,0,2,0,0,2,0,0,0,,
498,Andrés Velasco (actor),velasco_chile,chile,2,1,1,0,1,0,1,1,0,portales,
504,Andrés Zaldívar,zaldívar,chile,2,1,1,1,0,1,0,0,0,,
508,Andrés de Santa María,hurtado,colombia,2,0,2,1,0,1,0,0,0,,
510,Andrónico Lukšić Craig,luksic,chile,2,1,1,1,0,1,0,0,0,,
514,Andrea Casiraghi,santo_domingo,colombia,2,2,0,1,0,1,0,1,0,pumarejo,
515,Andrea García-Huidobro,garcía-huidobro,chile,2,2,0,0,0,2,0,0,0,,
516,Andrea Llosa,llosa,peru,2,1,1,1,0,0,1,1,1,quintero,colombia
518,Andrea Revueltas,revueltas_sánchez,mexico,2,1,1,1,0,1,0,0,0,,
519,Andrés Pascal Allende,allende,chile,2,1,1,1,0,1,0,0,0,,
523,Angélica Castro,garcía-huidobro,chile,2,1,1,1,0,1,0,0,0,,
524,Angélica Jovita García,garcía-mansilla,argentina,2,1,1,1,0,1,0,0,0,,
525,Angélica Mayolo Obregón,obregón,colombia,2,0,2,0,0,2,0,0,0,,
535,Anselmo de la Cruz,cruz_chile,chile,2,0,2,0,0,2,0,0,0,,
536,Antauro Humala,humala,peru,2,2,0,1,0,1,0,0,0,,
544,Antonia Santos,santos,colombia,2,0,2,0,0,2,0,0,0,,
549,Antonio Álvarez Restrepo,restrepo,colombia,2,0,2,1,0,1,0,0,0,,
552,Antonio Alfonso Cavada,cavada,chile,2,0,2,1,0,1,0,0,0,,
553,Antonio Arboleda y Arrachea,arboleda,colombia,2,1,1,1,0,1,0,0,0,,
569,Antonio Febres-Cordero,febres-cordero,venezuela,2,1,1,1,0,1,0,0,0,,
572,Antonio Gómez de Galleguillos,galleguillos,chile,2,0,2,1,0,1,0,0,0,,
575,Antonio García de León,garcía_de_león,mexico,2,0,2,1,0,0,1,0,0,,
583,Antonio Herrán,herrán,colombia,2,0,2,0,0,2,0,0,0,,
598,Antonio Miró Quesada de la Guerra,miró_quesada,peru,2,1,1,1,0,0,1,0,0,,
603,Antonio Oliart Astete,astete,peru,2,0,2,1,0,1,0,0,0,,
609,Antonio Ricaurte,lozano,colombia,2,0,2,1,0,1,0,0,0,,
617,Antonio Valdés Cuevas,valdés_chile,chile,2,0,2,1,0,0,1,0,0,,
618,Antonio Vodanovic,vodanovic,chile,2,1,1,1,0,0,1,1,0,pinto_chile,
620,Antonio Walker,walker_chile,chile,2,1,1,1,0,1,0,1,0,echenique,
623,Antonio de Leyva,leyva,colombia,2,0,2,1,0,1,0,0,0,,
631,Antonio de la Torre del Mar Márquez,de_la_torre,peru,2,1,1,1,0,1,0,0,0,,
634,Aquiles Concha Stuardo,concha_chile,chile,2,1,1,1,0,1,0,0,0,,
637,Arístides Calderón Reyes,calderón_colombia,colombia,2,0,2,1,0,1,0,0,0,,
640,Araceli Vitta,garcía-huidobro,chile,2,1,1,1,1,0,0,0,0,,
650,Armando Holguín,holguín,colombia,2,0,2,1,0,1,0,0,0,,
665,Arturo Borja,borja,ecuador,2,2,0,0,0,1,1,0,0,,
668,Arturo Corcuera,corcuera,peru,2,2,0,0,0,1,1,0,0,,
669,Arturo Droguett,valdés_chile,chile,2,1,1,1,0,1,0,0,0,,
683,Arturo Podestá,podestá,argentina,2,2,0,1,0,1,0,0,1,,uruguay
687,Arturo Rawson,rawson,argentina,2,0,2,1,0,1,0,0,0,,
704,Augusto Bedoya Suárez,bedoya,peru,2,0,2,1,0,1,0,0,0,,
709,Augusto Bunge,bunge,argentina,2,2,0,0,0,1,1,0,0,,
722,Augusto Luna Llamas,luna,peru,2,1,1,1,0,1,0,0,0,,
729,Augusto Seminario y Váscones,seminario,peru,2,1,1,1,0,1,0,0,0,,
735,Augusto Thorndike Galup,thorndike,peru,2,1,1,1,0,0,1,0,0,,
736,Augusto Thorndike (periodista),thorndike,peru,2,2,0,0,0,1,1,0,0,,
738,Augusto Vicuña Subercaseaux,subercaseaux,chile,2,1,1,1,0,1,0,0,0,,
743,Aurelia Vélez Sársfield,sarsfield,argentina,2,2,0,1,0,1,0,0,0,,
747,Aurelio Caicedo Ayerbe,ayerbe,colombia,2,0,2,1,0,1,0,0,0,,
749,Aurelio Denegri,denegri,peru,2,0,2,1,0,1,0,0,0,,
750,Aurelio García Godos,garcía_godos,peru,2,2,0,0,0,1,1,0,0,,
758,Aurelio París Sanz de Santamaría,parís,colombia,2,2,0,0,0,1,1,0,0,,
759,Aurora López Pérez,urdaneta,venezuela,2,2,0,0,0,1,1,0,0,,
763,Axel Kaiser,kaiser,chile,2,0,2,0,0,2,0,0,0,,
765,Baldomero Lamela (hijo),canaveris,argentina,2,0,2,1,0,0,1,0,0,,
769,Bartolomé Astete Núñez,astete,peru,2,1,1,1,0,1,0,0,0,,
770,Bartolomé Bedoya,bedoya,peru,2,0,2,1,0,1,0,0,0,,
774,Basilicio Saravia,saravia,uruguay,2,0,2,0,0,2,0,0,0,,
783,Belisario Velasco,velasco_chile,chile,2,1,1,1,0,1,0,0,0,,
784,Beltrán Urenda,zegers_chile,chile,2,0,2,1,0,1,0,0,0,,
788,Benita Martínez Pastoriza de Sarmiento,sarsfield,argentina,2,2,0,1,0,0,1,0,0,,
789,Benita Martínez Pastoriza de Sarmiento,sarmiento,argentina,2,2,0,1,0,0,1,2,0,sarsfield,
798,Benjamín Clariond,reyes_retana,mexico,2,0,2,1,0,0,1,0,0,,
800,Benjamín Edwards Garriga,edwards,chile,2,0,2,1,0,0,1,0,0,,
802,Benjamín Gaitán,pérez_manosalva,colombia,2,0,2,1,0,1,0,0,0,,
803,Benjamín Huamán de los Heros,de_los_heros,peru,2,0,2,0,0,2,0,0,0,,
804,Benjamín Matte,matte,chile,2,0,2,1,0,1,0,0,0,,
806,Benjamín Roca García,roca_y_rodríguez,peru,2,0,2,1,0,1,0,0,0,,
816,Bernal Díaz del Castillo,díaz_del_castillo,colombia,2,0,2,1,0,0,1,0,0,,
818,Bernardino Rivadavia,otálora,argentina,2,2,0,1,0,1,0,0,0,,
821,Bernardo Fort Brescia,brescia,peru,2,1,1,1,0,1,0,0,0,,
833,Bernardo de la Espriella,de_la_espriella,colombia,2,1,1,1,0,0,1,0,0,,
841,Bettina Oneto,oneto,peru,2,2,0,0,0,1,1,0,0,,
842,Biby Gaytán,capetillo,mexico,2,1,1,1,0,0,1,0,0,,
844,Biby Gaytán,capetillo,mexico,2,1,1,1,0,0,1,0,0,,
847,Blanca Guerra,pinal_hidalgo,mexico,2,2,0,0,1,0,1,1,1,vicuña,chile
849,Blanca Podestá,podestá,argentina,2,2,0,1,0,1,0,0,0,,
851,Blanca Varela,varela,peru,2,2,0,1,0,1,0,0,0,,
853,Blas Tomic,errázuriz,chile,2,1,1,0,0,1,1,0,0,,
857,Boris de Greiff,de_greiff,colombia,2,2,0,0,0,1,1,0,0,,
858,Braulio Guerra Malo,malo,mexico,2,0,2,1,0,0,1,0,0,,
863,Buenaventura Argandoña Subercaseaux,edwards,chile,2,2,0,2,0,0,0,0,0,,
865,Buenaventura Marcó del Pont,marcó_del_pont,argentina,2,2,0,0,0,0,2,0,0,,
868,César «Banana» Pueyrredón,pueyrredón,argentina,2,0,2,1,0,0,1,0,0,,
869,César Acuña,acuña,peru,2,1,1,0,0,1,1,0,0,,
875,César Benavides,benavides_chile,chile,2,0,2,1,0,0,1,0,0,,
877,César Borja Lavayen,borja,ecuador,2,1,1,1,0,0,1,0,0,,
881,César Zumeta,blanco_venezuela,venezuela,2,2,0,0,0,1,1,0,2,,colombia
884,Calixto III,borja,colombia,2,2,0,0,0,1,1,0,0,,
887,Camila Hirane,vicuña,chile,2,2,0,0,2,0,0,1,0,chadwick,
889,Camila Sodi,sodi,mexico,2,2,0,1,0,1,0,0,0,,
895,Camilo Torres Restrepo,restrepo,colombia,2,2,0,0,0,1,1,0,0,,
897,Camilo de Brigard Silva,brigard,colombia,2,0,2,1,0,1,0,0,0,,
902,Carlos Abascal Carranza,carranza,mexico,2,1,1,1,0,1,0,0,0,,
915,Carlos Anzoátegui,anzoátegui,argentina,2,2,0,0,0,1,1,0,0,,
917,Carlos Arenas y Loayza,arenas,peru,2,2,0,0,0,1,1,0,0,,
927,Carlos Calderón Reyes,calderón_colombia,colombia,2,1,1,1,0,1,0,0,0,,
932,Carlos Cock,cock,colombia,2,0,2,1,0,1,0,0,0,,
935,Carlos Coriolano Amador Fernández,amador,colombia,2,1,1,1,0,1,0,0,0,,
936,Carlos Cousiño,cousiño,chile,2,2,0,0,0,2,0,0,0,,
946,Carlos Enrique Paz Soldán,paz_soldán,peru,2,2,0,0,0,1,1,0,0,,
950,Carlos Eugenio Scheck,scheck,uruguay,2,2,0,0,0,1,1,0,0,,
954,Carlos Ferrero Costa,ferrero,peru,2,0,2,1,0,1,0,0,0,,
962,Carlos Gibson,gibson,peru,2,0,2,1,0,0,1,0,0,,
969,Carlos Ibáñez del Campo,velasco_chile,chile,2,2,0,2,0,0,0,0,0,,
972,Carlos J. Echavarría,echavarría,colombia,2,2,0,0,0,1,1,0,0,,
976,Carlos Juan Rodríguez,"rodríguez_(san_luis,_argentina)",argentina,2,2,0,0,0,1,1,0,0,,
978,Carlos López Bustamante,urdaneta,venezuela,2,2,0,0,0,1,1,0,0,,
979,Carlos López Moctezuma,lópez-moctezuma,mexico,2,1,1,0,1,0,1,0,0,,
981,Carlos Larrabure y Correa,larrabure,peru,2,1,1,1,0,1,0,0,0,,
988,Carlos Loret de Mola Mediz,loret_de_mola,mexico,2,1,1,1,0,0,1,0,1,,peru
992,Carlos Malpica,silva_santisteban,peru,2,2,0,1,0,1,0,1,1,vial,chile
995,Carlos María Elías,elías,peru,2,1,1,1,0,1,0,0,0,,
1002,Carlos Michelsen Uribe,ibáñez_colombia,colombia,2,0,2,1,0,1,0,0,0,,
1012,Carlos Oneto,oneto,peru,2,2,0,0,0,1,1,0,0,,
1016,Carlos Palacios y Blanco,palacios_venezuela,venezuela,2,2,0,0,0,1,1,2,0,toro_venezuela,
1019,Carlos Pellegrini,pellegrini,argentina,2,2,0,1,0,1,0,1,1,cano,peru
1023,Carlos Riesco Errazuriz,errázuriz,chile,2,1,1,1,0,1,0,1,0,echaurren,
1024,Carlos Riva Palacio,riva_palacio,mexico,2,2,0,0,0,1,1,0,0,,
1032,Carlos Rodríguez Pastor Persivale,rodríguez_pastor,peru,2,2,0,0,0,1,1,0,0,,
1033,Carlos Rospigliosi Vigil,rospigliosi,peru,2,2,0,0,0,1,1,0,0,,
1038,Carlos Saavedra Lamas,saavedra,argentina,2,0,2,1,0,0,1,0,0,,
1045,Carlos Slim Domit,slim,mexico,2,1,1,1,0,1,0,0,0,,
1047,Carlos Sodi Candiani,sodi,mexico,2,2,0,0,0,0,2,0,0,,
1053,Carlos Uribe Cordovez,brigard,colombia,2,0,2,1,0,1,0,0,0,,
1054,Carlos Urrutia Valenzuela,urrutia,colombia,2,0,2,1,0,1,0,0,0,,
1055,Carlos Vial Espantoso,vial,chile,2,0,2,1,0,1,0,0,0,,
1056,Carlos Vial Infante,vial,chile,2,1,1,1,0,1,0,0,0,,
1070,Carlota de Albret,borja,colombia,2,1,1,0,0,1,1,0,0,,
1075,Carmen Calisto,borja,ecuador,2,1,1,1,0,0,1,0,0,,
1076,Carmen Castillo (cineasta),allende,chile,2,2,0,0,0,2,0,2,0,velasco_chile,
1087,Carmen Romero Rubio,díaz,mexico,2,2,0,1,0,1,0,0,0,,
1088,Carmen Ybarra Careaga,lópez-dóriga,mexico,2,2,0,0,0,1,1,0,0,,
1102,Carolina Schmidt,schmidt,chile,2,1,1,1,0,1,0,0,0,,
1110,Carolyn Bessette-Kennedy,onassis,argentina,2,1,1,1,0,1,0,0,0,,
1130,Casilda Fernández de Henestrosa y Salabert,carvajal_y_vargas,chile,2,2,0,2,0,0,0,0,0,,
1131,Casilda de Silva y Fernández de Henestrosa,carvajal_y_vargas,chile,2,2,0,1,0,0,1,0,0,,
1133,Casimiro Marcó del Pont,marcó_del_pont,argentina,2,2,0,0,0,1,1,0,0,,
1138,Cassandra Ciangherotti,soler,mexico,2,2,0,0,0,1,1,0,0,,
1140,Castor Jaramillo Arrubla,arrubla,colombia,2,0,2,1,0,1,0,0,0,,
1141,Catalina Edwards,edwards,chile,2,1,1,1,0,0,1,1,1,llinás,colombia
1142,Catalina Olcay,concha_chile,chile,2,2,0,1,1,0,0,0,0,,
1143,Catalina Parra,parra_chile,chile,2,2,0,1,0,1,0,0,0,,
1147,Cathy Barriga,lavín,chile,2,1,1,1,0,1,0,0,0,,
1159,Cecilia Echenique,echenique,chile,2,2,0,1,0,0,1,0,0,,
1160,Cecilia Heraud Pérez,heraud,peru,2,0,2,1,0,1,0,0,0,,
1164,Cecilia Szperling,di_tella,argentina,2,1,1,1,0,0,1,0,0,,
1173,Celia de la Serna,guevara,argentina,2,2,0,1,0,0,1,0,0,,
1179,Chantal Andere,bolaños_cacho,mexico,2,1,1,1,0,1,0,0,0,,
1184,China Suárez,aylwin,argentina,2,2,0,0,2,0,0,1,1,vicuña,chile
1185,Chiquito Saravia,saravia,uruguay,2,0,2,0,0,2,0,0,0,,
1192,Cilia Flores,maduro,venezuela,2,2,0,1,0,1,0,0,0,,
1194,Cipriano de Urquiza,álzaga,argentina,2,2,0,0,0,1,1,0,0,,
1202,Clara Agustina de Uriburu Roca,álvarez_de_arenales,argentina,2,2,0,0,0,1,1,0,0,,
1203,Clara Funes de Roca,paz,argentina,2,2,0,1,0,0,1,0,0,,
1206,Clara López,lópez,colombia,2,1,1,1,0,1,0,0,0,,
1214,Claudia Ortiz de Zevallos,ortiz_de_zevallos,peru,2,0,2,0,1,0,1,0,0,,
1219,Claudia de Francisco,pardo,colombia,2,1,1,1,0,0,1,0,0,,
1221,Claudio Alarco von Perfall,alarco,peru,2,2,0,0,0,1,1,0,0,,
1226,Claudio Matte,matte,chile,2,1,1,1,0,1,0,1,0,bello,
1229,Claudio Vicuña Subercaseaux,subercaseaux,chile,2,1,1,1,0,1,0,0,0,,
1244,Clorinda Málaga,málaga,peru,2,2,0,1,0,1,0,0,0,,
1248,Colombina Parra,parra_chile,chile,2,1,1,0,0,1,1,0,0,,
1280,Consuelo Valdés,chadwick,chile,2,0,2,1,0,1,0,0,0,,
1285,Cornelio Saavedra Montt,saavedra,chile,2,1,1,1,0,1,0,1,1,otálora,argentina
1299,Cristóbal de Vergara Azcárate,caicedo,colombia,2,1,1,1,0,1,0,0,0,,
1305,Cristián Maquieira,vicuña,chile,2,2,0,0,1,1,0,1,0,claro_chile,
1319,Cristina Girardi,lavín,chile,2,2,0,1,0,1,0,1,1,vergara-azcárate,colombia
1327,Cynthia Lander,lander,venezuela,2,0,2,1,0,1,0,0,0,,
1329,Dámaso Zapata,camacho,colombia,2,0,2,1,0,1,0,0,0,,
1335,Daniel Alomía Robles,robles,peru,2,1,1,1,0,0,1,0,0,,
1340,Daniel Domingo de Escalada,escalada,argentina,2,1,1,1,0,1,0,1,0,san_martín,
1341,Daniel Elbittar,lander,venezuela,2,1,1,1,1,0,0,0,0,,
1348,Daniel O'Day,pérez_manosalva,colombia,2,0,2,1,0,1,0,0,0,,
1351,Daniel Salaverry,salaverry,peru,2,0,2,1,0,1,0,0,0,,
1363,Darío Echandía,echandía,colombia,2,0,2,1,0,1,0,0,0,,
1368,Dardo Rocha,rocha,argentina,2,1,1,1,0,1,0,0,0,,
1371,David Alfaro Siqueiros,miró_quesada,mexico,2,1,1,1,0,0,1,0,1,,uruguay
1372,David Char,char,colombia,2,1,1,1,0,0,1,1,1,cafiero,argentina
1376,David García Yrigoyen,garcía_y_garcía,peru,2,0,2,0,0,2,0,0,0,,
1377,David Monreal Ávila,monreal,mexico,2,0,2,1,0,1,0,0,0,,
1380,David Turbay Turbay,turbay,colombia,2,1,1,1,0,1,0,0,0,,
1394,Demetrio Sodi Guergué,sodi,mexico,2,2,0,0,0,1,1,0,0,,
1395,Demetrio Sodi de la Tijera,sodi,mexico,2,0,2,0,0,1,1,0,0,,
1396,Demián Bichir,bichir,mexico,2,2,0,1,0,1,0,0,0,,
1403,Diana Calderón,pardo,colombia,2,1,1,1,0,0,1,0,0,,
1412,Diego Arreaza Monagas,monagas,venezuela,2,0,2,0,0,2,0,0,0,,
1414,Diego Camacho (actor),camacho,colombia,2,0,2,1,0,1,0,0,0,,
1419,Diego de Alvear (nieto),alvear,argentina,2,2,0,0,0,1,1,0,0,,
1430,Diego Maradona,maradona,argentina,2,2,0,1,0,1,0,0,0,,
1433,Diego Mendoza,lleras,colombia,2,1,1,1,0,1,0,0,0,,
1437,Diego Pizarro del Pozo y Clavijo Gálvez,pizarro,chile,2,0,2,1,0,1,0,0,0,,
1442,Diego Saravia Saravia,saravia,uruguay,2,1,1,1,0,0,1,0,0,,
1446,Diego de Aliaga y Santa Cruz,aliaga,peru,2,1,1,1,0,1,0,0,0,,
1449,Diego de Alvear y Ponce de León,ponce_de_león,argentina,2,0,2,1,0,0,1,0,0,,
1451,Dina de Marco,pinal_hidalgo,mexico,2,2,0,1,0,0,1,0,0,,
1455,Dionisio Concha Fernández,concha_chile,chile,2,0,2,1,0,1,0,0,0,,
1457,Dionisio Pérez-Jácome Friscione,pérez-jácome,mexico,2,2,0,0,0,1,1,0,0,,
1460,Dionisio Puch,puch,argentina,2,2,0,0,0,1,1,0,0,,
1466,Dolores Dardés,bullrich,argentina,2,2,0,0,0,1,1,0,0,,
1468,Dolores del Río,lópez_negrete,mexico,2,2,0,1,1,0,0,0,0,,
1470,Domingo Bordaberry,bordaberry,uruguay,2,1,1,1,0,0,1,0,0,,
1474,Domingo Esguerra Plata,esguerra,colombia,2,0,2,1,0,1,0,0,0,,
1479,Domingo Godoy Matte,matte,chile,2,1,1,1,0,1,0,0,0,,
1490,Domingo Soler,soler,mexico,2,0,2,1,0,0,1,0,0,,
1494,Domingo de Borja,borja,colombia,2,2,0,0,0,1,1,0,0,,
1495,Domingo de Caicedo Prieto,caicedo,colombia,2,0,2,1,0,1,0,0,0,,
1498,Dominguito Fidel Sarmiento,sarsfield,argentina,2,2,0,0,0,1,1,0,0,,
1501,Dositeo Errázuriz Zañartu,errázuriz,chile,2,1,1,1,0,1,0,1,0,echaurren,
1507,Dumek Turbay,turbay,colombia,2,1,1,1,0,1,0,0,0,,
1516,Edgardo Seoane,seoane_heredia,peru,2,2,0,0,0,1,1,0,0,,
1519,Edmundo de Ayala Durand,ayala,colombia,2,2,0,0,0,1,1,0,0,,
1527,Eduardo Blanco Acevedo,blanco,uruguay,2,1,1,1,0,1,0,0,0,,
1529,Eduardo C. Basadre,basadre,peru,2,2,0,0,0,1,1,0,0,,
1531,Eduardo Capetillo,capetillo,mexico,2,2,0,1,0,1,0,0,0,,
1534,Eduardo Dávila Armenta,dávila,colombia,2,0,2,1,0,1,0,0,0,,
1537,Eduardo Dibós Silva,alarco,peru,2,2,0,0,0,1,1,0,0,,
1548,Eduardo Ignacio Brown y Chitty,brown,argentina,2,2,0,0,0,1,1,0,0,,
1554,Eduardo Lule Menem,menem,argentina,2,0,2,1,0,1,0,0,0,,
1558,Eduardo Menem,menem,argentina,2,1,1,1,0,0,1,0,0,,
1564,Eduardo Pizano de Narváez,azuola,colombia,2,0,2,1,0,1,0,0,0,,
1577,Eduardo Yrarrázaval,concha_chile,chile,2,1,1,1,0,1,0,0,0,,
1602,Elena Larraín Valdés,valdés_chile,chile,2,2,0,1,0,1,0,0,0,,
1617,Elizabeth Subercaseaux,garcía-huidobro,chile,2,1,1,1,0,1,0,0,0,,
1618,Elmer Orihuela Sosa,orihuela,peru,2,0,2,1,0,1,0,0,0,,
1620,Eloy Ureta,ureta,peru,2,1,1,1,0,0,1,0,0,,
1626,Elvira García y García,garcía_y_garcía,peru,2,2,0,0,0,1,1,0,0,,
1627,Elvira Orphée,ocampo,argentina,2,1,1,1,0,0,1,0,0,,
1647,Emilio Azcárraga Jean,azcárraga,mexico,2,2,0,1,0,1,0,0,0,,
1655,Emilio Castro,rocha,argentina,2,1,1,1,0,0,1,0,0,,
1657,Emilio Cuervo,cuervo,colombia,2,1,1,1,0,1,0,0,0,,
1658,Emilio Edwards,edwards,chile,2,1,1,0,1,0,1,1,1,eder,colombia
1668,Emilio Riva Palacio Morales,riva_palacio,mexico,2,2,0,0,0,1,1,0,0,,
1670,Emilio Sayán y Palacios,mendiburu,peru,2,0,2,1,0,0,1,0,0,,
1671,Emilio de Althaus,althaus,peru,2,1,1,1,0,1,0,0,0,,
1674,Emilio de Alvear,alvear,argentina,2,2,0,0,0,1,1,0,0,,
1678,Emma Coronel Aispuro,coronel_méxico,mexico,2,2,0,1,0,1,0,0,0,,
1682,Enrique Balmaceda,balmaceda,chile,2,2,0,0,0,2,0,0,0,,
1685,Enrique Barreda y Laos,barreda,peru,2,1,1,1,0,1,0,0,0,,
1695,Enrique Checa Eguiguren,eguiguren,peru,2,1,1,1,0,1,0,0,0,,
1707,Enrique Ghersi,belaúnde,peru,2,0,2,0,0,1,1,0,0,,
1710,Enrique González Rojo,gonzález_rojo,mexico,2,2,0,0,0,1,1,0,0,,
1723,Enrique Matta Figueroa,matta,chile,2,1,1,1,0,1,0,0,0,,
1724,Enrique Matta Vial,matta,chile,2,2,0,0,0,2,0,0,0,,
1727,Enrique Olaya Herrera,herrera,colombia,2,1,1,1,0,0,1,0,0,,
1728,Enrique Palacios (militar),mendiburu,peru,2,0,2,0,0,2,0,0,0,,
1747,Enrique Varela Vidaurre,varela,peru,2,1,1,1,0,1,0,0,0,,
1751,Enrique Zañartu,zañartu,chile,2,0,2,1,0,1,0,0,0,,
1754,Enrique de Argáez,argáez,colombia,2,0,2,1,0,1,0,0,0,,
1756,Enrique de la Riva Agüero Riglos,riva_agüero,peru,2,1,1,1,0,1,0,0,0,,
1757,Enrique van Rysselberghe Herrera,van_rysselberghe,chile,2,1,1,1,0,1,0,0,0,,
1761,Enriqueta Leguía,diez_canseco,peru,2,2,0,0,0,1,1,1,0,leguía,
1770,Ernestina Herrera de Noble,noble,argentina,2,1,1,1,0,0,1,0,0,,
1771,Ernestina Sodi,sodi,mexico,2,2,0,0,0,1,1,0,0,,
1773,Ernesto Alemann,alemann,argentina,2,2,0,1,0,0,1,0,0,,
1776,Ernesto Balmaceda,balmaceda,chile,2,2,0,0,0,1,1,0,0,,
1780,Ernesto D'Alessio,derbez,mexico,2,1,1,1,1,0,0,0,0,,
1785,Ernesto Gamarra,brescia,peru,2,1,1,1,0,0,1,0,0,,
1790,Ernesto Madero Farías,farías,mexico,2,1,1,1,0,1,0,0,0,,
1793,Ernesto Pinto Lagarrigue,pinto_chile,chile,2,0,2,1,0,1,0,0,0,,
1798,Ernesto Velasco Rodríguez,velasco_chile,chile,2,0,2,1,0,0,1,0,0,,
1799,Ernesto Videla,videla,chile,2,2,0,0,0,1,1,0,0,,
1803,Esmeralda Arboleda,arboleda,colombia,2,0,2,1,0,1,0,0,0,,
1804,Esmeralda Mitre,álvarez_de_toledo_argentina,argentina,2,1,1,1,0,1,0,0,0,,
1808,Estanislao Portales Larraín,portales,chile,2,1,1,0,0,2,0,0,0,,
1812,Esteban Bullrich,alvear,argentina,2,2,0,1,0,1,0,1,1,bitar,chile
1816,Esteban Palacios y Blanco,palacios_venezuela,venezuela,2,2,0,0,0,1,1,2,0,toro_venezuela,
1818,Esteban Tomic,errázuriz,chile,2,1,1,0,0,1,1,0,0,,
1819,Estefanía Manrique de Castilla,manrique,colombia,2,1,1,0,0,2,0,0,0,,
1825,Eugen d'Albert,carreño,colombia,2,1,1,1,0,1,0,0,1,,venezuela
1830,Eugenio Cambaceres,cambaceres,argentina,2,2,0,1,0,0,1,0,0,,
1833,Eugenio Garza Lagüera,garza_sada,mexico,2,2,0,1,0,1,0,0,0,,
1842,Eugenio Velasco Letelier,velasco_chile,chile,2,2,0,0,0,1,1,0,0,,
1849,Eusebio Borrero,borrero,chile,2,0,2,0,0,2,0,0,0,,
1851,Eustaquio Galavís Hurtado del Águila,lozano,colombia,2,1,1,1,0,1,0,0,0,,
1852,Eustoquio Díaz Vélez,díaz_vélez,argentina,2,1,1,1,0,0,1,1,1,gómez_venezuela,venezuela
1854,Eustoquio Gómez,gómez_venezuela,venezuela,2,0,2,0,0,2,0,0,0,,
1857,Eva Perón,perón,argentina,2,1,1,1,0,1,0,0,0,,
1858,Eva Sámano,mateos,mexico,2,1,1,1,0,0,1,0,0,,
1870,Félix Díaz,díaz,mexico,2,2,0,0,0,1,1,0,0,,
1873,Félix Fulgencio Palavicini,soler,mexico,2,1,1,0,0,2,0,0,0,,
1879,Fabiana Cantilo,pueyrredón,argentina,2,1,1,0,1,1,0,0,0,,
1957,Fanor Velasco,velasco_chile,chile,2,0,2,1,0,1,0,0,0,,
1961,Federica Matta,matta,chile,2,1,1,0,0,1,1,1,0,echaurren,
1962,Federico Álvarez de Toledo,álvarez_de_toledo_argentina,argentina,2,0,2,1,0,0,1,0,0,,
1973,Federico Ibarguren,uriburu,argentina,2,2,0,0,0,1,1,0,0,,
1979,Federico Luna y Peralta,luna,peru,2,2,0,0,0,1,1,0,0,,
1984,Federico Panizo Orbegoso,panizo,peru,2,0,2,0,0,2,0,0,0,,
1985,Federico Peralta Ramos,peralta_ramos,argentina,2,1,1,0,0,2,0,0,0,,
1990,Federico Puga Borne,concha_chile,chile,2,2,0,0,0,1,1,0,0,,
1995,Federico Santa María,santa_maría,chile,2,0,2,1,0,1,0,0,0,,
1997,Federico Sodi Romero,sodi,mexico,2,2,0,0,0,1,1,0,0,,
1999,Federico Valdés,valdés_chile,chile,2,0,2,1,0,0,1,0,0,,
2005,Felipe Barreda y Laos,barreda,peru,2,1,1,1,0,1,0,0,0,,
2006,Felipe Benavides Barreda,benavides_perú,peru,2,1,1,1,0,1,0,0,0,,
2013,Felipe Cruzat,cruzat,chile,2,0,2,0,0,2,0,0,0,,
2015,Felipe II de Schaumburg-Lippe,althaus,peru,2,1,1,1,0,1,0,0,0,,
2020,Felipe Lleras Camargo,camargo,colombia,2,0,2,1,0,1,0,0,0,,
2030,Felipe Rodolfo Sapag,sapag,argentina,2,2,0,0,0,1,1,0,0,,
2032,Felipe Salaverry,salaverry,peru,2,1,1,1,0,0,1,0,0,,
2033,Felipe Sandoval Precht,precht,chile,2,0,2,1,0,0,1,0,0,,
2035,Felipe Santiago Matta Aguirre,matta,chile,2,0,2,1,0,1,0,0,0,,
2040,Felipe Ward,edwards,chile,2,0,2,1,0,1,0,0,0,,
2065,Fernando Botero Zea,zea,colombia,2,2,0,0,0,2,0,0,0,,
2071,Fernando Castillo Velasco,velasco_chile,chile,2,2,0,1,0,0,1,1,1,borja,ecuador
2077,Fernando Echeverría,vial,chile,2,0,2,1,0,0,1,0,0,,
2086,Fernando González Ochoa,restrepo,colombia,2,1,1,1,0,0,1,0,0,,
2089,Fernando Lazcano Echaurren,echaurren,chile,2,1,1,1,0,1,0,0,0,,
2090,Fernando Lazcano Mujica,echaurren,chile,2,2,0,0,0,2,0,0,0,,
2092,Fernando Loyola,fernández_de_jáuregui,mexico,2,0,2,1,0,0,1,0,0,,
2098,Fernando Miró Quesada Bahamonde,miró_quesada,peru,2,0,2,1,0,1,0,0,0,,
2112,Fernando Rodríguez del Toro,toro_venezuela,venezuela,2,0,2,0,0,2,0,0,0,,
2113,Fernando Rojas Ochagavía,ochagavía,chile,2,0,2,1,0,1,0,0,0,,
2121,Fernando Seminario y Echandía,seminario,peru,2,0,2,1,0,1,0,0,0,,
2130,Fernando Valcárcel,valcárcel,peru,2,2,0,0,0,1,1,0,0,,
2132,Fernando Villarán de la Puente,lavalle,peru,2,0,2,0,0,2,0,0,0,,
2135,Fernando de Borja,borja,colombia,2,0,2,0,0,2,0,0,0,,
2136,Fernando de Olmos,olmos,colombia,2,1,1,1,0,0,1,0,0,,
2137,Fernando de Olmos y Zapiain,olmos,colombia,2,2,0,0,0,1,1,0,0,,
2143,Fidel Cano Gutiérrez,cano,colombia,2,2,0,0,0,0,2,0,0,,
2144,Fidel Castaño,castaño_gil,colombia,2,0,2,1,0,1,0,0,0,,
2152,Florabel Vargas,quispe_palomino,peru,2,0,2,1,0,0,1,0,0,,
2153,Florencia de Mora Pizarro,pizarro,chile,2,0,2,1,0,1,0,0,0,,
2154,Florencio Gómez Núñez,gómez_venezuela,venezuela,2,1,1,1,0,1,0,0,0,,
2155,Florencio González Balcarce,balcarce,argentina,2,2,0,0,0,1,1,0,0,,
2163,Foción Mariátegui,mariátegui,peru,2,1,1,0,0,2,0,0,0,,
2165,François Mujica Serelle,álvarez_calderón,peru,2,2,0,0,0,1,1,0,0,,
2166,Francesca Guillén,fuentes_berain,mexico,2,2,0,0,0,1,1,0,0,,
2174,Francisca de Moctezuma,moctezuma,mexico,2,2,0,1,0,1,0,0,0,,
2175,Francisca de Toledo y Osorio,leyva,colombia,2,2,0,0,0,1,1,0,0,,
2180,Francisco Antonio Zea,zea,colombia,2,1,1,1,0,0,1,0,0,,
2189,Francisco Belaúnde Terry,belaúnde,peru,2,1,1,1,0,1,0,0,0,,
2192,Francisco Beltrán de Caycedo,caicedo,colombia,2,1,1,1,0,1,0,1,1,antúnez,chile
2193,Francisco Bernabé Madero,segurola,argentina,2,0,2,1,0,1,0,0,0,,
2203,Francisco Chirinos Soto,chirinos,peru,2,0,2,1,0,0,1,0,0,,
2206,Francisco Concha Castillo,concha_chile,chile,2,0,2,1,0,0,1,0,0,,
2211,Francisco Diez Canseco Távara,diez_canseco,peru,2,1,1,1,0,1,0,0,0,,
2214,Francisco Echaurren,echaurren,chile,2,2,0,0,0,1,1,0,0,,
2222,Francisco García-Calderón Rey,garcía_calderón,peru,2,1,1,1,0,1,0,0,0,,
2223,Francisco García-Huidobro Eyzaguirre,garcía-huidobro,chile,2,0,2,1,0,0,1,0,0,,
2230,Francisco González de Cossío Martínez,gonzález_de_cosío,mexico,2,1,1,1,0,1,0,0,0,,
2238,Francisco I. Madero,madero,mexico,2,2,0,1,0,1,0,0,0,,
2242,Francisco Javier Correa Errázuriz,errázuriz,chile,2,0,2,1,0,0,1,0,0,,
2258,Francisco José Chaux,chaux,colombia,2,0,2,1,0,1,0,0,0,,
2269,Francisco López Rayón,lópez-rayón,mexico,2,2,0,0,0,1,1,0,0,,
2270,Francisco Lagos Cházaro,cházaro,mexico,2,0,2,0,0,2,0,0,0,,
2290,Francisco Moreyra y Matute,moreyra,peru,2,0,2,1,0,1,0,0,0,,
2294,Francisco Orrego Bauzá,vicuña,chile,2,2,0,0,0,1,1,0,0,,
2312,Francisco Rodríguez Galeano,galeano,colombia,2,1,1,0,0,1,1,0,0,,
2322,Francisco Solano Concha Cienfuegos,concha_chile,chile,2,0,2,1,0,1,0,0,0,,
2325,Francisco Subercaseaux Breton,subercaseaux,chile,2,1,1,1,0,0,1,1,0,errázuriz,
2326,Francisco Tomic,errázuriz,chile,2,1,1,0,0,1,1,0,0,,
2343,Francisco Vial Freire,freire,chile,2,0,2,1,0,1,0,0,0,,
2359,Francisco de Borja y Miguel,borja,colombia,2,2,0,0,0,1,1,0,0,,
2362,Francisco de Paula Andrade Troconis,troconis,venezuela,2,2,0,0,0,1,1,0,2,,colombia
2364,Francisco de Paula González Vigil,gonzález_vigil,peru,2,0,2,0,0,2,0,0,0,,
2376,Frank Pérez-Garland,lavalle,peru,2,1,1,2,0,0,0,0,0,,
2377,Franklin Pease García Yrigoyen,yrigoyen,peru,2,1,1,1,0,0,1,0,0,,
2378,Franklin Rawson (gobernador),rawson,argentina,2,1,1,1,0,0,1,0,0,,
2380,Friedrich Carl Lehmann,mosquera,colombia,2,1,1,1,0,0,1,0,0,,
2388,Gabino Uribe,uribe,peru,2,0,2,0,0,2,0,0,0,,
2391,Gabriel Carreño Mallarino,carreño,colombia,2,2,0,1,0,1,0,0,0,,
2403,Gabriel Ruiz-Tagle,ruiz-tagle,chile,2,0,2,1,0,1,0,0,0,,
2410,Gabriela Laperrière,coni,argentina,2,1,1,1,0,0,1,0,0,,
2415,Gaby Espino,lander,venezuela,2,2,0,1,1,0,0,0,0,,
2420,Gastón Acurio,acurio,peru,2,1,1,1,0,1,0,0,0,,
2430,Georgina Febres-Cordero,febres-cordero,venezuela,2,2,0,0,0,1,1,0,0,,
2431,Gepe,matte,chile,2,1,1,1,1,0,0,0,0,,
2434,Geraldine Bazán,díaz_lombardo,mexico,2,1,1,1,0,0,1,0,0,,
2442,Germán Arenas y Loayza,arenas,peru,2,2,0,0,0,1,1,0,0,,
2446,Germán Díaz Lombardo,díaz_lombardo,mexico,2,0,2,0,0,2,0,0,0,,
2447,Germán Holguín Zamorano,holguín,colombia,2,0,2,1,0,1,0,0,0,,
2456,Germán Umaña,umaña,colombia,2,1,1,0,0,1,1,0,0,,
2458,Germán Uribe Hoyos,uribe,colombia,2,0,2,1,0,1,0,0,0,,
2459,Germán Valdés,valdés,mexico,2,2,0,1,0,0,1,0,0,,
2466,Gervasio Ortiz de Rozas,ortiz_de_rozas,argentina,2,2,0,0,0,0,2,2,0,garcía-mansilla,
2472,Ginette Reynal,blaquier,argentina,2,0,2,1,0,0,1,0,0,,
2474,Gino Assereto,neyra,peru,2,1,1,0,2,0,0,0,0,,
2475,Gino Costa,león-velarde,peru,2,1,1,1,0,0,1,0,0,,
2476,Giovanna Pollarolo,drago,peru,2,2,0,0,0,1,1,0,0,,
2484,Gloria Alcorta,mansilla,argentina,2,0,2,1,0,0,1,0,0,,
2487,Gloria Lizárraga de Capriles,capriles,venezuela,2,0,2,1,0,0,1,0,0,,
2495,Gonzalo Bulnes,bulnes,chile,2,2,0,0,0,2,0,0,0,,
2498,Gonzalo Ibáñez,ibáñez,chile,2,1,1,1,0,1,0,0,0,,
2505,Gonzalo Ortiz de Zevallos Olaechea,ortiz_de_zevallos,peru,2,1,1,1,0,1,0,0,0,,
2507,Gonzalo Pizarro,pizarro,chile,2,2,0,0,0,1,1,0,0,,
2512,Gonzalo Romero Álvarez,campero,bolivia,2,2,0,0,0,1,1,0,0,,
2514,Gonzalo Winter,etcheberry,chile,2,1,1,0,1,1,0,0,0,,
2515,Gonzalo de Aliaga,aliaga,peru,2,0,2,1,0,1,0,0,0,,
2519,Graciela Letelier,velasco_chile,chile,2,1,1,1,0,1,0,0,0,,
2520,Graciela Letelier,velasco_chile,chile,2,1,1,1,0,1,0,0,0,,
2523,Gregorio Amunátegui Jordán,amunátegui,chile,2,1,1,1,0,1,0,0,0,,
2526,Gregorio Cordovez,cordovéz,chile,2,0,2,1,0,1,0,0,0,,
2538,Guadalupe Borja,díaz_ordaz,mexico,2,2,0,1,0,0,1,0,0,,
2541,Guadalupe Villa,villa_michel,mexico,2,0,2,1,0,0,1,0,0,,
2543,Guido Di Tella,di_tella,argentina,2,1,1,1,0,1,0,0,0,,
2550,Guillermo Billinghurst,billinghurst,peru,2,0,2,1,0,1,0,0,0,,
2554,Guillermo Camacho,camacho,colombia,2,0,2,1,0,1,0,0,0,,
2556,Guillermo Capetillo,capetillo,mexico,2,1,1,1,0,1,0,0,0,,
2557,Guillermo Carnero Hoke,hoke,peru,2,0,2,1,1,0,0,0,0,,
2558,Guillermo Chadwick Ortúzar,chadwick,chile,2,0,2,1,0,1,0,0,0,,
2560,Guillermo Echavarría Misas,echavarría,colombia,2,2,0,0,0,1,1,0,0,,
2562,Guillermo Edwards Matte,edwards,chile,2,1,1,1,0,1,0,0,0,,
2565,Guillermo Fernández de Soto,camacho,colombia,2,0,2,1,0,1,0,0,0,,
2569,Guillermo Garrido Lecca,álvarez_calderón,peru,2,2,0,0,0,1,1,0,0,,
2571,Guillermo González Mosquera,mosquera,colombia,2,0,2,1,0,1,0,0,0,,
2577,Guillermo Mackenna Serrano,mackenna,chile,2,0,2,1,0,0,1,0,0,,
2580,Guillermo Palacios Bolívar,palacios_venezuela,venezuela,2,2,0,0,0,1,1,2,0,toro_venezuela,
2588,Guillermo Subercaseaux,subercaseaux,chile,2,1,1,1,0,1,0,0,0,,
2590,Guillermo Thornberry,villarán,peru,2,1,1,1,0,1,0,0,0,,
2591,Guillermo Thornberry,villarán,peru,2,1,1,1,0,1,0,0,0,,
2601,Gumercindo Saraiva,saravia,uruguay,2,0,2,0,0,2,0,0,0,,
2603,Gustavo Adolfo Salinas Camiña,carranza,mexico,2,2,0,0,0,1,1,0,0,,
2607,Gustavo Arboleda,arboleda,colombia,2,0,2,0,0,2,0,0,0,,
2608,Gustavo Balcázar,quintero,colombia,2,1,1,1,0,1,0,0,0,,
2609,Gustavo Berrío Muñoz,berrío,colombia,2,0,2,1,0,1,0,0,0,,
2614,Gustavo Lagos Matus,cruz_chile,chile,2,1,1,1,0,1,0,0,0,,
2621,Gustavo Monckeberg Barros,monckeberg,chile,2,0,2,1,0,1,0,0,0,,
2624,Gustavo Ross,ross_chile,chile,2,0,2,1,0,1,0,0,0,,
2628,Gustavo Vicuña Salas,vicuña,chile,2,0,2,1,0,0,1,0,0,,
2633,Héctor Boza,boza_de_lima,peru,2,2,0,0,0,1,1,0,0,,
2635,Héctor Echeverri Correa,borrero,colombia,2,2,0,1,0,1,0,0,0,,
2640,Héctor Gutiérrez Ruiz,rodríguez_larreta,uruguay,2,1,1,1,0,0,1,0,0,,
2647,Héctor Valdés,valdés_chile,chile,2,0,2,1,0,1,0,0,0,,
2650,Héctor Zañartu Prieto,zañartu,chile,2,1,1,1,0,1,0,0,0,,
2663,Henrique Capriles,capriles,venezuela,2,2,0,0,1,1,0,0,0,,
2669,Herman Chadwick Larraín,chadwick,chile,2,2,0,0,0,1,1,0,0,,
2672,Hermann von Mühlenbrock,von_mühlenbrock,chile,2,0,2,1,0,0,1,0,0,,
2682,Hernán Felipe Errázuriz,errázuriz,chile,2,0,2,1,0,1,0,0,0,,
2688,Hernán Larraín Matte,matte,chile,2,2,0,0,0,2,0,0,0,,
2698,Hernando Carrizosa Pardo,carrizosa,colombia,2,0,2,1,0,1,0,0,0,,
2714,Hilarión Domingo Moreno Montes de Oca,montes_de_oca,argentina,2,1,1,1,0,0,1,0,0,,
2715,Hilda Gadea,guevara,peru,2,1,1,1,0,0,1,0,1,,argentina
2718,Hipólita Bolívar,bolívar,venezuela,2,1,1,1,0,0,1,0,0,,
2719,Hipólito Francisco de Villegas,villegas,argentina,2,0,2,1,0,1,0,0,0,,
2722,Hipólito Reyes Larios,reyes_larios,mexico,2,2,0,0,0,1,1,0,0,,
2731,Horacio Scheck,scheck,uruguay,2,2,0,0,0,1,1,0,0,,
2763,Ignacio Caycedo y Pastrana,caicedo,colombia,2,0,2,0,0,2,0,0,0,,
2765,Ignacio Cousiño,cousiño,chile,2,0,2,1,0,1,0,0,0,,
2768,Ignacio Errázuriz Salas,errázuriz,chile,2,2,0,1,0,1,0,0,0,,
2772,Ignacio López Rayón,lópez-rayón,mexico,2,2,0,0,0,1,1,0,0,,
2777,Ignacio Ortiz de Zevallos,ortiz_de_zevallos,peru,2,1,1,1,0,0,1,1,0,del_solar,
2778,Ignacio Pérez Walker,walker_chile,chile,2,1,1,1,0,1,0,1,0,errázuriz,
2785,Ignacio Sanz de Santamaría y Gómez de Salazar,sanz_de_santamaría,colombia,2,1,1,1,0,1,0,1,1,prieto,chile
2786,Ignacio Tenorio y Carvajal,tenorio,colombia,2,0,2,0,0,2,0,0,0,,
2787,Ignacio Umaña de Brigard,brigard,colombia,2,0,2,1,0,1,0,0,0,,
2789,Ignacio Valenzuela Fajardo y Olmos,caicedo,colombia,2,2,0,0,0,1,1,0,0,,
2808,Ina Andrade,humala,peru,2,1,1,1,0,1,0,0,0,,
2812,Inti Briones,mendoza_ladrón_de_guevara,chile,2,2,0,0,0,1,1,2,0,bustamante,
2818,Isaías de Piérola,piérola,peru,2,1,1,1,0,1,0,0,0,,
2819,Isaac Alzamora,alzamora,peru,2,0,2,0,0,2,0,0,0,,
2822,Isaac Hevia,concha_chile,chile,2,0,2,1,0,1,0,0,0,,
2834,Isabel Lleras de Ospina,lleras,colombia,2,2,0,1,0,1,0,0,0,,
2838,Isabel Parra,parra_chile,chile,2,2,0,0,0,1,1,0,0,,
2842,Isabel Sabogal,sabogal,peru,2,2,0,0,0,1,1,2,0,portocarrero_perú,
2844,Francisca de Jesús,borja,colombia,2,2,0,0,0,1,1,0,0,,
2853,Isidoro de Errázuriz,errázuriz,chile,2,1,1,1,0,1,0,0,0,,
2860,Ismael Edwards Matte,edwards,chile,2,1,1,1,0,1,0,0,0,,
2861,Ismael Pérez Montt,montt,chile,2,1,1,1,0,1,0,0,0,,
2864,Ismael Valdés Valdés,valdés_chile,chile,2,0,2,1,0,1,0,0,0,,
2865,Ismael Valdés Vergara,valdés_chile,chile,2,0,2,1,0,1,0,0,0,,
2866,Ismael Vicuña Subercaseaux,subercaseaux,chile,2,1,1,1,0,1,0,0,0,,
2867,Ismael de la Quintana,elías,peru,2,0,2,1,0,0,1,0,0,,
2874,Iván Moreno Rojas,rojas,colombia,2,2,0,0,0,2,0,0,0,,
2889,Jaime Arrubla Paucar,arrubla,colombia,2,0,2,1,0,1,0,0,0,,
2892,Jaime Castillo Velasco,velasco_chile,chile,2,0,2,1,0,1,0,0,0,,
2893,Jaime Celedón,garcía-huidobro,chile,2,2,0,0,0,1,1,0,0,,
2899,Jaime Gilinski Bacal,gilinski,colombia,2,1,1,0,0,1,1,0,0,,
2905,Jaime Pumarejo,pumarejo,colombia,2,1,1,1,0,1,0,0,0,,
2907,Jaime Rey de Castro López de Romaña,bustamante,peru,2,1,1,1,0,1,0,0,0,,
2911,Jaime Yankelevich,yankelevich,argentina,2,1,1,1,0,0,1,0,0,,
2913,Jaime de Althaus,althaus,peru,2,1,1,1,0,0,1,0,0,,
2918,Javier Bedoya Denegri,bedoya,peru,2,2,0,0,0,1,1,0,0,,
2920,Javier Bitar,bitar,chile,2,2,0,0,0,2,0,0,0,,
2925,Javier Diez Canseco,cisneros,peru,2,0,2,1,0,1,0,0,0,,
2934,Javier Prado y Ugarteche,prado,peru,2,2,0,0,0,1,1,2,0,málaga,
2935,Javier Reátegui Rosselló,reátegui,peru,2,0,2,1,0,1,0,0,0,,
2936,Javier Ruán,aguilar,mexico,2,2,0,1,0,0,1,0,0,,
2938,Javier Valle-Riestra,olaechea,peru,2,0,2,1,0,1,0,0,0,,
2943,Javier de Osma,osma,peru,2,0,2,0,0,2,0,0,0,,
2949,Jean Philippe Cretton,kast,chile,2,1,1,0,1,0,1,0,0,,
2954,Jencarlos Canela,lander,venezuela,2,2,0,1,1,0,0,0,0,,
2961,Jesús Carranza Garza,carranza,mexico,2,2,0,0,0,1,1,0,0,,
2971,Jesús Neyra (actor),neyra,peru,2,2,0,0,1,1,0,0,0,,
2972,Jesús Neyra Uyén,neyra,peru,2,2,0,0,0,2,0,0,0,,
2976,Jesús Silva-Herzog Flores,silva_herzog,mexico,2,2,0,0,0,1,1,0,0,,
2977,Jesús Silva-Herzog Márquez,silva_herzog,mexico,2,2,0,0,0,1,1,0,0,,
2983,Joanna Boloña,acuña,peru,2,2,0,0,0,1,1,0,0,,
2985,Joaquín Acuña,acuña_argentina,argentina,2,1,1,1,0,1,0,0,0,,
2988,Joaquín Belgrano,belgrano,argentina,2,0,2,1,0,1,0,0,0,,
2989,Joaquín Benegas Lynch,benegas,argentina,2,2,0,0,0,1,1,0,0,,
2996,Joaquín García Icazbalceta,garcía_icazbalceta,mexico,2,1,1,1,0,0,1,0,0,,
2999,Joaquín Guzmán López,coronel_méxico,mexico,2,2,0,0,0,1,1,0,0,,
3002,Joaquín López-Dóriga,lópez-dóriga,mexico,2,1,1,1,0,0,1,0,0,,
3015,Joaquín Pardo Vergara,vergara-azcárate,colombia,2,0,2,0,0,2,0,0,0,,
3023,Joaquín Samper Brush,samper,colombia,2,1,1,1,0,1,0,0,0,,
3024,Joaquín Samuel de Anchorena,anchorena,argentina,2,1,1,1,0,0,1,0,0,,
3028,Joaquín de Cayzedo y Cuero,caicedo,chile,2,1,1,1,0,1,0,0,0,,
3029,Joaquín de Mosquera,arboleda,colombia,2,1,1,1,0,1,0,0,0,,
3031,Joaquín de Orbegoso,frayssinet,peru,2,2,0,0,2,0,0,1,0,cano,
3039,Johannes Kaiser (político),kaiser,chile,2,0,2,1,0,1,0,0,0,,
3044,John de Saulles,errázuriz,chile,2,1,1,1,0,1,0,0,0,,
3057,Jorge Barón Biza,sabattini,argentina,2,2,0,0,0,2,0,0,0,,
3058,Jorge Barandiarán Pagador,león_barandiarán,peru,2,0,2,1,0,1,0,0,0,,
3062,Jorge Bunster,bunster,chile,2,0,2,1,0,1,0,0,0,,
3063,Jorge Cárdenas Nannetti,arroyo,colombia,2,2,0,0,0,1,1,0,0,,
3068,Jorge Edwards,valdés_chile,chile,2,0,2,1,0,1,0,0,0,,
3069,Jorge Edwards Brown,edwards,chile,2,1,1,1,0,1,0,0,0,,
3070,Jorge Emilio González Martínez,gonzález_torres,mexico,2,1,1,1,0,1,0,0,0,,
3074,Jorge Fernández-Maldonado,fernández-maldonado,peru,2,0,2,1,0,1,0,0,0,,
3076,Jorge Fernando Iturribarría Martínez,bolaños_cacho,mexico,2,2,0,0,0,1,1,0,0,,
3078,Jorge Frei,frei,chile,2,1,1,1,0,1,0,0,0,,
3086,Jorge González Torres,gonzález_torres,mexico,2,2,0,0,0,1,1,0,0,,
3091,Jorge Guzmán Montt,montt,chile,2,1,1,1,0,1,0,0,0,,
3092,Jorge Heraud Pérez,heraud,peru,2,0,2,1,0,0,1,0,0,,
3096,Jorge Holguín Uribe,holguín,colombia,2,0,2,1,0,1,0,0,0,,
3101,Jorge Lesser,garcía-huidobro,chile,2,0,2,1,0,0,1,0,0,,
3108,Jorge Mario Eastman Robledo,eastman,colombia,2,2,0,0,0,1,1,0,0,,
3111,Jorge Matte Gormaz,matte,chile,2,1,1,1,0,1,0,0,0,,
3117,Jorge Pinto Rodríguez,pinto_chile,chile,2,1,1,1,0,0,1,1,1,caicedo,colombia
3119,Jorge Polar Vargas,polar,peru,2,1,1,1,0,1,0,0,0,,
3124,Jorge Rafael Videla,videla,argentina,2,1,1,1,0,1,0,0,0,,
3125,Jorge Riesco Errázuriz,errázuriz,chile,2,1,1,1,0,1,0,1,0,echaurren,
3150,José Alfredo Martínez de Hoz,martínez_de_hoz,argentina,2,1,1,1,0,1,0,0,0,,
3151,José Alfredo Martínez de Hoz (padre),martínez_de_hoz,argentina,2,1,1,0,0,1,1,0,0,,
3152,José Amorín Batlle,batlle,uruguay,2,1,1,1,0,1,0,0,0,,
3153,José Anacleto Montt Goyenechea,montt,chile,2,0,2,1,0,1,0,0,0,,
3154,José Antonio Íñiguez,vicuña,chile,2,1,1,1,0,0,1,1,0,bello,
3155,José Antonio Alemparte Vial,vial,chile,2,0,2,1,0,0,1,0,0,,
3161,José Antonio Galilea,galilea,chile,2,0,2,1,0,1,0,0,0,,
3166,José Antonio Gregorio Eustaquio de Otálora y del Ribero,otálora,argentina,2,1,1,1,0,1,0,0,0,,
3174,José Antonio Ramos Sucre,sucre,venezuela,2,0,2,0,0,2,0,0,0,,
3180,José Antonio Valdés Munizaga,valdés_chile,chile,2,2,0,0,0,1,1,0,0,,
3195,José Balta,balta,peru,2,2,0,0,0,1,1,0,0,,
3196,José Barraquer,barraquer,colombia,2,2,0,0,0,1,1,0,0,,
3204,José Bourgón López-Dóriga,lópez-dóriga,mexico,2,0,2,1,0,1,0,0,0,,
3206,José Cabero y Salazar,salazar_y_muñatones,peru,2,0,2,0,0,2,0,0,0,,
3217,José Cayetano Carreño,carreño,venezuela,2,2,0,0,0,1,1,2,0,toro_venezuela,
3219,José Cirilo Julio Rospigliosi,rospigliosi,peru,2,1,1,1,0,0,1,0,0,,
3221,José Cortés de Madariaga,madariaga,chile,2,0,2,0,0,2,0,0,0,,
3232,José Domingo Ospina,camacho,colombia,2,0,2,1,0,1,0,0,0,,
3237,José Elías Ávalos,elías,peru,2,1,1,0,0,1,1,0,0,,
3238,José Elías Balmaceda,balmaceda,chile,2,2,0,0,0,1,1,0,0,,
3241,José Emilio Luna Valderrama,luna,peru,2,1,1,1,0,1,0,0,0,,
3249,José Evaristo Uriburu Roca,álvarez_de_arenales,argentina,2,2,0,0,0,1,1,0,0,,
3256,José Fabio Melgar Valdivieso,melgar,peru,2,0,2,0,0,2,0,0,0,,
3257,José Fernández-Villaverde,carvajal_y_vargas,chile,2,2,0,1,0,1,0,0,0,,
3264,José Francisco Yunes Zorrilla,yunes,mexico,2,0,2,1,0,1,0,0,0,,
3266,José Gálvez Barrenechea,gálvez,peru,2,0,2,0,0,2,0,0,0,,
3271,José Gabriel Concha,concha,argentina,2,0,2,0,0,1,1,0,0,,
3273,José García de León y Pizarro,garcía_de_león,mexico,2,0,2,1,0,1,0,0,0,,
3285,José Guilisasti,guilisasti,chile,2,0,2,0,0,1,1,0,0,,
3300,José Ignacio de Gorriti,zuviría,argentina,2,1,1,1,0,0,1,0,0,,
3314,José León Barandiarán,león_barandiarán,peru,2,2,0,0,0,1,1,0,0,,
3325,José Luis de Azuola,azuola,colombia,2,1,1,0,0,2,0,0,0,,
3342,José Manuel Rivas Sacconi,groot,colombia,2,2,0,0,0,1,1,0,0,,
3346,José María Arguedas,bustamante,peru,2,2,0,2,0,0,0,0,1,,chile
3353,José María Cordovez Moure,cordovéz,colombia,2,0,2,1,0,1,0,0,0,,
3361,José María López Rayón,lópez-rayón,mexico,2,2,0,0,0,1,1,0,0,,
3363,José María Orihuela,orihuela,argentina,2,1,1,1,0,0,1,0,0,,
3366,José María Pando,remírez_de_laredo,peru,2,0,2,0,0,2,0,0,0,,
3367,José María Paz,paz,argentina,2,2,0,1,0,0,1,0,0,,
3368,José María Pinedo,pinedo,argentina,2,0,2,0,0,2,0,0,0,,
3370,José María Químper,químper,peru,2,1,1,1,0,1,0,0,0,,
3376,José María Robles Arnao y García,robles_arnao,peru,2,0,2,0,0,2,0,0,0,,
3382,José María Vergara Tenorio,caicedo,colombia,2,2,0,0,0,1,1,1,0,tenorio,
3389,José Maria Vergara y Lozano,lozano,colombia,2,0,2,0,0,2,0,0,0,,
3399,José Miguel Carrillo de Albornoz,carrillo_de_albornoz,peru,2,0,2,0,0,2,0,0,0,,
3400,José Miguel Díaz Vélez,díaz_vélez,argentina,2,2,0,0,0,1,1,0,0,,
3406,José Miguel de Carvajal y Manrique,carvajal_y_vargas,peru,2,0,2,0,0,2,0,0,0,,
3407,José Morales Bermúdez,morales_bermúdez,peru,2,0,2,0,0,2,0,0,0,,
3410,José Navarro Grau,grau,peru,2,0,2,1,0,1,0,0,0,,
3412,José Nicolás de la Cerda de Santiago Concha,concha_chile,chile,2,0,2,0,0,2,0,0,0,,
3413,José O'Donnell,o'donnell,mexico,2,0,2,1,0,1,0,0,0,,
3417,José Ortiz de Zevallos,del_solar,peru,2,2,0,0,0,1,1,0,0,,
3420,José Pardo y Aliaga,pardo,peru,2,2,0,1,0,1,0,1,1,herrera,colombia
3424,José Pedro Varela,varela,uruguay,2,0,2,1,0,1,0,0,0,,
3432,José R. Alzamora,alzamora,peru,2,0,2,1,0,1,0,0,0,,
3435,José Rafael Mosquera,arboleda,colombia,2,2,0,0,0,1,1,0,0,,
3436,José Rafael Salas Errázuriz,edwards,chile,2,2,0,0,0,1,1,0,0,,
3437,José Rafael de Salazar y Traslaviña,salazar_y_muñatones,peru,2,2,0,0,0,1,1,0,0,,
3443,José Rodríguez del Toro,toro_venezuela,venezuela,2,0,2,1,0,1,0,0,0,,
3448,José Ruperto Monagas,monagas,venezuela,2,1,1,1,0,1,0,0,0,,
3451,José Salvador de Ricaurte,ricaurte,colombia,2,1,1,1,0,1,0,0,0,,
3452,José Samanez Ocampo,samanez,peru,2,2,0,0,0,1,1,0,0,,
3455,José Santiago Montt Irarrázaval,montt,chile,2,1,1,1,0,0,1,0,0,,
3458,Grocio Prado,prado,peru,2,2,0,0,0,1,1,2,0,málaga,
3464,José Tiburcio Benegas,benegas,argentina,2,0,2,1,0,1,0,0,0,,
3467,José Tola,de_habich,peru,2,2,0,0,0,1,1,0,0,,
3468,José Tola Pasquel,tola,peru,2,0,2,0,0,2,0,0,0,,
3472,José Umaña Bernal,umaña,colombia,2,2,0,0,0,1,1,0,0,,
3476,José Vicente Gómez Bello,gómez_venezuela,venezuela,2,1,1,1,0,1,0,0,0,,
3478,José Videla Castillo,videla,argentina,2,0,2,0,0,2,0,0,0,,
3479,José de Araníbar,araníbar,peru,2,1,1,1,0,1,0,0,0,,
3480,José de Ayala y Vergara,ayala,colombia,2,0,2,0,0,2,0,0,0,,
3481,José de Cuero y Cayzedo,caicedo,chile,2,0,2,0,0,2,0,0,0,,
3483,José de Mendoza y Sánchez Boquete,mendoza_ladrón_de_guevara,peru,2,0,2,0,0,2,0,0,0,,
3486,José de Piñera y Lombera,piñera,peru,2,0,2,0,0,2,0,0,0,,
3492,José de Zavala y Esquivel,zavala_de_la_maza,peru,2,2,0,0,0,1,1,0,0,,
3494,José de la Puente Radbill,de_la_puente,peru,2,0,2,1,0,0,1,0,0,,
3496,José de la Riva-Agüero,riva_agüero,peru,2,1,1,1,0,0,1,0,0,,
3499,José de la Riva Agüero y Osma,osma,peru,2,0,2,0,0,2,0,0,0,,
3503,Josefa Acevedo de Gómez,acevedo_colombia,colombia,2,2,0,1,0,1,0,0,0,,
3505,Josefa Carrillo y Albornoz,carrillo_de_albornoz,peru,2,2,0,0,0,1,1,0,0,,
3506,Josefa Dominga Balcarce,balcarce,argentina,2,2,0,0,0,2,0,0,0,,
3511,Josefa Rosa de Muñatones,salazar_y_muñatones,peru,2,2,0,0,0,0,2,0,0,,
3513,Josefina Escobedo,lópez-moctezuma,mexico,2,1,1,0,1,0,1,0,0,,
3519,Josefina Valencia,valencia,colombia,2,2,0,0,0,1,1,0,0,,
3521,Josep Antoni Barraquer Roviralta,barraquer,colombia,2,1,1,0,0,1,1,0,0,,
3537,Juan Andrés de Pueyrredón,pueyrredón,argentina,2,0,2,1,0,1,0,0,0,,
3540,Juan Antonio Lavalleja,lavalleja,uruguay,2,1,1,1,0,1,0,0,0,,
3549,Juan Antonio de Galleguillos y Godoy,galleguillos,chile,2,0,2,1,0,1,0,0,0,,
3550,Juan Antonio de Galleguillos y Riberos de Castilla,galleguillos,chile,2,0,2,1,0,1,0,0,0,,
3556,Juan Bautista Alberdi,aráoz,argentina,2,1,1,0,0,2,0,0,0,,
3558,Juan Bautista Eléspuru,eléspuru,peru,2,1,1,1,0,0,1,0,0,,
3562,Juan Benavides,benavides_chile,chile,2,1,1,1,0,1,0,0,0,,
3564,Juan Borgia (1498-1548),borja,colombia,2,2,0,0,0,1,1,0,0,,
3572,Juan Carlos Belgrano,belgrano,argentina,2,0,2,1,0,1,0,0,0,,
3574,Juan Carlos Blanco Acevedo,blanco,uruguay,2,1,1,1,0,1,0,0,0,,
3575,Juan Carlos Blanco Estradé,blanco,uruguay,2,2,0,0,0,1,1,0,0,,
3577,Juan Carlos Concha Gutiérrez,concha_chile,chile,2,0,2,1,0,1,0,0,0,,
3586,Juan Clímaco Ordóñez,caro,colombia,2,0,2,1,0,1,0,0,0,,
3591,Juan Cristóbal Guarello,guarello,chile,2,1,1,0,0,1,1,0,0,,
3592,Juan Crooke y Navarrot,osma,peru,2,2,0,0,0,1,1,0,0,,
3598,Juan Damonte,botana,argentina,2,1,1,0,0,1,1,0,0,,
3603,Juan Elías González Romo y de Vivar,elías-calles,mexico,2,0,2,0,0,2,0,0,0,,
3604,Juan Elías López de Tagle,madariaga,colombia,2,0,2,0,0,2,0,0,0,,
3608,Juan Esteban Montero,montero,chile,2,1,1,1,0,1,0,0,0,,
3610,Juan Federico Elmore,elmore,peru,2,2,0,0,0,1,1,0,0,,
3611,Juan Felipe Lemos,lemos,colombia,2,0,2,0,0,2,0,0,0,,
3612,Juan Fermín de San Martín,san_martín,argentina,2,2,0,0,0,0,2,2,0,balcarce,
3626,Juan Guillermo Cano,cano,colombia,2,2,0,0,0,2,0,0,0,,
3627,Juan Guillermo More,more,peru,2,0,2,1,0,1,0,0,0,,
3632,Juan Ignacio Sabatini,di_girolamo,chile,2,2,0,0,0,1,1,0,0,,
3636,Juan José Calle Yabar,yábar,peru,2,0,2,1,0,1,0,0,0,,
3641,Juan José Feliciano Fernández Campero,campero,argentina,2,2,0,0,0,1,1,0,1,,bolivia
3650,Juan José Montes de Oca (médico),montes_de_oca,argentina,2,0,2,1,0,0,1,0,0,,
3657,Juan José Reyes Patria,reyes,colombia,2,1,1,0,0,1,1,0,0,,
3662,Juan José Torres Landa,torres_landa,mexico,2,2,0,0,0,1,1,0,0,,
3664,Juan José de Goycolea,zañartu,chile,2,0,2,1,0,1,0,0,0,,
3669,Juan Lavalle,ross_argentina,argentina,2,0,2,1,0,1,0,0,0,,
3685,Juan Manuel Figueroa Aznar,yábar,peru,2,1,1,1,0,1,0,0,0,,
3695,Juan Manuel Peña Prado,prado,peru,2,0,2,1,0,0,1,0,0,,
3698,Juan Manuel Santos,calderón_colombia,colombia,2,2,0,1,0,1,0,0,0,,
3699,Juan Manuel Santos,calderón_colombia,colombia,2,2,0,1,0,1,0,0,0,,
3708,Juan Mario Laserna,laserna,colombia,2,2,0,0,0,1,1,0,0,,
3713,Juan Nepomuceno Niño,niño,colombia,2,1,1,1,0,1,0,0,0,,
3719,Juan O'Donnell,o'donnell,colombia,2,2,0,0,0,1,1,0,0,,
3721,Juan Pablo Escobar,escobar_gaviria,colombia,2,1,1,0,0,1,1,0,0,,
3725,Juan Pablo Uribe,restrepo,colombia,2,2,0,0,0,1,1,0,0,,
3727,Juan Pardo y Barreda,lavalle,peru,2,2,0,0,0,1,1,0,0,,
3730,Juan Pizarro,pizarro,chile,2,2,0,0,0,1,1,0,0,,
3732,Juan Ramón Balcarce,balcarce,argentina,2,1,1,1,0,0,1,0,0,,
3739,Juan Seoane,seoane_heredia,peru,2,2,0,0,0,1,1,0,0,,
3748,Juan Vehil,bullrich,argentina,2,2,0,0,0,1,1,0,0,,
3754,Juan Vicente Ugarte del Pino,ugarte,peru,2,1,1,1,0,1,0,0,0,,
3763,Juan de Borja y Castro,borja,colombia,2,2,0,0,0,1,1,0,0,,
3768,Juan de Dios Vial Correa,vial,chile,2,0,2,1,0,1,0,0,0,,
3771,Juan de Dios Vial Larraín,vial,chile,2,1,1,1,0,0,1,0,0,,
3772,Juan de Dios Vial del Río,vial,chile,2,2,0,0,0,1,1,0,0,,
3774,Juan de Lezica y Torrezuri,lezica,argentina,2,0,2,1,0,0,1,0,0,,
3783,Juan de Zavala y de la Puente,de_la_puente,peru,2,1,1,1,0,1,0,0,0,,
3785,Juan de la Cruz Gandarillas Guzmán,gandarillas,chile,2,0,2,1,0,1,0,0,0,,
3789,Juana Andrade Fuente Fría,roca_y_rodríguez,ecuador,2,2,0,1,0,0,1,0,0,,
3800,Juana Uribe,pachón,colombia,2,2,0,0,0,1,1,2,0,galán,
3803,Juancho de la Espriella,de_la_espriella,colombia,2,0,2,1,0,0,1,0,0,,
3805,Julián Arango,del_solar,colombia,2,2,0,1,0,1,0,0,0,,
3809,Julián Cock Escobar,cock,colombia,2,0,2,1,0,1,0,0,0,,
3812,Julián Trujillo Largacha,largacha,colombia,2,0,2,1,0,1,0,0,0,,
3815,Julián de Zubiría,samper,colombia,2,0,2,0,0,2,0,0,0,,
3819,Julia Mengolini,pueyrredón,argentina,2,1,1,1,1,0,0,0,0,,
3839,Julio Aurelio Amoedo,fortabat,argentina,2,2,0,1,0,1,0,0,0,,
3840,Julio Barrenechea,barrenechea_chile,chile,2,0,2,1,0,1,0,0,0,,
3854,Julio Carrizosa Umaña,carrizosa,colombia,2,2,0,0,0,1,1,0,0,,
3861,Julio Ernesto Portugal,portugal,peru,2,0,2,1,0,1,0,0,0,,
3862,Julio Estrada Icaza,estrada_ecuador,ecuador,2,1,1,1,0,1,0,0,0,,
3869,Julio Luna Pacheco,luna,peru,2,2,0,0,0,1,1,0,0,,
3871,Julio Madero,madero,mexico,2,2,0,0,0,1,1,0,0,,
3878,Julio Montt Vidal,montt,chile,2,2,0,0,0,1,1,0,0,,
3885,Julio Pinto Vallejos,pinto_chile,chile,2,0,2,1,0,0,1,0,0,,
3893,Julio Subercaseaux,subercaseaux,chile,2,0,2,1,0,0,1,0,0,,
3894,Julio Ugarte y Ugarte,ugarte,peru,2,0,2,0,0,2,0,0,0,,
3895,Julio Velasco González,velasco_chile,chile,2,0,2,1,0,1,0,0,0,,
3899,Julio Zegers García-Huidobro,garcía-huidobro,chile,2,0,2,1,0,0,1,0,0,,
3900,Julio Zegers Samaniego,zegers_chile,chile,2,0,2,1,0,1,0,0,0,,
3910,Katia Condos,salazar_y_meléndez,peru,2,1,1,1,0,0,1,0,0,,
3924,Lázaro Cárdenas Batel,cárdenas,mexico,2,1,1,1,0,1,0,0,0,,
3938,Lalo Parra,parra_chile,chile,2,2,0,0,0,1,1,0,0,,
3941,Lastenia Larriva,llona,peru,2,1,1,1,0,1,0,0,1,,ecuador
3959,Lea Conti,podestá,argentina,2,2,0,1,1,0,0,0,0,,
3963,Leoncio Prado,prado,peru,2,2,0,0,0,1,1,2,0,málaga,
3965,Leonidas Yerovi,yerovi,peru,2,1,1,0,1,1,0,0,0,,
3969,Leonor Frederick,montt,chile,2,1,1,1,0,1,0,0,0,,
3972,Leonor Sánchez,vicuña,chile,2,2,0,1,0,1,0,0,0,,
3973,Leonor Sánchez,vicuña,chile,2,2,0,1,0,1,0,0,0,,
3980,Leopoldo Bravo,cantoni-bravo,argentina,2,1,1,1,0,0,1,0,0,,
3982,Leopoldo Montes de Oca,montes_de_oca,argentina,2,1,1,1,0,1,0,0,0,,
3984,Leopoldo Sucre Figarella,sucre,argentina,2,0,2,1,0,1,0,0,0,,
3995,Lily Iñiguez,bello,chile,2,2,0,0,0,2,0,0,0,,
4003,Lionel Edwards Atherton,edwards,chile,2,0,2,1,0,0,1,0,0,,
4007,Lisset,bichir,mexico,2,2,0,2,0,0,0,0,0,,
4010,Lizardo Alzamora Porras,alzamora,peru,2,1,1,1,0,1,0,0,0,,
4019,Lorenza Villegas de Santos,santos,colombia,2,1,1,1,0,0,1,0,0,,
4020,Lorenza Villegas de Santos,santos,colombia,2,1,1,1,0,0,1,0,0,,
4025,Lorenzo Jaramillo Londoño,jaramillo_colombia,colombia,2,0,2,1,0,1,0,0,0,,
4037,Lucía Dammert,alarco,chile,2,2,0,0,0,1,1,0,2,,peru
4041,Lucía Oxenford,frayssinet,peru,2,2,0,0,0,2,0,0,1,,argentina
4045,Lucas Caballero Calderón,caballero,colombia,2,2,0,0,0,1,1,0,0,,
4046,Lucas Gnecco,gnecco,colombia,2,1,1,0,0,1,1,0,0,,
4053,Luciano Benjamín Cisneros,cisneros,peru,2,0,2,0,0,2,0,0,0,,
4059,Lucio Moreno Quintana,montes_de_oca,argentina,2,2,0,0,0,1,1,0,0,,
4061,Lucio V. Mansilla,mansilla,argentina,2,2,0,0,0,2,0,2,0,garcía-mansilla,
4074,Luis Antonio Eguiguren Escudero,eguiguren,peru,2,1,1,1,0,1,0,0,0,,
4076,Luis Barandiarán Pagador,león_barandiarán,peru,2,0,2,1,0,1,0,0,0,,
4082,Luis Benjamín Cisneros,cisneros,peru,2,1,1,1,0,0,1,0,0,,
4084,Luis Caballero Holguín,caballero,colombia,2,2,0,0,0,1,1,0,0,,
4087,Luis Cano Villegas,cano,colombia,2,2,0,0,0,1,1,0,0,,
4088,Luis Caputo,caputo,argentina,2,0,2,1,0,0,1,0,0,,
4093,Luis Carlos Sarmiento,sarmiento_negocios,colombia,2,0,2,1,0,0,1,0,0,,
4095,Luis Caro Escallón,caro,colombia,2,0,2,1,0,1,0,0,0,,
4099,Luis Claro Solar,claro_chile,chile,2,1,1,1,0,1,0,0,0,,
4106,Luis Dibós Vargas-Prada,dibós,peru,2,2,0,0,0,1,1,0,0,,
4111,Luis Edgardo Llosa,llosa,peru,2,0,2,1,0,1,0,0,0,,
4126,Luis Felipe Sapag,sapag,argentina,2,2,0,0,0,1,1,0,0,,
4138,Luis García Pimentel,garcía_icazbalceta,mexico,2,2,0,0,0,0,2,0,0,,
4151,Luis José de Orbegoso,orbegoso,peru,2,1,1,1,0,0,1,0,0,,
4156,Luis M. Farías,farías,mexico,2,0,2,1,0,0,1,0,0,,
4161,Luis Martínez Delgado,mallarino,colombia,2,2,0,0,0,1,1,0,0,,
4165,Luis Melián Lafinur,lafinur,uruguay,2,0,2,0,0,1,1,0,0,,
4171,Luis Alberto Monsalvo,gnecco,colombia,2,2,0,0,0,1,1,0,0,,
4173,Luis Montt Dubournais,montt,chile,2,1,1,1,0,1,0,0,0,,
4192,Luis Solari,solari,peru,2,2,0,1,0,1,0,1,1,errázuriz,chile
4194,Luis Solo de Zaldívar Alemparte,zaldívar,chile,2,0,2,1,0,0,1,0,0,,
4195,Luis Subercaseaux,errázuriz,chile,2,1,1,1,0,1,0,0,0,,
4196,Luis Tanco Argáez,argáez,colombia,2,1,1,1,0,1,0,0,0,,
4202,Luis Urdaneta,urdaneta,venezuela,2,0,2,0,0,2,0,0,0,,
4205,Luis Valdés Larraín,valdés_chile,chile,2,0,2,1,0,1,0,0,0,,
4206,Luis Varela y Orbegoso,varela,peru,2,0,2,0,0,2,0,0,0,,
4207,Luis Vicente Varela,varela,argentina,2,2,0,0,0,1,1,0,0,,
4212,Luis de Milá y de Borja,borja,colombia,2,0,2,0,0,2,0,0,0,,
4220,Luisa María Calderón Hinojosa,calderón_hinojosa,mexico,2,1,1,0,0,1,1,0,0,,
4221,Luisa Vehil,bullrich,argentina,2,2,0,1,0,1,0,0,0,,
4228,Luz María Jerez,pinal_hidalgo,mexico,2,1,1,1,1,0,0,0,0,,
4237,Máximo Valdés Fontecilla,valdés_chile,chile,2,0,2,1,0,1,0,0,0,,
4239,Mónica Jiménez,pinochet,chile,2,2,0,0,0,1,1,0,0,,
4242,Macarena Santelices,pinochet,chile,2,0,2,1,0,1,0,0,0,,
4243,Macedonio de la Torre,de_la_torre,peru,2,0,2,1,0,0,1,0,0,,
4246,Madonna,onassis,argentina,2,1,1,1,1,0,0,0,0,,
4257,Majo Aguilar,aguilar,mexico,2,2,0,0,0,1,1,0,0,,
4265,Manuel Ávila Camacho,ávila_camacho,mexico,2,1,1,1,0,1,0,0,0,,
4270,Manuel Arboleda Scarpetta,arboleda,colombia,2,2,0,0,0,1,1,0,0,,
4278,Manuel Antonio Matta,matta,chile,2,2,0,0,0,1,1,0,0,,
4280,Manuel Arboleda Arboleda,arboleda,colombia,2,0,2,1,0,1,0,0,0,,
4289,Manuel Beingolea Balarezo,beingolea,peru,2,2,0,0,0,1,1,0,0,,
4292,Manuel Belgrano Cabral,belgrano,argentina,2,2,0,0,0,1,1,0,0,,
4294,Manuel Benjamín Cisneros,cisneros,peru,2,0,2,1,0,1,0,0,0,,
4295,Manuel Bernardo Álvarez del Casal,álvarez_del_casal,colombia,2,0,2,1,0,0,1,0,0,,
4310,Manuel Checa Solari,eguiguren,peru,2,1,1,1,0,1,0,0,0,,
4311,Manuel Concha Martínez,concha_chile,chile,2,0,2,1,0,1,0,0,0,,
4320,Manuel Amador Terreros,amador,colombia,2,2,0,0,0,1,1,0,0,,
4327,Manuel Ferreyros,ferreyros,peru,2,2,0,0,0,1,1,0,0,,
4330,Manuel Güiraldes,güiraldes,argentina,2,1,1,1,0,0,1,0,0,,
4331,Manuel García-Mansilla,garcía-mansilla,argentina,2,0,2,1,0,1,0,0,0,,
4337,Manuel González de Cosío,gonzález_de_cosío,mexico,2,1,1,1,0,0,1,0,0,,
4345,Manuel José Bonnet,pumarejo,colombia,2,0,2,0,0,1,1,0,0,,
4351,Manuel José Sierra Méndez,sierra_méndez,mexico,2,2,0,0,0,1,1,0,0,,
4361,Manuel María Mallarino,cabal,colombia,2,2,0,1,0,0,1,1,0,madariaga,
4363,Manuel María Marcó del Pont,marcó_del_pont,argentina,2,2,0,0,0,1,1,0,0,,
4364,Manuel María Mosquera,arboleda,colombia,2,1,1,1,0,1,0,0,0,,
4375,Manuel Mosquera Garcés,garcés,colombia,2,0,2,1,0,0,1,0,0,,
4376,Manuel Muñoz Borrero,borrero,ecuador,2,1,1,1,0,1,0,0,0,,
4379,Manuel Mujica Lainez,ortiz_basualdo,argentina,2,0,2,1,0,0,1,0,0,,
4383,Manuel Ocampo Samanés,ocampo,peru,2,0,2,1,0,0,1,0,0,,
4390,Manuel Pérez de Tudela,tudela,peru,2,1,1,0,0,2,0,0,0,,
4399,Manuel Puch,puch,argentina,2,2,0,0,0,1,1,0,0,,
4406,Manuel Rivas Vicuña,vicuña,chile,2,0,2,1,0,1,0,0,0,,
4425,Manuel Valdés Valdés,valdés_chile,chile,2,0,2,1,0,1,0,0,0,,
4432,Manuel Vicente del Solar,del_solar,peru,2,2,0,0,0,1,1,0,0,,
4451,Manuel de Tezanos-Pinto,garcía-huidobro,chile,2,1,1,1,1,0,0,0,0,,
4457,Manuela Mallarino Isaacs,cuervo,colombia,2,1,1,1,0,1,0,0,0,,
4461,Manuela Sanz de Santamaría,galeano,colombia,2,2,0,0,0,1,1,0,0,,
4471,Maria Antonia Hagenaar,del_carril,argentina,2,1,1,1,0,0,1,0,1,,chile
4473,María Clara Ospina,ospina,colombia,2,2,0,0,0,2,0,0,0,,
4484,María Elena Duvauchelle,concha_chile,chile,2,2,0,1,0,0,1,0,0,,
4493,María Emma Mejía,casas,colombia,2,1,1,1,0,0,1,0,0,,
4494,María Enríquez de Luna,borja,colombia,2,1,1,0,0,1,1,0,0,,
4498,María Esther Ballivián,ballivián,bolivia,2,1,1,1,0,1,0,0,0,,
4499,María Esther Podestá,podestá,argentina,2,2,0,1,1,0,0,0,0,,
4512,María Gracia Subercaseaux,subercaseaux,chile,2,1,1,1,0,0,1,0,1,,argentina
4524,María Julia Alsogaray,alsogaray,argentina,2,2,0,0,0,1,1,0,0,,
4527,María Luisa Bemberg,bemberg,argentina,2,0,2,1,0,1,0,0,0,,
4544,María Nicolasa de Iturbide,iturbide,mexico,2,0,2,0,0,2,0,0,0,,
4546,María O'Donnell,o'donnell,argentina,2,2,0,0,0,1,1,0,0,,
4554,María Podestá,podestá,argentina,2,2,0,0,0,1,1,0,0,,
4562,María Teresa Cañas Pinochet,pinochet,chile,2,0,2,1,0,0,1,0,0,,
4564,María Teresa Chadwick Piñera,chadwick,chile,2,2,0,1,0,1,0,0,0,,
4567,María Teresa Garcés,garcés,colombia,2,2,0,0,0,1,1,0,0,,
4569,María Teresa Londoño,herrera,colombia,2,1,1,1,0,0,1,0,0,,
4572,María Teresa del Toro,toro_venezuela,venezuela,2,1,1,1,0,1,0,1,1,bolívar,colombia
4573,María Teresa del Toro,palacios_venezuela,venezuela,2,1,1,1,0,1,0,1,1,bolívar,colombia
4583,María del Carmen Martín del Campo,martín_del_campo,mexico,2,0,2,0,0,1,1,0,0,,
4593,Marcela Robles,robles,peru,2,2,0,0,0,1,1,0,0,,
4596,Marcelino Pérez de Arroyo,arroyo,colombia,2,0,2,0,0,2,0,0,0,,
4602,Marcelo Alonso,portales,chile,2,2,0,0,2,0,0,0,0,,
4603,Marcelo Awad,awad,chile,2,0,2,0,0,1,1,0,0,,
4606,Marcelo Torcuato de Alvear,alvear,argentina,2,2,0,1,0,1,0,0,0,,
4609,Marcia Tambutti,allende,chile,2,2,0,0,0,1,1,0,0,,
4611,Marcial Maciel,guízar,mexico,2,0,2,0,0,1,1,0,0,,
4613,Marcial Tagle,concha_chile,chile,2,2,0,1,0,0,1,0,0,,
4616,Marco Aurelio Avellaneda,avellaneda,argentina,2,2,0,0,0,1,1,0,0,,
4634,Margarita Escobar,gómez,colombia,2,2,0,1,0,0,1,0,0,,
4640,Margarita Zavala,calderón_hinojosa,mexico,2,1,1,1,0,0,1,0,0,,
4641,María Belén Ludueña,macri,argentina,2,2,0,1,1,0,0,0,0,,
4643,Mariah Carey,sodi,mexico,2,1,1,2,0,0,0,1,0,díaz_ordaz,
4647,Mariana Echevarría de Santiago y Ulloa,del_solar,peru,2,2,0,1,0,0,1,1,1,valdés_chile,chile
4648,Mariana Garcés,garcés,colombia,2,2,0,0,0,1,1,0,0,,
4651,Mariana Mould de Pease,yrigoyen,peru,2,1,1,1,0,0,1,0,0,,
4656,Mariano Adrián Varela,varela,argentina,2,1,1,1,0,1,0,0,0,,
4658,Mariano Bolognesi,bolognesi,peru,2,2,0,0,0,1,1,0,0,,
4664,Mariano Castro Taboada,castro_taboada,peru,2,1,1,1,0,0,1,0,0,,
4676,Mariano Nicolás Valcárcel,valcárcel,peru,2,0,2,0,0,2,0,0,0,,
4688,Mariano Prado Heudebert,prado,peru,2,1,1,1,0,1,0,0,0,,
4692,Mariano Riva Palacio,riva_palacio,mexico,2,1,1,1,0,0,1,0,0,,
4708,Marina de Tavira,sodi,mexico,2,1,1,0,1,1,0,0,0,,
4732,Maritza Garrido-Lecca,garrido-lecca,peru,2,0,2,1,0,1,0,0,0,,
4762,Martín Arrau,garcía-huidobro,chile,2,0,2,1,0,1,0,0,0,,
4767,Martín Gabriel Güemes,güemes,argentina,2,1,1,1,0,1,0,1,0,puch,
4769,Martín Grande,durand_argentina,argentina,2,0,2,1,0,0,1,0,0,,
4771,Martín José Sanabria,toro_venezuela,venezuela,2,1,1,1,0,1,0,0,0,,
4786,Marta Larraechea,frei,chile,2,1,1,1,0,1,0,0,0,,
4787,Marta Montt Balmaceda,balmaceda,chile,2,0,2,1,0,1,0,0,0,,
4800,Matías Oviedo,vicuña,chile,2,2,0,0,2,0,0,0,0,,
4803,Matías Walker,walker_chile,chile,2,1,1,1,0,1,0,1,0,echenique,
4817,Matilde León,alarco,peru,2,2,0,0,1,1,0,1,0,tamayo_perú,
4821,Matilde Urrutia,del_carril,chile,2,1,1,1,0,1,0,0,0,,
4829,Mauricio Luna Valderrama,luna,peru,2,2,0,0,0,1,1,0,0,,
4839,Max Luksic,luksic,chile,2,2,0,0,1,1,0,0,0,,
4853,Melchor de Santiago Concha y Errazquin,santiago_concha,peru,2,2,0,0,0,1,1,0,0,,
4856,Melitón Pedraza,billinghurst,argentina,2,2,0,0,0,1,1,0,0,,
4857,Melitón Porras Díaz,porras,peru,2,1,1,0,0,1,1,0,0,,
4858,Melitón Porras Osores,porras,peru,2,1,1,1,0,1,0,0,0,,
4859,Melitón Reyes Andrade,reyes_larios,mexico,2,2,0,0,0,0,2,0,0,,
4860,Melitón Reyes Larios,reyes_larios,mexico,2,2,0,0,0,1,1,0,0,,
4865,Mercedes Belzu,gorriti,bolivia,2,2,0,0,0,2,0,2,1,zuviría,argentina
4866,Mercedes Bulnes,bulnes,chile,2,2,0,1,0,1,0,0,0,,
4869,Mercedes Ducci,fontaine,chile,2,1,1,1,0,1,0,0,0,,
4893,Midori de Habich,de_habich,peru,2,0,2,1,0,1,0,0,0,,
4896,Miguel Abadía Méndez,álvarez_del_casal,colombia,2,1,1,1,0,0,1,0,0,,
4908,Miguel Arroyo Arboleda,arboleda,colombia,2,0,2,0,0,2,0,0,0,,
4920,Miguel Concha Quezada,concha_chile,chile,2,0,2,1,0,0,1,0,0,,
4924,Miguel Echenique,echenique,peru,2,0,2,0,0,2,0,0,0,,
4925,Miguel Elías Ávalos,elías,peru,2,0,2,1,0,1,0,0,0,,
4926,Miguel Emilio Luna y Peralta,luna,peru,2,2,0,0,0,1,1,0,0,,
4934,Miguel Gómez Martínez,gómez,colombia,2,2,0,0,0,1,1,0,0,,
4939,Miguel Hidalgo y Costilla,hidalgo_y_costilla,mexico,2,0,2,0,0,2,0,0,0,,
4943,Miguel Lawner,barrenechea_chile,chile,2,1,1,1,0,0,1,0,0,,
4949,Miguel Luis Amunátegui Reyes,amunátegui,chile,2,2,0,0,0,1,1,0,0,,
4966,Miguel Toro Ramírez,toro_venezuela,venezuela,2,2,0,0,0,1,1,0,0,,
4972,Miguel Vega Uribe,vega,colombia,2,1,1,1,0,0,1,0,0,,
4975,Miguel de Pombo,pombo,colombia,2,0,2,0,0,2,0,0,0,,
4992,Munir Menem,menem,argentina,2,0,2,1,0,1,0,0,0,,
4994,Myriam Stefford,sabattini,argentina,2,2,0,2,0,0,0,0,0,,
5009,Natalia Toledo Paz,pinal_hidalgo,mexico,2,2,0,1,0,1,0,1,1,osma,peru
5010,Natalie Vértiz,vértiz,peru,2,1,1,1,0,1,0,0,0,,
5012,Natalio Félix Botana,botana,argentina,2,1,1,1,0,0,1,0,0,,
5013,Nathalia Aragonese,walker_chile,chile,2,1,1,0,1,0,1,0,0,,
5020,Nemesio Antúnez,zañartu,chile,2,0,2,1,0,0,1,0,0,,
5021,Nemesio Camacho,camacho,colombia,2,0,2,1,0,0,1,0,0,,
5026,Niall Garve O'Donnell,o'donnell,colombia,2,1,1,1,0,1,0,0,0,,
5035,Nicolás Avellaneda y Tula,avellaneda,argentina,2,1,1,1,0,0,1,0,0,,
5037,Nicolás Caputo,caputo,argentina,2,1,1,1,0,1,0,1,1,claro_chile,chile
5047,Nicolás Maduro Guerra,maduro,venezuela,2,1,1,1,0,1,0,0,0,,
5049,Nicolás Marambio Montt,montt,chile,2,1,1,1,0,1,0,0,0,,
5051,Nicolás Monckeberg,monckeberg,chile,2,0,2,1,0,1,0,0,0,,
5052,Nicolás Mujica Vergara,vergara-azcárate,colombia,2,0,2,0,0,2,0,0,0,,
5065,Nicolás de la Cruz Bahamonde,cruz_chile,chile,2,0,2,0,0,2,0,0,0,,
5068,Nicole Faverón,cayo,peru,2,1,1,1,1,0,0,1,0,acuña,
5071,Nilda Garré,abal_medina,argentina,2,1,1,1,0,1,0,0,0,,
5076,Nora Nazar,romero_feris,argentina,2,1,1,1,0,0,1,0,0,,
5088,Octavio Campero Echazú,campero,bolivia,2,0,2,1,0,0,1,0,0,,
5089,Octavio Errázuriz,errázuriz,chile,2,1,1,1,0,1,0,0,0,,
5090,Octavio Frigerio,frigerio,argentina,2,2,0,0,0,1,1,0,0,,
5091,Odiseo Bichir,bichir,mexico,2,2,0,0,1,1,0,0,0,,
5094,Olga Feliú,feliú,chile,2,0,2,1,0,0,1,0,0,,
5099,Olivia Revueltas,revueltas_sánchez,mexico,2,2,0,0,0,1,1,0,0,,
5100,Ollanta Humala,humala,peru,2,2,0,1,0,1,0,0,0,,
5101,Ollanta Humala,humala,peru,2,2,0,1,0,1,0,0,0,,
5103,Omar Chabán,alemann,argentina,2,2,0,1,1,0,0,0,0,,
5105,Onofre Betbeder,avellaneda,argentina,2,2,0,0,0,1,1,0,0,,
5106,Oriana Cicconi,alarco,peru,2,2,0,0,0,1,1,0,0,,
5111,Oscar Braun,braun,argentina,2,1,1,1,0,0,1,0,0,,
5115,Osvaldo Rengifo,vial,chile,2,1,1,1,0,1,0,0,0,,
5116,Osvaldo Vial Vial,vial,chile,2,0,2,1,0,1,0,0,0,,
5119,Otto Bemberg,ocampo,argentina,2,2,0,0,0,1,1,0,0,,
5125,Pía Figueroa Edwards,edwards,chile,2,0,2,1,0,1,0,0,0,,
5129,Pablo Acosta Ortiz,acosta,venezuela,2,0,2,1,0,0,1,0,0,,
5130,Pablo Blanco Acevedo,blanco,uruguay,2,1,1,1,0,1,0,0,0,,
5141,Pablo Mackenna,mackenna,chile,2,2,0,1,0,0,1,1,0,videla,
5150,Pablo Seminario y Echandía,seminario,peru,2,0,2,1,0,1,0,0,0,,
5156,Paco Malgesto,aguilar,mexico,2,2,0,1,0,0,1,1,1,robles,peru
5173,Pamela Vértiz,vértiz,peru,2,1,1,1,0,0,1,1,0,salazar_y_meléndez,
5174,Pampita,aylwin,argentina,2,1,1,1,1,0,0,0,1,,chile
5178,Pantaleón Sanz de Santamaría,sanz_de_santamaría,colombia,2,1,1,1,0,0,1,0,0,,
5180,Paola Turbay,turbay,colombia,2,0,2,1,0,1,0,0,0,,
5194,Patricia Lobeira Rodríguez,yunes,mexico,2,1,1,1,0,0,1,0,0,,
5199,Patricia Vaca Narvaja,vaca_narvaja,argentina,2,2,0,0,0,1,1,0,0,,
5200,Patricia Verdugo,matte,chile,2,2,0,2,0,0,0,0,0,,
5211,Patricio Walker,walker_chile,chile,2,1,1,1,0,1,0,1,0,echenique,
5215,Patrick Sarsfield,sarsfield,argentina,2,1,1,1,0,1,0,0,0,,
5221,Paula Frías Allende,allende,chile,2,1,1,1,0,1,0,0,0,,
5223,Paula Siero,borensztein,argentina,2,2,0,2,0,0,0,0,0,,
5241,Pedro Alcántara Herrán Martínez,herrán,colombia,2,0,2,1,0,1,0,0,0,,
5243,Pedro Alonso Niño,niño,colombia,2,1,1,1,0,0,1,0,0,,
5245,Pedro Andrés García,garcía_de_sobrecasa,argentina,2,1,1,1,0,0,1,1,0,garcía-mansilla,
5255,Pedro Cáceres Velásquez,cáceres_velásquez,peru,2,0,2,1,0,1,0,0,0,,
5259,Pedro Carlos Olaechea,olaechea,peru,2,0,2,0,0,2,0,0,0,,
5262,Pedro Cisneros de la Torre,cisneros,peru,2,0,2,1,0,0,1,0,0,,
5265,Pedro Cortés y Mendoza,cortés_de_monroy,chile,2,0,2,0,0,2,0,0,0,,
5267,Pedro Diez Canseco Corbacho,diez_canseco,peru,2,0,2,1,0,0,1,0,0,,
5272,Pedro Galavís Méndez,lozano,colombia,2,2,0,0,0,1,1,0,0,,
5279,Pedro Ignacio Lizarzaburu,borja,ecuador,2,1,1,1,0,1,0,0,1,,colombia
5280,Pedro Ignacio de Acuña,acuña_argentina,argentina,2,1,1,0,0,2,0,0,0,,
5287,Pedro Luis de Borja y Borja,borja,colombia,2,0,2,0,0,2,0,0,0,,
5288,Pedro Manrique de Castilla,manrique,colombia,2,1,1,0,0,1,1,0,0,,
5292,Pedro Michel Corona,villa_michel,mexico,2,0,2,1,0,0,1,0,0,,
5296,Pedro Montt Leiva,montt,chile,2,0,2,1,0,1,0,0,0,,
5303,Pedro Pablo Errázuriz,errázuriz,chile,2,1,1,1,0,1,0,0,0,,
5321,Pedro de Cisternas,cortés_de_monroy,chile,2,2,0,1,0,1,0,1,1,malo,mexico
5330,Pedro del Solar Cárdenas,del_solar,peru,2,2,0,0,0,1,1,0,0,,
5333,Pepe Gómez,gómez,colombia,2,1,1,1,0,1,0,0,0,,
5336,Pepe Vásquez,vásquez,peru,2,0,2,1,1,0,0,0,0,,
5344,Pilar Brescia,brescia,peru,2,1,1,1,0,0,1,0,0,,
5355,Plutarco Elías Calles Chacón,elías-calles,mexico,2,2,0,0,0,2,0,0,0,,
5356,Pocho Rospigliosi,rospigliosi,peru,2,1,1,1,0,0,1,0,0,,
5361,Porfirio Muñoz Ledo,muñoz_ledo,mexico,2,2,0,0,0,1,1,0,0,,
5369,Prilidiano Pueyrredón,pueyrredón,argentina,2,2,0,0,0,1,1,0,0,,
5381,Régulo Gaitán,dávila,colombia,2,0,2,1,0,0,1,0,0,,
5389,Raúl Celis Montt,montt,chile,2,0,2,1,0,1,0,0,0,,
5393,Raúl Edwards Mac-Clure,edwards,chile,2,2,0,0,0,1,1,0,0,,
5394,Raúl Fajardo Moreno,holguín,colombia,2,2,0,0,0,1,1,0,0,,
5404,Raúl Marín Balmaceda,balmaceda,chile,2,0,2,0,0,1,1,0,0,,
5406,Raúl Marcó del Pont,marcó_del_pont,argentina,2,0,2,1,0,1,0,0,0,,
5408,Raúl Porras Barrenechea,porras,peru,2,0,2,0,0,2,0,0,0,,
5410,Raúl Rolando Romero Feris,romero_feris,argentina,2,1,1,1,0,1,0,0,0,,
5417,Rafael Ballivián,ballivián,bolivia,2,2,0,0,0,1,1,0,0,,
5423,Rafael Belaúnde Llosa,belaúnde,peru,2,2,0,0,0,1,1,0,0,,
5430,Rafael Cavada,cavada,chile,2,0,2,0,1,0,1,0,0,,
5440,Rafael García Mansilla,garcía-mansilla,argentina,2,2,0,0,0,2,0,0,0,,
5447,Rafael López Rayón,lópez-rayón,mexico,2,2,0,0,0,1,1,0,0,,
5453,Rafael María Carrasquilla,nariño,colombia,2,2,0,0,0,1,1,0,0,,
5456,Rafael Moreno Valle Rosas,moreno_valle,mexico,2,2,0,1,0,1,0,0,0,,
5461,Rafael Pombo,o'donnell,colombia,2,2,0,0,0,1,1,0,0,,
5467,Rafael Roncagliolo,orbegoso,peru,2,1,1,1,0,0,1,0,0,,
5471,Rafael Ucrós,durán_colombia,colombia,2,0,2,1,0,1,0,0,0,,
5476,Rafael Zea,zea,colombia,2,0,2,1,0,1,0,0,0,,
5494,Ramón López Rayón,lópez-rayón,mexico,2,2,0,0,0,1,1,0,0,,
5495,Ramón Maza,maza,argentina,2,2,0,0,0,1,1,0,0,,
5496,Ramón Mujica Pinilla,mujica,peru,2,1,1,1,0,1,0,0,0,,
5505,Ramón Valdivieso,valdivieso,chile,2,1,1,1,0,1,0,0,0,,
5509,Ramón Allende,allende,chile,2,1,1,1,0,0,1,0,0,,
5514,Raymundo Riva Palacio,riva_palacio,mexico,2,2,0,0,0,1,1,0,0,,
5527,Renato Cisneros,cisneros,peru,2,2,0,0,0,1,1,0,0,,
5532,Ricardo Borrero Álvarez,álvarez_del_casal,colombia,2,0,2,1,0,1,0,0,0,,
5536,Ricardo Claro,claro_chile,chile,2,0,2,1,0,1,0,0,0,,
5541,Ricardo Flores Magón,flores_magón,mexico,2,2,0,1,0,1,0,0,0,,
5549,Ricardo Jaxa-Malachowski Benavides,benavides_perú,peru,2,2,0,0,0,1,1,0,0,,
5551,Ricardo Lavalle (político),lavalle,argentina,2,0,2,1,0,0,1,0,0,,
5554,Ricardo Lyon,cousiño,chile,2,0,2,1,0,0,1,0,0,,
5561,Ricardo Restrepo Callejas,restrepo,colombia,2,0,2,1,0,1,0,0,0,,
5565,Ricardo Salas Edwards,edwards,chile,2,1,1,1,0,1,0,0,0,,
5567,Ricardo Seminario y Aramburú,seminario,peru,2,1,1,1,0,1,0,0,0,,
5570,Ricardo Vicuña,vicuña,chile,2,2,0,0,2,0,0,0,0,,
5582,Rito Martínez Gómez,martínez-silva,colombia,2,1,1,1,0,0,1,0,0,,
5583,Robert Duvall,billinghurst,argentina,2,1,1,1,0,1,0,0,0,,
5584,Roberto Álvarez Calderón Rey,álvarez_calderón,peru,2,1,1,1,0,0,1,1,0,benavides_perú,
5591,Roberto Edwards Eastman,edwards,chile,2,2,0,0,0,1,1,0,0,,
5592,Roberto Escobar Gaviria,escobar_gaviria,colombia,2,0,2,0,0,1,1,0,0,,
5595,Roberto Gómez Bolaños,bolaños_cacho,mexico,2,2,0,1,0,0,1,0,0,,
5599,Roberto Guzmán Montt,montt,chile,2,1,1,1,0,1,0,0,0,,
5603,Roberto Noble,noble,argentina,2,1,1,1,0,0,1,0,0,,
5619,Rodolfo Dorador Pérez Gavilán,pérez_gavilán,mexico,2,0,2,1,0,1,0,0,0,,
5631,Rodrigo Galilea,galilea,chile,2,0,2,1,0,1,0,0,0,,
5636,Rodrigo Pérez Mackenna,mackenna,chile,2,0,2,1,0,1,0,0,0,,
5638,Rodrigo Salinas (comediante),chadwick,chile,2,0,2,1,0,0,1,0,0,,
5642,Rodrigo Wainraihgt,kast,chile,2,1,1,0,2,0,0,0,0,,
5643,Rodulfo Amando Philippi,philippi,chile,2,2,0,0,0,1,1,0,0,,
5645,Rogelio Guerra,aguilar,mexico,2,1,1,1,1,0,0,0,0,,
5650,Rojo Edwards,edwards,chile,2,0,2,1,0,1,0,0,0,,
5654,Román Alzamora,alzamora,peru,2,0,2,0,0,2,0,0,0,,
5658,Romy Schmidt,schmidt,chile,2,1,1,1,0,0,1,0,0,,
5664,Rory O'Donnell,o'donnell,colombia,2,0,2,1,0,1,0,0,0,,
5671,Rosa Markmann,videla,chile,2,1,1,1,0,0,1,0,0,,
5672,Rosa Merino,arenas,peru,2,2,0,0,0,1,1,0,0,,
5677,Rosa Vicuña,vicuña,chile,2,2,0,0,0,1,1,0,0,,
5681,Rosario Garza Sada,garza_sada,mexico,2,2,0,0,0,1,1,0,0,,
5689,Rosinés Chávez,chávez,venezuela,2,2,0,0,0,2,0,0,0,,
5690,Rosita Pelayo,pinal_hidalgo,mexico,2,1,1,1,0,1,0,0,0,,
5691,Rossana Fernández-Maldonado,fernández-maldonado,peru,2,0,2,1,0,0,1,0,0,,
5696,Rudecindo Rojo,rojo,argentina,2,2,0,0,0,1,1,0,0,,
5697,Rudy Ventura,bichir,mexico,2,2,0,0,0,1,1,0,0,,
5699,Rufino Blanco Fombona,toro_venezuela,venezuela,2,0,2,1,0,1,0,0,0,,
5702,Rufino José Cuervo,cuervo,colombia,2,2,0,0,0,1,1,0,0,,
5704,Rufino Torrico,torrico,peru,2,2,0,0,0,1,1,0,0,,
5708,Ruperto Godoy (nieto),godoy,argentina,2,0,2,1,0,0,1,0,0,,
5713,Sabino Vaca Narvaja,vaca_narvaja,argentina,2,2,0,0,0,1,1,0,0,,
5716,Salomón González Blanco,ortiz_mena,mexico,2,2,0,0,0,1,1,0,0,,
5725,Salvador Sanfuentes,sanfuentes,chile,2,2,0,0,0,0,2,0,0,,
5729,Salvador del Solar,del_solar,peru,2,2,0,0,1,1,0,0,1,,colombia
5730,Salvadora Medina Onrubia,botana,argentina,2,1,1,1,0,0,1,0,0,,
5745,Santiago Alarcón,navia,colombia,2,1,1,1,0,0,1,0,0,,
5746,Santiago Albarracín,rojo,argentina,2,2,0,0,0,1,1,0,0,,
5747,Santiago Alberto de Estrada,estrada,argentina,2,2,0,0,0,1,1,0,0,,
5750,Santiago Antúnez de Mayolo Rynning,antúnez,peru,2,2,0,0,0,2,0,0,0,,
5762,Santiago Márquez Zorrilla,rincón,peru,2,2,0,0,0,1,1,0,0,,
5763,Santiago Méndez Ibarra,sierra_méndez,mexico,2,0,2,1,0,0,1,0,0,,
5764,Santiago Marín Vicuña,vicuña,chile,2,0,2,1,0,0,1,0,0,,
5768,Santiago Mutis,mutis,colombia,2,2,0,0,0,1,1,0,0,,
5773,Santiago Roncagliolo,orbegoso,peru,2,2,0,0,0,1,1,0,0,,
5783,Santos Díaz de Valdés Carrera,valdés_chile,chile,2,1,1,1,0,1,0,0,0,,
5791,Saturnina Burgos,lópez_carrillo,paraguay,2,1,1,0,1,1,0,0,0,,
5796,Sebastián Borensztein,borensztein,argentina,2,2,0,1,0,1,0,0,0,,
5799,Sebastián Dávalos,bachelet,chile,2,1,1,1,0,1,0,0,0,,
5813,Serafina Quinteras,varela,peru,2,2,0,0,0,1,1,0,0,,
5815,Sergio Altamirano Pinto,pinto_chile,chile,2,0,2,1,0,1,0,0,0,,
5827,Sergio Uñac,uñac,argentina,2,0,2,1,0,1,0,0,0,,
5829,Sergio Velasco de la Cerda,velasco_chile,chile,2,0,2,1,0,0,1,0,0,,
5831,Servando Teresa de Mier,mier_y_noriega,mexico,2,0,2,0,0,2,0,0,0,,
5833,Shantall,oneto,peru,2,2,0,0,0,1,1,0,0,,
5840,Silvestre Revueltas,revueltas_sánchez,mexico,2,2,0,0,0,1,1,0,0,,
5843,Silvia Eugenia Derbez,derbez,mexico,2,2,0,0,0,1,1,0,0,,
5844,Silvia Galvis,galvis_galavís,colombia,2,2,0,1,0,1,0,0,0,,
5849,Silvia Sapag,sapag,argentina,2,2,0,0,0,1,1,0,0,,
5856,Simón González Restrepo,restrepo,colombia,2,2,0,0,0,1,1,0,0,,
5857,Simón O'Leary Soublette,ospina,venezuela,2,1,1,1,0,1,0,0,1,,colombia
5863,Simona de Sucre Bravo,sucre,ecuador,2,2,0,0,0,1,1,0,2,,colombia
5868,Sofía García,di_girolamo,chile,2,2,0,0,2,0,0,1,0,allamand,
5871,Sofía Petro,petro,colombia,2,2,0,0,0,2,0,0,0,,
5887,Stavros Niarchos,onassis,argentina,2,1,1,1,0,1,0,0,0,,
5889,Stephanie Cayo,cayo,peru,2,0,2,1,0,1,0,0,0,,
5893,Susana Correa,borrero,colombia,2,0,2,0,0,1,1,0,0,,
5894,Susana Dosamantes,dosamantes_rul,mexico,2,1,1,1,0,0,1,0,0,,
5901,Pirí Lugones,lugones,argentina,2,2,0,0,0,1,1,0,0,,
5909,Tadea Lozano e Isasi,lozano,colombia,2,2,0,1,0,1,0,2,0,álvarez_del_casal,
5911,Tadeo Portales y Borda,portales,chile,2,0,2,0,0,2,0,0,0,,
5913,Taira Court,concha_chile,chile,2,2,0,1,1,0,0,0,0,,
5915,Talina Fernández,fernández_veraud,mexico,2,2,0,1,0,0,1,0,0,,
5916,Tamara Falcó,vargas_llosa,peru,2,2,0,0,0,1,1,0,0,,
5918,Tancredo Pinochet,pinochet,chile,2,2,0,0,0,1,1,0,0,,
5926,Raúl Rolando Romero Feris,romero_feris,argentina,2,1,1,1,0,1,0,0,0,,
5930,Teodorico Olaechea,olaechea,peru,2,0,2,0,0,2,0,0,0,,
5931,Teodoro Capriles,capriles,venezuela,2,1,1,1,0,0,1,0,0,,
5935,Teodoro Schmidt Quezada,schmidt,chile,2,2,0,0,0,1,1,0,0,,
5939,Teresa Cuervo Borda,cuervo,colombia,2,2,0,0,0,1,1,0,0,,
5943,Teresa María Llona,llona,peru,2,2,0,0,0,1,1,0,0,,
5944,Teresa Marinovic,vial,chile,2,0,2,1,0,1,0,0,0,,
5948,Teresa Tanco de Herrera,cordovéz,colombia,2,1,1,1,0,1,0,1,0,argáez,
5949,Teresa Vicuña,vicuña,chile,2,2,0,0,0,1,1,0,0,,
5951,Thalía,díaz_ordaz,mexico,2,2,0,1,1,0,0,0,0,,
5956,Tiburcio Benegas,benegas,argentina,2,0,2,1,0,0,1,0,0,,
5958,Tita Parra,parra_chile,chile,2,2,0,0,0,1,1,0,0,,
5959,Tita Tamames,del_carril,argentina,2,0,2,1,0,1,0,0,0,,
5962,Tolita Figueroa,mateos,mexico,2,2,0,0,0,1,1,0,0,,
5966,Tomás Chadwick Valdés,chadwick,chile,2,0,2,1,0,1,0,0,0,,
5969,Tomás García de Zúñiga,garcía_de_zúñiga,argentina,2,2,0,0,0,1,1,0,0,,
5970,Tomás Godoy Cruz,godoy,argentina,2,0,2,1,0,1,0,0,0,,
5979,Tomás Prieto de Salazar,ricaurte,colombia,2,2,0,0,0,1,1,0,0,,
5980,Tomás Reyes,vicuña,chile,2,1,1,1,0,1,0,0,0,,
5989,Tomás de Borja,borja,colombia,2,0,2,0,0,2,0,0,0,,
5994,Tommy Mottola,díaz_ordaz,mexico,2,2,0,2,0,0,0,1,0,sodi,
5997,Torcuato Di Tella (hijo),di_tella,argentina,2,1,1,1,0,1,0,0,0,,
6004,Tristán Matta,matta,chile,2,2,0,0,0,1,1,0,0,,
6005,Tulio Febres-Cordero,febres-cordero,venezuela,2,1,1,1,0,1,0,0,0,,
6006,Tulio Hernández Gómez,pinal_hidalgo,mexico,2,2,0,1,0,1,0,0,0,,
6012,Ulises Humala,humala,peru,2,2,0,0,0,1,1,0,0,,
6020,Víctor García-Belaúnde Velarde,belaúnde,peru,2,2,0,0,0,1,1,0,0,,
6024,Víctor Cock Arango,cock,colombia,2,0,2,1,0,1,0,0,0,,
6026,Víctor Echaurren Valero,echaurren,chile,2,0,2,1,0,1,0,0,0,,
6030,Víctor Galleguillos Clett,galleguillos,chile,2,0,2,1,0,0,1,0,0,,
6032,Víctor González Herrera,gonzález_torres,mexico,2,2,0,0,0,1,1,0,0,,
6037,Víctor Mallarino,madariaga,colombia,2,1,1,0,0,1,1,0,0,,
6042,Vadhir Derbez,derbez,mexico,2,2,0,0,0,1,1,0,0,,
6047,Valeria Valle,capriles,venezuela,2,1,1,0,1,1,0,0,0,,
6056,Ventura García Calderón,garcía_calderón,peru,2,2,0,0,0,1,1,0,0,,
6058,Verónica Alcocer,petro,colombia,2,2,0,1,0,0,1,0,0,,
6059,Verónica Castro,valdés,mexico,2,2,0,0,0,1,1,0,0,,
6064,Verónica Wiese,lavalle,peru,2,2,0,0,0,1,1,0,0,,
6068,Vicente Almandos Almonacid (hijo),güiraldes,argentina,2,0,2,1,0,0,1,0,0,,
6073,Vicente Castaño,castaño_gil,colombia,2,0,2,1,0,1,0,0,0,,
6083,Vicente Riva Palacio,riva_palacio,mexico,2,2,0,0,0,1,1,0,0,,
6087,Vicente Sanfuentes (político),sanfuentes,chile,2,1,1,1,0,1,0,0,0,,
6089,Vicente Valdés,valdés_chile,chile,2,0,2,1,0,1,0,0,0,,
6099,Victoria Ocampo,ocampo,argentina,2,0,2,1,0,1,0,0,0,,
6100,Victoria Ruffo,derbez,mexico,2,2,0,1,0,1,0,0,0,,
6106,Victoriano López-Dóriga,lópez-dóriga,mexico,2,0,2,1,0,0,1,0,0,,
6108,Victorio García de Zúñiga,garcía_de_zúñiga,argentina,2,2,0,0,0,1,1,0,0,,
6115,Violeta Correa,belaúnde,peru,2,2,0,1,0,1,0,0,0,,
6117,Violeta Vidaurre,heiremans,chile,2,0,2,1,0,1,0,0,0,,
6128,Virginia Salinas,carranza,mexico,2,1,1,1,0,0,1,0,0,,
6131,Viviana Canosa,borensztein,argentina,2,1,1,1,1,0,0,0,0,,
6139,Waldemar Méndez,subercaseaux,argentina,2,2,0,1,1,0,0,0,2,,chile
6141,Walter Villegas,villegas,argentina,2,1,1,1,0,1,0,0,0,,
6148,Xicoténcatl Leyva Mortera,alemán,mexico,2,2,0,0,0,1,1,0,0,,
6153,Yahaira Plasencia,farfán,peru,2,2,0,0,2,0,0,0,0,,
6155,Yesid Reyes,echandía,colombia,2,2,0,0,0,1,1,0,0,,
23,Álvaro Valencia Tovar,samper,colombia,1,0,1,0,0,1,0,0,0,,
29,Ángel Concha,concha_chile,chile,1,0,1,1,0,0,0,0,0,,
37,Ángel Parra (hijo),parra_chile,chile,1,1,0,0,0,1,0,0,0,,
40,Ángel de Estrada (1840-1918),estrada,argentina,1,0,1,0,0,1,0,0,0,,
47,Ángela Santamarina,santamarina,argentina,1,1,0,0,0,1,0,0,0,,
51,Ántero Flores-Aráoz,aráoz,peru,1,1,0,0,0,1,0,0,0,,
53,Édgar Valcárcel,valcárcel,peru,1,1,0,0,0,0,1,0,0,,
68,Óscar Ugarte,ugarte,peru,1,0,1,1,0,0,0,0,0,,
69,Óscar Ugarteche,ugarteche,peru,1,0,1,1,0,0,0,0,0,,
70,Óscar de la Puente Raygada,de_la_puente,peru,1,0,1,0,0,1,0,0,0,,
71,Úrsula Boza,boza_de_lima,peru,1,0,1,1,0,0,0,0,0,,
74,Aaron Pavlovsky,pavlovsky,argentina,1,1,0,0,0,0,1,0,0,,
80,Abraham Quintana,quintana,argentina,1,0,1,0,0,1,0,0,0,,
111,Adrián Beccar Varela,varela,argentina,1,0,1,1,0,0,0,0,0,,
113,Adriana Cecilia Barcia,alsogaray,argentina,1,1,0,0,1,0,0,0,0,,
122,Agripina Samper Agudelo,samper,colombia,1,1,0,1,0,0,0,0,0,,
130,Agustín Jerónimo de Iturbide,iturbide,mexico,1,1,0,0,0,1,0,0,0,,
135,Agustín P. Justo (padre),justo,argentina,1,1,0,0,0,0,1,0,0,,
137,Agustín Rodríguez Jurado,"rodríguez_(san_luis,_argentina)",argentina,1,1,0,0,0,1,0,0,0,,
138,Agustín Ross,edwards,chile,1,0,1,0,0,1,0,0,0,,
150,Matthew Rehwoldt,guerrero,mexico,1,1,0,1,0,0,0,0,0,,
152,Albert Cussen,mackenna,chile,1,0,1,1,0,0,0,0,0,,
154,Alberto Arancibia Rodríguez,"rodríguez_(san_luis,_argentina)",argentina,1,0,1,1,0,0,0,0,0,,
158,Alberto Ballerini,podestá,argentina,1,1,0,1,0,0,0,0,0,,
161,Alberto Benegas Lynch (hijo),benegas,argentina,1,1,0,0,0,0,1,0,0,,
162,Alberto Benegas Lynch (nieto),benegas,argentina,1,1,0,0,0,1,0,0,0,,
164,Alberto Bustamante Belaúnde,belaúnde,peru,1,0,1,0,0,1,0,0,0,,
175,Alberto Freundt Rosell,freundt,peru,1,0,1,0,0,1,0,0,0,,
197,Alberto Otárola,otárola,peru,1,0,1,0,0,1,0,0,0,,
205,Alberto Terrazas Cuilty,creel-terrazas,mexico,1,0,1,1,0,0,0,0,0,,
226,Alcides Ames Márquez,amez,peru,1,0,1,0,0,1,0,0,0,,
227,Aldo Cantoni,cantoni-bravo,argentina,1,0,1,1,0,0,0,0,0,,
236,Alejandra de Cima Aldrete,azcárraga,mexico,1,1,0,1,0,0,0,0,0,,
247,Alejandro Bunge,bunge,argentina,1,1,0,0,0,1,0,0,0,,
260,Alejandro Freundt Rosell,freundt,peru,1,0,1,0,0,1,0,0,0,,
269,Alejandro Huneeus García-Huidobro,garcía-huidobro,chile,1,0,1,1,0,0,0,0,0,,
290,Alejandro Vial,vial,chile,1,0,1,1,0,0,0,0,0,,
293,Alejo Peralta,díaz_ceballos,mexico,1,1,0,0,1,0,0,0,0,,
305,Alexis Mac Allister,mac_allister,argentina,1,0,1,0,1,0,0,0,0,,
308,Alfonso Barrantes,barrantes,peru,1,1,0,0,0,1,0,0,0,,
313,Alfonso Herrera Mendoza,herrera_salcedo,mexico,1,1,0,0,0,0,1,0,0,,
319,Luis Alfonso Plazas Vega,vega,colombia,1,1,0,1,0,0,0,0,0,,
329,Alfredo Bateman,quijano,colombia,1,0,1,1,0,0,0,0,0,,
333,Alfredo Castro,concha_chile,chile,1,1,0,1,0,0,0,0,0,,
335,Alfredo Dammert Lira,alarco,peru,1,0,1,0,0,1,0,0,0,,
350,Alfredo Saco Miró Quesada,miró_quesada,peru,1,0,1,1,0,0,0,0,0,,
362,Alicia Cazzaniga,bullrich,argentina,1,1,0,1,0,0,0,0,0,,
364,Alicia Maguiña,málaga,peru,1,1,0,1,0,0,0,0,0,,
367,Alicia Raquel Hartridge,videla,argentina,1,1,0,1,0,0,0,0,0,,
368,Alicia Saadi de Dentone,saadi,argentina,1,1,0,0,0,1,0,0,0,,
370,Alita Román,podestá,argentina,1,1,0,0,1,0,0,0,0,,
375,Alma Sapag,sapag,argentina,1,1,0,0,0,1,0,0,0,,
380,Alonso Carvajal Peralta,carvajal,colombia,1,0,1,0,0,1,0,0,0,,
390,Alonso Tito Atauchi,tito,peru,1,1,0,0,0,1,0,0,0,,
391,Alonso Turrillo de Yebra,vergara-azcárate,colombia,1,0,1,1,0,0,0,0,0,,
394,Alonso de Castilla Tito Atauchi Inca,tito,peru,1,1,0,0,0,1,0,0,0,,
398,Amadeo Rodríguez Vergara,ospina,colombia,1,0,1,0,0,0,1,0,0,,
399,Amadeo Sabattini,sabattini,argentina,1,1,0,0,0,0,1,0,0,,
417,Amin Yoma,yoma,argentina,1,0,1,0,0,1,0,0,0,,
418,Amira Yoma,yoma,argentina,1,0,1,1,0,0,0,0,0,,
438,Ana Luisa Devés,undurraga,chile,1,1,0,1,0,0,0,0,0,,
448,Ana María Romero,campero,bolivia,1,1,0,0,0,1,0,0,0,,
451,Ana María Westphalen,miró_quesada,peru,1,1,0,1,0,0,0,0,0,,
459,Anacarsis Lanús,lanusse,argentina,1,1,0,0,0,1,0,0,0,,
460,Anacarsis Lanús (hijo),lanusse,argentina,1,1,0,0,0,1,0,0,0,,
474,Andrés Celis,montt,chile,1,0,1,0,0,1,0,0,0,,
481,Andrés Ibarra (militar),toro_venezuela,venezuela,1,0,1,0,0,0,1,0,0,,
485,Andrés Niño,niño,colombia,1,1,0,0,0,1,0,0,0,,
503,Andrés Wood,montt,chile,1,0,1,1,0,0,0,0,0,,
507,Andrés de Santa Cruz,santa_cruz,peru,1,0,1,1,0,0,0,0,0,,
513,Andreína Baduel,baduel,venezuela,1,1,0,0,0,1,0,0,0,,
517,Andrea Palma (actriz),bracho,mexico,1,1,0,1,0,0,0,0,0,,
526,Ani Álvarez Calderón Carriquiry,álvarez_calderón,peru,1,0,1,0,0,1,0,0,0,,
529,Anna Carina,copello,peru,1,0,1,1,0,0,0,0,0,,
537,Antolín Robles y Lugo,robles_arnao,peru,1,1,0,0,0,0,1,0,0,,
541,Antonia Orellana,guarello,chile,1,0,1,0,0,1,0,0,0,,
558,Antonio Beingolea Balarezo,beingolea,peru,1,1,0,0,0,1,0,0,0,,
565,Antonio Candioti y Mujica,candioti,argentina,1,1,0,0,0,0,1,0,0,,
567,Antonio Cornejo Polar,polar,peru,1,0,1,1,0,0,0,0,0,,
590,Antonio Lanusse,lanusse,argentina,1,0,1,1,0,0,0,0,0,,
591,Antonio Leal,schmidt,chile,1,1,0,1,0,0,0,0,0,,
594,Antonio Lozano Gracia,aguilar,mexico,1,1,0,1,0,0,0,0,0,,
596,Antonio Manuel Silva,campero,argentina,1,0,1,0,0,1,0,0,0,,
604,Antonio Ortiz Mena,ortiz_mena,mexico,1,0,1,1,0,0,0,0,0,,
607,Antonio Pinto Durán,pinto_chile,chile,1,0,1,0,0,1,0,0,0,,
613,Antonio Santamarina,santamarina,argentina,1,1,0,0,0,1,0,0,0,,
639,Araceli Julián,valdés,mexico,1,1,0,1,0,0,0,0,0,,
641,Aracely García-Granados,garcía_granados,mexico,1,0,1,0,0,1,0,0,0,,
646,Argentino Podestá,podestá,argentina,1,1,0,0,0,1,0,0,1,,uruguay
647,Ariadne Welter,pinal_hidalgo,mexico,1,1,0,1,0,0,0,0,0,,
648,Ariel López Padilla,fernández_veraud,mexico,1,1,0,1,0,0,0,0,0,,
652,Armando Sánchez Málaga,málaga,peru,1,0,1,0,0,1,0,0,0,,
671,Arturo Fernández Vial,vial,chile,1,0,1,0,0,1,0,0,0,,
697,Atala Sarmiento,ponce_de_león,mexico,1,0,1,1,0,0,0,0,0,,
701,Augusto Althaus,althaus,peru,1,1,0,0,0,1,0,0,0,,
703,Augusto Bedoya Cámere,bedoya,peru,1,0,1,1,0,0,0,0,0,,
707,Augusto Bolognesi,bolognesi,peru,1,1,0,0,0,1,0,0,0,,
711,Augusto Dammert,alarco,peru,1,0,1,1,0,0,0,0,0,,
713,Augusto F. León Paredes,león_barandiarán,peru,1,0,1,0,0,1,0,0,0,,
717,Augusto Ibáñez Guzmán,ibáñez_colombia,colombia,1,0,1,0,0,1,0,0,0,,
718,Augusto Larraín,gandarillas,chile,1,1,0,0,0,0,1,0,0,,
728,Augusto Salazar Bondy,salazar_y_meléndez,peru,1,0,1,1,0,0,0,0,0,,
732,Augusto Tamayo San Román,tamayo_perú,peru,1,1,0,0,0,1,0,0,0,,
734,Augusto Thorndike (periodista),thorndike,peru,1,1,0,0,0,1,0,0,0,,
741,Aurelia Gabriela Tizón de Perón,perón,argentina,1,1,0,1,0,0,0,0,0,,
742,Aurelia Gabriela Tizón de Perón,perón,argentina,1,1,0,1,0,0,0,0,0,,
744,Aureliano Guzmán Loera,guzmán,mexico,1,0,1,0,0,1,0,0,0,,
748,Aurelio Cruzat Ortega,cruzat,chile,1,0,1,0,0,1,0,0,0,,
751,Aurelio García y García,garcía_y_garcía,peru,1,1,0,0,0,0,1,0,0,,
754,Aurelio Iragorri Valencia,valencia,colombia,1,1,0,0,0,1,0,0,0,,
755,Aurelio Loret de Mola,loret_de_mola,peru,1,1,0,0,0,1,0,0,0,,
764,Bárbara Cayo,cayo,peru,1,1,0,0,0,0,1,0,0,,
766,Baltasar Unquera,garcía_de_zúñiga,uruguay,1,1,0,1,0,0,0,1,1,warnes,argentina
773,Bartolomé Ortiz de Rozas,ortiz_de_rozas,argentina,1,0,1,1,0,0,0,0,0,,
780,Beatriz Moreno,gonzález_de_cosío,mexico,1,1,0,0,0,1,0,0,0,,
786,Benigno Yábar Arteta,yábar,peru,1,0,1,0,0,1,0,0,0,,
796,Benjamín Aráoz,aráoz,argentina,1,0,1,0,0,1,0,0,0,,
799,Benjamín Claro Velasco,claro_chile,chile,1,0,1,1,0,0,0,0,0,,
801,Benjamín Franklin Rawson,rojo,argentina,1,1,0,0,0,1,0,0,0,,
805,Benjamín Paz,paz,argentina,1,0,1,1,0,0,0,0,0,,
807,Benjamín Subercaseaux,subercaseaux,chile,1,1,0,0,0,1,0,0,0,,
817,Bernardino Piñera,piñera,chile,1,0,1,0,0,1,0,0,0,,
825,Bernardo Herrera Restrepo,restrepo,colombia,1,1,0,0,0,1,0,1,1,toro_venezuela,venezuela
826,Bernardo Joaquín de Anzoátegui,anzoátegui,argentina,1,1,0,0,0,0,1,0,0,,
834,Bernhard Eunom Philippi,philippi,chile,1,0,1,0,0,1,0,0,0,,
835,Bertha Arroyo de Alva,alva,peru,1,0,1,1,0,0,0,0,0,,
840,Beto da Silva,farfán,peru,1,1,0,1,0,0,0,0,0,,
852,Blanca de Castejón,pinal_hidalgo,mexico,1,1,0,1,0,0,0,0,0,,
860,Bruno Bichir,bichir,mexico,1,1,0,0,0,1,0,0,0,,
862,Bruno Pinasco,pinasco,peru,1,0,1,0,0,1,0,0,0,,
864,Buenaventura Cousiño,cousiño,chile,1,0,1,1,0,0,0,0,0,,
872,César Augusto Bunge,bunge,argentina,1,0,1,1,0,0,0,0,0,,
878,César Miró,miró_quesada,peru,1,1,0,1,0,0,0,0,1,,uruguay
891,Camilo Blas,urteaga,peru,1,0,1,0,0,0,1,0,0,,
894,Camilo Rojo,rojo,argentina,1,1,0,0,0,1,0,0,0,,
896,Camilo Torres Tenorio,tenorio,colombia,1,0,1,1,0,0,0,0,0,,
899,Carla Ochoa,echenique,chile,1,1,0,0,1,0,0,0,0,,
905,Carlos Albán Holguín,holguín,colombia,1,0,1,0,0,1,0,0,0,,
918,Carlos Arturo Romero,lópez,colombia,1,1,0,1,0,0,0,0,0,,
919,Carlos Augusto Salaverry,salaverry,peru,1,1,0,0,0,1,0,0,0,,
925,Carlos Bueno,saravia,uruguay,1,1,0,0,1,0,0,0,0,,
926,Carlos Bulgheroni,bulgheroni,argentina,1,1,0,0,0,0,1,0,0,,
937,Carlos Cruz-Coke Ossa,cruz-coke,chile,1,1,0,0,0,0,1,0,0,,
961,Carlos Germán Belli,de_la_torre,peru,1,0,1,0,0,1,0,0,0,,
963,Carlos Hayre,málaga,peru,1,1,0,1,0,0,0,0,0,,
968,Carlos Hurtado Ruiz-Tagle,ruiz-tagle,chile,1,0,1,1,0,0,0,0,0,,
970,Carlos Ibarguren,uriburu,argentina,1,1,0,0,0,1,0,0,0,,
971,Carlos Izquierdo Edwards,edwards,chile,1,0,1,1,0,0,0,0,0,,
974,Carlos Jaramillo Schloss,jaramillo_colombia,colombia,1,0,1,0,0,1,0,0,0,,
987,Carlos Loret de Mola,loret_de_mola,mexico,1,0,1,1,0,0,0,0,0,,
1001,Carlos Meyer Pellegrini,pellegrini,argentina,1,0,1,1,0,0,0,0,0,,
1011,Carlos Octavio Bunge,bunge,argentina,1,1,0,0,0,1,0,0,0,,
1013,Carlos Ortiz de Rozas,ortiz_de_rozas,argentina,1,1,0,1,0,0,0,1,1,ureta,peru
1015,Carlos Oviedo Cavada,cavada,chile,1,0,1,0,0,1,0,0,0,,
1026,Carlos Robledo Puch,puch,argentina,1,0,1,0,0,1,0,0,0,,
1043,Carlos Segismundo de Greiff,de_greiff,colombia,1,0,1,0,0,1,0,0,0,,
1050,Carlos Toro Manrique,toro_venezuela,venezuela,1,1,0,0,0,0,1,0,0,,
1064,Carlos Wyld Ospina,ospina,colombia,1,0,1,0,0,1,0,0,0,,
1068,Carlos de Piérola,piérola,peru,1,1,0,0,0,1,0,0,0,,
1072,Carmela Mackenna,mackenna,chile,1,1,0,1,0,0,0,1,0,cueto,
1077,Carmen Dragonetti,de_habich,argentina,1,1,0,1,0,0,0,0,1,,peru
1080,Carmen Lucila Crexell,sapag,argentina,1,1,0,0,0,1,0,0,0,,
1081,Carmen Miguens de Avellaneda,avellaneda,argentina,1,1,0,1,0,0,0,0,0,,
1086,Carmen Romero Quero,morandé,chile,1,1,0,1,0,0,0,0,0,,
1096,Carolina Cuervo,navia,colombia,1,0,1,0,0,1,0,0,0,,
1097,Carolina Deik,galán,colombia,1,1,0,1,0,0,0,0,0,,
1101,Carolina Monroy del Mazo,del_mazo,mexico,1,1,0,1,0,0,0,0,0,,
1132,Casimiro Albano Pereira,cruz_chile,chile,1,1,0,0,0,1,0,0,0,,
1144,Catalina Suárez Marcayda,moctezuma,mexico,1,1,0,1,0,0,0,0,1,,colombia
1145,Catalina de Fonseca y Ulloa,ulloa,peru,1,1,0,0,0,0,1,0,0,,
1150,Cayetano Barraquer y Roviralta,barraquer,colombia,1,0,1,0,0,1,0,0,0,,
1169,Cedric Gibbons,lópez_negrete,mexico,1,1,0,1,0,0,0,0,0,,
1171,Celia Bustamante,bustamante,peru,1,1,0,1,0,0,0,0,0,,
1172,Celia Podestá,podestá,uruguay,1,1,0,1,0,0,0,0,1,,argentina
1174,Celso Garrido-Lecca,garrido-lecca,peru,1,0,1,1,0,0,0,0,0,,
1187,Christian Nodal,aguilar,mexico,1,1,0,1,0,0,0,0,0,,
1190,Cibele Dorsa,onassis,argentina,1,1,0,0,1,0,0,0,0,,
1193,Cipriano Rodríguez Santamaría,santamaría,colombia,1,0,1,0,0,1,0,0,0,,
1195,Ciriaco Díaz Vélez,díaz_vélez,argentina,1,1,0,0,0,1,0,0,0,,
1208,Clarita Parra,parra_chile,chile,1,1,0,0,0,1,0,0,0,,
1215,Claudia Ruiz Massieu Salinas,ruiz-massieu,mexico,1,1,0,0,0,1,0,0,0,,
1217,Claudia Vergara,vergara-azcárate,colombia,1,0,1,0,0,1,0,0,0,,
1234,Clemente Althaus,althaus,peru,1,1,0,0,0,1,0,0,0,,
1252,Condado de Baños,leyva,colombia,1,1,0,1,0,0,0,0,0,,
1263,Condado de Superunda,velasco_chile,chile,1,1,0,0,0,0,1,0,0,,
1264,Condado de Villaminaya,portales,chile,1,1,0,1,0,0,0,0,1,,peru
1273,Constanza Santa María,monckeberg,chile,1,0,1,0,0,1,0,0,0,,
1277,Consuelo Moure,moure,colombia,1,0,1,1,0,0,0,0,0,,
1282,Copi,botana,argentina,1,1,0,0,0,1,0,0,0,,
1283,Cornelio Casablanca,canaveris,argentina,1,0,1,1,0,0,0,0,0,,
1293,Cristóbal Niño,niño,colombia,1,0,1,0,0,1,0,0,0,,
1296,Cristóbal Valdés Ugalde,valdés_chile,chile,1,0,1,1,0,0,0,0,0,,
1308,Cristián Precht,precht,chile,1,0,1,0,0,1,0,0,0,,
1310,Cristián Undurraga,undurraga,chile,1,1,0,1,0,0,0,0,0,,
1321,Cristina Montt,montt,chile,1,0,1,0,0,1,0,0,0,,
1328,Dámaso Cárdenas del Río,cárdenas,mexico,1,0,1,1,0,0,0,0,0,,
1330,Dalílah Polanco,derbez,mexico,1,1,0,0,1,0,0,0,0,,
1336,Daniel Aráoz (gobernador),aráoz,argentina,1,1,0,0,0,1,0,0,1,,peru
1337,Daniel Bermúdez,samper,colombia,1,1,0,0,0,1,0,0,0,,
1342,Daniel Figallo,león_barandiarán,peru,1,0,1,0,0,1,0,0,0,,
1361,Daphne Dougall,gibson,argentina,1,1,0,1,0,0,0,0,1,,peru
1365,Darío Lopérfido,álvarez_de_toledo_argentina,argentina,1,1,0,1,0,0,0,0,0,,
1366,Darío Samper,samper,colombia,1,0,1,0,0,1,0,0,0,,
1378,David Samanez Ocampo,samanez,peru,1,1,0,0,0,1,0,0,0,,
1404,Diana Pombo,pombo,colombia,1,0,1,0,0,1,0,0,0,,
1405,Diana Saravia,saravia,uruguay,1,1,0,0,0,1,0,0,0,,
1411,Diego Aráoz,aráoz,argentina,1,0,1,1,0,0,0,0,0,,
1416,Diego Dibós,dibós,peru,1,1,0,0,0,1,0,0,0,,
1417,Diego Echavarría Misas,echavarría,colombia,1,1,0,0,0,1,0,0,0,,
1421,Diego Forlán,saravia,uruguay,1,1,0,0,1,0,0,0,0,,
1423,Diego González Montero,montero,chile,1,1,0,0,0,0,1,0,0,,
1425,Diego Ibarra,toro_venezuela,venezuela,1,0,1,0,0,1,0,0,0,,
1426,Diego José Benavente,valdivieso,chile,1,1,0,1,0,0,0,1,0,pinto_chile,
1431,Diego Masías y Llosa,llosa,peru,1,1,0,0,0,0,1,0,0,,
1434,Diego Montero del Águila,montero,chile,1,1,0,0,0,0,1,0,0,,
1440,Diego Portales y Salas,portales,chile,1,0,1,0,0,1,0,0,0,,
1445,Diego Turbay Cote,turbay,colombia,1,1,0,0,0,1,0,0,0,,
1447,Diego de Alvarado Huanitzin,moctezuma,mexico,1,1,0,1,0,0,0,0,0,,
1448,Diego de Alvear (nieto),alvear,argentina,1,1,0,0,0,1,0,0,0,,
1456,Dionisio Meade y García de León,garcía_de_león,mexico,1,1,0,0,0,0,1,0,0,,
1458,Dionisio Pérez Jácome,pérez-jácome,mexico,1,1,0,0,0,0,1,0,0,,
1465,Dolores Costa,álzaga,argentina,1,1,0,1,0,0,0,0,0,,
1476,Domingo Fernández Concha,concha_chile,chile,1,1,0,0,0,0,1,0,0,,
1482,Domingo Matte Larraín,matte,chile,1,0,1,1,0,0,0,0,0,,
1484,Domingo Ortiz de Rozas,ortiz_de_rozas,argentina,1,0,1,1,0,0,0,0,0,,
1487,Domingo S. Arenas,arenas,peru,1,0,1,0,0,1,0,0,0,,
1496,Domingo de Errázuriz Madariaga,errázuriz,chile,1,1,0,0,0,1,0,0,0,,
1497,Domingo del Castillo Sanz de Santamaría,castillo_guevara,colombia,1,0,1,1,0,0,0,0,0,,
1506,Ducado de San Carlos,carvajal_y_vargas,chile,1,1,0,0,0,1,0,0,0,,
1508,Eda Rivas,garcía_y_garcía,peru,1,1,0,1,0,0,0,0,0,,
1511,Edgardo Lander,lander,venezuela,1,0,1,0,0,1,0,0,0,,
1512,Edgardo Marín,matte,chile,1,1,0,1,0,0,0,0,0,,
1515,Edgardo Seoane,seoane_heredia,peru,1,1,0,0,0,1,0,0,0,,
1522,Eduardo A. Roca,roca,argentina,1,1,0,1,0,0,0,0,0,,
1576,Eduardo Wiesner Durán,wiesner,colombia,1,0,1,0,0,1,0,0,0,,
1588,Elías Errázuriz Larraín,errázuriz,chile,1,0,1,0,0,1,0,0,0,,
1596,Eladio Vicuña Aránguiz,vicuña,chile,1,0,1,0,0,1,0,0,0,,
1598,Elena Barraquer Compte,barraquer,colombia,1,1,0,0,0,1,0,0,0,,
1610,Elisa Brown,brown,argentina,1,1,0,0,0,1,0,0,0,,
1613,Elisa Godínez Gómez de Batista,zaldívar,chile,1,1,0,1,0,0,0,0,0,,
1614,Eliseo Canaveri,canaveris,argentina,1,0,1,1,0,0,0,0,0,,
1615,Eliseo Payán,hurtado,colombia,1,0,1,1,0,0,0,0,0,,
1622,Elvia Barrios,villarán,peru,1,1,0,1,0,0,0,0,0,,
1631,Emigdio Antonio Quintero,quintero,colombia,1,0,1,1,0,0,0,0,0,,
1637,Emiliana Concha de Ossa,concha_chile,chile,1,1,0,0,0,1,0,0,0,,
1656,Emilio Claro Cruz,claro_chile,chile,1,0,1,1,0,0,0,0,0,,
1660,Emilio Estrada Icaza,estrada_ecuador,ecuador,1,1,0,0,0,1,0,0,0,,
1662,Emilio Mitre (ingeniero),mitre,argentina,1,1,0,0,0,1,0,0,0,,
1666,Emilio Quintana (gobernador),quintana,argentina,1,1,0,0,0,1,0,0,0,,
1675,Emilio de la Cerda,errázuriz,chile,1,0,1,0,0,1,0,0,0,,
1687,Enrique Basadre Pastor,basadre,peru,1,1,0,0,0,1,0,0,0,,
1690,Enrique Bolognesi,bolognesi,peru,1,1,0,0,0,1,0,0,0,,
1691,Enrique C. Creel,creel-terrazas,mexico,1,0,1,1,0,0,0,0,0,,
1699,Enrique Cueto,cueto,chile,1,1,0,0,0,1,0,0,0,,
1700,Enrique Díaz Indiano,bracho,mexico,1,1,0,1,0,0,0,0,0,,
1701,Enrique Del Solar Cáceda,del_solar,peru,1,1,0,0,0,1,0,0,0,,
1703,Enrique Flores Magón,flores_magón,mexico,1,1,0,0,0,1,0,0,0,,
1709,Enrique González Martínez,gonzález_rojo,mexico,1,1,0,0,0,0,1,0,0,,
1713,Enrique Grau Seminario,grau,peru,1,1,0,0,0,1,0,0,1,,colombia
1715,Enrique Jara Saguier,jara_saguier,paraguay,1,0,1,0,1,0,0,0,0,,
1729,Enrique París Prieto,parís,colombia,1,1,0,0,0,1,0,0,0,,
1734,Enrique Santamarina,santamarina,argentina,1,1,0,0,0,1,0,0,0,,
1745,Enrique Udaondo,ortiz_basualdo,argentina,1,0,1,0,0,1,0,0,0,,
1746,Enrique Uriburu,uriburu,argentina,1,0,1,1,0,0,0,0,0,,
1748,Enrique Vergara Vial,vial,chile,1,0,1,0,0,1,0,0,0,,
1749,Enrique Vicuña Subercaseaux,subercaseaux,chile,1,1,0,0,0,1,0,0,0,,
1775,Ernesto Balmaceda,balmaceda,chile,1,1,0,0,0,1,0,0,0,,
1786,Ernesto García Calderón,garcía_calderón,peru,1,0,1,1,0,0,0,0,0,,
1791,Ernesto Nemer Álvarez,del_mazo,mexico,1,1,0,1,0,0,0,0,0,,
1797,Ernesto Sanz de Santamaría,sanz_de_santamaría,colombia,1,0,1,0,0,1,0,0,0,,
1801,Ervil LeBaron,lebaron,mexico,1,1,0,0,0,1,0,0,0,,
1805,Esperanza Baur,díaz_ceballos,mexico,1,1,0,1,0,0,0,0,0,,
1806,Esperanza López Mateos,mateos,mexico,1,0,1,1,0,0,0,0,0,,
1829,Eugenia Revueltas,revueltas_sánchez,mexico,1,1,0,0,0,1,0,0,0,,
1840,Eugenio Ortega,frei,chile,1,1,0,1,0,0,0,0,0,,
1841,Eugenio Torres de Velasco,velasco_chile,chile,1,0,1,1,0,0,0,0,0,,
1848,Eulogio Robles Pinochet,pinochet,chile,1,0,1,0,0,1,0,0,0,,
1867,Ezequiel Uricoechea,uricoechea,colombia,1,1,0,0,0,1,0,0,0,,
1869,Ezio Neyra,neyra,peru,1,1,0,0,0,1,0,0,0,,
1880,Fabiana Valcárcel,valcárcel,peru,1,0,1,0,1,0,0,0,0,,
1886,Fabiola León-Velarde,león-velarde,peru,1,1,0,1,0,0,0,0,0,,
1966,Federico Carlos Lehmann,mosquera,colombia,1,0,1,0,0,1,0,0,0,,
1975,Federico Lacroze,lacroze,argentina,1,0,1,0,0,1,0,0,0,,
1980,Federico Martínez de Hoz,martínez_de_hoz,argentina,1,0,1,1,0,0,0,0,0,,
1982,Federico More Barrionuevo,more,peru,1,1,0,0,0,1,0,0,0,,
1987,Federico Pinedo (bisnieto),pinedo,argentina,1,0,1,1,0,0,0,0,0,,
1988,Federico Pinedo (hijo),pinedo,argentina,1,1,0,0,0,0,1,1,1,bulnes,chile
1989,Federico Pinedo (padre),pinedo,argentina,1,1,0,0,0,0,1,0,0,,
1992,Federico Reyes Heroles,reyes_heroles,mexico,1,1,0,0,0,1,0,0,0,,
1998,Federico Torrico,torrico,peru,1,1,0,0,0,1,0,0,0,,
2001,Feliciano José Pueyrredón,pueyrredón,argentina,1,0,1,0,0,1,0,0,0,,
2007,Felipe Bianchi,velasco_chile,chile,1,1,0,1,0,0,0,0,0,,
2022,Felipe Morandé,lavín,chile,1,0,1,1,0,0,0,0,0,,
2028,Felipe Portocarrero Carnero,portocarrero_perú,peru,1,0,1,1,0,0,0,0,0,,
2038,Felipe Taboada,taboada,argentina,1,0,1,0,0,1,0,0,0,,
2042,Felipe de Iturbide y Huarte,iturbide,mexico,1,1,0,0,0,1,0,0,0,,
2044,Felipe de Vergara Azcárate,caicedo,colombia,1,1,0,0,0,1,0,0,0,,
2046,Fenelón Quintana,quintana,argentina,1,1,0,1,0,0,0,0,0,,
2047,Fenelón de la Quintana,quintana,argentina,1,1,0,1,0,0,0,0,0,,
2049,Fermín Francisco de Carvajal Vargas,carvajal_y_vargas,chile,1,0,1,1,0,0,0,0,0,,
2053,Fermín Toro,toro_venezuela,venezuela,1,0,1,1,0,0,0,0,0,,
2061,Fernando Berckemeyer (diplomático),berckemeyer,peru,1,0,1,1,0,0,0,0,0,,
2062,Fernando Berckemeyer (periodista),berckemeyer,peru,1,0,1,0,0,1,0,0,0,,
2069,Fernando Carrillo de Albornoz,carrillo_de_albornoz,peru,1,1,0,0,0,1,0,0,0,,
2084,Fernando Gómez-Mont Urueta,gómez-mont,mexico,1,1,0,0,0,1,0,0,0,,
2099,Fernando Monckeberg Barros,monckeberg,chile,1,0,1,0,0,1,0,0,0,,
2100,Fernando Montero Aramburú,aramburú,peru,1,0,1,1,0,0,0,0,0,,
2102,Fernando Niño de Guevara,niño,colombia,1,1,0,0,0,1,0,0,0,,
2117,Fernando Sanclemente,sanclemente,colombia,1,1,0,0,0,1,0,0,0,,
2123,Fernando Soler,soler,mexico,1,0,1,1,0,0,0,0,0,,
2126,Fernando Tola de Habich,de_habich,peru,1,1,0,0,0,1,0,0,0,,
2131,Fernando Vergara Caicedo,caicedo,colombia,1,1,0,0,0,1,0,0,0,,
2134,Fernando Zavala,zavala,peru,1,0,1,1,0,0,0,0,0,,
2156,Florencio Varela (escritor),varela,argentina,1,1,0,0,0,0,1,0,0,,
2159,Floridor Pérez,lavín,chile,1,0,1,1,0,0,0,0,0,,
2160,Florinda Meza,bolaños_cacho,mexico,1,1,0,1,0,0,0,0,0,,
2167,Francis Mac Allister,mac_allister,argentina,1,1,0,0,0,0,1,0,0,,
2173,Francisca Walker,walker_chile,chile,1,1,0,1,0,0,0,0,0,,
2183,Francisco Aráoz de Lamadrid,aráoz,argentina,1,0,1,1,0,0,0,0,0,,
2186,Francisco Aspillaga Velasco,velasco_chile,chile,1,0,1,1,0,0,0,0,0,,
2191,Francisco Belgrano,belgrano,argentina,1,0,1,0,0,1,0,0,0,,
2197,Francisco Boza Dibós,alarco,peru,1,0,1,0,1,0,0,0,0,,
2198,Francisco Bullrich,bullrich,argentina,1,1,0,1,0,0,0,0,0,,
2205,Francisco Coloma y Leyva,leyva,colombia,1,1,0,0,0,1,0,0,0,,
2209,Francisco Díez Marina,díez_marina,mexico,1,1,0,0,0,1,0,1,0,díaz_ordaz,
2213,Francisco Echaurren,echaurren,chile,1,1,0,0,0,1,0,0,0,,
2234,Francisco Graña Garland,graña,peru,1,1,0,0,0,1,0,0,0,,
2248,Francisco Javier González Balcarce,balcarce,argentina,1,1,0,0,0,1,0,0,0,,
2255,Francisco Javier de Ulloa,remírez_de_laredo,peru,1,1,0,0,0,1,0,0,0,,
2262,Francisco José Madero González,madero,mexico,1,1,0,1,0,0,0,1,1,concha_chile,chile
2265,Francisco José Sanclemente,sanclemente,colombia,1,0,1,0,0,1,0,0,0,,
2291,Francisco Niño,niño,colombia,1,0,1,0,0,1,0,0,0,,
2296,Francisco Ospina Navia,ospina,colombia,1,0,1,0,0,1,0,0,0,,
2305,Francisco Rafael Augier,augier,argentina,1,0,1,1,0,0,0,0,0,,
2306,Francisco Ramírez Luque,hidalgo_y_costilla,mexico,1,0,1,0,0,1,0,0,0,,
2318,Francisco Samper Madrid,samper,colombia,1,0,1,0,0,1,0,0,0,,
2333,Francisco Uriburu,uriburu,argentina,1,0,1,1,0,0,0,0,0,,
2334,Francisco Uriburu (hijo),uriburu,argentina,1,1,0,0,0,1,0,0,0,,
2338,Francisco Valdés Subercaseaux,subercaseaux,chile,1,0,1,0,0,1,0,0,0,,
2351,Francisco de Acuña,acuña_argentina,argentina,1,1,0,0,0,1,0,0,0,,
2353,Francisco de Alvear y Gómez de la Cortina,alvear,argentina,1,1,0,0,0,0,1,1,0,del_carril,
2356,Francisco de Borja García-Huidobro,garcía-huidobro,chile,1,0,1,0,0,1,0,0,0,,
2361,Francisco de Orellana,pizarro,chile,1,0,1,1,0,0,0,0,0,,
2366,Francisco de Tagle Bracho y Sánchez,tagle_bracho,peru,1,1,0,0,0,1,0,0,0,,
2368,Francisco de Valverde y Álvarez de Toledo,de_valverde,peru,1,1,0,0,0,0,1,0,0,,
2373,Francisco de Zavala y Villela,zavala_de_la_maza,peru,1,1,0,0,0,0,1,0,0,,
2374,Francisco de la Maza Chadwick,chadwick,chile,1,0,1,0,0,0,1,0,0,,
2394,Gabriel Figueroa,mateos,mexico,1,1,0,0,0,0,1,0,0,,
2399,Gabriel Puyana,puyana,colombia,1,0,1,0,0,1,0,0,0,,
2401,Gabriel Reyes-Patria,reyes,colombia,1,1,0,0,0,1,0,0,0,,
2408,Gabriel Vargas Santos,santos,colombia,1,0,1,0,0,1,0,0,0,,
2413,Gabriela Sodi Miranda,sodi,mexico,1,0,1,0,0,1,0,0,0,,
2432,Gerónimo Cafferata Marazzi,cafferata,peru,1,0,1,1,0,0,0,0,0,,
2435,Gerard Piqué,de_la_rúa,argentina,1,1,0,0,1,0,0,0,1,,colombia
2436,Gerardo Arrubla,arrubla,colombia,1,0,1,1,0,0,0,0,0,,
2439,Gerardo Morales,snopek,argentina,1,0,1,1,0,0,0,0,0,,
2441,Gerda Westendorp Restrepo,restrepo,colombia,1,0,1,0,0,1,0,0,0,,
2443,Germán Arenas y Loayza,arenas,peru,1,1,0,0,0,1,0,0,0,,
2444,Germán Castro Caycedo,caicedo,colombia,1,0,1,0,0,0,1,0,0,,
2460,Germán Valdés III,valdés,mexico,1,0,1,0,0,1,0,0,0,,
2468,Gianfranco Brero,pinasco,peru,1,1,0,0,0,1,0,0,0,,
2471,Ginés Navarro Díaz de León,díaz_de_león,mexico,1,0,1,1,0,0,0,0,0,,
2481,Giselle Collao,lavalle,peru,1,1,0,0,1,0,0,0,0,,
2483,Glenna Cabello,cabello,venezuela,1,0,1,0,0,1,0,0,0,,
2485,Gloria Benavides,benavides_chile,chile,1,0,1,1,0,0,0,0,0,,
2492,Godofredo Iommi,iommi,argentina,1,0,1,1,0,0,0,0,0,,
2501,Gonzalo Mallarino Botero,holguín,colombia,1,1,0,0,0,0,1,0,0,,
2503,Gonzalo Menéndez,matte,chile,1,1,0,1,0,0,0,0,0,,
2504,Gonzalo Menéndez,matte,chile,1,1,0,0,0,0,1,0,0,,
2509,Gonzalo Portocarrero,portocarrero_perú,peru,1,1,0,1,0,0,0,0,0,,
2513,Gonzalo Rueda Caro,caro,colombia,1,1,0,0,0,1,0,0,0,,
2522,Gregorio Amunátegui Aldunate,amunátegui,chile,1,0,1,1,0,0,0,0,0,,
2531,Gregorio Paz,paz,argentina,1,1,0,0,0,1,0,0,0,,
2536,Grupo Werthein,werthein,argentina,1,1,0,0,0,0,1,0,0,,
2537,Grupo Werthein,werthein,argentina,1,1,0,0,0,0,1,0,0,,
2539,Guadalupe Gómez Maganda Bermeo,gómez_maganda,mexico,1,1,0,0,0,1,0,0,0,,
2547,Guillermo Arthur,errázuriz,chile,1,1,0,0,0,1,0,0,0,,
2552,Guillermo Brown y Blanco,brown,argentina,1,1,0,0,0,1,0,0,0,,
2574,Guillermo Lorca,garcía-huidobro,chile,1,0,1,0,0,1,0,0,0,,
2578,Guillermo Matta,matta,chile,1,1,0,0,0,1,0,0,0,,
2579,Guillermo O'Donnell,o'donnell,argentina,1,1,0,0,0,0,1,0,0,,
2582,Guillermo Prieto,guillermoprieto,mexico,1,0,1,1,0,0,0,0,0,,
2586,Guillermo Snopek,snopek,argentina,1,1,0,0,0,1,0,0,0,,
2587,Guillermo Snopek (padre),snopek,argentina,1,1,0,0,0,0,1,0,0,,
2593,Guillermo Tupper,zegers_chile,chile,1,1,0,1,0,0,0,0,0,,
2594,Guillermo Udaondo,ortiz_basualdo,argentina,1,0,1,1,0,0,0,0,0,,
2600,Guillermo de Osma y Scull,osma,peru,1,1,0,1,0,0,0,0,0,,
2613,Gustavo Gaviria,escobar_gaviria,colombia,1,0,1,0,0,1,0,0,0,,
2615,Gustavo Madero Muñoz,madero,mexico,1,1,0,1,0,0,0,1,1,bitar,chile
2641,Héctor José Cámpora,cámpora,argentina,1,0,1,1,0,0,0,0,0,,
2642,Héctor A. Murena,gallardo,argentina,1,1,0,1,0,0,0,0,0,,
2652,Hércules II de Este,borja,colombia,1,1,0,0,0,1,0,0,0,,
2662,Henrique Arboleda Cortés,arboleda,colombia,1,1,0,0,0,1,0,0,0,,
2664,Henrique París Zamudio,parís,colombia,1,0,1,0,0,1,0,0,0,,
2667,Henry Pease,yrigoyen,peru,1,0,1,0,0,1,0,0,0,,
2668,Herman Bemberg,ocampo,argentina,1,1,0,0,0,1,0,0,0,,
2676,Hernán Alessandri Morandé,morandé,chile,1,1,0,0,0,1,0,0,0,,
2684,Hernán Hinostroza,farfán,peru,1,1,0,0,1,0,0,0,0,,
2685,Hernán Hipólito Cornejo,cornejo_argentina,argentina,1,1,0,0,0,1,0,0,0,,
2695,Hernán Yabar Carazas,yábar,peru,1,0,1,0,0,1,0,0,0,,
2697,Hernando Alejandro Graña Acuña,graña,peru,1,0,1,0,0,1,0,0,0,,
2699,Hernando Devis Echandía,echandía,colombia,1,0,1,0,0,1,0,0,0,,
2708,Hernando Zuleta González,holguín,colombia,1,1,0,0,0,1,0,1,0,carreño,
2710,Hernando de Lavalle,lavalle,peru,1,1,0,0,0,1,0,0,0,,
2716,Hilda Parra,parra_chile,chile,1,0,1,1,0,0,0,0,0,,
2720,Hipólito Jesús Paz,campero,argentina,1,0,1,1,0,0,0,0,0,,
2726,Horacio Beccar Varela,varela,argentina,1,0,1,1,0,0,0,0,0,,
2743,Hugo Neira Samanez,samanez,peru,1,0,1,0,0,1,0,0,0,,
2749,Humberto Acuña,acuña,peru,1,0,1,0,0,1,0,0,0,,
2753,Humberto Yáñez Velasco,velasco_chile,chile,1,0,1,1,0,0,0,0,0,,
2759,Ignacio Bernal y García Pimentel,garcía_icazbalceta,mexico,1,0,1,0,0,0,1,0,0,,
2761,Ignacio Carrera Pinto,pinto_chile,chile,1,1,0,0,0,1,0,0,0,,
2773,Ignacio Lucas Albarracín,rojo,argentina,1,1,0,0,0,1,0,0,0,,
2780,Ignacio Prado Pastor,prado,peru,1,0,1,0,0,0,1,0,0,,
2798,Ignacio de la Torre y Mier,díaz,mexico,1,1,0,1,0,0,0,0,0,,
2799,Ignacio del Castillo Sanz de Santamaría,castillo_guevara,colombia,1,0,1,1,0,0,0,0,0,,
2803,Inés Gómez Mont,gómez-mont,mexico,1,0,1,1,0,0,0,0,0,,
2806,Inés Mónica Weinberg de Roca,roca,argentina,1,1,0,1,0,0,0,0,0,,
2814,Irina Baeva,díaz_lombardo,mexico,1,1,0,0,1,0,0,0,0,,
2816,Irma Serrano,díaz_ceballos,mexico,1,1,0,0,1,0,0,0,0,,
2829,Isabel Ferreyros,ferreyros,peru,1,0,1,1,0,0,0,0,0,,
2835,Isabel Macedo,urtubey,argentina,1,1,0,1,0,0,0,0,0,,
2839,Isabel Pesado de Mier,mier_y_terán,mexico,1,1,0,1,0,0,0,0,0,,
2843,Isabel Segovia,garcés,colombia,1,0,1,0,0,1,0,0,0,,
2851,Isidoro Errázuriz Aldunate,errázuriz,chile,1,1,0,0,0,1,0,0,0,,
2856,Isidro Romero,noboa,ecuador,1,1,0,1,0,0,0,0,0,,
2857,Isidro del Río,del_río,peru,1,0,1,0,0,1,0,0,0,,
2859,Ismael Benavides Ferreyros,benavides_perú,peru,1,0,1,0,0,1,0,0,0,,
2862,Ismael Perdomo,borrero,colombia,1,0,1,0,0,1,0,0,0,,
2869,Iván Berrío Jaramillo,berrío,colombia,1,1,0,0,0,1,0,0,0,,
2887,Jaime Alberto Cabal,cabal,colombia,1,0,1,0,0,1,0,0,0,,
2895,Jaime Concha,concha_chile,chile,1,0,1,1,0,0,0,0,0,,
2900,Jaime Guzmán,errázuriz,chile,1,0,1,0,0,1,0,0,0,,
2914,Janet Reátegui Rivadeneyra,reátegui,peru,1,0,1,0,0,1,0,0,0,,
2915,Janick Maceta,lavalle,peru,1,1,0,0,1,0,0,0,0,,
2922,Javier Corcuera,corcuera,peru,1,1,0,0,0,1,0,0,0,,
2930,Javier Heraud,heraud,peru,1,1,0,0,0,1,0,0,0,,
2933,Javier Ovalle Errázuriz,errázuriz,chile,1,0,1,1,0,0,0,0,0,,
2951,Jehová Villa Escamilla,villa_michel,mexico,1,1,0,0,0,1,0,0,0,,
2955,Jerónimo Argáez,argáez,colombia,1,0,1,0,0,1,0,0,0,,
2963,Jesús Casas Castañeda,casas,colombia,1,1,0,0,0,1,0,0,0,,
2967,Jesús Flores Magón,flores_magón,mexico,1,1,0,0,0,1,0,0,0,,
2969,Jesús López Portillo,lópez-portillo,mexico,1,1,0,0,0,0,1,0,0,,
2973,Jesús Neyra Uyén,neyra,peru,1,1,0,0,0,1,0,0,0,,
2974,Jesús Reyes-Heroles González-Garza,reyes_heroles,mexico,1,1,0,0,0,1,0,0,0,,
2980,Jessica Coch,bolaños_cacho,mexico,1,1,0,1,0,0,0,0,0,,
2982,Jimena Gállego,reyes_spíndola,mexico,1,0,1,1,0,0,0,0,0,,
3021,Joaquín Ricaurte Torrijos,ricaurte,colombia,1,0,1,1,0,0,0,0,0,,
3026,Joaquín Vial,vial,chile,1,0,1,0,0,0,1,0,0,,
3033,Joaquina Belaúnde Matossian,belaúnde,peru,1,0,1,0,0,1,0,0,0,,
3034,Joe Manganiello,vergara-azcárate,colombia,1,1,0,1,0,0,0,0,0,,
3035,Joel LeBaron,lebaron,mexico,1,1,0,0,0,1,0,0,0,,
3037,Johann Georg Mönckeberg,monckeberg,chile,1,0,1,0,0,1,0,0,0,,
3038,Johanna San Miguel,alarco,peru,1,1,0,0,1,0,0,0,0,,
3042,John Halstead Coe,balcarce,argentina,1,1,0,1,0,0,0,0,0,,
3046,Jonathan Freudman,velasco_chile,venezuela,1,1,0,1,0,0,0,0,1,,argentina
3050,Jorge Alejandro Santamarina,santamarina,argentina,1,1,0,0,0,1,0,0,0,,
3056,Jorge Ballivián,ballivián,bolivia,1,1,0,0,0,0,1,0,0,,
3072,Jorge Errázuriz,errázuriz,chile,1,0,1,1,0,0,0,0,0,,
3073,Jorge Federico Sabato,sabato,argentina,1,1,0,0,0,1,0,0,0,,
3075,Jorge Fernando Iturribarría Bolaños-Cacho,bolaños_cacho,mexico,1,1,0,0,0,1,0,0,0,,
3077,Jorge Fontaine,fontaine,chile,1,0,1,1,0,0,0,0,0,,
3085,Jorge Gnecco,gnecco,colombia,1,0,1,0,0,1,0,0,0,,
3089,Jorge Guillermo Leguía,leguía,peru,1,1,0,0,0,1,0,0,0,,
3104,Jorge Luco,velasco_chile,chile,1,1,0,1,0,0,0,0,0,,
3113,Jorge Martínez Zuviría,zuviría,argentina,1,1,0,0,0,0,1,0,0,,
3115,Jorge Muñoz Wells,leguía,peru,1,0,1,1,0,0,0,0,0,,
3116,Jorge Nieto,montesinos,peru,1,0,1,0,0,1,0,0,0,,
3123,Jorge Quispe Palomino,quispe_palomino,peru,1,0,1,0,0,1,0,0,0,,
3136,Jorge Villamil,cordovéz,colombia,1,0,1,1,0,0,0,0,0,,
3145,José Alberto Uriburu,uriburu,argentina,1,0,1,1,0,0,0,0,0,,
3149,José Alfredo Gnecco Zuleta,gnecco,colombia,1,1,0,0,0,1,0,0,0,,
3156,José Antonio Arévalo González,gonzález_torres,mexico,1,0,1,0,0,1,0,0,0,,
3160,José Antonio Galán,galán,colombia,1,0,1,0,1,0,0,0,0,,
3163,José Antonio García Belaúnde,belaúnde,peru,1,1,0,0,0,1,0,0,0,,
3177,José Antonio Romero Feris,romero_feris,argentina,1,0,1,0,0,1,0,0,0,,
3179,José Antonio Valdés González,valdés_chile,chile,1,1,0,0,0,1,0,0,0,,
3184,José Antonio de Errázuriz Madariaga,errázuriz,chile,1,1,0,0,0,1,0,0,0,,
3187,José Antonio de Lavalle y García,lavalle,peru,1,1,0,0,0,1,0,0,0,,
3192,José Balta,balta,peru,1,1,0,0,0,0,1,0,0,,
3193,José Balta Hugues,balta,peru,1,1,0,0,0,1,0,0,0,,
3202,José Bernardo de Tagle,del_solar,peru,1,1,0,1,0,0,0,0,0,,
3208,José Calzada Rovirosa,rovirosa,mexico,1,1,0,0,0,1,0,0,0,,
3210,José Camilo del Solar,vial,chile,1,0,1,1,0,0,0,0,0,,
3214,José Carrillo de Albornoz,carrillo_de_albornoz,peru,1,0,1,1,0,0,0,0,0,,
3216,José Casimiro de Lavalle y Zugasti,lavalle,peru,1,1,0,0,0,1,0,0,1,,argentina
3225,José Daniel Balmaceda Fernández,balmaceda,chile,1,1,0,0,0,1,0,0,0,,
3226,José David Cabello,cabello,venezuela,1,0,1,0,0,1,0,0,0,,
3231,José Domingo Molina,avellaneda,argentina,1,0,1,1,0,0,0,0,0,,
3236,José Eduardo Gnecco Correa,gnecco,colombia,1,0,1,0,0,0,1,0,0,,
3240,José Elías Moreno (hijo),gonzález_de_cosío,mexico,1,1,0,0,0,1,0,0,0,,
3253,José Félix Lafaurie,cabal,colombia,1,1,0,1,0,0,0,0,0,,
3254,José Félix Uriburu,álvarez_de_arenales,argentina,1,0,1,1,0,0,0,0,0,,
3272,José Gabriel Ortiz,caballero,colombia,1,1,0,1,0,0,0,0,0,,
3288,José Hilario López,durán_colombia,colombia,1,0,1,1,0,0,0,0,0,,
3292,José Ignacio Eyzaguirre Portales,portales,chile,1,1,0,0,0,1,0,0,0,,
3301,José Ildefonso Álvarez de Arenales,álvarez_de_arenales,argentina,1,1,0,0,0,1,0,0,0,,
3305,José Joaquín Casas,casas,colombia,1,0,1,1,0,0,0,0,0,,
3309,José Joaquín Valdés Valdés,valdés_chile,chile,1,0,1,1,0,0,0,0,0,,
3310,José Joaquín Vicuña,vicuña,chile,1,1,0,0,0,0,1,1,0,aylwin,
3315,José León Barandiarán Hart,león_barandiarán,peru,1,1,0,0,0,1,0,0,0,,
3319,José Luis Amparan Fernández,monagas,venezuela,1,1,0,0,0,0,1,0,0,,
3340,José Manuel Restrepo Abondano,restrepo,colombia,1,0,1,0,0,1,0,0,0,,
3341,José Manuel Restrepo Vélez,restrepo,colombia,1,0,1,0,0,1,0,0,0,,
3344,José Manuel Tagle,valdés_chile,chile,1,0,1,1,0,0,0,0,0,,
3373,José María Ramos Mejía,segurola,argentina,1,1,0,0,0,1,0,0,0,,
3378,José María Sancho Dávila,sancho_dávila,peru,1,0,1,1,0,0,0,0,0,,
3379,José María Todd,álvarez_de_arenales,argentina,1,0,1,1,0,0,0,0,0,,
3388,José María del Carril,del_carril,argentina,1,1,0,0,0,1,0,0,0,,
3390,José Mariano Astigueta (nieto),astigueta,argentina,1,0,1,1,0,0,0,0,0,,
3405,José Miguel Walker,walker_chile,chile,1,0,1,1,0,0,0,0,0,,
3416,José Orihuela Yabar,orihuela,peru,1,1,0,0,0,1,0,0,0,,
3427,José Pinochet Olave,pinochet,chile,1,0,1,0,0,1,0,0,0,,
3442,José Rizo Pombo,pombo,colombia,1,0,1,0,0,1,0,0,0,,
3445,José Rovirosa,rovirosa,mexico,1,0,1,1,0,0,0,0,0,,
3453,José Sanfuentes,sanfuentes,chile,1,1,0,0,0,1,0,0,0,,
3465,José Tocornal Velasco,velasco_chile,chile,1,0,1,1,0,0,0,0,0,,
3474,José Vargas Lleras,lleras,colombia,1,1,0,0,0,1,0,0,0,,
3482,José de Medeiros,cornejo_argentina,argentina,1,1,0,0,0,1,0,0,0,,
3504,Josefa Andrade Berti,troconis,colombia,1,1,0,0,0,1,0,0,1,,venezuela
3509,Josefa González-Blanco Ortiz-Mena,ortiz_mena,mexico,1,1,0,0,0,1,0,0,0,,
3512,Josefa de Iturbide y Huarte,iturbide,mexico,1,1,0,0,0,1,0,0,0,,
3518,Josefina Valencia,valencia,colombia,1,1,0,0,0,1,0,0,0,,
3520,Josefina Velasco,velasco_chile,chile,1,0,1,1,0,0,0,0,0,,
3525,Josnars Baduel,baduel,venezuela,1,1,0,0,0,1,0,0,0,,
3531,Juan Alemann,alemann,argentina,1,1,0,0,0,1,0,0,0,,
3546,Juan Antonio Trelles,trelles,peru,1,0,1,1,0,0,0,0,0,,
3553,Juan B. Justo,justo,argentina,1,1,0,1,0,0,0,0,0,,
3563,Juan Blázquez de Valverde,de_valverde,peru,1,0,1,1,0,0,0,0,0,,
3567,Juan Cárdenas Arroyo,arroyo,colombia,1,1,0,0,0,1,0,0,0,,
3571,Juan Carlos Barreto,derbez,mexico,1,1,0,0,1,0,0,0,0,,
3573,Juan Carlos Bistoto,meruane,argentina,1,1,0,1,0,0,0,0,1,,chile
3579,Juan Carlos Dávalos,güemes,argentina,1,1,0,0,0,0,1,0,0,,
3599,Juan Daract,daract,argentina,1,1,0,0,0,1,0,0,0,,
3606,Juan Enrique Concha Subercaseaux,concha_chile,chile,1,1,0,0,0,1,0,0,0,,
3613,Juan Francisco Balta del Campo,balta,peru,1,1,0,0,0,1,0,0,0,,
3617,Juan Francisco Sans,palacios_venezuela,venezuela,1,1,0,1,0,0,0,0,0,,
3618,Juan Francisco de Farías y Sánchez de Uribe,farías,mexico,1,0,1,1,0,0,0,0,0,,
3635,Juan Jiménez de Lobatón y Morales,jiménez_de_lobatón,peru,1,1,0,0,0,0,1,0,0,,
3642,Juan José Fernández-Campero de Herrera,campero,argentina,1,1,0,0,0,0,1,0,0,,
3646,Juan José Lanusse,lanusse,argentina,1,0,1,1,0,0,0,0,0,,
3663,Juan José de Aliaga y Santa Cruz,aliaga,peru,1,1,0,0,0,1,0,0,0,,
3665,Juan José de la Puente e Ibáñez de Segovia,de_la_puente,peru,1,0,1,1,0,0,0,0,0,,
3666,Juan José del Solar Bardelli,del_solar,peru,1,0,1,0,0,1,0,0,0,,
3672,Juan Luis Cipriani,thorne,peru,1,0,1,0,0,1,0,0,0,,
3675,Juan Mackenna Astorga,mackenna,chile,1,1,0,0,0,1,0,0,0,,
3678,Juan Manuel Abal Medina (hijo),abal_medina,argentina,1,1,0,0,0,1,0,0,0,,
3679,Juan Manuel Alemparte Vial,vial,chile,1,0,1,0,0,1,0,0,0,,
3696,Juan Manuel Polar Vargas,polar,peru,1,1,0,0,0,1,0,0,0,,
3715,Juan Nepomuceno Uriburu,uriburu,argentina,1,0,1,1,0,0,0,0,0,,
3723,Juan Pablo Llinás,llinás,colombia,1,0,1,0,0,1,0,0,0,,
3724,Juan Pablo Obregón,obregón,colombia,1,1,0,0,1,0,0,1,1,vicuña,chile
3740,Juan Smitmans López,morandé,chile,1,1,0,1,0,0,0,0,0,,
3757,Juan de Arona,paz_soldán,peru,1,1,0,0,0,1,0,0,0,,
3758,Juan de Betanzos,pizarro,chile,1,1,0,1,0,0,0,0,0,,
3769,Juan de Dios Vial Guzmán (1814),vial,chile,1,1,0,0,0,1,0,0,0,,
3770,Juan de Dios Vial Guzmán (1851),vial,chile,1,1,0,0,0,1,0,0,0,,
3773,Juan de Dios Videla,videla,argentina,1,1,0,1,0,0,0,0,0,,
3780,Juan de Santa Cruz Pachacuti Yamqui Salcamaygua,santa_cruz,peru,1,0,1,0,0,1,0,0,0,,
3781,Juan de Tolosa,moctezuma,mexico,1,1,0,1,0,0,0,1,1,pizarro,chile
3784,Juan de la Cruz Bellvís de Moncada y Pizarro,pizarro,chile,1,0,1,1,0,0,0,0,0,,
3801,Juana de Iturbide y Huarte,iturbide,mexico,1,1,0,0,0,1,0,0,0,,
3807,Julián Bucheli Ayerbe,ayerbe,colombia,1,0,1,0,0,1,0,0,0,,
3811,Julián Soler,soler,mexico,1,1,0,1,0,0,0,0,0,,
3814,Julián de Leyva,leyva,argentina,1,1,0,1,0,0,0,1,0,escalada,
3817,Julia Elena Dávalos,güemes,argentina,1,1,0,0,0,0,1,0,0,,
3822,Julia Urquidi Illanes,vargas_llosa,bolivia,1,1,0,1,0,0,0,0,1,,peru
3827,Julieta Ballvé,pavlovsky,argentina,1,1,0,0,0,1,0,0,0,,
3830,Julio Allard,pinto_chile,chile,1,0,1,1,0,0,0,0,0,,
3843,Julio Bravo Valdés,valdés_chile,chile,1,0,1,0,0,1,0,0,0,,
3846,Julio César Saguier (político),saguier,argentina,1,0,1,1,0,0,0,0,0,,
3849,Julio César Vergara y Vergara,vergara-azcárate,colombia,1,1,0,0,0,1,0,0,0,,
3851,Julio Campero y Aráoz,campero,argentina,1,1,0,0,0,0,1,0,1,,bolivia
3855,Julio Cervantes Quijano,quijano,colombia,1,0,1,0,0,1,0,0,0,,
3874,Julio Mera Figueroa,mera_figueroa,argentina,1,0,1,1,0,0,0,0,0,,
3877,Julio Montt Salamanca,montt,chile,1,1,0,0,0,1,0,0,0,,
3890,Julio Rojas Sarmiento,rojas,colombia,1,0,1,0,0,1,0,0,0,,
3891,Julio Romero (político),romero_feris,argentina,1,0,1,1,0,0,0,0,0,,
3897,Julio Vicuña Cifuentes,vicuña,chile,1,1,0,0,0,1,0,1,0,aylwin,
3918,Kevin Mac Allister,mac_allister,argentina,1,1,0,0,0,0,1,0,0,,
3922,Kun Agüero,maradona,argentina,1,0,1,0,1,0,0,0,0,,
3937,Ladislao Gutiérrez,o'gorman,argentina,1,1,0,0,1,0,0,0,0,,
3940,Lastenia Gamarra Menéndez,estrada_ecuador,ecuador,1,1,0,1,0,0,0,0,0,,
3942,Lauchlin Currie,wiesner,colombia,1,0,1,1,0,0,0,0,0,,
3945,Laura Vicuña,vicuña,chile,1,1,0,0,0,1,0,0,0,,
3948,Laureano Nazar,nazar,argentina,1,0,1,1,0,0,0,0,0,,
3950,Laurinda Hope Spear,brescia,peru,1,1,0,1,0,0,0,0,0,,
3952,Lavinia Valbonesi,noboa,ecuador,1,1,0,1,0,0,0,0,0,,
3960,Leandro Rovirosa Wade,rovirosa,mexico,1,0,1,1,0,0,0,0,0,,
3961,Leonardo Aguilar,aguilar,mexico,1,1,0,0,0,1,0,0,0,,
3962,Leoncio Prado,prado,peru,1,1,0,0,0,1,0,1,0,málaga,
3970,Leonor La Rosa,bustamante,peru,1,0,1,1,0,0,0,0,0,,
3976,Leonora Vicuña,vicuña,chile,1,1,0,0,0,0,1,0,0,,
3978,Leopoldo Angulo,angulo,colombia,1,0,1,0,0,1,0,0,0,,
3989,Libia García Muñoz Ledo,muñoz_ledo,mexico,1,0,1,1,0,0,0,0,0,,
3999,Lindaura Anzoátegui Campero,campero,bolivia,1,1,0,1,0,0,0,0,0,,
4000,Lino Alarco,alarco,peru,1,1,0,0,0,1,0,0,0,,
4006,Lisardo,bichir,mexico,1,1,0,1,0,0,0,0,0,,
4008,Liz Solari,solari_argentina,argentina,1,1,0,0,0,1,0,0,0,,
4012,Lizardo Montero,montero,peru,1,0,1,1,0,0,0,0,0,,
4014,Lluís Barraquer Bordas,barraquer,colombia,1,1,0,0,0,1,0,0,0,,
4051,Lucas del Villar,montt,chile,1,0,1,0,0,1,0,0,0,,
4069,Luis Alberto Heiremans,heiremans,chile,1,0,1,0,0,1,0,0,0,,
4071,Luis Alberto Monsalvo,gnecco,colombia,1,1,0,0,0,1,0,0,0,,
4072,Luis Alfonso Plazas Vega,vega,colombia,1,1,0,1,0,0,0,0,0,,
4073,Luis Alva Castro,alva,peru,1,0,1,0,0,1,0,0,0,,
4077,Luis Barriga Errázuriz,errázuriz,chile,1,0,1,0,0,1,0,0,0,,
4081,Luis Bedoya de Vivanco,bedoya,peru,1,1,0,0,0,1,0,0,0,,
4086,Luis Calvo Mackenna,mackenna,chile,1,0,1,1,0,0,0,0,0,,
4100,Luis Concha Córdoba,concha,colombia,1,1,0,0,0,1,0,0,0,,
4105,Luis de la Cruz,vial,chile,1,1,0,0,0,1,0,1,0,cruz_chile,
4122,Luis Federico Leloir,ortiz_basualdo,argentina,1,0,1,1,0,0,0,0,0,,
4128,Luis Felipe Villarán (hijo),villarán,peru,1,1,0,0,0,1,0,0,0,,
4129,Luis Fermín de Carvajal,carvajal_y_vargas,peru,1,1,0,0,0,1,0,0,1,,chile
4133,Luis Figueroa Yábar,yábar,peru,1,1,0,0,0,1,0,0,0,,
4139,Luis Germán Astete,astete,peru,1,1,0,0,0,1,0,0,0,,
4140,Luis Giusti López,lópez_venezuela,venezuela,1,0,1,0,0,0,1,0,0,,
4141,Luis González Balcarce,balcarce,argentina,1,1,0,0,0,1,0,0,0,,
4148,Luis Jaime Cisneros,cisneros,peru,1,1,0,0,0,1,0,0,0,,
4180,Luis Pico Estrada,gallardo,argentina,1,1,0,1,0,0,0,0,0,,
4181,Luis Prieto Vial,vial,chile,1,1,0,0,0,1,0,1,0,prieto,
4197,Luis Terrazas,creel-terrazas,mexico,1,0,1,1,0,0,0,0,0,,
4201,Luis Undurraga García-Huidobro,garcía-huidobro,chile,1,0,1,1,0,0,0,0,0,,
4204,Chino Urquidi,undurraga,chile,1,1,0,1,0,0,0,0,0,,
4208,Luis Vicuña Cifuentes,vicuña,chile,1,1,0,0,0,1,0,1,0,aylwin,
4222,Lux Pascal,balmaceda,chile,1,0,1,0,0,1,0,0,0,,
4225,Luz González Cosío de López,gonzález_de_cosío,mexico,1,0,1,1,0,0,0,0,0,,
4236,Máximo Paz (político),paz,argentina,1,0,1,1,0,0,0,0,0,,
4240,Mónica de Greiff,de_greiff,colombia,1,1,0,0,0,1,0,0,0,,
4259,Maki Miró Quesada,miró_quesada,peru,1,0,1,1,0,0,0,0,0,,
4263,Manongo Mujica,mujica,peru,1,1,0,0,0,1,0,0,0,,
4268,Manuel Amador Terreros,amador,colombia,1,1,0,0,0,1,0,0,0,,
4273,Manuel Antonio Garretón,garretón,chile,1,1,0,0,0,1,0,0,0,,
4275,Manuel Antonio Jiménez de Lobatón y Costilla,jiménez_de_lobatón,peru,1,1,0,0,0,1,0,0,0,,
4277,Manuel Antonio López,borrero,colombia,1,1,0,0,0,1,0,0,0,,
4281,Manuel Arboleda Scarpetta,arboleda,colombia,1,1,0,0,0,1,0,0,0,,
4282,Manuel Augusto Bedoya Lerzundi,bedoya,peru,1,1,0,0,0,1,0,0,0,,
4283,Manuel Augusto Montes de Oca,montes_de_oca,argentina,1,1,0,0,0,1,0,0,0,,
4284,Manuel Augusto Montes de Oca (médico),montes_de_oca,argentina,1,1,0,0,0,1,0,0,0,,
4303,Manuel Camilo Vial,vial,chile,1,1,0,0,0,1,0,0,0,,
4306,Manuel Capetillo de Flores,capetillo,mexico,1,1,0,0,0,1,0,0,0,,
4323,Manuel Eyzaguirre Portales,portales,chile,1,1,0,0,0,1,0,0,0,,
4350,Manuel José Mosquera,arboleda,colombia,1,1,0,0,0,1,0,0,0,,
4358,Manuel Maciel y Cabral de Alpoin,maciel,argentina,1,1,0,0,0,1,0,0,0,,
4381,Manuel Neira,kast,chile,1,1,0,1,0,0,0,0,0,,
4389,Manuel Pérez Treviño,pérez_treviño,mexico,1,1,0,0,0,0,1,0,0,,
4395,Manuel Piqueras Cotolí,sánchez-concha,peru,1,1,0,0,0,1,0,1,0,lavalle,
4402,Manuel Quimper,químper,peru,1,1,0,0,0,1,0,0,0,,
4405,Manuel Rengifo Vial,vial,chile,1,1,0,0,0,1,0,0,0,,
4415,Manuel Solari Swayne,solari,peru,1,0,1,0,0,1,0,0,0,,
4416,Manuel Taboada,taboada,argentina,1,0,1,0,0,1,0,0,0,,
4418,Manuel Teófilo Luna Llamas,luna,peru,1,1,0,0,0,1,0,0,0,,
4424,Manuel Valdés (actor),valdés,mexico,1,1,0,0,0,0,1,0,0,,
4468,María Amez Márquez,amez,peru,1,0,1,0,0,1,0,0,0,,
4476,María Corina Machado,tovar,venezuela,1,0,1,0,0,1,0,0,0,,
4481,María Dolores Jaramillo,acevedo_colombia,colombia,1,1,0,1,0,0,0,0,0,,
4489,María Elvira Bonilla,ospina,colombia,1,1,0,1,0,0,0,0,0,,
4490,María Elvira Pombo Holguín,holguín,colombia,1,0,1,0,0,1,0,0,0,,
4497,María Estela Martínez de Perón,perón,argentina,1,1,0,1,0,0,0,0,0,,
4500,María Eugenia Bielsa,bielsa,argentina,1,0,1,1,0,0,0,0,0,,
4511,María García Granados y Saborío,garcía_granados,mexico,1,1,0,0,0,1,0,0,0,,
4536,María Margarita Zuleta González,carreño,colombia,1,1,0,0,0,1,0,0,0,,
4537,María Mercedes Cabal,cabal,colombia,1,1,0,1,0,0,0,0,0,,
4540,María Mercedes Vial,vial,chile,1,0,1,1,0,0,0,0,0,,
4543,María Nicolasa de Valdés y de la Carrera,valdés_chile,chile,1,1,0,1,0,0,0,0,0,,
4545,María Nicolasa de Valdés y de la Carrera,valdés_chile,chile,1,1,0,1,0,0,0,0,0,,
4548,María de la Ossa de Amador,amador,colombia,1,1,0,1,0,0,0,0,0,,
4550,María Pía Copello,copello,peru,1,0,1,1,0,0,0,0,0,,
4555,María Ramírez,antúnez,chile,1,1,0,1,0,0,0,0,1,,peru
4560,María Talavera Broussé,flores_magón,mexico,1,1,0,1,0,0,0,0,0,,
4565,María Teresa Gómez-Mont Urueta,gómez-mont,mexico,1,1,0,0,0,1,0,0,0,,
4566,María Teresa Garcés,garcés,colombia,1,1,0,0,0,1,0,0,0,,
4568,María Teresa Herrán,herrán,colombia,1,1,0,1,0,0,0,0,0,,
4577,María de Jesús de Iturbide y Huarte,iturbide,mexico,1,1,0,0,0,1,0,0,0,,
4589,María del Pilar Cimadevilla y López-Dóriga,lópez-dóriga,mexico,1,0,1,0,0,1,0,0,0,,
4594,Marcelino Augier,augier,argentina,1,0,1,1,0,0,0,0,0,,
4612,Marcial Pinto Agüero,pinto_chile,chile,1,1,0,0,0,1,0,0,0,,
4615,Marco Arana,silva_santisteban,peru,1,1,0,0,1,0,0,0,0,,
4617,Marco Aurelio Denegri,denegri,peru,1,0,1,0,0,1,0,0,0,,
4625,Marcos Mariano Paz,paz,argentina,1,1,0,0,0,0,1,0,0,,
4635,Margarita Gutiérrez Nájera y Maillefert,gutiérrez_nájera,mexico,1,1,0,0,0,1,0,0,0,,
4637,Margarita López Portillo,lópez-portillo,mexico,1,1,0,0,0,1,0,0,0,,
4639,Margarita Weild,paz,argentina,1,1,0,1,0,0,0,0,0,,
4654,Mariana di Girolamo,di_girolamo,chile,1,0,1,0,0,1,0,0,0,,
4657,Mariano Billinghurst,billinghurst,argentina,1,0,1,0,0,1,0,0,0,,
4661,Mariano Campero y Ugarte,campero,peru,1,1,0,0,0,1,0,0,1,,argentina
4672,Mariano José de Escalada,escalada,argentina,1,1,0,0,0,0,1,0,0,,
4673,Mariano Luna Guerra,luna,peru,1,0,1,0,0,1,0,0,0,,
4687,Mariano Portugal,portugal,peru,1,0,1,0,0,0,1,0,0,,
4690,Mariano Puga,concha_chile,chile,1,1,0,0,0,1,0,0,0,,
4701,Mariantonia Palacios,palacios_venezuela,venezuela,1,1,0,1,0,0,0,0,0,,
4723,Mario Polar Ugarteche,polar,peru,1,0,1,0,0,1,0,0,0,,
4724,Mario Ruiz Massieu,ruiz-massieu,mexico,1,1,0,1,0,0,0,1,1,bielsa,argentina
4725,Mario Sabato (cineasta),sabato,argentina,1,1,0,0,0,1,0,0,0,,
4739,Marquesado de Casa Real,garcía-huidobro,chile,1,1,0,0,0,0,1,0,0,,
4748,Marquesado de San Miguel de la Vega,manrique,colombia,1,1,0,1,0,0,0,0,0,,
4750,Marquesado de Solanda,sucre,venezuela,1,1,0,1,0,0,0,0,1,,colombia
4751,Marquesado de Tejares,portales,chile,1,1,0,1,0,0,0,0,1,,peru
4779,Martín de Álzaga,álzaga,argentina,1,1,0,0,0,0,1,0,0,,
4782,Marta Bunge,bunge,argentina,1,1,0,1,0,0,0,0,0,,
4788,Martha Érika Alonso,moreno_valle,mexico,1,1,0,1,0,0,0,0,0,,
4790,Martha Mariana Castro,soler,mexico,1,1,0,1,0,0,0,0,0,,
4799,Matías Ovalle Errázuriz,errázuriz,chile,1,0,1,1,0,0,0,0,0,,
4806,Mateo Garrido-Lecca,garrido-lecca,peru,1,0,1,1,0,0,0,0,0,,
4812,Matilde Díaz,camargo,colombia,1,1,0,1,0,0,0,0,0,,
4813,Matilde Díaz Vélez,álvarez_de_toledo_argentina,argentina,1,1,0,0,0,1,0,0,0,,
4822,Maurice Tempelsman,onassis,argentina,1,1,0,0,1,0,0,0,0,,
4824,Mauricio Dayub,borensztein,argentina,1,1,0,1,0,0,0,0,0,,
4826,Mauricio Fernandini,fernandini,peru,1,0,1,0,1,0,0,0,0,,
4828,Mauricio Herrera (actor),bracho,mexico,1,1,0,1,0,0,0,0,0,,
4831,Mauricio Ochmann,derbez,mexico,1,1,0,1,0,0,0,0,0,,
4835,Mauricio Rodríguez Múnera,santos,colombia,1,0,1,0,0,1,0,0,0,,
4852,Melchor de Santiago Concha y Cerda,concha_chile,chile,1,1,0,0,0,1,0,0,0,,
4855,Melitón Pedraza,pedraza,argentina,1,1,0,0,0,0,1,1,0,billinghurst,
4862,Mercedes Aráoz,aráoz,peru,1,0,1,0,0,0,1,0,0,,
4873,Mercedes Marcó del Pont,marcó_del_pont,argentina,1,0,1,0,0,1,0,0,0,,
4874,Mercedes Menafra,saavedra,uruguay,1,1,0,1,0,0,0,0,0,,
4876,Mercedes Santamarina,santamarina,argentina,1,1,0,0,0,1,0,0,0,,
4897,Miguel Alemán González,alemán,mexico,1,1,0,0,0,0,1,0,0,,
4906,Miguel Aráoz y Arce,aráoz,peru,1,1,0,0,0,0,1,0,1,,argentina
4921,Miguel Cruchaga Belaúnde,belaúnde,peru,1,0,1,0,0,1,0,0,0,,
4923,Miguel Dammert,alarco,peru,1,0,1,1,0,0,0,0,0,,
4929,Miguel Febres Cordero,febres-cordero,ecuador,1,0,1,0,0,1,0,0,0,,
4930,Miguel Francisco Aráoz,aráoz,argentina,1,0,1,1,0,0,0,0,0,,
4933,Miguel Gómez-Mont Urueta,gómez-mont,mexico,1,1,0,0,0,1,0,0,0,,
4953,Miguel Mario Campero,campero,argentina,1,0,1,1,0,0,0,0,0,,
4958,Miguel Ocampo,ocampo,argentina,1,1,0,1,0,0,0,0,0,,
4960,Miguel Puch,puch,argentina,1,0,1,1,0,0,0,0,0,,
4961,Miguel Rincón Rincón,rincón,peru,1,1,0,0,0,1,0,0,0,,
4974,Miguel de Azcuénaga,azcuénaga,argentina,1,1,0,0,0,1,0,0,0,,
4976,Miguel de Zañartu Santa María,zañartu,chile,1,0,1,1,0,0,0,0,0,,
4978,Milagros Cabello,cabello,venezuela,1,0,1,0,0,1,0,0,0,,
4979,Mile Vergara,de_la_espriella,colombia,1,0,1,0,0,0,1,0,0,,
4985,Misi,samper,colombia,1,1,0,1,0,0,0,1,0,char,
5004,Narciso Campero,campero,bolivia,1,1,0,1,0,0,0,0,0,,
5014,Nelly Evans Risco,álvarez_calderón,peru,1,0,1,1,0,0,0,0,0,,
5016,Nelly Turbay de Muñoz,turbay,colombia,1,0,1,0,0,0,1,0,0,,
5023,Nemesio Vicuña Mackenna,mackenna,chile,1,1,0,0,0,1,0,0,0,,
5027,Nicanor Álvarez-Calderón,álvarez_calderón,peru,1,1,0,0,0,1,0,0,0,,
5045,Nicolás Lindley López,lindley,peru,1,0,1,1,0,0,0,0,0,,
5055,Nicolás Rodríguez Saá,rodríguez_saá,argentina,1,1,0,0,1,0,0,0,0,,
5072,Noel Petro,petro,colombia,1,1,0,0,0,0,1,0,0,,
5080,Norma Arrostito,abal_medina,argentina,1,1,0,1,0,0,0,0,0,,
5092,Oja Kodar,lópez_negrete,mexico,1,1,0,0,1,0,0,0,0,,
5102,Omar Acedo,cabello,venezuela,1,1,0,1,0,0,0,0,0,,
5104,Omar Fayad,derbez,mexico,1,1,0,1,0,0,0,0,0,,
5107,Orlando Fals Borda,camacho,colombia,1,1,0,1,0,0,0,0,0,,
5120,Otto Dörr Zegers,zegers_chile,chile,1,0,1,1,0,0,0,0,0,,
5121,Otto Eléspuru Revoredo,eléspuru,peru,1,0,1,1,0,0,0,0,0,,
5132,Pablo Echaurren,echaurren,chile,1,1,0,0,0,1,0,0,0,,
5134,Pablo Emilio Madero,madero,mexico,1,1,0,0,0,1,0,0,0,,
5142,Pablo Mouche,saravia,argentina,1,1,0,0,1,0,0,0,1,,uruguay
5146,Pablo Piñera,echenique,chile,1,1,0,0,0,1,0,0,0,,
5152,Pablo Vicuña,vicuña,argentina,1,0,1,0,0,0,1,0,0,,
5171,Paloma Yerovi Cisneros,yerovi,peru,1,1,0,0,0,1,0,1,0,cano,
5181,Paolo Rocca,rocca,argentina,1,1,0,0,0,1,0,0,0,,
5185,Pastor Obligado,obligado,argentina,1,1,0,0,0,0,1,0,0,,
5191,Patricia Durán Reveles,durán_reveles,mexico,1,0,1,1,0,0,0,0,0,,
5198,Patricia Ruiz Bravo,portocarrero_perú,peru,1,1,0,1,0,0,0,0,0,,
5204,Patricio Fernández,chadwick,chile,1,1,0,0,0,1,0,0,0,,
5222,Paula Garcés,garcés,colombia,1,0,1,1,0,0,0,0,0,,
5232,Paz Errázuriz,errázuriz,chile,1,0,1,1,0,0,0,0,0,,
5254,Pedro Brescia Cafferata,cafferata,peru,1,0,1,0,0,1,0,0,0,,
5256,Pedro Cafferata,cafferata,argentina,1,0,1,1,0,0,0,0,0,,
5260,Pedro Castelli,castelli,argentina,1,1,0,0,0,0,1,0,0,,
5271,Pedro Gálvez Egúsquiza,gálvez,peru,1,1,0,0,0,1,0,0,0,,
5274,Pedro García de la Huerta Matte,matte,chile,1,1,0,0,0,1,0,0,0,,
5276,Pedro Hermosa,lópez_carrillo,paraguay,1,1,0,1,0,0,0,0,0,,
5293,Pedro Miguel Aráoz,aráoz,argentina,1,0,1,0,0,1,0,0,0,,
5298,Pedro Nel Ospina Santamaría,ospina,colombia,1,0,1,0,0,1,0,0,0,,
5300,Pedro Nolasco Cruz Vergara,cruz_chile,chile,1,1,0,1,0,0,0,1,1,borrero,colombia
5302,Pedro Pablo Alayza Tijero,alayza,peru,1,1,0,0,0,1,0,0,0,,
5304,Pedro Pablo Mujica Carassa,mujica,peru,1,1,0,0,0,1,0,0,0,,
5316,Pedro Subercaseaux,errázuriz,chile,1,1,0,0,0,1,0,0,0,,
5319,Pedro Vicuña,vicuña,chile,1,1,0,0,0,0,1,0,0,,
5341,Piedad Larrea Borja,borja,ecuador,1,0,1,0,0,1,0,0,0,,
5346,Pilar de la Hidalga,garcía_icazbalceta,mexico,1,1,0,0,0,1,0,0,0,,
5347,Pina Bausch,parra_chile,chile,1,1,0,1,0,0,0,0,0,,
5349,Pirí Lugones,lugones,argentina,1,1,0,0,0,1,0,0,0,,
5350,Plácido Sánchez de Bustamante,sánchez_de_bustamante,argentina,1,0,1,1,0,0,0,0,0,,
5362,Porfirio Thierry Muñoz Ledo,muñoz_ledo,mexico,1,1,0,0,0,1,0,0,0,,
5372,Primo Villa Michel,villa_michel,mexico,1,1,0,0,0,1,0,0,0,,
5383,Raúl Baillères Chávez,baillères,mexico,1,1,0,0,0,0,1,0,0,,
5386,Raúl Bolaños-Cacho Güendulain,bolaños_cacho,mexico,1,1,0,0,0,0,1,0,0,,
5387,Raúl Bolaños Cacho Cué,bolaños_cacho,mexico,1,1,0,0,0,1,0,0,0,,
5426,Rafael Bielsa (político),bielsa,argentina,1,0,1,1,0,0,0,0,0,,
5428,Rafael Carranza Hernández,carranza,mexico,1,1,0,0,0,1,0,0,0,,
5434,Rafael Errázuriz Urmeneta,errázuriz,chile,1,1,0,0,0,1,0,0,0,,
5439,Rafael García Herreros,orbegozo,colombia,1,0,1,0,0,1,0,0,0,,
5451,Rafael Loret de Mola,loret_de_mola,mexico,1,1,0,0,0,0,1,0,0,,
5458,Rafael Obligado,obligado,argentina,1,1,0,0,0,0,1,0,0,,
5462,Rafael Puyana,michelsen,colombia,1,0,1,0,0,1,0,0,0,,
5468,Rafael Santa Cruz (artista),santa_cruz,peru,1,1,0,0,0,1,0,0,0,,
5469,Rafael Santa Cruz (torero),santa_cruz,peru,1,1,0,0,0,0,1,1,1,zea,colombia
5475,Rafael Velarde Echevarría,velarde,peru,1,0,1,1,0,0,0,0,0,,
5488,Ramón Freire (marino),freire,peru,1,1,0,0,0,1,0,0,0,,
5504,Ramón Valdés,valdés,mexico,1,1,0,1,0,0,0,0,0,,
5511,Raquel Señoret,garcía-huidobro,chile,1,1,0,1,0,0,0,1,0,concha_chile,
5517,Rebecca Jones,fuentes_berain,mexico,1,1,0,1,0,0,0,0,0,,
5518,Red Hugh O'Donnell,o'donnell,colombia,1,0,1,0,0,1,0,0,0,,
5520,Regina Pacini,alvear,argentina,1,1,0,1,0,0,0,0,0,,
5528,Renzo Costa,acuña,peru,1,1,0,0,1,0,0,0,0,,
5533,Ricardo Campero,campero,argentina,1,0,1,1,0,0,0,0,0,,
5550,Ricardo Joaquín Durand,durand_argentina,argentina,1,0,1,0,0,1,0,0,0,,
5553,Ricardo Lleras Codazzi,lleras,colombia,1,0,1,0,0,1,0,0,0,,
5557,Ricardo Meruane,meruane,chile,1,0,1,0,0,0,1,0,0,,
5564,Ricardo Rodríguez Saá,rodríguez_saá,argentina,1,0,1,0,0,1,0,0,0,,
5566,Ricardo Sanz de Samper,samper,colombia,1,0,1,0,0,1,0,0,0,,
5568,Ricardo Silva-Santisteban,silva_santisteban,peru,1,0,1,0,0,1,0,0,0,,
5573,Ricardo Wiesse,wiesse,peru,1,0,1,1,0,0,0,0,0,,
5577,Rigny,zea,colombia,1,1,0,0,0,0,1,0,0,,
5579,Rime Choquehuanca,choquehuanca,bolivia,1,0,1,0,0,1,0,0,0,,
5585,Roberto Alemann,alemann,argentina,1,1,0,0,0,1,0,0,0,,
5588,Roberto Celedón Fernández,bulnes,chile,1,1,0,1,0,0,0,0,0,,
5590,Roberto Drago Maturo,drago,peru,1,1,0,0,0,1,0,0,0,,
5597,Roberto Garretón,garretón,chile,1,1,0,0,0,1,0,0,0,,
5607,Roberto Rimoldi Fraga,lanusse,argentina,1,0,1,1,0,0,0,0,0,,
5612,Roberto Urdaneta Gómez (escritor),urdaneta,colombia,1,0,1,0,0,1,0,0,0,,
5620,Rodolfo Elías Calles,elías-calles,mexico,1,0,1,1,0,0,0,0,0,,
5621,Rodolfo Enrique Zea,zea,colombia,1,0,1,1,0,0,0,0,0,,
5624,Rodolfo Llinás,llinás,colombia,1,0,1,0,0,1,0,0,0,,
5630,Rodrigo Errázuriz,errázuriz,chile,1,0,1,1,0,0,0,0,0,,
5647,Rogelio Valdivieso Eguiguren,eguiguren,ecuador,1,0,1,1,0,0,0,0,0,,
5648,Roger Cáceres Pérez,cáceres_velásquez,peru,1,1,0,0,0,1,0,0,0,,
5649,Roger Cáceres Velásquez,cáceres_velásquez,peru,1,0,1,0,0,1,0,0,0,,
5651,Rolando Ames,amez,peru,1,0,1,1,0,0,0,0,0,,
5656,Romina Ricci,pueyrredón,argentina,1,1,0,0,1,0,0,0,0,,
5660,Roque Alvarado,sánchez_de_bustamante,argentina,1,0,1,1,0,0,0,0,0,,
5670,Rosa Graña Garland,graña,peru,1,1,0,0,0,1,0,0,0,,
5688,Rosenda Monteros,bracho,mexico,1,1,0,1,0,0,0,0,0,,
5693,Rubén Vargas Ugarte,ugarte,peru,1,1,0,0,0,1,0,0,0,,
5705,Rufino Varela,varela,argentina,1,0,1,1,0,0,0,0,0,,
5710,Saúl Monreal Ávila,monreal,mexico,1,0,1,0,0,1,0,0,0,,
5712,Sabina de Iturbide y Huarte,iturbide,mexico,1,1,0,0,0,1,0,0,0,,
5714,Sabrina Farji,awada,argentina,1,1,0,1,0,0,0,0,0,,
5715,Sady Zañartu,zañartu,chile,1,0,1,0,0,1,0,0,0,,
5723,Salvador Guerrero,guerrero,mexico,1,1,0,0,0,1,0,0,0,,
5731,Samper (cantante),samper,colombia,1,0,1,0,1,0,0,0,0,,
5740,Sandra Vergara (actriz colombiana),vergara-azcárate,colombia,1,0,1,0,0,1,0,0,0,,
5760,Santiago Fujimori,fujimori,peru,1,0,1,0,0,1,0,0,0,,
5761,Santiago Gamboa,samper,colombia,1,0,1,0,0,1,0,0,0,,
5767,Santiago Moure,moure,colombia,1,0,1,0,0,1,0,0,0,,
5772,Santiago Rivadavia,otálora,argentina,1,1,0,0,0,1,0,0,0,,
5774,Santiago Sierra Méndez,sierra_méndez,mexico,1,1,0,0,0,1,0,0,0,,
5776,Santiago Uribe Vélez,uribe,colombia,1,1,0,0,0,0,1,0,0,,
5778,Santiago de Estrada,estrada,argentina,1,1,0,0,0,1,0,0,0,,
5784,Sara Concha,concha_chile,chile,1,0,1,0,0,1,0,0,0,,
5786,Sara Justo,justo,argentina,1,0,1,0,0,1,0,0,0,,
5787,Sara Pérez Romero,madero,mexico,1,1,0,1,0,0,0,0,0,,
5790,Sasha Montenegro,lópez-portillo,mexico,1,1,0,1,0,0,0,0,0,,
5793,Saturnino Segurola,segurola,argentina,1,1,0,0,0,1,0,0,0,,
5795,Scipión Llona,llona,peru,1,1,0,0,0,0,1,0,0,,
5810,Segundo Cernadas,neyra,argentina,1,1,0,1,0,0,0,0,1,,peru
5824,Sergio Jaramillo Caro,caro,colombia,1,0,1,0,0,1,0,0,0,,
5830,Sergio Vodanovic,vodanovic,chile,1,0,1,1,0,0,0,0,0,,
5838,Silvestre Ochagavía Echaurren,echaurren,chile,1,1,0,0,0,1,0,0,0,,
5851,Silvina Ocampo,ocampo,argentina,1,1,0,1,0,0,0,0,0,,
5852,Silvino Olivieri,cambaceres,argentina,1,0,1,1,0,0,0,0,0,,
5859,Simón Planas,tovar,venezuela,1,0,1,0,0,1,0,0,0,,
5872,Sofía Reca,yankelevich,argentina,1,1,0,1,0,0,0,0,0,,
5873,Sofía Rivera Torres,martín_del_campo,mexico,1,0,1,1,0,0,0,0,0,,
5874,Sofía Vergara,vergara-azcárate,colombia,1,1,0,1,0,0,0,0,0,,
5876,Sofia Carson,char,colombia,1,0,1,0,0,1,0,0,0,,
5878,Soledad Alonso,vicuña,chile,1,1,0,0,1,0,0,0,0,,
5879,Soledad Orozco,ávila_camacho,mexico,1,1,0,1,0,0,0,0,0,,
5885,Squillace,borja,colombia,1,1,0,1,0,0,0,0,0,,
5903,Susana de la Puente Wiese,lavalle,peru,1,1,0,0,0,1,0,0,0,,
5912,Tadeo Vergara,sanz_de_santamaría,colombia,1,1,0,0,0,1,0,1,0,caicedo,
5917,Tancredo Pinochet,pinochet,chile,1,1,0,0,0,1,0,0,0,,
5922,Tany Valer Lopera,portocarrero_perú,peru,1,0,1,0,0,1,0,0,0,,
5941,Teresa López Bustamante,urdaneta,venezuela,1,1,0,0,0,1,0,0,0,,
5946,Teresa Piossek Prebisch,prebisch,argentina,1,1,0,0,0,1,0,0,0,,
5960,Tito Guízar,guízar,mexico,1,0,1,1,0,0,0,0,0,,
5978,Tomás O'Gorman,o'gorman,argentina,1,1,0,1,0,0,0,0,0,,
5982,Tomás S. de Anchorena,anchorena,argentina,1,0,1,1,0,0,0,0,0,,
5985,Tomás Vodanovic,vodanovic,chile,1,0,1,0,0,1,0,0,0,,
5987,Tomás de Allende,allende_argentina,argentina,1,1,0,0,0,0,1,0,0,,
5988,Tomás de Anchorena,anchorena,argentina,1,0,1,1,0,0,0,0,0,,
5990,Tomasa Carbo y Noboa,noboa,ecuador,1,1,0,1,0,0,0,0,0,,
6010,Ubaldina Dávila,caro,colombia,1,0,1,1,0,0,0,0,0,,
6025,Víctor Delgado Mallarino,mallarino,colombia,1,0,1,0,0,1,0,0,0,,
6031,Víctor García-Belaúnde Velarde,belaúnde,peru,1,1,0,0,0,1,0,0,0,,
6041,Víctor Quispe Palomino,quispe_palomino,peru,1,0,1,0,0,1,0,0,0,,
6052,Vania Torres,frayssinet,peru,1,1,0,0,1,0,0,0,0,,
6054,Vasco de Contreras y Valverde,de_valverde,peru,1,1,0,0,0,1,0,0,0,,
6060,Verónica Ferrari,gálvez,peru,1,0,1,0,0,1,0,0,0,,
6065,Verónica Zavala,zavala,peru,1,0,1,1,0,0,0,0,0,,
6069,Vicente Augier,augier,argentina,1,1,0,1,0,0,0,1,0,acuña_argentina,
6076,Vicente Francisco del Sol y Veyán,campero,chile,1,0,1,1,0,0,0,0,0,,
6086,Vicente Sanfuentes (músico),sanfuentes,chile,1,1,0,0,1,0,0,0,0,,
6088,Vicente Torrijos,torrijos,colombia,1,0,1,0,0,0,1,0,0,,
6094,Vicky Dávila,dávila,colombia,1,0,1,1,0,0,0,0,0,,
6101,Victoria Santa Cruz,santa_cruz,peru,1,1,0,0,0,1,0,0,0,,
6118,Virgilio Acuña,acuña,peru,1,0,1,0,0,1,0,0,0,,
6120,Virgilio Barco Céspedes,barco,colombia,1,0,1,0,0,1,0,0,0,,
6122,Virgilio Galvis,galvis_galavís,colombia,1,1,0,0,0,1,0,0,0,,
6125,Virginia Errázuriz,errázuriz,chile,1,1,0,0,0,1,0,0,0,,
6127,Virginia Iommi,iommi,chile,1,0,1,0,0,0,1,0,0,,
6136,Vladimiro Boric,boric,chile,1,0,1,0,0,1,0,0,0,,
6147,Xicoténcatl Leyva Alemán,alemán,mexico,1,1,0,0,0,0,1,0,0,,
6151,Xiomy Kanashiro,farfán,peru,1,1,0,0,1,0,0,0,0,,
6154,Yalena Jácome,pachón,colombia,1,1,0,1,0,0,0,0,0,,
6167,Zulema Jattin Corrales,jattin,colombia,1,1,0,0,0,1,0,0,0,,
