url,coordinator,consultant,gatekeeper,representative,liaison,nombre,familia,pais,total_brokerage,norm_coordinator,norm_consultant,norm_gatekeeper,norm_representative,norm_liaison
https://es.wikipedia.org/wiki/%C3%81lvaro_Alcal%C3%A1-Galiano_y_Osma,0,0,0,0,0,Álvaro Alcalá-Galiano y Osma,valencia,colombia,0,0,0,0,0,0
https://es.wikipedia.org/wiki/%C3%81lvaro_Alsogaray,0,0,0,0,0,Álvaro Alsogaray,alsogaray,argentina,0,0,0,0,0,0
https://es.wikipedia.org/wiki/%C3%81lvaro_Casta%C3%B1o_Castillo,6,0,0,0,0,Álvaro Castaño Castillo,lópez,colombia,6,1,0,0,0,0
https://es.wikipedia.org/wiki/%C3%81lvaro_Escobar,0,0,0,0,0,Álvaro Escobar,portales,chile,0,0,0,0,0,0
https://es.wikipedia.org/wiki/%C3%81lvaro_Espinoza_%28actor%29,2,0,0,0,0,Álvaro Espinoza (actor),concha_chile,chile,2,1,0,0,0,0
https://es.wikipedia.org/wiki/%C3%81lvaro_G%C3%B3mez_Hurtado,16,0,0,0,0,Álvaro Gómez Hurtado,gómez,colombia,16,1,0,0,0,0
https://es.wikipedia.org/wiki/%C3%81lvaro_Holgu%C3%ADn_y_Caro,6,0,0,0,0,Álvaro Holguín y Caro,caro,colombia,6,1,0,0,0,0
https://es.wikipedia.org/wiki/%C3%81lvaro_Leyva,0,0,0,0,0,Álvaro Leyva,durán_colombia,colombia,0,0,0,0,0,0
https://es.wikipedia.org/wiki/%C3%81lvaro_Leyva_Dur%C3%A1n,0,0,0,0,0,Álvaro Leyva,durán_colombia,colombia,0,0,0,0,0,0
https://es.wikipedia.org/wiki/%C3%81lvaro_Lloreda,0,0,1,1,0,Álvaro Lloreda,cabal,colombia,2,0,0,0.5,0.5,0
https://es.wikipedia.org/wiki/%C3%81lvaro_Mutis,0,0,0,0,0,Álvaro Mutis,mutis,colombia,0,0,0,0,0,0
https://es.wikipedia.org/wiki/%C3%81lvaro_Noboa,6,0,0,0,0,Álvaro Noboa,noboa,ecuador,6,1,0,0,0,0
https://es.wikipedia.org/wiki/%C3%81lvaro_P%C3%A9rez_Trevi%C3%B1o,0,0,0,0,0,Álvaro Pérez Treviño,pérez_treviño,mexico,0,0,0,0,0,0
https://es.wikipedia.org/wiki/%C3%81lvaro_P%C3%ADo_Valencia,0,0,1,0,0,Álvaro Pío Valencia,valencia,colombia,1,0,0,1,0,0
https://es.wikipedia.org/wiki/%C3%81lvaro_Pach%C3%B3n_de_la_Torre,2,0,0,0,0,Álvaro Pachón de la Torre,galán,colombia,2,1,0,0,0,0
https://es.wikipedia.org/wiki/%C3%81lvaro_Rudolphy,0,0,0,0,0,Álvaro Rudolphy,cruz-coke,chile,0,0,0,0,0,0
https://es.wikipedia.org/wiki/%C3%81lvaro_Uribe_V%C3%A9lez,6,0,0,0,0,Álvaro Uribe Vélez,uribe,colombia,6,1,0,0,0,0
https://es.wikipedia.org/wiki/%C3%81lvaro_Vargas_Llosa,0,0,0,0,0,Álvaro Vargas Llosa,vargas_llosa,peru,0,0,0,0,0,0
https://es.wikipedia.org/wiki/%C3%81lvaro_de_Miranda_Neto,2,0,0,0,0,Álvaro de Miranda Neto,onassis,argentina,2,1,0,0,0,0
https://es.wikipedia.org/wiki/%C3%81lvaro_de_Soto,0,0,0,0,0,Álvaro de Soto,polar,peru,0,0,0,0,0,0
https://es.wikipedia.org/wiki/%C3%81ngel_Cuervo_Urisarri,2,0,0,0,0,Ángel Cuervo Urisarri,cuervo,colombia,2,1,0,0,0,0
https://es.wikipedia.org/wiki/%C3%81ngel_Guarello,0,0,0,0,0,Ángel Guarello,guarello,chile,0,0,0,0,0,0
https://es.wikipedia.org/wiki/%C3%81ngel_Guarello_Costa,0,0,0,0,0,Ángel Guarello,guarello,chile,0,0,0,0,0,0
https://es.wikipedia.org/wiki/%C3%81ngel_Parra,6,0,0,0,0,Ángel Parra,parra_chile,chile,6,1,0,0,0,0
https://es.wikipedia.org/wiki/%C3%81ngel_Parra_%28hijo%29,0,0,0,0,0,Ángel Parra (hijo),parra_chile,chile,0,0,0,0,0,0
https://es.wikipedia.org/wiki/%C3%81ngel_Prieto_Vial,0,0,0,0,0,Ángel Prieto Vial,vial,chile,0,0,0,0,0,0
https://es.wikipedia.org/wiki/%C3%81ngel_de_Iturbide_y_Huarte,0,0,0,0,0,Ángel de Iturbide y Huarte,iturbide,chile,0,0,0,0,0,0
https://es.wikipedia.org/wiki/%C3%81ngela_Aguilar,2,0,0,0,0,Ángela Aguilar,aguilar,mexico,2,1,0,0,0,0
https://es.wikipedia.org/wiki/%C3%81ngela_Castelli,0,0,0,0,0,Ángela Castelli,castelli,argentina,0,0,0,0,0,0
https://es.wikipedia.org/wiki/%C3%81ngela_Jeria,4,0,0,0,0,Ángela Jeria,bachelet,chile,4,1,0,0,0,0
https://es.wikipedia.org/wiki/%C3%81ngela_Ospina_de_Nicholls,0,0,0,0,0,Ángela Ospina de Nicholls,ospina,colombia,0,0,0,0,0,0
https://es.wikipedia.org/wiki/%C3%81ngela_Santamarina,0,0,0,0,0,Ángela Santamarina,santamarina,argentina,0,0,0,0,0,0
https://es.wikipedia.org/wiki/%C3%89dgar_Valc%C3%A1rcel,0,0,0,0,0,Édgar Valcárcel,valcárcel,peru,0,0,0,0,0,0
https://es.wikipedia.org/wiki/%C3%89lide_Brero,0,0,0,0,0,Élide Brero,pinasco,peru,0,0,0,0,0,0
https://es.wikipedia.org/wiki/%C3%93scar_Benavides,0,0,0,0,0,Óscar Benavides,benavides_perú,peru,0,0,0,0,0,0
https://es.wikipedia.org/wiki/%C3%93scar_Jim%C3%A9nez_Pinochet,2,0,0,0,0,Óscar Jiménez Pinochet,pinochet,chile,2,1,0,0,0,0
https://es.wikipedia.org/wiki/%C3%93scar_Mir%C3%B3-Quesada_de_la_Guerra,2,0,0,0,0,Óscar Miró Quesada de la Guerra,miró_quesada,peru,2,1,0,0,0,0
https://es.wikipedia.org/wiki/%C3%93scar_Mir%C3%B3_Quesada_de_la_Guerra,0,0,0,0,0,Óscar Miró Quesada de la Guerra,miró_quesada,peru,0,0,0,0,0,0
https://es.wikipedia.org/wiki/%C3%93scar_Trelles_Montes,0,0,0,0,0,Óscar Trelles Montes,trelles,peru,0,0,0,0,0,0
https://es.wikipedia.org/wiki/A%C3%B1as_Colque,6,0,0,0,0,Añas Colque,pizarro,chile,6,1,0,0,0,0
https://es.wikipedia.org/wiki/Aar%C3%B3n_de_Anchorena,0,0,0,0,0,Aarón de Anchorena,anchorena,argentina,0,0,0,0,0,0
https://es.wikipedia.org/wiki/Aaron_Pavlovsky,0,0,0,0,0,Aaron Pavlovsky,pavlovsky,argentina,0,0,0,0,0,0
https://es.wikipedia.org/wiki/Abel_Casabianca,0,0,0,0,0,Abel Casabianca,camacho,colombia,0,0,0,0,0,0
https://es.wikipedia.org/wiki/Abelardo_Carranza_Strasburger,0,0,0,0,0,Abelardo Carranza Strasburger,carranza,mexico,0,0,0,0,0,0
https://es.wikipedia.org/wiki/Abelardo_V%C3%A1squez,0,0,0,0,0,Abelardo Vásquez,vásquez,peru,0,0,0,0,0,0
https://es.wikipedia.org/wiki/Ad%C3%A1n_Ch%C3%A1vez,2,0,0,0,0,Adán Chávez,chávez,venezuela,2,1,0,0,0,0
https://es.wikipedia.org/wiki/Ad%C3%A1n_Ch%C3%A1vez_Fr%C3%ADas,1,0,0,0,0,Adán Chávez,chávez,venezuela,1,1,0,0,0,0
https://es.wikipedia.org/wiki/Adalberto_Vergara,2,0,0,0,0,Adalberto Vergara,vergara-azcárate,colombia,2,1,0,0,0,0
https://es.wikipedia.org/wiki/Adela_Crooke,2,0,0,0,0,Adela Crooke,osma,peru,2,1,0,0,0,0
https://es.wikipedia.org/wiki/Adolfo_Alsina,4,0,0,0,0,Adolfo Alsina,maza,argentina,4,1,0,0,0,0
https://es.wikipedia.org/wiki/Adolfo_Ballivi%C3%A1n,2,0,0,0,0,Adolfo Ballivián,ballivián,bolivia,2,1,0,0,0,0
https://es.wikipedia.org/wiki/Adolfo_Ballivi%C3%A1n_Grimwood,0,0,0,0,0,Adolfo Ballivián Grimwood,ballivián,bolivia,0,0,0,0,0,0
https://es.wikipedia.org/wiki/Adolfo_Bioy_Casares,2,0,0,0,0,Adolfo Bioy Casares,ocampo,argentina,2,1,0,0,0,0
https://es.wikipedia.org/wiki/Adolfo_Bioy_Domecq,0,0,0,0,0,Adolfo Bioy Domecq,ocampo,argentina,0,0,0,0,0,0
https://es.wikipedia.org/wiki/Adolfo_Bullrich,2,0,0,0,0,Adolfo Bullrich,alvear,argentina,2,1,0,0,0,0
https://es.wikipedia.org/wiki/Adolfo_Ib%C3%A1%C3%B1ez_Boggiano,2,0,0,0,0,Adolfo Ibáñez Boggiano,ibáñez,chile,2,1,0,0,0,0
https://es.wikipedia.org/wiki/Adolfo_L%C3%B3pez_Mateos,0,0,0,0,0,Adolfo López Mateos,mateos,mexico,0,0,0,0,0,0
https://es.wikipedia.org/wiki/Adolfo_Piossek,0,0,0,0,0,Adolfo Piossek,prebisch,argentina,0,0,0,0,0,0
https://es.wikipedia.org/wiki/Adolfo_Veloso,0,0,0,0,0,Adolfo Veloso,veloso,chile,0,0,0,0,0,0
https://es.wikipedia.org/wiki/Adolfo_Zald%C3%ADvar,0,0,1,1,0,Adolfo Zaldívar,vicuña,chile,2,0,0,0.5,0.5,0
https://es.wikipedia.org/wiki/Adolfo_Zald%C3%ADvar_Larra%C3%ADn,0,0,0,1,0,Adolfo Zaldívar,zaldívar,chile,1,0,0,0,1,0
https://es.wikipedia.org/wiki/Adriana_Arboleda,0,0,0,0,0,Adriana Arboleda,arboleda,colombia,0,0,0,0,0,0
https://es.wikipedia.org/wiki/Adriana_Cecilia_Barcia,0,0,0,0,0,Adriana Cecilia Barcia,alsogaray,argentina,0,0,0,0,0,0
https://es.wikipedia.org/wiki/Adriana_Cisneros,2,0,2,0,0,Adriana Cisneros,cisneros_venezuela,venezuela,4,0.5,0,0.5,0,0
https://es.wikipedia.org/wiki/Adriana_Tudela,0,0,0,0,0,Adriana Tudela,osma,peru,0,0,0,0,0,0
https://es.wikipedia.org/wiki/Adriana_Zubiate,0,0,1,1,0,Adriana Zubiate,neyra,peru,2,0,0,0.5,0.5,0
https://es.wikipedia.org/wiki/Adriana_de_Verneuil,2,0,0,0,0,Adriana de Verneuil,de_la_puente,peru,2,1,0,0,0,0
https://es.wikipedia.org/wiki/Agostino_Rocca,0,0,0,0,0,Agostino Rocca,rocca,argentina,0,0,0,0,0,0
https://es.wikipedia.org/wiki/Agripina_Samper_Agudelo,0,0,0,0,0,Agripina Samper Agudelo,samper,colombia,0,0,0,0,0,0
https://es.wikipedia.org/wiki/Agust%C3%ADn_Edwards_Budge,6,0,0,0,0,Agustín Edwards Budge,edwards,chile,6,1,0,0,0,0
https://es.wikipedia.org/wiki/Agust%C3%ADn_Edwards_Eastman,0,0,0,1,0,Agustín Edwards Eastman,edwards,chile,1,0,0,0,1,0
https://es.wikipedia.org/wiki/Agust%C3%ADn_Edwards_Mac-Clure,2,0,0,0,0,Agustín Edwards Mac-Clure,edwards,chile,2,1,0,0,0,0
https://es.wikipedia.org/wiki/Agust%C3%ADn_Edwards_Ossand%C3%B3n,16,0,0,0,0,Agustín Edwards Ossandón,edwards,chile,16,1,0,0,0,0
https://es.wikipedia.org/wiki/Agust%C3%ADn_Edwards_Ross,30,0,0,0,0,Agustín Edwards Ross,edwards,chile,30,1,0,0,0,0
https://es.wikipedia.org/wiki/Agust%C3%ADn_Jer%C3%B3nimo_de_Iturbide,0,0,0,0,0,Agustín Jerónimo de Iturbide,iturbide,mexico,0,0,0,0,0,0
https://es.wikipedia.org/wiki/Agust%C3%ADn_P._Justo_%28padre%29,0,0,0,0,0,Agustín P. Justo (padre),justo,argentina,0,0,0,0,0,0
https://es.wikipedia.org/wiki/Agust%C3%ADn_Pedro_Justo,1,0,0,0,0,Agustín Pedro Justo,justo,argentina,1,1,0,0,0,0
https://es.wikipedia.org/wiki/Agust%C3%ADn_Rodr%C3%ADguez_Jurado,0,0,0,0,0,Agustín Rodríguez Jurado,"rodríguez_(san_luis,_argentina)",argentina,0,0,0,0,0,0
https://es.wikipedia.org/wiki/Agust%C3%ADn_Vial_Santelices,0,0,0,0,0,Agustín Vial Santelices,vial,chile,0,0,0,0,0,0
https://es.wikipedia.org/wiki/Agust%C3%ADn_de_Escalada_Iriondo,0,0,0,0,0,Agustín de Escalada Iriondo,escalada_(de_burgos),argentina,0,0,0,0,0,0
https://es.wikipedia.org/wiki/Agust%C3%ADn_de_Iriondo_Candioti,0,0,0,0,0,Agustín de Iriondo Candioti,candioti,argentina,0,0,0,0,0,0
https://es.wikipedia.org/wiki/Agust%C3%ADn_de_Iturbide_y_Green,0,0,0,0,0,Agustín de Iturbide y Green,iturbide,mexico,0,0,0,0,0,0
https://es.wikipedia.org/wiki/Agust%C3%ADn_de_Salazar_y_Mu%C3%B1atones,0,0,0,0,0,Agustín de Salazar y Muñatones,salazar_y_muñatones,peru,0,0,0,0,0,0
https://es.wikipedia.org/wiki/Agustina_L%C3%B3pez_de_Osornio,2,25,12,10,0,Agustina López de Osornio,garcía-mansilla,argentina,49,0.04081632653061224,0.5102040816326531,0.24489795918367346,0.20408163265306123,0
https://es.wikipedia.org/wiki/Agustina_Ortiz_de_Rozas,30,0,6,0,0,Agustina Ortiz de Rozas,garcía-mansilla,argentina,36,0.8333333333333334,0,0.16666666666666666,0,0
https://es.wikipedia.org/wiki/Agustina_Paz,0,2,0,0,0,Agustina Paz de Roca,roca,argentina,2,0,1,0,0,0
https://es.wikipedia.org/wiki/Agustina_Paz_de_Roca,9,0,0,0,0,Agustina Paz de Roca,paz,argentina,9,1,0,0,0,0
https://es.wikipedia.org/wiki/Aiden_English,1,0,0,0,0,Matthew Rehwoldt,guerrero,mexico,1,1,0,0,0,0
https://es.wikipedia.org/wiki/Aislinn_Derbez,2,0,0,0,0,Aislinn Derbez,derbez,mexico,2,1,0,0,0,0
https://es.wikipedia.org/wiki/Alberto_Bachelet,4,0,0,0,0,Alberto Bachelet,bachelet,chile,4,1,0,0,0,0
https://es.wikipedia.org/wiki/Alberto_Baill%C3%A8res_Gonz%C3%A1lez,2,0,0,2,0,Alberto Baillères González,baillères,mexico,4,0.5,0,0,0.5,0
https://es.wikipedia.org/wiki/Alberto_Ballerini,0,0,0,0,0,Alberto Ballerini,podestá,argentina,0,0,0,0,0,0
https://es.wikipedia.org/wiki/Alberto_Benavides_Ganoza,0,0,0,0,0,Alberto Benavides Ganoza,benavides_perú,peru,0,0,0,0,0,0
https://es.wikipedia.org/wiki/Alberto_Benavides_de_la_Quintana,4,0,0,0,0,Alberto Benavides de la Quintana,benavides_perú,peru,4,1,0,0,0,0
https://es.wikipedia.org/wiki/Alberto_Benegas_Lynch_%28hijo%29,2,0,0,0,0,Alberto Benegas Lynch (hijo),benegas,argentina,2,1,0,0,0,0
https://es.wikipedia.org/wiki/Alberto_Benegas_Lynch_%28nieto%29,0,0,0,0,0,Alberto Benegas Lynch (nieto),benegas,argentina,0,0,0,0,0,0
https://es.wikipedia.org/wiki/Alberto_Benegas_Lynch_%28padre%29,0,0,0,0,0,Alberto Benegas Lynch (padre),benegas,argentina,0,0,0,0,0,0
https://es.wikipedia.org/wiki/Alberto_Camacho_Leyva,0,0,0,0,0,Alberto Camacho Leyva,camacho,colombia,0,0,0,0,0,0
https://es.wikipedia.org/wiki/Alberto_Casas_Santamar%C3%ADa,0,0,0,0,0,Alberto Casas Santamaría,casas,colombia,0,0,0,0,0,0
https://es.wikipedia.org/wiki/Alberto_Donad%C3%ADo,0,0,0,0,0,Alberto Donadío,galvis_galavís,colombia,0,0,0,0,0,0
https://es.wikipedia.org/wiki/Alberto_Elmore,0,0,0,0,0,Alberto Elmore,elmore,peru,0,0,0,0,0,0
https://es.wikipedia.org/wiki/Alberto_Fujimori,6,0,0,0,0,Alberto Fujimori,fujimori,peru,6,1,0,0,0,0
https://es.wikipedia.org/wiki/Alberto_Gallinal_Heber,0,0,0,0,0,Alberto Gallinal Heber,heber,uruguay,0,0,0,0,0,0
https://es.wikipedia.org/wiki/Alberto_H%C3%A9ber_Usher,0,0,0,0,0,Alberto Héber Usher,heber,uruguay,0,0,0,0,0,0
https://es.wikipedia.org/wiki/Alberto_Labb%C3%A9_Galilea,0,0,0,0,0,Alberto Labbé Galilea,galilea,chile,0,0,0,0,0,0
https://es.wikipedia.org/wiki/Alberto_Labb%C3%A9_Troncoso,2,0,0,0,0,Alberto Labbé Troncoso,galilea,chile,2,1,0,0,0,0
https://es.wikipedia.org/wiki/Alberto_Lleras_Camargo,6,0,3,0,0,Alberto Lleras Camargo,camargo,colombia,9,0.6666666666666666,0,0.3333333333333333,0,0
https://es.wikipedia.org/wiki/Alberto_Lleras_Puga,6,0,0,0,0,Alberto Lleras Puga,camargo,colombia,6,1,0,0,0,0
https://es.wikipedia.org/wiki/Alberto_Lozano_Simonelli,0,0,1,0,0,Alberto Lozano Simonelli,lozano,colombia,1,0,0,1,0,0
https://es.wikipedia.org/wiki/Alberto_Mar%C3%ADa_Candioti,0,0,0,0,0,Alberto María Candioti,candioti,argentina,0,0,0,0,0,0
https://es.wikipedia.org/wiki/Alberto_Mario_Pumarejo,0,0,0,0,0,Alberto Mario Pumarejo,pumarejo,colombia,0,0,0,0,0,0
https://es.wikipedia.org/wiki/Alberto_Montt_Montt,4,0,0,0,0,Alberto Montt Montt,montt,chile,4,1,0,0,0,0
https://es.wikipedia.org/wiki/Alberto_Mu%C3%B1oz_Vernaza,0,0,0,0,0,Alberto Muñoz Vernaza,borrero,ecuador,0,0,0,0,0,0
https://es.wikipedia.org/wiki/Alberto_Pumarejo,0,0,0,0,0,Alberto Pumarejo,pumarejo,colombia,0,0,0,0,0,0
https://es.wikipedia.org/wiki/Alberto_Rey_de_Castro_y_Roma%C3%B1a,0,0,0,0,0,Alberto Rey de Castro y Romaña,bustamante,peru,0,0,0,0,0,0
https://es.wikipedia.org/wiki/Alberto_Soto_de_la_Jara,6,0,0,0,0,Alberto Soto de la Jara,polar,peru,6,1,0,0,0,0
https://es.wikipedia.org/wiki/Alberto_Ulloa_Cisneros,2,0,2,0,0,Alberto Ulloa Cisneros,cisneros,peru,4,0.5,0,0.5,0,0
https://es.wikipedia.org/wiki/Alberto_Ulloa_Sotomayor,2,0,0,0,0,Alberto Ulloa Sotomayor,cisneros,peru,2,1,0,0,0,0
https://es.wikipedia.org/wiki/Alberto_Uribe_Sierra,2,0,0,0,0,Alberto Uribe Sierra,uribe,colombia,2,1,0,0,0,0
https://es.wikipedia.org/wiki/Alberto_Uribe_Urdaneta,0,0,0,0,0,Alberto Uribe Urdaneta,restrepo,colombia,0,0,0,0,0,0
https://es.wikipedia.org/wiki/Alberto_Vial_Infante,0,0,0,0,0,Alberto Vial Infante,vial,chile,0,0,0,0,0,0
https://es.wikipedia.org/wiki/Alberto_Villamizar,0,0,1,1,0,Alberto Villamizar,pachón,colombia,2,0,0,0.5,0.5,0
https://es.wikipedia.org/wiki/Alberto_Williams,0,0,0,0,0,Alberto Williams,bunge,argentina,0,0,0,0,0,0
https://es.wikipedia.org/wiki/Alberto_de_Bela%C3%BAnde,0,0,0,0,0,Alberto de Belaúnde,belaúnde,peru,0,0,0,0,0,0
https://es.wikipedia.org/wiki/Alberto_de_Belaunde,0,0,0,0,0,Alberto de Belaúnde,belaúnde,peru,0,0,0,0,0,0
https://es.wikipedia.org/wiki/Aldo_Mari%C3%A1tegui,0,0,0,0,0,Aldo Mariátegui,mariátegui,peru,0,0,0,0,0,0
https://es.wikipedia.org/wiki/Aldo_Mari%C3%A1tegui_Bosse,0,0,0,0,0,Aldo Mariátegui,mariátegui,peru,0,0,0,0,0,0
https://es.wikipedia.org/wiki/Aleida_Guevara,4,0,0,0,0,Aleida Guevara,guevara,argentina,4,1,0,0,0,0
https://es.wikipedia.org/wiki/Aleida_Guevara_March,1,0,0,0,0,Aleida Guevara,guevara,argentina,1,1,0,0,0,0
https://es.wikipedia.org/wiki/Aleida_March,9,0,0,0,0,Aleida March,guevara,argentina,9,1,0,0,0,0
https://es.wikipedia.org/wiki/Alejandra_Botero_Barco,0,0,0,0,0,Alejandra Botero Barco,barco,colombia,0,0,0,0,0,0
https://es.wikipedia.org/wiki/Alejandra_Guzm%C3%A1n,0,0,0,0,0,Alejandra Guzmán,pinal_hidalgo,mexico,0,0,0,0,0,0
https://es.wikipedia.org/wiki/Alejandra_de_Cima_Aldrete,0,0,0,0,0,Alejandra de Cima Aldrete,azcárraga,mexico,0,0,0,0,0,0
https://es.wikipedia.org/wiki/Alejandro_%C3%89der,4,0,0,0,0,Alejandro Eder,caicedo,colombia,4,1,0,0,0,0
https://es.wikipedia.org/wiki/Alejandro_Alayza_Mujica,0,0,0,0,0,Alejandro Alayza Mujica,alayza,peru,0,0,0,0,0,0
https://es.wikipedia.org/wiki/Alejandro_Arag%C3%B3n,0,0,0,0,0,Alejandro Aragón,bichir,mexico,0,0,0,0,0,0
https://es.wikipedia.org/wiki/Alejandro_Arenas_Villarreal,9,0,0,0,0,Alejandro Arenas Villarreal,arenas,peru,9,1,0,0,0,0
https://es.wikipedia.org/wiki/Alejandro_Awada,0,0,0,0,0,Alejandro Awada,awada,argentina,0,0,0,0,0,0
https://es.wikipedia.org/wiki/Alejandro_Baill%C3%A8res,0,0,0,0,0,Alejandro Baillères,baillères,mexico,0,0,0,0,0,0
https://es.wikipedia.org/wiki/Alejandro_Borensztein,6,0,0,0,0,Alejandro Borensztein,borensztein,argentina,6,1,0,0,0,0
https://es.wikipedia.org/wiki/Alejandro_Bulgheroni,0,0,0,0,0,Alejandro Bulgheroni,bulgheroni,argentina,0,0,0,0,0,0
https://es.wikipedia.org/wiki/Alejandro_Bunge,0,0,1,0,0,Alejandro Bunge,bunge,argentina,1,0,0,1,0,0
https://es.wikipedia.org/wiki/Alejandro_Camacho,2,0,0,0,0,Alejandro Camacho,fuentes_berain,mexico,2,1,0,0,0,0
https://es.wikipedia.org/wiki/Alejandro_Carrillo_Castro,2,0,0,0,0,Alejandro Carrillo Castro,fernández_veraud,mexico,2,1,0,0,0,0
https://es.wikipedia.org/wiki/Alejandro_Carrillo_Marcor,0,0,0,0,0,Alejandro Carrillo Marcor,fernández_veraud,mexico,0,0,0,0,0,0
https://es.wikipedia.org/wiki/Alejandro_Char,1,0,0,0,0,Alejandro Char,char,colombia,1,1,0,0,0,0
https://es.wikipedia.org/wiki/Alejandro_Ciangherotti,6,0,0,0,0,Alejandro Ciangherotti,soler,argentina,6,1,0,0,0,0
https://es.wikipedia.org/wiki/Alejandro_Ciangherotti_II,2,0,0,0,0,Alejandro Ciangherotti II,soler,argentina,2,1,0,0,0,0
https://es.wikipedia.org/wiki/Alejandro_Echavarr%C3%ADa,12,0,0,0,0,Alejandro Echavarría,echavarría,colombia,12,1,0,0,0,0
https://es.wikipedia.org/wiki/Alejandro_Eder,0,1,0,0,0,Alejandro Eder,eder,colombia,1,0,1,0,0,0
https://es.wikipedia.org/wiki/Alejandro_G%C3%B3mez_Maganda,0,0,0,0,0,Alejandro Gómez Maganda,gómez_maganda,mexico,0,0,0,0,0,0
https://es.wikipedia.org/wiki/Alejandro_Gallinal,0,0,0,0,0,Alejandro Gallinal,heber,uruguay,0,0,0,0,0,0
https://es.wikipedia.org/wiki/Alejandro_Galvis_Galvis,6,0,0,0,0,Alejandro Galvis Galvis,galvis_galavís,colombia,6,1,0,0,0,0
https://es.wikipedia.org/wiki/Alejandro_Galvis_Ram%C3%ADrez,0,0,0,0,0,Alejandro Galvis Ramírez,galvis_galavís,colombia,0,0,0,0,0,0
https://es.wikipedia.org/wiki/Alejandro_Garc%C3%ADa-Huidobro,0,0,0,0,0,Alejandro García-Huidobro,garcía-huidobro,chile,0,0,0,0,0,0
https://es.wikipedia.org/wiki/Alejandro_Garret%C3%B3n,0,0,0,0,0,Alejandro Garretón,garretón,chile,0,0,0,0,0,0
https://es.wikipedia.org/wiki/Alejandro_Hales,0,0,0,0,0,Alejandro Hales,hales,chile,0,0,0,0,0,0
https://es.wikipedia.org/wiki/Alejandro_Luna_Ledesma,2,0,0,0,0,Alejandro Luna Ledesma,sodi,mexico,2,1,0,0,0,0
https://es.wikipedia.org/wiki/Alejandro_Mir%C3%B3-Quesada_Cisneros,0,0,0,0,0,Alejandro Miró-Quesada Cisneros,cisneros,peru,0,0,0,0,0,0
https://es.wikipedia.org/wiki/Alejandro_Mir%C3%B3_Quesada_Garland,2,0,0,2,0,Alejandro Miró Quesada Garland,cisneros,peru,4,0.5,0,0,0.5,0
https://es.wikipedia.org/wiki/Alejandro_Obreg%C3%B3n,2,0,0,0,0,Alejandro Obregón,obregón,colombia,2,1,0,0,0,0
https://es.wikipedia.org/wiki/Alejandro_Osorio_Uribe,2,0,0,0,0,Alejandro Osorio Uribe,nariño,colombia,2,1,0,0,0,0
https://es.wikipedia.org/wiki/Alejandro_Roca_Rey,0,0,0,0,0,Alejandro Roca Rey,roca_y_rodríguez,peru,0,0,0,0,0,0
https://es.wikipedia.org/wiki/Alejandro_Santo_Domingo,0,0,0,0,0,Alejandro Santo Domingo,pumarejo,colombia,0,0,0,0,0,0
https://es.wikipedia.org/wiki/Alejandro_Santos,0,0,0,0,0,Alejandro Santos,santos,colombia,0,0,0,0,0,0
https://es.wikipedia.org/wiki/Alejandro_Santos_Rubino,2,0,0,0,0,Alejandro Santos,calderón_colombia,colombia,2,1,0,0,0,0
https://es.wikipedia.org/wiki/Alejandro_VI,25,0,0,0,0,Alejandro VI,borja,colombia,25,1,0,0,0,0
https://es.wikipedia.org/wiki/Alejo_Peralta,0,0,0,0,0,Alejo Peralta,díaz_ceballos,mexico,0,0,0,0,0,0
https://es.wikipedia.org/wiki/Alessa_Wichtel,0,0,0,0,0,Alessa Wichtel,alarco,peru,0,0,0,0,0,0
https://es.wikipedia.org/wiki/Alessandra_Guerzoni,0,0,0,0,0,Alessandra Guerzoni,portales,chile,0,0,0,0,0,0
https://es.wikipedia.org/wiki/Alessandra_Rosaldo,2,0,0,0,0,Alessandra Rosaldo,derbez,mexico,2,1,0,0,0,0
https://es.wikipedia.org/wiki/Alessandra_de_Osma,0,0,0,0,0,Alessandra de Osma,osma,peru,0,0,0,0,0,0
https://es.wikipedia.org/wiki/Alessia_Injoque,1,0,0,0,0,Alessia Injoque,alegría,chile,1,1,0,0,0,0
https://es.wikipedia.org/wiki/Alessia_Rovegno,0,0,0,0,0,Alessia Rovegno,cayo,peru,0,0,0,0,0,0
https://es.wikipedia.org/wiki/Alexandra_Moreno_Piraquive,2,0,0,0,0,Alexandra Moreno Piraquive,piraquive,colombia,2,1,0,0,0,0
https://es.wikipedia.org/wiki/Alexis_Mac_Allister,0,0,0,0,0,Alexis Mac Allister,mac_allister,argentina,0,0,0,0,0,0
https://es.wikipedia.org/wiki/Alfonso_Cano_Isaza,1,0,0,0,0,Alfonso Cano Isaza,cano,colombia,1,1,0,0,0,0
https://es.wikipedia.org/wiki/Alfonso_D%C3%A1vila_Ortiz,0,0,0,0,0,Alfonso Dávila Ortiz,dávila,colombia,0,0,0,0,0,0
https://es.wikipedia.org/wiki/Alfonso_Herrera_Mendoza,0,0,0,0,0,Alfonso Herrera Mendoza,herrera_salcedo,mexico,0,0,0,0,0,0
https://es.wikipedia.org/wiki/Alfonso_Herrera_Salcedo,0,0,0,0,0,Alfonso Herrera Salcedo,herrera_salcedo,mexico,0,0,0,0,0,0
https://es.wikipedia.org/wiki/Alfonso_L%C3%B3pez_Caballero,2,0,0,0,0,Alfonso López Caballero,lópez,colombia,2,1,0,0,0,0
https://es.wikipedia.org/wiki/Alfonso_L%C3%B3pez_Michelsen,25,0,0,0,0,Alfonso López Michelsen,lópez,colombia,25,1,0,0,0,0
https://es.wikipedia.org/wiki/Alfonso_L%C3%B3pez_Pumarejo,24,0,0,0,0,Alfonso López Pumarejo,lópez,colombia,24,1,0,0,0,0
https://es.wikipedia.org/wiki/Alfonso_Plazas_Vega,0,0,0,0,0,Luis Alfonso Plazas Vega,vega,colombia,0,0,0,0,0,0
https://es.wikipedia.org/wiki/Alfonso_Reyes_Echand%C3%ADa,0,0,0,0,0,Alfonso Reyes Echandía,echandía,colombia,0,0,0,0,0,0
https://es.wikipedia.org/wiki/Alfredo_Benavides_Diez-Canseco,0,0,0,0,0,Alfredo Benavides Diez-Canseco,benavides_perú,peru,0,0,0,0,0,0
https://es.wikipedia.org/wiki/Alfredo_C._Ferreyros_Gaffron,2,0,0,0,0,Alfredo C. Ferreyros Gaffron,ferreyros,peru,2,1,0,0,0,0
https://es.wikipedia.org/wiki/Alfredo_Castro,0,0,0,0,0,Alfredo Castro,concha_chile,chile,0,0,0,0,0,0
https://es.wikipedia.org/wiki/Alfredo_D%C3%ADaz_Ordaz,4,0,0,0,0,Alfredo Díaz Ordaz,díaz_ordaz,mexico,4,1,0,0,0,0
https://es.wikipedia.org/wiki/Alfredo_Etcheberry_Orthusteguy,0,0,0,0,0,Alfredo Etcheberry,etcheberry,chile,0,0,0,0,0,0
https://es.wikipedia.org/wiki/Alfredo_Ferreyros_Ayulo,4,0,0,0,0,Alfredo Ferreyros Ayulo,ferreyros,peru,4,1,0,0,0,0
https://es.wikipedia.org/wiki/Alfredo_Ferreyros_Gildemeister,0,0,0,0,0,Alfredo Ferreyros Gildemeister,ferreyros,peru,0,0,0,0,0,0
https://es.wikipedia.org/wiki/Alfredo_Fortabat,0,0,0,0,0,Alfredo Fortabat,fortabat,argentina,0,0,0,0,0,0
https://es.wikipedia.org/wiki/Alfredo_Gonz%C3%A1lez_Prada,2,0,0,0,0,Alfredo González Prada,de_la_puente,peru,2,1,0,0,0,0
https://es.wikipedia.org/wiki/Alfredo_Prieto_Zenteno,0,0,0,0,0,Alfredo Prieto Zenteno,echaurren,chile,0,0,0,0,0,0
https://es.wikipedia.org/wiki/Alfredo_Salazar_Southwell,0,0,0,0,0,Alfredo Salazar Southwell,salazar_y_meléndez,peru,0,0,0,0,0,0
https://es.wikipedia.org/wiki/Alfredo_Schmidt,0,0,0,0,0,Alfredo Schmidt,schmidt,chile,0,0,0,0,0,0
https://es.wikipedia.org/wiki/Alfredo_V%C3%A1squez_Cobo,0,0,0,0,0,Alfredo Vásquez Cobo,carrizosa,colombia,0,0,0,0,0,0
https://es.wikipedia.org/wiki/Alfredo_V%C3%A1zquez_Carrizosa,0,0,0,0,0,Alfredo Vázquez Carrizosa,carrizosa,colombia,0,0,0,0,0,0
https://es.wikipedia.org/wiki/Alfredo_del_Mazo_Gonz%C3%A1lez,2,0,0,2,0,Alfredo del Mazo González,del_mazo,mexico,4,0.5,0,0,0.5,0
https://es.wikipedia.org/wiki/Alfredo_del_Mazo_Maza,0,0,0,0,0,Alfredo del Mazo Maza,del_mazo,mexico,0,0,0,0,0,0
https://es.wikipedia.org/wiki/Alfredo_del_Mazo_V%C3%A9lez,0,0,0,0,0,Alfredo del Mazo Vélez,del_mazo,mexico,0,0,0,0,0,0
https://es.wikipedia.org/wiki/Alicia_Ca%C3%B1as,0,0,0,0,0,Alicia Cañas,zañartu,chile,0,0,0,0,0,0
https://es.wikipedia.org/wiki/Alicia_Cazzaniga,0,0,0,0,0,Alicia Cazzaniga,bullrich,argentina,0,0,0,0,0,0
https://es.wikipedia.org/wiki/Alicia_Magui%C3%B1a,0,0,0,0,0,Alicia Maguiña,málaga,peru,0,0,0,0,0,0
https://es.wikipedia.org/wiki/Alicia_Moreau_de_Justo,0,0,0,0,0,Alicia Moreau de Justo,justo,argentina,0,0,0,0,0,0
https://es.wikipedia.org/wiki/Alicia_Raquel_Hartridge,0,0,0,0,0,Alicia Raquel Hartridge,videla,argentina,0,0,0,0,0,0
https://es.wikipedia.org/wiki/Alicia_Saadi_de_Dentone,0,0,0,0,0,Alicia Saadi de Dentone,saadi,argentina,0,0,0,0,0,0
https://es.wikipedia.org/wiki/Aline_Kuppenheim,6,0,0,0,0,Aline Kuppenheim,cruz-coke,chile,6,1,0,0,0,0
https://es.wikipedia.org/wiki/Alita_Rom%C3%A1n,0,0,0,0,0,Alita Román,podestá,argentina,0,0,0,0,0,0
https://es.wikipedia.org/wiki/Alma_Dayer_LeBaron,0,0,0,0,0,Alma Dayer LeBaron,lebaron,mexico,0,0,0,0,0,0
"https://es.wikipedia.org/wiki/Alma_Dayer_LeBaron,_Sr.",0,0,0,0,0,Alma Dayer LeBaron,lebaron,mexico,0,0,0,0,0,0
https://es.wikipedia.org/wiki/Alma_Delfina,0,0,0,0,0,Alma Delfina,pinal_hidalgo,mexico,0,0,0,0,0,0
https://es.wikipedia.org/wiki/Alma_Sapag,0,0,0,0,0,Alma Sapag,sapag,argentina,0,0,0,0,0,0
https://es.wikipedia.org/wiki/Alois_Schreiber,0,0,0,0,0,Alois Schreiber,schreiber,peru,0,0,0,0,0,0
https://es.wikipedia.org/wiki/Alonso_Alegr%C3%ADa_Am%C3%A9zquita,0,0,0,0,0,Alonso Alegría Amézquita,alegría,peru,0,0,0,0,0,0
https://es.wikipedia.org/wiki/Alonso_Cano_%28actor%29,0,0,0,0,0,Alonso Cano (actor),cano,peru,0,0,0,0,0,0
https://es.wikipedia.org/wiki/Alonso_Cueto,2,0,0,0,0,Alonso Cueto,cueto_caballero,peru,2,1,0,0,0,0
https://es.wikipedia.org/wiki/Alonso_Garc%C3%ADa_de_Z%C3%BA%C3%B1iga,0,2,2,2,0,Alonso García de Zúñiga,warnes,argentina,6,0,0.3333333333333333,0.3333333333333333,0.3333333333333333,0
https://es.wikipedia.org/wiki/Alonso_Hern%C3%A1ndez_Portocarrero,0,0,0,0,0,Alonso Hernández Portocarrero,pizarro,colombia,0,0,0,0,0,0
https://es.wikipedia.org/wiki/Alonso_III_de_Fonseca,0,0,0,0,0,Alonso III de Fonseca,ulloa,chile,0,0,0,0,0,0
https://es.wikipedia.org/wiki/Alonso_II_de_Fonseca,2,0,0,0,0,Alonso II de Fonseca,ulloa,peru,2,1,0,0,0,0
https://es.wikipedia.org/wiki/Alonso_Tito_Atauchi,1,0,0,0,0,Alonso Tito Atauchi,tito,peru,1,1,0,0,0,0
https://es.wikipedia.org/wiki/Alonso_de_Castilla_Tito_Atauchi_Inca,0,0,0,0,0,Alonso de Castilla Tito Atauchi Inca,tito,peru,0,0,0,0,0,0
https://es.wikipedia.org/wiki/Am%C3%A1n_Rawson,6,0,0,0,0,Amán Rawson,rojo,argentina,6,1,0,0,0,0
https://es.wikipedia.org/wiki/Amada_D%C3%ADaz,2,0,0,0,0,Amada Díaz,díaz,mexico,2,1,0,0,0,0
https://es.wikipedia.org/wiki/Amadeo_Sabattini,0,0,0,0,0,Amadeo Sabattini,sabattini,argentina,0,0,0,0,0,0
https://es.wikipedia.org/wiki/Amadeo_de_Pi%C3%A9rola,1,0,0,0,0,Amadeo de Piérola,piérola,peru,1,1,0,0,0,0
https://es.wikipedia.org/wiki/Amado_Sapag,0,0,0,0,0,Amado Sapag,sapag,argentina,0,0,0,0,0,0
https://es.wikipedia.org/wiki/Amador_Vaz_de_Alpoim,0,0,0,0,0,Amador Vaz de Alpoim,alpoim,argentina,0,0,0,0,0,0
https://es.wikipedia.org/wiki/Amador_del_Solar_C%C3%A1rdenas,0,0,0,0,0,Amador del Solar Cárdenas,del_solar,peru,0,0,0,0,0,0
https://es.wikipedia.org/wiki/Amalia_Amoedo,2,0,0,0,0,Amalia Amoedo,fortabat,argentina,2,1,0,0,0,0
https://es.wikipedia.org/wiki/Amalia_Lacroze_de_Fortabat,2,0,0,0,0,Amalia Lacroze de Fortabat,fortabat,argentina,2,1,0,0,0,0
https://es.wikipedia.org/wiki/Amalia_Sol%C3%B3rzano,9,0,0,0,0,Amalia Solórzano,cárdenas,mexico,9,1,0,0,0,0
https://es.wikipedia.org/wiki/Amancio_Williams,2,0,0,0,0,Amancio Williams,bunge,argentina,2,1,0,0,0,0
https://es.wikipedia.org/wiki/Ambrosio_L%C3%B3pez,2,0,0,0,0,Ambrosio López,lópez,colombia,2,1,0,0,0,0
https://es.wikipedia.org/wiki/Ambrosio_Montt_Luco,7,0,0,0,0,Ambrosio Montt Luco,montt,chile,7,1,0,0,0,0
https://es.wikipedia.org/wiki/Ambrosio_O%27Higgins,1,0,0,0,0,Ambrosio O'Higgins,cruz_chile,chile,1,1,0,0,0,0
https://es.wikipedia.org/wiki/Amelia_Solar_de_Claro,4,0,0,2,0,Amelia Solar de Claro,claro_chile,chile,6,0.6666666666666666,0,0,0.3333333333333333,0
https://es.wikipedia.org/wiki/Amenodoro_Urdaneta,0,0,1,1,0,Amenodoro Urdaneta,parís,colombia,2,0,0,0.5,0.5,0
https://es.wikipedia.org/wiki/Amparo_Noguera,20,0,0,0,0,Amparo Noguera,portales,chile,20,1,0,0,0,0
https://es.wikipedia.org/wiki/An%C3%ADbal_Ch%C3%A1vez,2,0,0,0,0,Aníbal Chávez,chávez,venezuela,2,1,0,0,0,0
https://es.wikipedia.org/wiki/An%C3%ADbal_Ch%C3%A1vez_Fr%C3%ADas,2,0,0,0,0,Aníbal Chávez,chávez,venezuela,2,1,0,0,0,0
https://es.wikipedia.org/wiki/An%C3%ADbal_Fern%C3%A1ndez_de_Soto,0,0,0,1,0,Aníbal Fernández de Soto,camacho,colombia,1,0,0,0,1,0
https://es.wikipedia.org/wiki/An%C3%ADbal_Fern%C3%A1ndez_de_Soto_Valderrama,0,0,0,0,0,Aníbal Fernández de Soto Valderrama,camacho,colombia,0,0,0,0,0,0
https://es.wikipedia.org/wiki/An%C3%ADbal_Pinto,9,0,8,0,0,Aníbal Pinto,cruz_chile,chile,17,0.5294117647058824,0,0.47058823529411764,0,0
https://es.wikipedia.org/wiki/An%C3%ADbal_Pinto_Garmendia,12,0,0,0,0,Aníbal Pinto,cruz_chile,chile,12,1,0,0,0,0
https://es.wikipedia.org/wiki/An%C3%ADbal_Pinto_Santa_Cruz,2,0,0,0,0,Aníbal Pinto Santa Cruz,pinto_chile,chile,2,1,0,0,0,0
https://es.wikipedia.org/wiki/Ana_Carolina_Gaillard,0,0,0,1,0,Ana Carolina Gaillard,rodríguez_saá,argentina,1,0,0,0,1,0
https://es.wikipedia.org/wiki/Ana_Echazarreta,0,0,0,0,0,Ana Echazarreta,sanfuentes,chile,0,0,0,0,0,0
https://es.wikipedia.org/wiki/Ana_Echazarreta_P%C3%A9rez_Cotapos,0,0,0,0,0,Ana Echazarreta,sanfuentes,chile,0,0,0,0,0,0
https://es.wikipedia.org/wiki/Ana_Faustina_Sarmiento,0,0,0,2,0,Ana Faustina Sarmiento,sarsfield,argentina,2,0,0,0,1,0
https://es.wikipedia.org/wiki/Ana_Jacoba_Garc%C3%ADa_de_Z%C3%BA%C3%B1iga,12,6,12,12,0,Ana Jacoba García de Zúñiga,warnes,argentina,42,0.2857142857142857,0.14285714285714285,0.2857142857142857,0.2857142857142857,0
https://es.wikipedia.org/wiki/Ana_Luisa_Dev%C3%A9s,0,0,0,0,0,Ana Luisa Devés,undurraga,chile,0,0,0,0,0,0
https://es.wikipedia.org/wiki/Ana_Luz_Figueroa,0,0,0,0,0,Ana Luz Figueroa,pinto_chile,chile,0,0,0,0,0,0
https://es.wikipedia.org/wiki/Ana_Mar%C3%ADa_Barrenechea_Gr%C3%BCnwald,0,0,0,0,0,Ana María Barrenechea Grünwald,barrenechea_chile,chile,0,0,0,0,0,0
https://es.wikipedia.org/wiki/Ana_Mar%C3%ADa_Busquets_de_Cano,2,0,0,0,0,Ana María Busquets,cano,colombia,2,1,0,0,0,0
https://es.wikipedia.org/wiki/Ana_Mar%C3%ADa_Gazmuri,2,0,2,0,0,Ana María Gazmuri,vicuña,chile,4,0.5,0,0.5,0,0
https://es.wikipedia.org/wiki/Ana_Mar%C3%ADa_Groot,0,0,1,0,0,Ana María Groot,groot,colombia,1,0,0,1,0,0
https://es.wikipedia.org/wiki/Ana_Mar%C3%ADa_Huarte,0,0,0,0,0,Ana María Huarte,iturbide,mexico,0,0,0,0,0,0
https://es.wikipedia.org/wiki/Ana_Mar%C3%ADa_Orozco,2,0,0,0,0,Ana María Orozco,del_solar,colombia,2,1,0,0,0,0
https://es.wikipedia.org/wiki/Ana_Mar%C3%ADa_Palma,9,0,6,0,0,Ana María Palma,vicuña,chile,15,0.6,0,0.4,0,0
https://es.wikipedia.org/wiki/Ana_Mar%C3%ADa_Romero,0,0,0,0,0,Ana María Romero,campero,bolivia,0,0,0,0,0,0
https://es.wikipedia.org/wiki/Ana_Mar%C3%ADa_Salvadora_de_Ot%C3%A1lora_y_Ribero,2,0,0,0,0,Ana María Salvadora de Otálora y Ribero,otálora,argentina,2,1,0,0,0,0
https://es.wikipedia.org/wiki/Ana_Mar%C3%ADa_Vicu%C3%B1a,2,0,0,0,0,Ana María Vicuña,vicuña,chile,2,1,0,0,0,0
https://es.wikipedia.org/wiki/Ana_Mar%C3%ADa_Westphalen,0,0,0,0,0,Ana María Westphalen,miró_quesada,peru,0,0,0,0,0,0
https://es.wikipedia.org/wiki/Ana_Mercedes_G%C3%B3mez,0,0,0,0,0,Ana Mercedes Gómez,gómez_martínez,colombia,0,0,0,0,0,0
https://es.wikipedia.org/wiki/Ana_Monterroso,0,0,0,0,0,Ana Monterroso de Lavalleja,lavalleja,uruguay,0,0,0,0,0,0
https://es.wikipedia.org/wiki/Ana_Monterroso_de_Lavalleja,0,0,0,0,0,Ana Monterroso de Lavalleja,lavalleja,uruguay,0,0,0,0,0,0
https://es.wikipedia.org/wiki/Ana_Perichon,2,0,0,0,0,Ana Perichon,o'gorman,argentina,2,1,0,0,0,0
https://es.wikipedia.org/wiki/Ana_de_Azcu%C3%A9naga_de_Olaguer_Feli%C3%BA,12,0,0,0,0,Ana de Azcuénaga de Olaguer Feliú,azcuénaga,argentina,12,1,0,0,0,0
https://es.wikipedia.org/wiki/Ana_de_Narv%C3%A1ez_de_Caro,0,2,2,2,0,Ana de Narváez de Caro,caicedo,colombia,6,0,0.3333333333333333,0.3333333333333333,0.3333333333333333,0
https://es.wikipedia.org/wiki/Anacarsis_Lan%C3%BAs,0,0,0,0,0,Anacarsis Lanús,lanusse,argentina,0,0,0,0,0,0
https://es.wikipedia.org/wiki/Anacarsis_Lan%C3%BAs_%28hijo%29,0,0,0,0,0,Anacarsis Lanús (hijo),lanusse,argentina,0,0,0,0,0,0
https://es.wikipedia.org/wiki/Anacleto_Clemente_Bol%C3%ADvar,0,0,0,0,0,Anacleto Clemente Bolívar,palacios_venezuela,venezuela,0,0,0,0,0,0
https://es.wikipedia.org/wiki/Andr%C3%A9s_Allamand,6,0,0,0,0,Andrés Allamand,allamand,chile,6,1,0,0,0,0
https://es.wikipedia.org/wiki/Andr%C3%A9s_Arambur%C3%BA_Menchaca,2,0,0,0,0,Andrés Aramburú Menchaca,aramburú,peru,2,1,0,0,0,0
https://es.wikipedia.org/wiki/Andr%C3%A9s_Arambur%C3%BA_Salinas,6,0,0,0,0,Andrés Aramburú Salinas,aramburú,peru,6,1,0,0,0,0
https://es.wikipedia.org/wiki/Andr%C3%A9s_Arambur%C3%BA_Sarrio,2,0,0,0,0,Andrés Aramburú Sarrio,aramburú,peru,2,1,0,0,0,0
https://es.wikipedia.org/wiki/Andr%C3%A9s_Avelino_Arambur%C3%BA_Salinas,12,0,0,0,0,Andrés Aramburú Salinas,aramburú,peru,12,1,0,0,0,0
https://es.wikipedia.org/wiki/Andr%C3%A9s_Avelino_Arambur%C3%BA_Sarrio,12,0,0,0,0,Andrés Aramburú Sarrio,aramburú,peru,12,1,0,0,0,0
https://es.wikipedia.org/wiki/Andr%C3%A9s_Aylwin,1,0,0,0,0,Andrés Aylwin,aylwin,chile,1,1,0,0,0,0
https://es.wikipedia.org/wiki/Andr%C3%A9s_Bello,0,0,0,0,0,Andrés Bello,bello,chile,0,0,0,0,0,0
https://es.wikipedia.org/wiki/Andr%C3%A9s_Bolognesi,2,0,0,0,0,Andrés Bolognesi,bolognesi,peru,2,1,0,0,0,0
https://es.wikipedia.org/wiki/Andr%C3%A9s_Chadwick,0,0,0,0,0,Andrés Chadwick,chadwick,chile,0,0,0,0,0,0
https://es.wikipedia.org/wiki/Andr%C3%A9s_Di_Tella,0,0,0,0,0,Andrés Di Tella,di_tella,argentina,0,0,0,0,0,0
https://es.wikipedia.org/wiki/Andr%C3%A9s_Marroqu%C3%ADn_Osorio,0,1,0,0,0,Andrés Marroquín Osorio,ricaurte,colombia,1,0,1,0,0,0
https://es.wikipedia.org/wiki/Andr%C3%A9s_Ni%C3%B1o,0,0,0,0,0,Andrés Niño,niño,colombia,0,0,0,0,0,0
https://es.wikipedia.org/wiki/Andr%C3%A9s_Palma,2,0,0,0,0,Andrés Palma,vicuña,chile,2,1,0,0,0,0
https://es.wikipedia.org/wiki/Andr%C3%A9s_Pardo_Tovar,0,0,0,0,0,Andrés Pardo Tovar,álvarez_del_casal,colombia,0,0,0,0,0,0
https://es.wikipedia.org/wiki/Andr%C3%A9s_Pascal_Allende,0,0,0,0,0,Andrés Pascal Allende,allende,chile,0,0,0,0,0,0
https://es.wikipedia.org/wiki/Andr%C3%A9s_Pastrana,4,0,0,0,0,Andrés Pastrana,borrero,colombia,4,1,0,0,0,0
https://es.wikipedia.org/wiki/Andr%C3%A9s_Pastrana_Arango,9,0,0,0,0,Andrés Pastrana,borrero,colombia,9,1,0,0,0,0
https://es.wikipedia.org/wiki/Andr%C3%A9s_Pedraza,6,0,3,0,0,Andrés Pedraza,billinghurst,argentina,9,0.6666666666666666,0,0.3333333333333333,0,0
https://es.wikipedia.org/wiki/Andr%C3%A9s_Samper_Gnecco,6,0,3,0,0,Andrés Samper Gnecco,gnecco,colombia,9,0.6666666666666666,0,0.3333333333333333,0,0
https://es.wikipedia.org/wiki/Andr%C3%A9s_Townsend,0,0,0,0,0,Andrés Townsend,diez_canseco,peru,0,0,0,0,0,0
https://es.wikipedia.org/wiki/Andr%C3%A9s_Velasco_%28actor%29,0,0,0,0,0,Andrés Velasco (actor),velasco_chile,chile,0,0,0,0,0,0
https://es.wikipedia.org/wiki/Andr%C3%A9s_Velasco_Bra%C3%B1es,2,0,2,0,0,Andrés Velasco Brañes,velasco_chile,chile,4,0.5,0,0.5,0,0
https://es.wikipedia.org/wiki/Andr%C3%A9s_Villamizar,2,0,2,2,0,Andrés Villamizar,pachón,colombia,6,0.3333333333333333,0,0.3333333333333333,0.3333333333333333,0
https://es.wikipedia.org/wiki/Andr%C3%A9s_Wiese,12,0,0,0,0,Andrés Wiese,lavalle,peru,12,1,0,0,0,0
https://es.wikipedia.org/wiki/Andr%C3%A9s_de_Salazar_y_Mu%C3%B1atones,2,0,0,0,0,Andrés de Salazar y Muñatones,salazar_y_muñatones,peru,2,1,0,0,0,0
https://es.wikipedia.org/wiki/Andr%C3%B3nico_Luk%C5%A1i%C4%87_Abaroa,0,6,0,8,0,Andrónico Lukšić Abaroa,luksic,chile,14,0,0.42857142857142855,0,0.5714285714285714,0
https://es.wikipedia.org/wiki/Andr%C3%B3nico_Luk%C5%A1i%C4%87_Craig,1,0,0,0,0,Andrónico Lukšić Craig,luksic,chile,1,1,0,0,0,0
https://es.wikipedia.org/wiki/Andr%C3%B3nico_Luksi%C4%87_Craig,0,0,1,1,0,Andrónico Lukšić Craig,fontbona,chile,2,0,0,0.5,0.5,0
https://es.wikipedia.org/wiki/Andr%C3%B3nico_Luksic_Abaroa,12,0,0,0,0,Andrónico Lukšić Abaroa,fontbona,chile,12,1,0,0,0,0
https://es.wikipedia.org/wiki/Andre%C3%ADna_Baduel,0,0,0,0,0,Andreína Baduel,baduel,venezuela,0,0,0,0,0,0
https://es.wikipedia.org/wiki/Andrea_Casiraghi,0,0,1,1,0,Andrea Casiraghi,santo_domingo,colombia,2,0,0,0.5,0.5,0
https://es.wikipedia.org/wiki/Andrea_Garc%C3%ADa-Huidobro,2,0,0,0,0,Andrea García-Huidobro,garcía-huidobro,chile,2,1,0,0,0,0
https://es.wikipedia.org/wiki/Andrea_Llosa,0,0,0,0,0,Andrea Llosa,llosa,peru,0,0,0,0,0,0
https://es.wikipedia.org/wiki/Andrea_Palma_%28actriz%29,0,0,0,0,0,Andrea Palma (actriz),bracho,mexico,0,0,0,0,0,0
https://es.wikipedia.org/wiki/Andrea_Revueltas,0,0,0,0,0,Andrea Revueltas,revueltas_sánchez,mexico,0,0,0,0,0,0
https://es.wikipedia.org/wiki/Andrés_Pascal_Allende,0,0,0,0,0,Andrés Pascal Allende,allende,chile,0,0,0,0,0,0
https://es.wikipedia.org/wiki/Anel_Townsend,0,0,0,0,0,Anel Townsend,diez_canseco,peru,0,0,0,0,0,0
https://es.wikipedia.org/wiki/Ang%C3%A9lica_Castro,0,0,0,0,0,Angélica Castro,garcía-huidobro,chile,0,0,0,0,0,0
https://es.wikipedia.org/wiki/Ang%C3%A9lica_Jovita_Garc%C3%ADa,0,0,0,0,0,Angélica Jovita García,garcía-mansilla,argentina,0,0,0,0,0,0
https://es.wikipedia.org/wiki/Anita_Fernandini_de_Naranjo,0,0,0,0,0,Anita Fernandini de Naranjo,álvarez_calderón,peru,0,0,0,0,0,0
https://es.wikipedia.org/wiki/Anna_Chiappe,9,0,0,0,0,Anna Chiappe,mariátegui,peru,9,1,0,0,0,0
https://es.wikipedia.org/wiki/Annabella_Az%C3%ADn,2,0,0,0,0,Annabella Azín,noboa,ecuador,2,1,0,0,0,0
https://es.wikipedia.org/wiki/Anselmo_S%C3%A1enz_Valiente,0,0,0,0,0,Anselmo Sáenz Valiente,pueyrredón,argentina,0,0,0,0,0,0
https://es.wikipedia.org/wiki/Antauro_Humala,2,0,0,0,0,Antauro Humala,humala,peru,2,1,0,0,0,0
https://es.wikipedia.org/wiki/Antol%C3%ADn_Robles_y_Lugo,0,0,0,0,0,Antolín Robles y Lugo,robles_arnao,peru,0,0,0,0,0,0
https://es.wikipedia.org/wiki/Antonia_Maza,4,0,0,0,0,Antonia Maza,maza,argentina,4,1,0,0,0,0
https://es.wikipedia.org/wiki/Antonia_Maza_de_Alsina,2,0,0,0,0,Antonia Maza,maza,argentina,2,1,0,0,0,0
https://es.wikipedia.org/wiki/Antonia_Ricaurte_Nari%C3%B1o,2,0,0,0,0,Antonia Ricaurte Nariño,nariño,colombia,2,1,0,0,0,0
https://es.wikipedia.org/wiki/Antonia_Vergara_y_Sanz_de_Santamar%C3%ADa,16,0,4,0,0,Antonia Vergara y Sanz de Santamaría,caicedo,colombia,20,0.8,0,0.2,0,0
https://es.wikipedia.org/wiki/Antonia_Zegers,2,0,0,2,0,Antonia Zegers,matte,chile,4,0.5,0,0,0.5,0
https://es.wikipedia.org/wiki/Antonio_Aguilar,12,0,0,0,0,Antonio Aguilar,aguilar,mexico,12,1,0,0,0,0
https://es.wikipedia.org/wiki/Antonio_Aguilar_hijo,6,0,0,3,0,Antonio Aguilar hijo,aguilar,mexico,9,0.6666666666666666,0,0,0.3333333333333333,0
https://es.wikipedia.org/wiki/Antonio_Arboleda_y_Arrachea,1,0,0,0,0,Antonio Arboleda y Arrachea,arboleda,colombia,1,1,0,0,0,0
https://es.wikipedia.org/wiki/Antonio_Arenas,2,0,0,0,0,Antonio Arenas,arenas,peru,2,1,0,0,0,0
https://es.wikipedia.org/wiki/Antonio_Basilio_Cuervo,1,0,0,0,0,Antonio Basilio Cuervo,cuervo,colombia,1,1,0,0,0,0
https://es.wikipedia.org/wiki/Antonio_Beingolea_Balarezo,0,0,0,0,0,Antonio Beingolea Balarezo,beingolea,peru,0,0,0,0,0,0
https://es.wikipedia.org/wiki/Antonio_Bela%C3%BAnde_Moreyra,2,0,0,0,0,Antonio Belaúnde Moreyra,belaúnde,peru,2,1,0,0,0,0
https://es.wikipedia.org/wiki/Antonio_Bent%C3%ADn,0,0,0,0,0,Antonio Bentín,mujica,peru,0,0,0,0,0,0
https://es.wikipedia.org/wiki/Antonio_Caballero_Holgu%C3%ADn,0,0,0,0,0,Antonio Caballero Holguín,caballero,colombia,0,0,0,0,0,0
https://es.wikipedia.org/wiki/Antonio_Cafiero,2,0,2,0,0,Antonio Cafiero,cafiero,argentina,4,0.5,0,0.5,0,0
https://es.wikipedia.org/wiki/Antonio_Calzada_Urqu%C3%ADza,0,0,0,0,0,Antonio Calzada Urquíza,rovirosa,mexico,0,0,0,0,0,0
https://es.wikipedia.org/wiki/Antonio_Campos_Di_Girolamo,12,0,0,0,0,Antonio Campos Di Girolamo,di_girolamo,chile,12,1,0,0,0,0
https://es.wikipedia.org/wiki/Antonio_Candioti_y_Mujica,0,0,0,0,0,Antonio Candioti y Mujica,candioti,argentina,0,0,0,0,0,0
https://es.wikipedia.org/wiki/Antonio_Febres-Cordero,0,0,0,0,0,Antonio Febres-Cordero,febres-cordero,venezuela,0,0,0,0,0,0
https://es.wikipedia.org/wiki/Antonio_Gal%C3%A1n,0,0,0,0,0,Antonio Galán,galán,colombia,0,0,0,0,0,0
https://es.wikipedia.org/wiki/Antonio_Gonz%C3%A1lez_Balcarce,2,0,0,0,0,Antonio González Balcarce,balcarce,argentina,2,1,0,0,0,0
https://es.wikipedia.org/wiki/Antonio_Guzm%C3%A1n_Blanco,2,0,0,0,0,Antonio Guzmán Blanco,blanco_venezuela,colombia,2,1,0,0,0,0
https://es.wikipedia.org/wiki/Antonio_Jos%C3%A9_Lemos_Guzm%C3%A1n,0,0,0,0,0,Antonio Lemos Guzmán,lemos,colombia,0,0,0,0,0,0
https://es.wikipedia.org/wiki/Antonio_Jos%C3%A9_de_Escalada,1,20,6,10,5,Antonio José de Escalada,balcarce,argentina,42,0.023809523809523808,0.47619047619047616,0.14285714285714285,0.23809523809523808,0.11904761904761904
https://es.wikipedia.org/wiki/Antonio_Jos%C3%A9_de_Sucre,6,0,0,0,0,Antonio José de Sucre,sucre,colombia,6,1,0,0,0,0
https://es.wikipedia.org/wiki/Antonio_Leal,0,0,0,0,0,Antonio Leal,schmidt,chile,0,0,0,0,0,0
https://es.wikipedia.org/wiki/Antonio_Lemos_Guzm%C3%A1n,0,0,0,0,0,Antonio Lemos Guzmán,lemos,colombia,0,0,0,0,0,0
https://es.wikipedia.org/wiki/Antonio_Leocadio_Guzm%C3%A1n,0,0,0,0,0,Antonio Leocadio Guzmán,blanco_venezuela,venezuela,0,0,0,0,0,0
https://es.wikipedia.org/wiki/Antonio_Lozano_Gracia,0,0,0,0,0,Antonio Lozano Gracia,aguilar,mexico,0,0,0,0,0,0
https://es.wikipedia.org/wiki/Antonio_Mallarino_Pardo,0,0,0,0,0,Antonio Mallarino Pardo,cabal,colombia,0,0,0,0,0,0
https://es.wikipedia.org/wiki/Antonio_Mir%C3%B3_Quesada_de_la_Guerra,0,0,0,0,0,Antonio Miró Quesada de la Guerra,miró_quesada,peru,0,0,0,0,0,0
https://es.wikipedia.org/wiki/Antonio_Nari%C3%B1o,6,0,0,0,0,Antonio Nariño,álvarez_del_casal,colombia,6,1,0,0,0,0
https://es.wikipedia.org/wiki/Antonio_Nari%C3%B1o_Ortega,2,0,0,0,0,Antonio Nariño Ortega,álvarez_del_casal,colombia,2,1,0,0,0,0
https://es.wikipedia.org/wiki/Antonio_Olaguer_Feli%C3%BA,6,0,0,0,0,Antonio Olaguer Feliú,azcuénaga,argentina,6,1,0,0,0,0
https://es.wikipedia.org/wiki/Antonio_Par%C3%ADs_Ricaurte,2,0,0,0,0,Antonio París Ricaurte,parís,colombia,2,1,0,0,0,0
https://es.wikipedia.org/wiki/Antonio_Par%C3%ADs_Sanz_de_Santamar%C3%ADa,0,0,0,0,0,Antonio París Sanz de Santamaría,parís,colombia,0,0,0,0,0,0
https://es.wikipedia.org/wiki/Antonio_Podest%C3%A1,6,0,0,0,0,Antonio Podestá,podestá,argentina,6,1,0,0,0,0
https://es.wikipedia.org/wiki/Antonio_Samper_Uribe,0,0,0,0,0,Antonio Samper Uribe,samper,colombia,0,0,0,0,0,0
https://es.wikipedia.org/wiki/Antonio_Santamarina,0,0,0,0,0,Antonio Santamarina,santamarina,argentina,0,0,0,0,0,0
https://es.wikipedia.org/wiki/Antonio_Sebasti%C3%A1n_de_Toledo_Molina_y_Salazar,2,0,0,0,0,Antonio Sebastián de Toledo Molina y Salazar,leyva,colombia,2,1,0,0,0,0
https://es.wikipedia.org/wiki/Antonio_Subercaseaux,0,2,2,2,0,Antonio Subercaseaux,subercaseaux,chile,6,0,0.3333333333333333,0.3333333333333333,0.3333333333333333,0
https://es.wikipedia.org/wiki/Antonio_Vodanovic,0,0,0,0,0,Antonio Vodanovic,vodanovic,chile,0,0,0,0,0,0
https://es.wikipedia.org/wiki/Antonio_de_Mier_y_Celis,0,0,0,0,0,Antonio de Mier y Celis,mier_y_terán,mexico,0,0,0,0,0,0
https://es.wikipedia.org/wiki/Antonio_de_Ulloa,2,0,0,0,0,Antonio de Ulloa,remírez_de_laredo,peru,2,1,0,0,0,0
https://es.wikipedia.org/wiki/Antonio_de_Vergara_Azc%C3%A1rate,0,1,0,0,0,Antonio de Vergara Azcárate,vergara-azcárate,colombia,1,0,1,0,0,0
https://es.wikipedia.org/wiki/Antonio_de_Vergara_Azc%C3%A1rate_y_D%C3%A1vila,4,0,0,0,0,Antonio de Vergara Azcárate,olmos,colombia,4,1,0,0,0,0
https://es.wikipedia.org/wiki/Antonio_de_la_R%C3%BAa,9,0,0,0,0,Antonio de la Rúa,de_la_rúa,argentina,9,1,0,0,0,0
https://es.wikipedia.org/wiki/Antonio_de_la_R%C3%BAa_%28pol%C3%ADtico%29,2,0,0,0,0,Antonio de la Rúa (político),de_la_rúa,argentina,2,1,0,0,0,0
https://es.wikipedia.org/wiki/Antonio_de_la_Torre_del_Mar_M%C3%A1rquez,0,0,0,0,0,Antonio de la Torre del Mar Márquez,de_la_torre,peru,0,0,0,0,0,0
https://es.wikipedia.org/wiki/Aparicio_Podest%C3%A1,2,0,0,0,0,Aparicio Podestá,podestá,argentina,2,1,0,0,0,0
https://es.wikipedia.org/wiki/Aquilino_Villegas_Hoyos,0,0,0,0,0,Aquilino Villegas Hoyos,villegas_colombia,colombia,0,0,0,0,0,0
https://es.wikipedia.org/wiki/Araceli_Juli%C3%A1n,0,0,0,0,0,Araceli Julián,valdés,mexico,0,0,0,0,0,0
https://es.wikipedia.org/wiki/Araceli_Vitta,0,0,0,0,0,Araceli Vitta,garcía-huidobro,chile,0,0,0,0,0,0
https://es.wikipedia.org/wiki/Argenis_Ch%C3%A1vez,2,0,0,0,0,Argenis Chávez,chávez,venezuela,2,1,0,0,0,0
https://es.wikipedia.org/wiki/Argenis_Ch%C3%A1vez_Fr%C3%ADas,2,0,0,0,0,Argenis Chávez,chávez,venezuela,2,1,0,0,0,0
https://es.wikipedia.org/wiki/Argentino_Podest%C3%A1,0,0,0,0,0,Argentino Podestá,podestá,argentina,0,0,0,0,0,0
https://es.wikipedia.org/wiki/Ariadna_Welter,0,0,0,0,0,Ariadne Welter,pinal_hidalgo,mexico,0,0,0,0,0,0
https://es.wikipedia.org/wiki/Ariel_L%C3%B3pez_Padilla,0,0,0,0,0,Ariel López Padilla,fernández_veraud,mexico,0,0,0,0,0,0
https://es.wikipedia.org/wiki/Arist%C3%B3teles_Onassis,12,0,0,0,0,Aristóteles Onassis,onassis,argentina,12,1,0,0,0,0
https://es.wikipedia.org/wiki/Armando_Robles_Godoy,2,0,0,0,0,Armando Robles Godoy,robles,peru,2,1,0,0,0,0
https://es.wikipedia.org/wiki/Armando_Samper,0,0,1,1,0,Armando Samper,gnecco,colombia,2,0,0,0.5,0.5,0
https://es.wikipedia.org/wiki/Armando_Samper_Gnecco,0,0,0,1,0,Armando Samper,samper,colombia,1,0,0,0,1,0
https://es.wikipedia.org/wiki/Artidoro_Garc%C3%ADa_Godos,0,0,0,0,0,Artidoro García Godos,garcía_godos,peru,0,0,0,0,0,0
https://es.wikipedia.org/wiki/Arturo_Alessandri,2,16,10,8,0,Arturo Alessandri,morandé,chile,36,0.05555555555555555,0.4444444444444444,0.2777777777777778,0.2222222222222222,0
https://es.wikipedia.org/wiki/Arturo_Alessandri_Besa,0,0,0,0,0,Arturo Alessandri Besa,velasco_chile,chile,0,0,0,0,0,0
https://es.wikipedia.org/wiki/Arturo_Alessandri_Palma,3,0,0,2,0,Arturo Alessandri,velasco_chile,chile,5,0.6,0,0,0.4,0
https://es.wikipedia.org/wiki/Arturo_Alessandri_Rodr%C3%ADguez,4,1,4,3,0,Arturo Alessandri Rodríguez,velasco_chile,chile,12,0.3333333333333333,0.08333333333333333,0.3333333333333333,0.25,0
https://es.wikipedia.org/wiki/Arturo_Aylwin,1,0,0,0,0,Arturo Aylwin,aylwin,chile,1,1,0,0,0,0
https://es.wikipedia.org/wiki/Arturo_Borja,0,0,0,0,0,Arturo Borja,borja,ecuador,0,0,0,0,0,0
https://es.wikipedia.org/wiki/Arturo_Bullrich,0,0,0,0,0,Arturo Bullrich,bullrich,argentina,0,0,0,0,0,0
https://es.wikipedia.org/wiki/Arturo_Char,1,0,1,0,0,Arturo Char,char,colombia,2,0.5,0,0.5,0,0
https://es.wikipedia.org/wiki/Arturo_Corcuera,0,0,0,0,0,Arturo Corcuera,corcuera,peru,0,0,0,0,0,0
https://es.wikipedia.org/wiki/Arturo_Droguett,0,0,0,0,0,Arturo Droguett,valdés_chile,chile,0,0,0,0,0,0
https://es.wikipedia.org/wiki/Arturo_Edwards_Ross,4,0,0,0,0,Arturo Edwards Ross,edwards,chile,4,1,0,0,0,0
https://es.wikipedia.org/wiki/Arturo_Fontaine_Aldunate,2,0,0,0,0,Arturo Fontaine Aldunate,fontaine,chile,2,1,0,0,0,0
https://es.wikipedia.org/wiki/Arturo_Fontaine_Talavera,2,0,0,0,0,Arturo Fontaine Talavera,fontaine,chile,2,1,0,0,0,0
https://es.wikipedia.org/wiki/Arturo_Heber_F%C3%BCllgraff,0,0,0,0,0,Arturo Heber Füllgraff,heber,uruguay,0,0,0,0,0,0
https://es.wikipedia.org/wiki/Arturo_Illia,1,0,0,0,0,Arturo Umberto Illia,illia,argentina,1,1,0,0,0,0
https://es.wikipedia.org/wiki/Arturo_Mackenna_%C3%8D%C3%B1iguez,0,0,0,0,0,Arturo Mackenna Íñiguez,mackenna,chile,0,0,0,0,0,0
https://es.wikipedia.org/wiki/Arturo_Mackenna_Shiell,0,0,0,0,0,Arturo Mackenna Shiell,mackenna,chile,0,0,0,0,0,0
https://es.wikipedia.org/wiki/Arturo_Matte,2,0,0,0,0,Arturo Matte,matte,chile,2,1,0,0,0,0
https://es.wikipedia.org/wiki/Arturo_Matte_Alessandri,4,0,0,0,0,Arturo Matte Alessandri,matte,chile,4,1,0,0,0,0
https://es.wikipedia.org/wiki/Arturo_Matte_Larra%C3%ADn,1,0,0,0,0,Arturo Matte,matte,chile,1,1,0,0,0,0
https://es.wikipedia.org/wiki/Arturo_Podest%C3%A1,2,0,0,0,0,Arturo Podestá,podestá,argentina,2,1,0,0,0,0
https://es.wikipedia.org/wiki/Arturo_Prat_Carvajal,6,0,0,0,0,Arturo Prat Carvajal,echaurren,chile,6,1,0,0,0,0
https://es.wikipedia.org/wiki/Arturo_Prat_Chac%C3%B3n,2,0,0,0,0,Arturo Prat,echaurren,chile,2,1,0,0,0,0
https://es.wikipedia.org/wiki/Arturo_Puga,0,0,0,0,0,Arturo Puga,camargo,chile,0,0,0,0,0,0
https://es.wikipedia.org/wiki/Arturo_Rawson,0,0,0,0,0,Arturo Rawson,rawson,argentina,0,0,0,0,0,0
https://es.wikipedia.org/wiki/Arturo_Rodr%C3%ADguez_Jurado,0,0,0,0,0,Arturo Rodríguez Jurado,"rodríguez_(san_luis,_argentina)",argentina,0,0,0,0,0,0
https://es.wikipedia.org/wiki/Arturo_Salazar_Larra%C3%ADn,0,0,0,0,0,Arturo Salazar Larraín,salazar_y_meléndez,peru,0,0,0,0,0,0
https://es.wikipedia.org/wiki/Arturo_Yrarr%C3%A1zaval_Correa,0,0,1,0,0,Arturo Yrarrázaval Correa,mackenna,chile,1,0,0,1,0,0
https://es.wikipedia.org/wiki/Atahualpa,1,0,0,0,0,Atahualpa,pizarro,chile,1,1,0,0,0,0
https://es.wikipedia.org/wiki/Ataliva_Roca,1,0,0,0,0,Ataliva Roca,paz,argentina,1,1,0,0,0,0
https://es.wikipedia.org/wiki/Athina_Livanos,6,0,0,0,0,Athina Livanos,onassis,argentina,6,1,0,0,0,0
https://es.wikipedia.org/wiki/Athina_Roussel,2,0,0,0,0,Athina Roussel,onassis,argentina,2,1,0,0,0,0
https://es.wikipedia.org/wiki/Augusto_Althaus,1,0,0,0,0,Augusto Althaus,althaus,peru,1,1,0,0,0,0
https://es.wikipedia.org/wiki/Augusto_B._Legu%C3%ADa,12,0,0,0,0,Augusto Leguía,diez_canseco,peru,12,1,0,0,0,0
https://es.wikipedia.org/wiki/Augusto_Bel%C3%ADn_Sarmiento,0,0,0,0,0,Augusto Belín Sarmiento,sarmiento,argentina,0,0,0,0,0,0
https://es.wikipedia.org/wiki/Augusto_Bolognesi,0,0,0,0,0,Augusto Bolognesi,bolognesi,peru,0,0,0,0,0,0
https://es.wikipedia.org/wiki/Augusto_Bullrich,0,0,0,0,0,Augusto Bullrich,alvear,argentina,0,0,0,0,0,0
https://es.wikipedia.org/wiki/Augusto_Bunge,0,0,0,0,0,Augusto Bunge,bunge,argentina,0,0,0,0,0,0
https://es.wikipedia.org/wiki/Augusto_Ferrero_Costa,0,0,0,0,0,Augusto Ferrero Costa,ferrero,peru,0,0,0,0,0,0
https://es.wikipedia.org/wiki/Augusto_Gal%C3%A1n,0,0,0,0,0,Augusto Galán,galán,colombia,0,0,0,0,0,0
https://es.wikipedia.org/wiki/Augusto_Gal%C3%A1n_Sarmiento,0,0,0,0,0,Augusto Galán,galán,colombia,0,0,0,0,0,0
https://es.wikipedia.org/wiki/Augusto_Larra%C3%ADn,0,0,0,0,0,Augusto Larraín,gandarillas,chile,0,0,0,0,0,0
https://es.wikipedia.org/wiki/Augusto_Legu%C3%ADa,0,9,0,0,0,Augusto Leguía,leguía,peru,9,0,1,0,0,0
https://es.wikipedia.org/wiki/Augusto_Luna_Llamas,0,0,0,0,0,Augusto Luna Llamas,luna,peru,0,0,0,0,0,0
https://es.wikipedia.org/wiki/Augusto_Matte,4,0,0,0,0,Augusto Matte,bello,chile,4,1,0,0,0,0
https://es.wikipedia.org/wiki/Augusto_Pinochet,4,0,0,0,0,Augusto Pinochet,pinochet,chile,4,1,0,0,0,0
https://es.wikipedia.org/wiki/Augusto_Pinochet_Hiriart,9,0,0,0,0,Augusto Pinochet Hiriart,pinochet,chile,9,1,0,0,0,0
https://es.wikipedia.org/wiki/Augusto_Pinochet_Ugarte,5,0,0,0,0,Augusto Pinochet,pinochet,chile,5,1,0,0,0,0
https://es.wikipedia.org/wiki/Augusto_Seminario_y_V%C3%A1scones,0,0,0,0,0,Augusto Seminario y Váscones,seminario,peru,0,0,0,0,0,0
https://es.wikipedia.org/wiki/Augusto_Tamayo_M%C3%B6ller,0,0,0,0,0,Augusto Tamayo Möller,tamayo_perú,peru,0,0,0,0,0,0
https://es.wikipedia.org/wiki/Augusto_Tamayo_San_Rom%C3%A1n,0,0,0,0,0,Augusto Tamayo San Román,tamayo_perú,peru,0,0,0,0,0,0
https://es.wikipedia.org/wiki/Augusto_Tamayo_Vargas,2,0,0,0,0,Augusto Tamayo Vargas,tamayo_perú,peru,2,1,0,0,0,0
https://es.wikipedia.org/wiki/Augusto_Thorndike_%28periodista%29,0,0,0,0,0,Augusto Thorndike (periodista),thorndike,peru,0,0,0,0,0,0
https://es.wikipedia.org/wiki/Augusto_Thorndike_Galup,0,0,0,0,0,Augusto Thorndike Galup,thorndike,peru,0,0,0,0,0,0
https://es.wikipedia.org/wiki/Augusto_Thorndike_del_Campo,0,0,0,0,0,Augusto Thorndike (periodista),thorndike,peru,0,0,0,0,0,0
https://es.wikipedia.org/wiki/Augusto_Vicu%C3%B1a_Subercaseaux,0,0,0,0,0,Augusto Vicuña Subercaseaux,subercaseaux,chile,0,0,0,0,0,0
https://es.wikipedia.org/wiki/Augusto_Wiese_Eslava,2,0,0,0,0,Augusto Wiese Eslava,lavalle,peru,2,1,0,0,0,0
https://es.wikipedia.org/wiki/Augusto_Wiese_de_Osma,0,0,0,0,0,Augusto Wiese de Osma,lavalle,peru,0,0,0,0,0,0
https://es.wikipedia.org/wiki/Aurelia_Gabriela_Tiz%C3%B3n_de_Per%C3%B3n,0,0,0,0,0,Aurelia Gabriela Tizón de Perón,perón,argentina,0,0,0,0,0,0
https://es.wikipedia.org/wiki/Aurelia_Tiz%C3%B3n,0,0,0,0,0,Aurelia Gabriela Tizón de Perón,perón,argentina,0,0,0,0,0,0
https://es.wikipedia.org/wiki/Aurelia_V%C3%A9lez_S%C3%A1rsfield,2,0,0,0,0,Aurelia Vélez Sársfield,sarsfield,argentina,2,1,0,0,0,0
https://es.wikipedia.org/wiki/Aurelio_Amoedo,1,0,0,0,0,Aurelio Amoedo,fortabat,argentina,1,1,0,0,0,0
https://es.wikipedia.org/wiki/Aurelio_Garc%C3%ADa_Godos,0,0,0,0,0,Aurelio García Godos,garcía_godos,peru,0,0,0,0,0,0
https://es.wikipedia.org/wiki/Aurelio_Garc%C3%ADa_y_Garc%C3%ADa,0,0,0,0,0,Aurelio García y García,garcía_y_garcía,peru,0,0,0,0,0,0
https://es.wikipedia.org/wiki/Aurelio_Iragorri_Hormaza,0,0,0,0,0,Aurelio Iragorri Hormaza,valencia,colombia,0,0,0,0,0,0
https://es.wikipedia.org/wiki/Aurelio_Iragorri_Valencia,0,0,0,0,0,Aurelio Iragorri Valencia,valencia,colombia,0,0,0,0,0,0
https://es.wikipedia.org/wiki/Aurelio_Par%C3%ADs_Sanz_de_Santamar%C3%ADa,0,0,0,0,0,Aurelio París Sanz de Santamaría,parís,colombia,0,0,0,0,0,0
https://es.wikipedia.org/wiki/Aurora_L%C3%B3pez_P%C3%A9rez,0,0,0,0,0,Aurora López Pérez,urdaneta,venezuela,0,0,0,0,0,0
https://es.wikipedia.org/wiki/B%C3%A1rbara_Cayo,0,0,0,0,0,Bárbara Cayo,cayo,peru,0,0,0,0,0,0
https://es.wikipedia.org/wiki/Baltasar_Unquera,0,0,0,0,0,Baltasar Unquera,garcía_de_zúñiga,uruguay,0,0,0,0,0,0
https://es.wikipedia.org/wiki/Bartolom%C3%A9_Astete_N%C3%BA%C3%B1ez,0,0,0,0,0,Bartolomé Astete Núñez,astete,peru,0,0,0,0,0,0
https://es.wikipedia.org/wiki/Bartolom%C3%A9_Mitre,2,0,0,0,0,Bartolomé Mitre,mitre,argentina,2,1,0,0,0,0
https://es.wikipedia.org/wiki/Bartolom%C3%A9_Mitre_Vedia,0,0,0,0,0,Bartolomé Mitre Vedia,mitre,argentina,0,0,0,0,0,0
https://es.wikipedia.org/wiki/Basti%C3%A1n_Bodenh%C3%B6fer,0,0,0,0,0,Bastián Bodenhöfer,cruz-coke,chile,0,0,0,0,0,0
https://es.wikipedia.org/wiki/Beatrice_di_Girolamo,0,0,0,0,0,Beatrice di Girolamo,di_girolamo,chile,0,0,0,0,0,0
https://es.wikipedia.org/wiki/Beatriz_Allende,12,0,0,0,0,Beatriz Allende,allende,chile,12,1,0,0,0,0
https://es.wikipedia.org/wiki/Beatriz_Caballero,0,0,1,0,0,Beatriz Caballero,caballero,colombia,1,0,0,1,0,0
https://es.wikipedia.org/wiki/Beatriz_Moreno,0,0,0,0,0,Beatriz Moreno,gonzález_de_cosío,mexico,0,0,0,0,0,0
https://es.wikipedia.org/wiki/Beatriz_Velasco,2,0,0,0,0,Beatriz Velasco,alemán,mexico,2,1,0,0,0,0
https://es.wikipedia.org/wiki/Bego%C3%B1a_Basauri,0,0,0,1,0,Begoña Basauri,di_girolamo,chile,1,0,0,0,1,0
https://es.wikipedia.org/wiki/Benigno_Rodr%C3%ADguez_Jurado,4,0,0,0,0,Benigno Rodríguez Jurado,"rodríguez_(san_luis,_argentina)",argentina,4,1,0,0,0,0
https://es.wikipedia.org/wiki/Benigno_de_la_Torre_del_Mar,2,0,0,0,0,Benigno de la Torre del Mar,de_la_torre,peru,2,1,0,0,0,0
https://es.wikipedia.org/wiki/Benita_Mart%C3%ADnez_Pastoriza,1,0,0,0,0,Benita Martínez Pastoriza de Sarmiento,sarsfield,argentina,1,1,0,0,0,0
https://es.wikipedia.org/wiki/Benita_Mart%C3%ADnez_Pastoriza_de_Sarmiento,0,0,0,0,0,Benita Martínez Pastoriza de Sarmiento,sarmiento,argentina,0,0,0,0,0,0
https://es.wikipedia.org/wiki/Benito_G%C3%B3mez_Far%C3%ADas,0,0,0,0,0,Benito Gómez Farías,gómez_farías,mexico,0,0,0,0,0,0
https://es.wikipedia.org/wiki/Benito_Gonz%C3%A1lez_Ribadavia,2,0,0,0,0,Benito Rivadavia,otálora,argentina,2,1,0,0,0,0
https://es.wikipedia.org/wiki/Benito_Laso,0,0,0,0,0,Benito Laso de la Vega,eléspuru,peru,0,0,0,0,0,0
https://es.wikipedia.org/wiki/Benito_Rivadavia,2,0,0,0,0,Benito Rivadavia,otálora,argentina,2,1,0,0,0,0
https://es.wikipedia.org/wiki/Benjam%C3%ADn_Boza,2,0,0,0,0,Benjamín Boza,boza_de_lima,peru,2,1,0,0,0,0
https://es.wikipedia.org/wiki/Benjam%C3%ADn_Franklin_Rawson,0,0,0,0,0,Benjamín Franklin Rawson,rojo,argentina,0,0,0,0,0,0
https://es.wikipedia.org/wiki/Benjam%C3%ADn_Vicu%C3%B1a,6,0,9,0,0,Benjamín Vicuña,aylwin,chile,15,0.4,0,0.6,0,0
https://es.wikipedia.org/wiki/Benjam%C3%ADn_Vicu%C3%B1a_Mackenna,0,1,2,1,0,Benjamín Vicuña Mackenna,mackenna,chile,4,0,0.25,0.5,0.25,0
https://es.wikipedia.org/wiki/Benjam%C3%ADn_Vicu%C3%B1a_Subercaseaux,0,0,0,1,0,Benjamín Vicuña Subercaseaux,subercaseaux,chile,1,0,0,0,1,0
https://es.wikipedia.org/wiki/Benjam%C3%ADn_Walker,2,0,0,0,0,Benjamín Walker,echenique,chile,2,1,0,0,0,0
https://es.wikipedia.org/wiki/Benjam%C3%ADn_de_la_Torre,0,0,0,0,0,Benjamín de la Torre del Mar Márquez,de_la_torre,peru,0,0,0,0,0,0
https://es.wikipedia.org/wiki/Bernardino_Rivadavia,4,0,0,0,0,Bernardino Rivadavia,otálora,argentina,4,1,0,0,0,0
https://es.wikipedia.org/wiki/Bernardo_Camacho_Leyva,0,0,0,0,0,Bernardo Camacho Leyva,camacho,colombia,0,0,0,0,0,0
https://es.wikipedia.org/wiki/Bernardo_Fort_Brescia,0,0,0,0,0,Bernardo Fort Brescia,brescia,peru,0,0,0,0,0,0
https://es.wikipedia.org/wiki/Bernardo_Garc%C3%A9s_C%C3%B3rdoba,0,0,0,0,0,Bernardo Garcés Córdoba,garcés,colombia,0,0,0,0,0,0
https://es.wikipedia.org/wiki/Bernardo_Garza_Sada,0,0,0,0,0,Bernardo Garza Sada,garza_sada,mexico,0,0,0,0,0,0
https://es.wikipedia.org/wiki/Bernardo_Joaqu%C3%ADn_de_Anzo%C3%A1tegui,0,0,0,0,0,Bernardo Joaquín de Anzoátegui,anzoátegui,argentina,0,0,0,0,0,0
https://es.wikipedia.org/wiki/Bernardo_Larra%C3%ADn,2,0,0,0,0,Bernardo Larraín Matte,bunster,chile,2,1,0,0,0,0
https://es.wikipedia.org/wiki/Bernardo_Larra%C3%ADn_Matte,0,0,0,0,0,Bernardo Larraín Matte,matte,chile,0,0,0,0,0,0
https://es.wikipedia.org/wiki/Bernardo_Larra%C3%ADn_Vial,0,0,0,0,0,Bernardo Larraín Vial,vial,chile,0,0,0,0,0,0
https://es.wikipedia.org/wiki/Bernardo_Matte,0,0,0,0,0,Bernardo Matte,matte,chile,0,0,0,0,0,0
https://es.wikipedia.org/wiki/Bernardo_O%27Higgins,42,0,0,0,0,Bernardo O'Higgins,cruz_chile,chile,42,1,0,0,0,0
https://es.wikipedia.org/wiki/Bernardo_de_Ulloa,0,0,0,0,0,Bernardo de Ulloa,remírez_de_laredo,peru,0,0,0,0,0,0
https://es.wikipedia.org/wiki/Bertha_Hern%C3%A1ndez_de_Ospina,16,0,0,0,0,Bertha Hernández de Ospina,ospina,colombia,16,1,0,0,0,0
https://es.wikipedia.org/wiki/Bertha_Puga,12,0,4,0,0,Bertha Puga,camargo,chile,16,0.75,0,0.25,0,0
https://es.wikipedia.org/wiki/Bertha_Rojas_L%C3%B3pez,6,0,0,0,0,Bertha Rojas López,cerrón,peru,6,1,0,0,0,0
https://es.wikipedia.org/wiki/Bertilda_Samper_Acosta,2,0,0,0,0,Bertilda Samper Acosta,samper,colombia,2,1,0,0,0,0
https://es.wikipedia.org/wiki/Beto_da_Silva,0,0,0,0,0,Beto da Silva,farfán,peru,0,0,0,0,0,0
https://es.wikipedia.org/wiki/Bettina_Oneto,2,0,0,0,0,Bettina Oneto,oneto,peru,2,1,0,0,0,0
https://es.wikipedia.org/wiki/Bibi_Gayt%C3%A1n,0,0,0,0,0,Biby Gaytán,capetillo,mexico,0,0,0,0,0,0
https://es.wikipedia.org/wiki/Biby_Gayt%C3%A1n,0,0,0,0,0,Biby Gaytán,capetillo,mexico,0,0,0,0,0,0
https://es.wikipedia.org/wiki/Bigote_Arrocet,2,0,0,0,0,Bigote Arrocet,velasco_chile,argentina,2,1,0,0,0,0
https://es.wikipedia.org/wiki/Blanca_Err%C3%A1zuriz,0,0,0,0,0,Blanca Errázuriz,errázuriz,chile,0,0,0,0,0,0
https://es.wikipedia.org/wiki/Blanca_Guerra,0,0,0,1,0,Blanca Guerra,pinal_hidalgo,mexico,1,0,0,0,1,0
https://es.wikipedia.org/wiki/Blanca_Luz_Brum,6,0,0,0,0,Blanca Luz Brum,miró_quesada,uruguay,6,1,0,0,0,0
https://es.wikipedia.org/wiki/Blanca_Podest%C3%A1,2,0,0,0,0,Blanca Podestá,podestá,argentina,2,1,0,0,0,0
https://es.wikipedia.org/wiki/Blanca_Sinisterra_de_Carre%C3%B1o,0,0,0,0,0,Blanca Sinisterra de Carreño,carreño,colombia,0,0,0,0,0,0
https://es.wikipedia.org/wiki/Blanca_Varela,2,0,0,0,0,Blanca Varela,varela,peru,2,1,0,0,0,0
https://es.wikipedia.org/wiki/Blanca_de_Castej%C3%B3n,0,0,0,0,0,Blanca de Castejón,pinal_hidalgo,mexico,0,0,0,0,0,0
https://es.wikipedia.org/wiki/Blas_Tomic,0,0,0,0,0,Blas Tomic,errázuriz,chile,0,0,0,0,0,0
https://es.wikipedia.org/wiki/Bol%C3%ADvar_Ulloa,0,0,0,0,0,Bolívar Ulloa,ulloa,peru,0,0,0,0,0,0
https://es.wikipedia.org/wiki/Boris_de_Greiff,0,0,0,0,0,Boris de Greiff,de_greiff,colombia,0,0,0,0,0,0
https://es.wikipedia.org/wiki/Brunella_Horna,6,0,0,0,0,Brunella Horna,acuña,peru,6,1,0,0,0,0
https://es.wikipedia.org/wiki/Bruno_Bichir,0,0,0,0,0,Bruno Bichir,bichir,mexico,0,0,0,0,0,0
https://es.wikipedia.org/wiki/Bruno_Philippi,0,0,0,0,0,Bruno Philippi,philippi,chile,0,0,0,0,0,0
https://es.wikipedia.org/wiki/Bruno_Pinasco,0,0,0,0,0,Bruno Pinasco,pinasco,peru,0,0,0,0,0,0
https://es.wikipedia.org/wiki/Buenaventura_Argando%C3%B1a_Subercaseaux,2,0,0,0,0,Buenaventura Argandoña Subercaseaux,edwards,chile,2,1,0,0,0,0
https://es.wikipedia.org/wiki/Buenaventura_Marc%C3%B3_del_Pont,2,0,0,0,0,Buenaventura Marcó del Pont,marcó_del_pont,argentina,2,1,0,0,0,0
https://es.wikipedia.org/wiki/Buenaventura_Seoane,0,0,0,0,0,Buenaventura Seoane,seoane_heredia,peru,0,0,0,0,0,0
https://es.wikipedia.org/wiki/C%C3%A9sar_Acu%C3%B1a,1,0,0,0,0,César Acuña,acuña,peru,1,1,0,0,0,0
https://es.wikipedia.org/wiki/C%C3%A9sar_Arredondo,2,0,0,0,0,César Arredondo,pinto_chile,chile,2,1,0,0,0,0
https://es.wikipedia.org/wiki/C%C3%A9sar_Batlle_Pacheco,2,0,0,0,0,César Batlle Pacheco,batlle,uruguay,2,1,0,0,0,0
https://es.wikipedia.org/wiki/C%C3%A9sar_Borgia,2,0,0,0,0,César Borgia,borja,colombia,2,1,0,0,0,0
https://es.wikipedia.org/wiki/C%C3%A9sar_Borja_Lavayen,0,0,0,0,0,César Borja Lavayen,borja,ecuador,0,0,0,0,0,0
https://es.wikipedia.org/wiki/C%C3%A9sar_Mir%C3%B3,0,0,0,0,0,César Miró,miró_quesada,peru,0,0,0,0,0,0
https://es.wikipedia.org/wiki/C%C3%A9sar_Zumeta,0,0,0,0,0,César Zumeta,blanco_venezuela,venezuela,0,0,0,0,0,0
https://es.wikipedia.org/wiki/C%C3%A9sar_de_Tezanos_Pinto,0,0,0,0,0,César de Tezanos Pinto,pinto_chile,argentina,0,0,0,0,0,0
https://es.wikipedia.org/wiki/Calixto_III,1,0,0,0,0,Calixto III,borja,colombia,1,1,0,0,0,0
https://es.wikipedia.org/wiki/Calixto_Torres_Uma%C3%B1a,0,0,0,0,0,Calixto Torres Umaña,restrepo,colombia,0,0,0,0,0,0
https://es.wikipedia.org/wiki/Calvagh_O%27Donnell,0,0,0,0,0,Calvagh O'Donnell,o'donnell,colombia,0,0,0,0,0,0
https://es.wikipedia.org/wiki/Camila_Hirane,0,0,0,1,0,Camila Hirane,vicuña,chile,1,0,0,0,1,0
https://es.wikipedia.org/wiki/Camila_O%27Gorman,0,0,0,0,0,Camila O'Gorman,o'gorman,argentina,0,0,0,0,0,0
https://es.wikipedia.org/wiki/Camila_Sodi,2,0,0,0,0,Camila Sodi,sodi,mexico,2,1,0,0,0,0
https://es.wikipedia.org/wiki/Camila_Valero,2,0,0,0,0,Camila Valero,pinal_hidalgo,mexico,2,1,0,0,0,0
https://es.wikipedia.org/wiki/Camilo_Rojo,0,0,0,0,0,Camilo Rojo,rojo,argentina,0,0,0,0,0,0
https://es.wikipedia.org/wiki/Camilo_Torres_Restrepo,0,0,0,0,0,Camilo Torres Restrepo,restrepo,colombia,0,0,0,0,0,0
https://es.wikipedia.org/wiki/Carla_Ochoa,0,0,0,0,0,Carla Ochoa,echenique,chile,0,0,0,0,0,0
https://es.wikipedia.org/wiki/Carlos_Abascal,0,0,0,0,0,Carlos Abascal Carranza,carranza,mexico,0,0,0,0,0,0
https://es.wikipedia.org/wiki/Carlos_Abascal_Carranza,0,0,0,0,0,Carlos Abascal Carranza,carranza,mexico,0,0,0,0,0,0
https://es.wikipedia.org/wiki/Carlos_Alayza_y_Roel,0,0,0,0,0,Carlos Alayza y Roel,alayza,peru,0,0,0,0,0,0
https://es.wikipedia.org/wiki/Carlos_Alzamora_Elster,2,0,0,0,0,Carlos Alzamora Elster,alzamora,peru,2,1,0,0,0,0
https://es.wikipedia.org/wiki/Carlos_Alzamora_Traverso,0,0,0,0,0,Carlos Alzamora Traverso,alzamora,peru,0,0,0,0,0,0
https://es.wikipedia.org/wiki/Carlos_Antonio_L%C3%B3pez,6,0,0,0,0,Carlos Antonio López,lópez_carrillo,paraguay,6,1,0,0,0,0
https://es.wikipedia.org/wiki/Carlos_Antonio_V%C3%A9lez,0,0,0,0,0,Carlos Antonio Vélez,char,colombia,0,0,0,0,0,0
https://es.wikipedia.org/wiki/Carlos_Anzo%C3%A1tegui,0,0,0,0,0,Carlos Anzoátegui,anzoátegui,argentina,0,0,0,0,0,0
https://es.wikipedia.org/wiki/Carlos_Arango_V%C3%A9lez,2,0,0,0,0,Carlos Arango Vélez,borrero,colombia,2,1,0,0,0,0
https://es.wikipedia.org/wiki/Carlos_Arenas_y_Loayza,0,0,0,0,0,Carlos Arenas y Loayza,arenas,peru,0,0,0,0,0,0
https://es.wikipedia.org/wiki/Carlos_Arturo_Romero,0,0,0,0,0,Carlos Arturo Romero,lópez,colombia,0,0,0,0,0,0
https://es.wikipedia.org/wiki/Carlos_Augusto_Salaverry,1,0,0,0,0,Carlos Augusto Salaverry,salaverry,peru,1,1,0,0,0,0
https://es.wikipedia.org/wiki/Carlos_Balmaceda_Saavedra,0,0,0,0,0,Carlos Balmaceda Saavedra,balmaceda,chile,0,0,0,0,0,0
https://es.wikipedia.org/wiki/Carlos_Basadre_Forero,0,0,0,0,0,Carlos Basadre Forero,basadre,peru,0,0,0,0,0,0
https://es.wikipedia.org/wiki/Carlos_Bello,0,0,0,0,0,Carlos Bello,bello,chile,0,0,0,0,0,0
https://es.wikipedia.org/wiki/Carlos_Bolo%C3%B1a,0,0,0,0,0,Carlos Boloña,acuña,peru,0,0,0,0,0,0
https://es.wikipedia.org/wiki/Carlos_Bueno,0,0,0,0,0,Carlos Bueno,saravia,uruguay,0,0,0,0,0,0
https://es.wikipedia.org/wiki/Carlos_Bulgheroni,0,0,0,0,0,Carlos Bulgheroni,bulgheroni,argentina,0,0,0,0,0,0
https://es.wikipedia.org/wiki/Carlos_Cano_de_la_Fuente,0,2,0,0,0,Carlos Cano (actor),frayssinet,peru,2,0,1,0,0,0
https://es.wikipedia.org/wiki/Carlos_Concha_Subercaseaux,2,0,0,3,0,Carlos Concha Subercaseaux,concha_chile,chile,5,0.4,0,0,0.6,0
https://es.wikipedia.org/wiki/Carlos_Coriolano_Amador_Fern%C3%A1ndez,0,0,0,0,0,Carlos Coriolano Amador Fernández,amador,colombia,0,0,0,0,0,0
https://es.wikipedia.org/wiki/Carlos_Cousi%C3%B1o,2,0,0,0,0,Carlos Cousiño,cousiño,chile,2,1,0,0,0,0
https://es.wikipedia.org/wiki/Carlos_Cruz-Coke_Ossa,0,0,0,0,0,Carlos Cruz-Coke Ossa,cruz-coke,chile,0,0,0,0,0,0
https://es.wikipedia.org/wiki/Carlos_Cuervo_M%C3%A1rquez,0,0,0,0,0,Carlos Cuervo Márquez,cuervo,colombia,0,0,0,0,0,0
https://es.wikipedia.org/wiki/Carlos_Cueto_Fernandini,12,0,0,0,0,Carlos Cueto Fernandini,cueto_caballero,peru,12,1,0,0,0,0
https://es.wikipedia.org/wiki/Carlos_D%C3%ADaz_V%C3%A9lez,0,0,1,1,0,Carlos Díaz Vélez,álvarez_de_toledo_argentina,argentina,2,0,0,0.5,0.5,0
https://es.wikipedia.org/wiki/Carlos_Enrique_Paz_Sold%C3%A1n,0,0,0,0,0,Carlos Enrique Paz Soldán,paz_soldán,peru,0,0,0,0,0,0
https://es.wikipedia.org/wiki/Carlos_Ernesto_Soria,6,0,0,0,0,Carlos Ernesto Soria,soria,argentina,6,1,0,0,0,0
https://es.wikipedia.org/wiki/Carlos_Eugenio_Lav%C3%ADn,0,0,0,1,0,Carlos Eugenio Lavín,garcía-huidobro,chile,1,0,0,0,1,0
https://es.wikipedia.org/wiki/Carlos_Eugenio_Restrepo,0,0,0,0,0,Carlos Eugenio Restrepo,restrepo,colombia,0,0,0,0,0,0
https://es.wikipedia.org/wiki/Carlos_Eugenio_Scheck,0,0,0,0,0,Carlos Eugenio Scheck,scheck,uruguay,0,0,0,0,0,0
https://es.wikipedia.org/wiki/Carlos_Falc%C3%B3,1,0,0,0,0,Carlos Falcó,vargas_llosa,peru,1,1,0,0,0,0
https://es.wikipedia.org/wiki/Carlos_Fernando_Gal%C3%A1n,6,0,0,0,0,Carlos Fernando Galán,galán,colombia,6,1,0,0,0,0
https://es.wikipedia.org/wiki/Carlos_Fernando_Gal%C3%A1n_Pach%C3%B3n,6,0,0,0,0,Carlos Fernando Galán,galán,colombia,6,1,0,0,0,0
https://es.wikipedia.org/wiki/Carlos_Ferreyros,9,0,0,0,0,Carlos Ferreyros,ferreyros,peru,9,1,0,0,0,0
https://es.wikipedia.org/wiki/Carlos_Ferreyros_y_Senra,9,0,0,0,0,Carlos Ferreyros,ferreyros,peru,9,1,0,0,0,0
https://es.wikipedia.org/wiki/Carlos_Garc%C3%A9s_C%C3%B3rdoba,1,0,0,0,0,Carlos Garcés Córdoba,garcés,colombia,1,1,0,0,0,0
https://es.wikipedia.org/wiki/Carlos_Hayre,0,0,0,0,0,Carlos Hayre,málaga,peru,0,0,0,0,0,0
https://es.wikipedia.org/wiki/Carlos_Holgu%C3%ADn_Mallarino,36,0,6,7,0,Carlos Holguín Mallarino,caro,colombia,49,0.7346938775510204,0,0.12244897959183673,0.14285714285714285,0
https://es.wikipedia.org/wiki/Carlos_Ib%C3%A1%C3%B1ez_del_Campo,2,0,0,0,0,Carlos Ibáñez del Campo,velasco_chile,chile,2,1,0,0,0,0
https://es.wikipedia.org/wiki/Carlos_Ibarguren,0,0,0,0,0,Carlos Ibarguren,uriburu,argentina,0,0,0,0,0,0
https://es.wikipedia.org/wiki/Carlos_J._Echavarr%C3%ADa,0,0,0,0,0,Carlos J. Echavarría,echavarría,colombia,0,0,0,0,0,0
https://es.wikipedia.org/wiki/Carlos_Juan_Rodr%C3%ADguez,0,0,0,0,0,Carlos Juan Rodríguez,"rodríguez_(san_luis,_argentina)",argentina,0,0,0,0,0,0
https://es.wikipedia.org/wiki/Carlos_L%C3%B3pez_Bustamante,0,0,0,0,0,Carlos López Bustamante,urdaneta,venezuela,0,0,0,0,0,0
https://es.wikipedia.org/wiki/Carlos_L%C3%B3pez_Moctezuma,0,0,0,0,0,Carlos López Moctezuma,lópez-moctezuma,mexico,0,0,0,0,0,0
https://es.wikipedia.org/wiki/Carlos_Larra%C3%ADn_Claro,0,0,0,0,0,Carlos Larraín Claro,claro_chile,chile,0,0,0,0,0,0
https://es.wikipedia.org/wiki/Carlos_Larrabure_y_Correa,0,0,0,0,0,Carlos Larrabure y Correa,larrabure,peru,0,0,0,0,0,0
https://es.wikipedia.org/wiki/Carlos_Lemos_Simmonds,2,0,0,0,0,Carlos Lemos Simmonds,lemos,colombia,2,1,0,0,0,0
https://es.wikipedia.org/wiki/Carlos_Lleras_Restrepo,9,0,0,0,0,Carlos Lleras Restrepo,lleras,colombia,9,1,0,0,0,0
https://es.wikipedia.org/wiki/Carlos_Lleras_de_la_Fuente,4,0,0,0,0,Carlos Lleras de la Fuente,lleras,colombia,4,1,0,0,0,0
https://es.wikipedia.org/wiki/Carlos_Loret_de_Mola,0,0,0,0,0,Carlos Loret de Mola,loret_de_mola,mexico,0,0,0,0,0,0
https://es.wikipedia.org/wiki/Carlos_Lozano_y_Lozano,2,0,0,0,0,Carlos Lozano y Lozano,lozano,colombia,2,1,0,0,0,0
https://es.wikipedia.org/wiki/Carlos_M._El%C3%ADas,0,0,0,0,0,Carlos María Elías,elías,peru,0,0,0,0,0,0
https://es.wikipedia.org/wiki/Carlos_Mac_Allister,4,0,0,0,0,Carlos Mac Allister,mac_allister,argentina,4,1,0,0,0,0
https://es.wikipedia.org/wiki/Carlos_Malpica,0,0,0,1,0,Carlos Malpica,silva_santisteban,peru,1,0,0,0,1,0
https://es.wikipedia.org/wiki/Carlos_Malpica_Rivarola,0,0,0,0,0,Carlos Malpica Rivarola,silva_santisteban,peru,0,0,0,0,0,0
https://es.wikipedia.org/wiki/Carlos_Manuel_O%27Donnell,2,0,0,0,0,Carlos Manuel O'Donnell,o'donnell,colombia,2,1,0,0,0,0
https://es.wikipedia.org/wiki/Carlos_Mar%C3%ADa_El%C3%ADas,0,0,0,0,0,Carlos María Elías,elías,peru,0,0,0,0,0,0
https://es.wikipedia.org/wiki/Carlos_Mar%C3%ADa_de_Alvear,12,0,0,5,0,Carlos María de Alvear,alvear,argentina,17,0.7058823529411765,0,0,0.29411764705882354,0
https://es.wikipedia.org/wiki/Carlos_Mart%C3%ADnez_Silva,2,0,0,0,0,Carlos Martínez Silva,martínez-silva,colombia,2,1,0,0,0,0
https://es.wikipedia.org/wiki/Carlos_Menem,36,0,0,0,0,Carlos Menem,yoma,argentina,36,1,0,0,0,0
https://es.wikipedia.org/wiki/Carlos_Menem_Jr.,2,0,0,0,0,Carlos Menem Jr.,yoma,argentina,2,1,0,0,0,0
https://es.wikipedia.org/wiki/Carlos_Mir%C3%B3-Quesada_Laos,0,0,0,1,0,Carlos Miró-Quesada Laos,miró_quesada,peru,1,0,0,0,1,0
https://es.wikipedia.org/wiki/Carlos_Moreyra_y_Paz_Sold%C3%A1n,0,0,0,0,0,Carlos Moreyra y Paz Soldán,moreyra,peru,0,0,0,0,0,0
https://es.wikipedia.org/wiki/Carlos_Morla_Lynch,2,0,0,0,0,Carlos Morla Lynch,vicuña,chile,2,1,0,0,0,0
https://es.wikipedia.org/wiki/Carlos_Morla_Vicu%C3%B1a,12,0,0,0,0,Carlos Morla Vicuña,vicuña,chile,12,1,0,0,0,0
https://es.wikipedia.org/wiki/Carlos_O%27Donnell_y_Anhetan,2,0,0,0,0,Carlos O'Donnell y Anhetan,o'donnell,colombia,2,1,0,0,0,0
https://es.wikipedia.org/wiki/Carlos_O%27Donnell_y_Joris,2,0,0,0,0,Carlos O'Donnell y Joris,o'donnell,colombia,2,1,0,0,0,0
https://es.wikipedia.org/wiki/Carlos_Octavio_Bunge,0,0,0,0,0,Carlos Octavio Bunge,bunge,argentina,0,0,0,0,0,0
https://es.wikipedia.org/wiki/Carlos_Oneto,0,0,0,0,0,Carlos Oneto,oneto,peru,0,0,0,0,0,0
https://es.wikipedia.org/wiki/Carlos_Ortiz_de_Rozas,0,0,0,0,0,Carlos Ortiz de Rozas,ortiz_de_rozas,argentina,0,0,0,0,0,0
https://es.wikipedia.org/wiki/Carlos_Palacios_y_Blanco,0,0,0,0,0,Carlos Palacios y Blanco,palacios_venezuela,venezuela,0,0,0,0,0,0
https://es.wikipedia.org/wiki/Carlos_Paz_Sold%C3%A1n_y_Benavides,2,0,0,0,0,Carlos Paz Soldán y Benavides,paz_soldán,peru,2,1,0,0,0,0
https://es.wikipedia.org/wiki/Carlos_Pellegrini,0,0,0,1,0,Carlos Pellegrini,pellegrini,argentina,1,0,0,0,1,0
https://es.wikipedia.org/wiki/Carlos_Pizarro_Leong%C3%B3mez,6,0,0,0,0,Carlos Pizarro Leongómez,acevedo_colombia,colombia,6,1,0,0,0,0
https://es.wikipedia.org/wiki/Carlos_Riesco_Errazuriz,0,0,0,0,0,Carlos Riesco Errazuriz,errázuriz,chile,0,0,0,0,0,0
https://es.wikipedia.org/wiki/Carlos_Riva_Palacio,0,0,0,0,0,Carlos Riva Palacio,riva_palacio,mexico,0,0,0,0,0,0
https://es.wikipedia.org/wiki/Carlos_Rodr%C3%ADguez-Pastor_Mendoza,2,0,0,0,0,Carlos Rodríguez Pastor Mendoza,rodríguez_pastor,peru,2,1,0,0,0,0
https://es.wikipedia.org/wiki/Carlos_Rodr%C3%ADguez_Pastor,2,0,0,0,0,Carlos Rodríguez Pastor,rodríguez_pastor,peru,2,1,0,0,0,0
https://es.wikipedia.org/wiki/Carlos_Rodr%C3%ADguez_Pastor_Mendoza,2,0,0,0,0,Carlos Rodríguez Pastor Mendoza,rodríguez_pastor,peru,2,1,0,0,0,0
https://es.wikipedia.org/wiki/Carlos_Rodr%C3%ADguez_Pastor_Persivale,2,0,0,0,0,Carlos Rodríguez Pastor Persivale,rodríguez_pastor,peru,2,1,0,0,0,0
https://es.wikipedia.org/wiki/Carlos_Rospigliosi_Vigil,0,0,0,0,0,Carlos Rospigliosi Vigil,rospigliosi,peru,0,0,0,0,0,0
https://es.wikipedia.org/wiki/Carlos_Rub%C3%A9n_Polar,0,0,0,0,0,Carlos Rubén Polar,polar,peru,0,0,0,0,0,0
https://es.wikipedia.org/wiki/Carlos_Sa%C3%BAl_Facundo_Menem,1,0,0,0,0,Carlos Menem Jr.,yoma,argentina,1,1,0,0,0,0
https://es.wikipedia.org/wiki/Carlos_Salinas_de_Gortari,6,0,0,0,0,Carlos Salinas de Gortari,salinas,mexico,6,1,0,0,0,0
https://es.wikipedia.org/wiki/Carlos_Sanz_de_Santamar%C3%ADa,0,0,0,0,0,Carlos Sanz de Santamaría,sanz_de_santamaría,colombia,0,0,0,0,0,0
https://es.wikipedia.org/wiki/Carlos_Scheck,6,0,0,0,0,Carlos Scheck,scheck,uruguay,6,1,0,0,0,0
https://es.wikipedia.org/wiki/Carlos_Slim,0,0,0,0,0,Carlos Slim,slim,mexico,0,0,0,0,0,0
https://es.wikipedia.org/wiki/Carlos_Slim_Domit,0,0,0,0,0,Carlos Slim Domit,slim,mexico,0,0,0,0,0,0
https://es.wikipedia.org/wiki/Carlos_Sodi_Candiani,2,0,0,0,0,Carlos Sodi Candiani,sodi,mexico,2,1,0,0,0,0
https://es.wikipedia.org/wiki/Carlos_Torcuato_de_Alvear,0,0,0,0,0,Carlos Torcuato de Alvear,alvear,argentina,0,0,0,0,0,0
https://es.wikipedia.org/wiki/Carlos_Toro_Manrique,0,0,0,0,0,Carlos Toro Manrique,toro_venezuela,venezuela,0,0,0,0,0,0
https://es.wikipedia.org/wiki/Carlos_Vial_Infante,0,0,0,0,0,Carlos Vial Infante,vial,chile,0,0,0,0,0,0
https://es.wikipedia.org/wiki/Carlos_Vicu%C3%B1a_Fuentes,6,0,0,0,0,Carlos Vicuña Fuentes,vicuña,chile,6,1,0,0,0,0
https://es.wikipedia.org/wiki/Carlos_Villaveces_Restrepo,0,0,0,0,0,Carlos Villaveces Restrepo,villaveces,colombia,0,0,0,0,0,0
https://es.wikipedia.org/wiki/Carlos_Wiesse_Portocarrero,0,0,0,0,0,Carlos Wiesse Portocarrero,portocarrero_perú,peru,0,0,0,0,0,0
https://es.wikipedia.org/wiki/Carlos_de_Pi%C3%A9rola,0,0,0,0,0,Carlos de Piérola,piérola,peru,0,0,0,0,0,0
https://es.wikipedia.org/wiki/Carlota_de_Albret,0,0,0,0,0,Carlota de Albret,borja,colombia,0,0,0,0,0,0
https://es.wikipedia.org/wiki/Carmela_Carvajal,2,0,0,0,0,Carmela Carvajal,echaurren,chile,2,1,0,0,0,0
https://es.wikipedia.org/wiki/Carmela_Mackenna,0,0,0,1,0,Carmela Mackenna,mackenna,chile,1,0,0,0,1,0
https://es.wikipedia.org/wiki/Carmelo_Arango,0,0,0,0,0,Carmelo Arango,borrero,colombia,0,0,0,0,0,0
https://es.wikipedia.org/wiki/Carmen_Alard%C3%ADn,0,0,0,0,0,Carmen Alardín,pinal_hidalgo,mexico,0,0,0,0,0,0
https://es.wikipedia.org/wiki/Carmen_Calisto_Ponce,0,0,1,0,0,Carmen Calisto,borja,ecuador,1,0,0,1,0,0
https://es.wikipedia.org/wiki/Carmen_Castillo_(cineasta),0,0,0,0,0,Carmen Castillo (cineasta),allende,chile,0,0,0,0,0,0
https://es.wikipedia.org/wiki/Carmen_Dragonetti,0,0,0,0,0,Carmen Dragonetti,de_habich,argentina,0,0,0,0,0,0
https://es.wikipedia.org/wiki/Carmen_Frei,6,0,0,0,0,Carmen Frei,frei,chile,6,1,0,0,0,0
https://es.wikipedia.org/wiki/Carmen_Ib%C3%A1%C3%B1ez,30,0,0,0,0,Carmen Ibáñez,matte,chile,30,1,0,0,0,0
https://es.wikipedia.org/wiki/Carmen_Lucila_Crexell,0,0,0,0,0,Carmen Lucila Crexell,sapag,argentina,0,0,0,0,0,0
https://es.wikipedia.org/wiki/Carmen_Miguens_de_Avellaneda,0,0,0,0,0,Carmen Miguens de Avellaneda,avellaneda,argentina,0,0,0,0,0,0
https://es.wikipedia.org/wiki/Carmen_Morla_Lynch,2,0,0,0,0,Carmen Morla Lynch,vicuña,chile,2,1,0,0,0,0
https://es.wikipedia.org/wiki/Carmen_Puch,2,0,0,0,0,Carmen Puch de Güemes,puch,argentina,2,1,0,0,0,0
https://es.wikipedia.org/wiki/Carmen_Puch_de_G%C3%BCemes,4,0,0,0,0,Carmen Puch de Güemes,puch,argentina,4,1,0,0,0,0
https://es.wikipedia.org/wiki/Carmen_Romano,0,0,0,0,0,Carmen Romano,lópez-portillo,mexico,0,0,0,0,0,0
https://es.wikipedia.org/wiki/Carmen_Romero_Quero,0,0,0,0,0,Carmen Romero Quero,morandé,chile,0,0,0,0,0,0
https://es.wikipedia.org/wiki/Carmen_Romero_Rubio,2,0,0,0,0,Carmen Romero Rubio,díaz,mexico,2,1,0,0,0,0
https://es.wikipedia.org/wiki/Carmen_Ybarra_Careaga,0,0,0,0,0,Carmen Ybarra Careaga,lópez-dóriga,mexico,0,0,0,0,0,0
https://es.wikipedia.org/wiki/Carmen_de_la_Quintanilla,4,0,0,0,0,Carmen de la Quintanilla,alvear,argentina,4,1,0,0,0,0
https://es.wikipedia.org/wiki/Carolina_Arredondo,2,0,0,0,0,Carolina Arredondo,pinto_chile,chile,2,1,0,0,0,0
https://es.wikipedia.org/wiki/Carolina_Barco,6,0,0,0,0,Carolina Barco,barco,colombia,6,1,0,0,0,0
https://es.wikipedia.org/wiki/Carolina_Cano,0,2,3,2,2,Carolina Cano,cano,peru,9,0,0.2222222222222222,0.3333333333333333,0.2222222222222222,0.2222222222222222
https://es.wikipedia.org/wiki/Carolina_Correa_Londo%C3%B1o,2,0,0,0,0,Carolina Correa Londoño,rojas,colombia,2,1,0,0,0,0
https://es.wikipedia.org/wiki/Carolina_Deik,1,0,0,0,0,Carolina Deik,galán,colombia,1,1,0,0,0,0
https://es.wikipedia.org/wiki/Carolina_Isakson_de_Barco,2,0,0,0,0,Carolina Isakson de Barco,barco,colombia,2,1,0,0,0,0
https://es.wikipedia.org/wiki/Carolina_Marz%C3%A1n,2,0,2,0,0,Carolina Marzán,pinto_chile,chile,4,0.5,0,0.5,0,0
https://es.wikipedia.org/wiki/Carolina_Mestrovic,2,0,0,0,0,Carolina Mestrovic,velasco_chile,argentina,2,1,0,0,0,0
https://es.wikipedia.org/wiki/Carolina_Monroy_del_Mazo,0,0,0,0,0,Carolina Monroy del Mazo,del_mazo,mexico,0,0,0,0,0,0
https://es.wikipedia.org/wiki/Carolina_Schmidt,0,0,0,0,0,Carolina Schmidt,schmidt,chile,0,0,0,0,0,0
https://es.wikipedia.org/wiki/Carolina_Toh%C3%A1,12,0,0,0,0,Carolina Tohá,tohá,chile,12,1,0,0,0,0
https://es.wikipedia.org/wiki/Carolina_V%C3%A1squez_Uribe,2,4,6,4,0,Carolina Vásquez de Ospina,lleras,colombia,16,0.125,0.25,0.375,0.25,0
https://es.wikipedia.org/wiki/Carolina_V%C3%A1squez_de_Ospina,1,0,0,1,0,Carolina Vásquez de Ospina,ospina,colombia,2,0.5,0,0,0.5,0
https://es.wikipedia.org/wiki/Carolina_de_M%C3%B3naco,0,0,0,0,0,Carolina de Mónaco,santo_domingo,colombia,0,0,0,0,0,0
https://es.wikipedia.org/wiki/Carolina_de_Moras,0,0,0,0,0,Carolina de Moras,bulnes,chile,0,0,0,0,0,0
https://es.wikipedia.org/wiki/Caroline_Kennedy,20,0,0,0,0,Caroline Kennedy,onassis,argentina,20,1,0,0,0,0
https://es.wikipedia.org/wiki/Carolyn_Bessette-Kennedy,0,0,0,0,0,Carolyn Bessette-Kennedy,onassis,argentina,0,0,0,0,0,0
https://es.wikipedia.org/wiki/Casilda_Fern%C3%A1ndez_de_Henestrosa_y_Salabert,2,0,0,0,0,Casilda Fernández de Henestrosa y Salabert,carvajal_y_vargas,chile,2,1,0,0,0,0
https://es.wikipedia.org/wiki/Casilda_de_Silva_y_Fern%C3%A1ndez_de_Henestrosa,4,0,0,0,0,Casilda de Silva y Fernández de Henestrosa,carvajal_y_vargas,chile,4,1,0,0,0,0
https://es.wikipedia.org/wiki/Casimiro_Albano_Pereira,0,0,0,0,0,Casimiro Albano Pereira,cruz_chile,chile,0,0,0,0,0,0
https://es.wikipedia.org/wiki/Casimiro_Marc%C3%B3_del_Pont,0,0,0,0,0,Casimiro Marcó del Pont,marcó_del_pont,argentina,0,0,0,0,0,0
https://es.wikipedia.org/wiki/Casimiro_Ulloa,0,1,0,0,0,Casimiro Ulloa,ulloa,peru,1,0,1,0,0,0
https://es.wikipedia.org/wiki/Cassandra_Ciangherotti,0,0,0,0,0,Cassandra Ciangherotti,soler,mexico,0,0,0,0,0,0
https://es.wikipedia.org/wiki/Catalina_Edwards,0,0,0,0,0,Catalina Edwards,edwards,chile,0,0,0,0,0,0
https://es.wikipedia.org/wiki/Catalina_Olcay,0,0,0,0,0,Catalina Olcay,concha_chile,chile,0,0,0,0,0,0
https://es.wikipedia.org/wiki/Catalina_Parra,2,0,0,0,0,Catalina Parra,parra_chile,chile,2,1,0,0,0,0
https://es.wikipedia.org/wiki/Catalina_Su%C3%A1rez_Marcayda,0,0,0,0,0,Catalina Suárez Marcayda,moctezuma,mexico,0,0,0,0,0,0
https://es.wikipedia.org/wiki/Catalina_de_Fonseca_y_Ulloa,0,0,0,0,0,Catalina de Fonseca y Ulloa,ulloa,peru,0,0,0,0,0,0
https://es.wikipedia.org/wiki/Catherine_Oxenberg,0,0,0,0,0,Catherine Oxenberg,ulloa,peru,0,0,0,0,0,0
https://es.wikipedia.org/wiki/Cathy_Barriga,0,0,0,0,0,Cathy Barriga,lavín,chile,0,0,0,0,0,0
https://es.wikipedia.org/wiki/Cecilia_Alegr%C3%ADa,2,0,0,0,0,Cecilia Alegría Varona,alegría,peru,2,1,0,0,0,0
https://es.wikipedia.org/wiki/Cecilia_Alegr%C3%ADa_Varona,6,0,0,0,0,Cecilia Alegría Varona,alegría,peru,6,1,0,0,0,0
https://es.wikipedia.org/wiki/Cecilia_Arboleda_Mosquera,9,0,0,0,0,Cecilia Arboleda de Holguín,arboleda,colombia,9,1,0,0,0,0
https://es.wikipedia.org/wiki/Cecilia_Arboleda_de_Holgu%C3%ADn,12,0,0,0,0,Cecilia Arboleda de Holguín,arboleda,colombia,12,1,0,0,0,0
https://es.wikipedia.org/wiki/Cecilia_Bolocco,0,0,0,0,0,Cecilia Bolocco,yoma,chile,0,0,0,0,0,0
https://es.wikipedia.org/wiki/Cecilia_Caballero_Blanco,6,0,0,0,0,Cecilia Caballero Blanco,lópez,colombia,6,1,0,0,0,0
https://es.wikipedia.org/wiki/Cecilia_De_la_Fuente_Cort%C3%A9s,1,0,0,0,0,Cecilia de la Fuente de Lleras,lleras,colombia,1,1,0,0,0,0
https://es.wikipedia.org/wiki/Cecilia_Echenique,2,0,0,0,0,Cecilia Echenique,echenique,chile,2,1,0,0,0,0
https://es.wikipedia.org/wiki/Cecilia_Morel,0,0,0,0,0,Cecilia Morel,piñera,chile,0,0,0,0,0,0
https://es.wikipedia.org/wiki/Cecilia_Navia,0,0,1,0,0,Cecilia Navia,navia,colombia,1,0,0,1,0,0
https://es.wikipedia.org/wiki/Cecilia_Roth,0,0,0,0,0,Cecilia Roth,pueyrredón,argentina,0,0,0,0,0,0
https://es.wikipedia.org/wiki/Cecilia_Szperling,0,0,0,0,0,Cecilia Szperling,di_tella,argentina,0,0,0,0,0,0
https://es.wikipedia.org/wiki/Cecilia_de_la_Fuente,1,0,0,0,0,Cecilia de la Fuente de Lleras,lleras,colombia,1,1,0,0,0,0
https://es.wikipedia.org/wiki/Cecilio_de_%C3%81lzaga,0,0,0,0,0,Cecilio de Álzaga,álzaga,argentina,0,0,0,0,0,0
https://es.wikipedia.org/wiki/Cedric_Gibbons,0,0,0,0,0,Cedric Gibbons,lópez_negrete,mexico,0,0,0,0,0,0
https://es.wikipedia.org/wiki/Celia_Bustamante,0,0,1,0,0,Celia Bustamante,bustamante,peru,1,0,0,1,0,0
https://es.wikipedia.org/wiki/Celia_Podest%C3%A1,0,0,0,0,0,Celia Podestá,podestá,uruguay,0,0,0,0,0,0
https://es.wikipedia.org/wiki/Celia_de_la_Serna,4,0,0,0,0,Celia de la Serna,guevara,argentina,4,1,0,0,0,0
https://es.wikipedia.org/wiki/Ch%C3%A1beli_Iglesias,2,0,0,0,0,Chábeli Iglesias,vargas_llosa,peru,2,1,0,0,0,0
https://es.wikipedia.org/wiki/Chantal_Andere,0,0,0,0,0,Chantal Andere,bolaños_cacho,mexico,0,0,0,0,0,0
https://es.wikipedia.org/wiki/Charles_Henri_Pellegrini,0,0,0,0,0,Charles Henri Pellegrini,pellegrini,argentina,0,0,0,0,0,0
https://es.wikipedia.org/wiki/Che_Guevara,16,0,0,0,0,Che Guevara,guevara,argentina,16,1,0,0,0,0
https://es.wikipedia.org/wiki/Chiara_Pinasco,2,0,0,0,0,Chiara Pinasco,pinasco,peru,2,1,0,0,0,0
https://es.wikipedia.org/wiki/China_Su%C3%A1rez,0,0,1,1,0,China Suárez,aylwin,argentina,2,0,0,0.5,0.5,0
https://es.wikipedia.org/wiki/Christian_Bach,4,0,0,0,0,Christian Bach,pinal_hidalgo,argentina,4,1,0,0,0,0
https://es.wikipedia.org/wiki/Christian_Nodal,0,0,0,0,0,Christian Nodal,aguilar,mexico,0,0,0,0,0,0
https://es.wikipedia.org/wiki/Christiane_Martel,2,0,0,0,0,Christiane Martel,alemán,mexico,2,1,0,0,0,0
https://es.wikipedia.org/wiki/Christina_Onassis,6,0,0,0,0,Christina Onassis,onassis,argentina,6,1,0,0,0,0
https://es.wikipedia.org/wiki/Cibele_Dorsa,0,0,0,0,0,Cibele Dorsa,onassis,argentina,0,0,0,0,0,0
https://es.wikipedia.org/wiki/Cielo_Gnecco,2,0,0,0,0,Cielo Gnecco,gnecco,colombia,2,1,0,0,0,0
https://es.wikipedia.org/wiki/Cilia_Flores,1,0,0,0,0,Cilia Flores,maduro,venezuela,1,1,0,0,0,0
https://es.wikipedia.org/wiki/Cipriano_de_Urquiza,0,0,0,0,0,Cipriano de Urquiza,álzaga,argentina,0,0,0,0,0,0
https://es.wikipedia.org/wiki/Ciriaco_D%C3%ADaz_V%C3%A9lez,0,0,0,0,0,Ciriaco Díaz Vélez,díaz_vélez,argentina,0,0,0,0,0,0
https://es.wikipedia.org/wiki/Ciro_Alegr%C3%ADa,20,0,0,0,0,Ciro Alegría,alegría,peru,20,1,0,0,0,0
https://es.wikipedia.org/wiki/Cl%C3%ADmaco_Calder%C3%B3n,0,0,0,0,0,Clímaco Calderón,calderón_colombia,colombia,0,0,0,0,0,0
https://es.wikipedia.org/wiki/Clara_Agustina_de_Uriburu_Roca,0,0,0,0,0,Clara Agustina de Uriburu Roca,álvarez_de_arenales,argentina,0,0,0,0,0,0
https://es.wikipedia.org/wiki/Clara_Funes,2,0,0,0,0,Clara Funes de Roca,paz,argentina,2,1,0,0,0,0
https://es.wikipedia.org/wiki/Clara_Funes_de_Roca,1,0,0,0,0,Clara Funes de Roca,paz,argentina,1,1,0,0,0,0
https://es.wikipedia.org/wiki/Clara_Isabel_N%C3%BA%C3%B1ez_y_Chabarria,2,0,0,0,0,Clara Isabel Núñez y Chabarria,azcuénaga,argentina,2,1,0,0,0,0
https://es.wikipedia.org/wiki/Clara_L%C3%B3pez,0,0,0,0,0,Clara López,lópez,colombia,0,0,0,0,0,0
https://es.wikipedia.org/wiki/Clara_Obligado,0,0,0,0,0,Clara Obligado,obligado,argentina,0,0,0,0,0,0
https://es.wikipedia.org/wiki/Clarita_Parra,0,0,0,0,0,Clarita Parra,parra_chile,chile,0,0,0,0,0,0
https://es.wikipedia.org/wiki/Claudia_Celed%C3%B3n,6,0,0,0,0,Claudia Celedón,garcía-huidobro,chile,6,1,0,0,0,0
https://es.wikipedia.org/wiki/Claudia_Dammert,0,0,0,0,0,Claudia Dammert,alarco,peru,0,0,0,0,0,0
https://es.wikipedia.org/wiki/Claudia_Ruiz_Massieu_Salinas,0,0,0,0,0,Claudia Ruiz Massieu Salinas,ruiz-massieu,mexico,0,0,0,0,0,0
https://es.wikipedia.org/wiki/Claudia_Turbay,2,0,0,0,0,Claudia Turbay,quintero,colombia,2,1,0,0,0,0
https://es.wikipedia.org/wiki/Claudia_Villafa%C3%B1e,2,0,0,0,0,Claudia Villafañe,maradona,argentina,2,1,0,0,0,0
https://es.wikipedia.org/wiki/Claudia_de_Francisco,1,0,0,0,0,Claudia de Francisco,pardo,colombia,1,1,0,0,0,0
https://es.wikipedia.org/wiki/Claudia_di_Girolamo,20,0,0,0,0,Claudia di Girolamo,di_girolamo,chile,20,1,0,0,0,0
https://es.wikipedia.org/wiki/Claudio_Alarco_von_Perfall,0,0,0,0,0,Claudio Alarco von Perfall,alarco,peru,0,0,0,0,0,0
https://es.wikipedia.org/wiki/Claudio_Arredondo,20,0,0,0,0,Claudio Arredondo,pinto_chile,chile,20,1,0,0,0,0
https://es.wikipedia.org/wiki/Claudio_Gal%C3%A1n,4,0,0,0,0,Claudio Galán,galán,colombia,4,1,0,0,0,0
https://es.wikipedia.org/wiki/Claudio_Matte,0,0,0,0,0,Claudio Matte,matte,chile,0,0,0,0,0,0
https://es.wikipedia.org/wiki/Claudio_Vicu%C3%B1a_Guerrero,12,0,0,0,0,Claudio Vicuña Guerrero,subercaseaux,chile,12,1,0,0,0,0
https://es.wikipedia.org/wiki/Claudio_Vicu%C3%B1a_Subercaseaux,0,0,0,0,0,Claudio Vicuña Subercaseaux,subercaseaux,chile,0,0,0,0,0,0
https://es.wikipedia.org/wiki/Claudio_di_Girolamo,0,0,0,0,0,Claudio di Girolamo,di_girolamo,chile,0,0,0,0,0,0
https://es.wikipedia.org/wiki/Clemencia_Holgu%C3%ADn_de_Urdaneta,12,0,0,0,0,Clemencia Holguín de Urdaneta,caro,colombia,12,1,0,0,0,0
https://es.wikipedia.org/wiki/Clemencia_Holgu%C3%ADn_y_Caro,2,0,3,0,0,Clemencia Holguín de Urdaneta,caro,colombia,5,0.4,0,0.6,0,0
https://es.wikipedia.org/wiki/Clemente_Althaus,1,0,0,0,0,Clemente Althaus,althaus,peru,1,1,0,0,0,0
https://es.wikipedia.org/wiki/Clemente_Althaus_von_Hessen,9,0,0,0,0,Clemente von Althaus,althaus,peru,9,1,0,0,0,0
https://es.wikipedia.org/wiki/Clemente_L%C3%B3pez_de_Osornio,0,0,0,0,0,Clemente López de Osornio,ortiz_de_rozas,argentina,0,0,0,0,0,0
https://es.wikipedia.org/wiki/Clemente_de_Althaus_Dartnell,4,0,0,0,0,Clemente de Althaus Dartnell,althaus,peru,4,1,0,0,0,0
https://es.wikipedia.org/wiki/Clemente_von_Althaus,13,0,0,0,0,Clemente von Althaus,althaus,peru,13,1,0,0,0,0
https://es.wikipedia.org/wiki/Clorinda_M%C3%A1laga,2,0,0,0,0,Clorinda Málaga,málaga,peru,2,1,0,0,0,0
https://es.wikipedia.org/wiki/Clorinda_M%C3%A1laga_de_Prado,2,0,0,0,0,Clorinda Málaga,málaga,peru,2,1,0,0,0,0
https://es.wikipedia.org/wiki/Clotilde_Garc%C3%ADa_Borrero,0,0,0,0,0,Clotilde García Borrero,borrero,colombia,0,0,0,0,0,0
https://es.wikipedia.org/wiki/Colombina_Parra,0,0,0,0,0,Colombina Parra,parra_chile,chile,0,0,0,0,0,0
https://es.wikipedia.org/wiki/Condado_de_Ba%C3%B1os,0,0,0,0,0,Condado de Baños,leyva,colombia,0,0,0,0,0,0
https://es.wikipedia.org/wiki/Condado_de_Superunda,0,0,0,0,0,Condado de Superunda,velasco_chile,chile,0,0,0,0,0,0
https://es.wikipedia.org/wiki/Condado_de_Villaminaya,0,0,0,0,0,Condado de Villaminaya,portales,chile,0,0,0,0,0,0
https://es.wikipedia.org/wiki/Constanza_Nordenflycht,0,0,0,0,0,Constanza Nordenflycht,portales,peru,0,0,0,0,0,0
https://es.wikipedia.org/wiki/Constanza_de_Nordenflycht,0,0,0,0,0,Constanza Nordenflycht,portales,peru,0,0,0,0,0,0
https://es.wikipedia.org/wiki/Consuelo_Lleras,0,2,0,0,0,Consuelo Lleras Puga,carrizosa,colombia,2,0,1,0,0,0
https://es.wikipedia.org/wiki/Consuelo_Lleras_Puga,6,0,0,0,0,Consuelo Lleras Puga,camargo,colombia,6,1,0,0,0,0
https://es.wikipedia.org/wiki/Consuelo_Saavedra,6,0,3,0,0,Consuelo Saavedra,velasco_chile,chile,9,0.6666666666666666,0,0.3333333333333333,0,0
https://es.wikipedia.org/wiki/Contarhuacho,0,0,0,0,0,Contarhuacho,pizarro,chile,0,0,0,0,0,0
https://es.wikipedia.org/wiki/Copi,0,0,0,0,0,Copi,botana,argentina,0,0,0,0,0,0
https://es.wikipedia.org/wiki/Cornelio_Saavedra,2,0,0,0,0,Cornelio Saavedra,otálora,argentina,2,1,0,0,0,0
https://es.wikipedia.org/wiki/Crescente_Err%C3%A1zuriz,0,0,0,0,0,Crescente Errázuriz,errázuriz,chile,0,0,0,0,0,0
https://es.wikipedia.org/wiki/Cris_Morena,6,0,0,0,0,Cris Morena,yankelevich,argentina,6,1,0,0,0,0
https://es.wikipedia.org/wiki/Crist%C3%B3bal_Lander,2,0,0,0,0,Cristóbal Lander,lander,venezuela,2,1,0,0,0,0
https://es.wikipedia.org/wiki/Crist%C3%B3bal_Quintero,0,0,0,0,0,Cristóbal Quintero,quintero,colombia,0,0,0,0,0,0
https://es.wikipedia.org/wiki/Crist%C3%B3bal_de_Mosquera_y_Figueroa,0,0,1,0,0,Cristóbal de Mosquera y Silva,arboleda,colombia,1,0,0,1,0,0
https://es.wikipedia.org/wiki/Crist%C3%B3bal_de_Mosquera_y_Silva,0,0,0,0,0,Cristóbal de Mosquera y Silva,mosquera,colombia,0,0,0,0,0,0
https://es.wikipedia.org/wiki/Crist%C3%B3bal_de_Vergara_Azc%C3%A1rate,3,0,0,0,0,Cristóbal de Vergara Azcárate,caicedo,colombia,3,1,0,0,0,0
https://es.wikipedia.org/wiki/Cristi%C3%A1n_Campos,30,0,0,0,0,Cristián Campos,di_girolamo,chile,30,1,0,0,0,0
https://es.wikipedia.org/wiki/Cristi%C3%A1n_Garc%C3%ADa-Huidobro,2,0,0,0,0,Cristián García-Huidobro,garcía-huidobro,chile,2,1,0,0,0,0
https://es.wikipedia.org/wiki/Cristi%C3%A1n_Labb%C3%A9_Galilea,2,0,0,0,0,Cristián Labbé Galilea,galilea,chile,2,1,0,0,0,0
https://es.wikipedia.org/wiki/Cristi%C3%A1n_Labb%C3%A9_Mart%C3%ADnez,0,0,0,0,0,Cristián Labbé Martínez,galilea,chile,0,0,0,0,0,0
https://es.wikipedia.org/wiki/Cristi%C3%A1n_Maquieira,0,0,1,1,0,Cristián Maquieira,vicuña,chile,2,0,0,0.5,0.5,0
https://es.wikipedia.org/wiki/Cristi%C3%A1n_Mason,0,0,0,0,0,Cristián Mason,vicuña,chile,0,0,0,0,0,0
https://es.wikipedia.org/wiki/Cristi%C3%A1n_Monckeberg,0,0,0,0,0,Cristián Monckeberg,monckeberg,chile,0,0,0,0,0,0
https://es.wikipedia.org/wiki/Cristi%C3%A1n_Samper,0,0,1,1,0,Cristián Samper,samper,colombia,2,0,0,0.5,0.5,0
https://es.wikipedia.org/wiki/Cristi%C3%A1n_Undurraga,0,0,0,0,0,Cristián Undurraga,undurraga,chile,0,0,0,0,0,0
https://es.wikipedia.org/wiki/Cristi%C3%A1n_de_Hannover,0,0,0,0,0,Cristián de Hannover,osma,peru,0,0,0,0,0,0
https://es.wikipedia.org/wiki/Cristi%C3%A1n_de_la_Fuente,6,0,0,0,0,Cristián de la Fuente,garcía-huidobro,chile,6,1,0,0,0,0
https://es.wikipedia.org/wiki/Cristian_Castro,1,0,0,2,0,Cristian Castro,valdés,mexico,3,0.3333333333333333,0,0,0.6666666666666666,0
https://es.wikipedia.org/wiki/Cristian_Rivero,2,0,0,0,0,Cristian Rivero,neyra,peru,2,1,0,0,0,0
https://es.wikipedia.org/wiki/Cristina_Fern%C3%A1ndez_de_Kirchner,2,0,0,0,0,Cristina Fernández de Kirchner,kirchner,argentina,2,1,0,0,0,0
https://es.wikipedia.org/wiki/Cristina_Girardi,0,0,0,1,0,Cristina Girardi,lavín,chile,1,0,0,0,1,0
https://es.wikipedia.org/wiki/Cristina_Girardi_Lav%C3%ADn,0,0,0,1,0,Cristina Girardi,lavín,chile,1,0,0,0,1,0
https://es.wikipedia.org/wiki/Cuauht%C3%A9moc_C%C3%A1rdenas,9,0,0,0,0,Cuauhtémoc Cárdenas,cárdenas,mexico,9,1,0,0,0,0
https://es.wikipedia.org/wiki/Cuauht%C3%A9moc_C%C3%A1rdenas_Sol%C3%B3rzano,2,0,0,0,0,Cuauhtémoc Cárdenas,cárdenas,mexico,2,1,0,0,0,0
https://es.wikipedia.org/wiki/Cuxirimay_Ocllo,6,0,0,0,0,Cuxirimay Ocllo,pizarro,chile,6,1,0,0,0,0
https://es.wikipedia.org/wiki/Dal%C3%ADlah_Polanco,0,0,0,0,0,Dalílah Polanco,derbez,mexico,0,0,0,0,0,0
https://es.wikipedia.org/wiki/Dalia_In%C3%A9s,2,0,0,0,0,Dalia Inés,aguilar,mexico,2,1,0,0,0,0
https://es.wikipedia.org/wiki/Dalma_Maradona,2,0,0,0,0,Dalma Maradona,maradona,argentina,2,1,0,0,0,0
https://es.wikipedia.org/wiki/Dalmacio_V%C3%A9lez_Sarsfield,0,0,0,0,0,Dalmacio Vélez Sarsfield,sarsfield,argentina,0,0,0,0,0,0
https://es.wikipedia.org/wiki/Daniel_Alom%C3%ADa_Robles,0,0,0,0,0,Daniel Alomía Robles,robles,peru,0,0,0,0,0,0
https://es.wikipedia.org/wiki/Daniel_Ar%C3%A1oz_%28gobernador%29,0,0,0,0,0,Daniel Aráoz (gobernador),aráoz,argentina,0,0,0,0,0,0
https://es.wikipedia.org/wiki/Daniel_Berm%C3%BAdez,0,0,0,0,0,Daniel Bermúdez,samper,colombia,0,0,0,0,0,0
https://es.wikipedia.org/wiki/Daniel_Blanco_Acevedo,2,0,0,0,0,Daniel Blanco Acevedo,blanco,uruguay,2,1,0,0,0,0
https://es.wikipedia.org/wiki/Daniel_Domingo_de_Escalada,0,0,0,0,0,Daniel Domingo de Escalada,escalada,argentina,0,0,0,0,0,0
https://es.wikipedia.org/wiki/Daniel_Elbittar,0,0,0,0,0,Daniel Elbittar,lander,venezuela,0,0,0,0,0,0
https://es.wikipedia.org/wiki/Daniel_Florencio_O%27Leary,0,0,0,0,0,Daniel Florencio O'Leary,ospina,colombia,0,0,0,0,0,0
https://es.wikipedia.org/wiki/Daniel_Garc%C3%ADa-Mansilla,4,0,0,3,0,Daniel García-Mansilla,garcía-mansilla,argentina,7,0.5714285714285714,0,0,0.42857142857142855,0
https://es.wikipedia.org/wiki/Daniel_Matamala,0,0,0,0,0,Daniel Matamala,sanfuentes,chile,0,0,0,0,0,0
https://es.wikipedia.org/wiki/Daniel_Noboa,6,0,0,0,0,Daniel Noboa,noboa,ecuador,6,1,0,0,0,0
https://es.wikipedia.org/wiki/Daniel_Olaechea,0,0,0,0,0,Daniel Olaechea,olaechea,peru,0,0,0,0,0,0
https://es.wikipedia.org/wiki/Daniel_Samper_Ortega,2,0,2,0,0,Daniel Samper Ortega,gnecco,colombia,4,0.5,0,0.5,0,0
https://es.wikipedia.org/wiki/Daniel_Samper_Ospina,0,0,0,0,0,Daniel Samper Ospina,gnecco,colombia,0,0,0,0,0,0
https://es.wikipedia.org/wiki/Daniel_Samper_Pizano,2,0,0,0,0,Daniel Samper Pizano,gnecco,colombia,2,1,0,0,0,0
https://es.wikipedia.org/wiki/Daniel_Scheck,0,0,0,0,0,Daniel Scheck,scheck,uruguay,0,0,0,0,0,0
https://es.wikipedia.org/wiki/Daniela_Lhorente,0,0,0,0,0,Daniela Lhorente,portales,chile,0,0,0,0,0,0
https://es.wikipedia.org/wiki/Daniella_Cabello,6,0,0,0,0,Daniella Cabello,cabello,venezuela,6,1,0,0,0,0
https://es.wikipedia.org/wiki/Daphne_Dougall,0,0,0,0,0,Daphne Dougall,gibson,argentina,0,0,0,0,0,0
https://es.wikipedia.org/wiki/Dar%C3%ADo_Lop%C3%A9rfido,0,0,0,0,0,Darío Lopérfido,álvarez_de_toledo_argentina,argentina,0,0,0,0,0,0
https://es.wikipedia.org/wiki/Dar%C3%ADo_Yazbek_Bernal,0,0,0,0,0,Darío Yazbek,pinal_hidalgo,mexico,0,0,0,0,0,0
https://es.wikipedia.org/wiki/Dardo_Rocha,0,0,1,0,0,Dardo Rocha,rocha,argentina,1,0,0,1,0,0
https://es.wikipedia.org/wiki/Daryl_Hannah,0,0,0,0,0,Daryl Hannah,onassis,argentina,0,0,0,0,0,0
https://es.wikipedia.org/wiki/David_Alfaro_Siqueiros,0,0,0,0,0,David Alfaro Siqueiros,miró_quesada,mexico,0,0,0,0,0,0
https://es.wikipedia.org/wiki/David_Char,0,0,0,0,0,David Char,char,colombia,0,0,0,0,0,0
https://es.wikipedia.org/wiki/David_Samanez_Ocampo,0,0,0,0,0,David Samanez Ocampo,samanez,peru,0,0,0,0,0,0
https://es.wikipedia.org/wiki/David_Turbay_Turbay,0,0,0,0,0,David Turbay Turbay,turbay,colombia,0,0,0,0,0,0
https://es.wikipedia.org/wiki/David_de_Tezanos_Pinto,1,0,0,1,0,David de Tezanos Pinto,pinto_chile,chile,2,0.5,0,0,0.5,0
https://es.wikipedia.org/wiki/Delfina_Bunge,6,0,0,0,0,Delfina Bunge,bunge,argentina,6,1,0,0,0,0
https://es.wikipedia.org/wiki/Delfina_G%C3%A1lvez_Bunge,6,0,0,0,0,Delfina Gálvez Bunge,bunge,argentina,6,1,0,0,0,0
https://es.wikipedia.org/wiki/Delfina_Ortega_D%C3%ADaz,2,0,0,0,0,Delfina Ortega Díaz,díaz,mexico,2,1,0,0,0,0
https://es.wikipedia.org/wiki/Delfina_de_la_Cruz,0,2,0,0,0,Delfina de la Cruz,vial,chile,2,0,1,0,0,0
https://es.wikipedia.org/wiki/Delfina_de_la_Cruz_Za%C3%B1artu,12,0,0,0,0,Delfina de la Cruz,cruz_chile,chile,12,1,0,0,0,0
https://es.wikipedia.org/wiki/Delia_Matte_P%C3%A9rez,0,0,0,0,0,Delia Matte Pérez,matte,chile,0,0,0,0,0,0
https://es.wikipedia.org/wiki/Delia_del_Carril,0,0,0,0,0,Delia del Carril,del_carril,argentina,0,0,0,0,0,0
https://es.wikipedia.org/wiki/Demetrio_Sodi_Guergu%C3%A9,0,0,0,0,0,Demetrio Sodi Guergué,sodi,mexico,0,0,0,0,0,0
https://es.wikipedia.org/wiki/Demi%C3%A1n_Bichir,2,0,0,0,0,Demián Bichir,bichir,mexico,2,1,0,0,0,0
https://es.wikipedia.org/wiki/Denise_Pascal,0,0,0,0,0,Denise Pascal,allende,chile,0,0,0,0,0,0
https://es.wikipedia.org/wiki/Denise_Pascal_Allende,0,0,0,0,0,Denise Pascal,allende,chile,0,0,0,0,0,0
https://es.wikipedia.org/wiki/Denisse_Dib%C3%B3s,0,0,0,1,0,Denisse Dibós,alarco,peru,1,0,0,0,1,0
https://es.wikipedia.org/wiki/Diana_Bracho,0,0,0,0,0,Diana Bracho,bracho,mexico,0,0,0,0,0,0
https://es.wikipedia.org/wiki/Diana_Calder%C3%B3n,1,0,0,0,0,Diana Calderón,pardo,colombia,1,1,0,0,0,0
https://es.wikipedia.org/wiki/Diana_Turbay,12,0,0,0,0,Diana Turbay,quintero,colombia,12,1,0,0,0,0
https://es.wikipedia.org/wiki/Diana_Turbay_Quintero,0,3,0,0,0,Diana Turbay,turbay,colombia,3,0,1,0,0,0
https://es.wikipedia.org/wiki/Diego_Angulo_Lemos,0,0,0,0,0,Diego de Angulo Lemos,angulo,colombia,0,0,0,0,0,0
https://es.wikipedia.org/wiki/Diego_Ar%C3%A1oz,0,0,0,0,0,Diego Aráoz,aráoz,argentina,0,0,0,0,0,0
https://es.wikipedia.org/wiki/Diego_Cisneros,0,0,0,0,0,Diego Cisneros,cisneros_venezuela,venezuela,0,0,0,0,0,0
https://es.wikipedia.org/wiki/Diego_Dib%C3%B3s,0,0,0,0,0,Diego Dibós,dibós,peru,0,0,0,0,0,0
https://es.wikipedia.org/wiki/Diego_Echavarr%C3%ADa_Misas,0,0,0,0,0,Diego Echavarría Misas,echavarría,colombia,0,0,0,0,0,0
https://es.wikipedia.org/wiki/Diego_Federico_de_Alvear,1,0,0,0,0,Diego de Alvear (nieto),alvear,argentina,1,1,0,0,0,0
https://es.wikipedia.org/wiki/Diego_Fernando_G%C3%B3mez,2,0,0,0,0,Diego Fernando Gómez,acevedo_colombia,colombia,2,1,0,0,0,0
https://es.wikipedia.org/wiki/Diego_Forl%C3%A1n,0,0,0,0,0,Diego Forlán,saravia,uruguay,0,0,0,0,0,0
https://es.wikipedia.org/wiki/Diego_Garc%C3%ADa-Say%C3%A1n,2,0,0,0,0,Diego García-Sayán,garcía_y_garcía,peru,2,1,0,0,0,0
https://es.wikipedia.org/wiki/Diego_Gonz%C3%A1lez_Montero,0,0,0,0,0,Diego González Montero,montero,chile,0,0,0,0,0,0
https://es.wikipedia.org/wiki/Diego_Jos%C3%A9_Benavente,0,0,0,0,0,Diego José Benavente,valdivieso,chile,0,0,0,0,0,0
https://es.wikipedia.org/wiki/Diego_Lombardi,6,0,0,0,0,Diego Lombardi,drago,peru,6,1,0,0,0,0
https://es.wikipedia.org/wiki/Diego_Luna,12,0,4,0,0,Diego Luna,sodi,mexico,16,0.75,0,0.25,0,0
https://es.wikipedia.org/wiki/Diego_Maradona,2,0,0,0,0,Diego Maradona,maradona,argentina,2,1,0,0,0,0
https://es.wikipedia.org/wiki/Diego_Mas%C3%ADas_y_Llosa,0,0,0,0,0,Diego Masías y Llosa,llosa,peru,0,0,0,0,0,0
https://es.wikipedia.org/wiki/Diego_Mazuera,0,0,0,0,0,Diego Mazuera,mazuera,colombia,0,0,0,0,0,0
https://es.wikipedia.org/wiki/Diego_Montero_del_%C3%81guila,0,0,0,0,0,Diego Montero del Águila,montero,chile,0,0,0,0,0,0
https://es.wikipedia.org/wiki/Diego_Mu%C3%B1oz,0,0,0,0,0,Diego Muñoz,garcía-huidobro,chile,0,0,0,0,0,0
https://es.wikipedia.org/wiki/Diego_Noboa,0,0,0,0,0,Diego Noboa,noboa,ecuador,0,0,0,0,0,0
https://es.wikipedia.org/wiki/Diego_Portales,4,0,0,0,0,Diego Portales,portales,chile,4,1,0,0,0,0
https://es.wikipedia.org/wiki/Diego_Portales_y_Meneses,2,0,0,0,0,Diego Portales y Meneses,portales,peru,2,1,0,0,0,0
https://es.wikipedia.org/wiki/Diego_Saravia_Saravia,0,0,0,0,0,Diego Saravia Saravia,saravia,uruguay,0,0,0,0,0,0
https://es.wikipedia.org/wiki/Diego_Turbay_Cote,0,0,0,0,0,Diego Turbay Cote,turbay,colombia,0,0,0,0,0,0
https://es.wikipedia.org/wiki/Diego_de_Aliaga_y_Santa_Cruz,0,0,0,0,0,Diego de Aliaga y Santa Cruz,aliaga,peru,0,0,0,0,0,0
https://es.wikipedia.org/wiki/Diego_de_Alvarado_Huanitzin,0,0,0,0,0,Diego de Alvarado Huanitzin,moctezuma,mexico,0,0,0,0,0,0
https://es.wikipedia.org/wiki/Diego_de_Alvear_%28nieto%29,0,0,0,0,0,Diego de Alvear (nieto),alvear,argentina,0,0,0,0,0,0
https://es.wikipedia.org/wiki/Diego_de_Alvear_y_Ponce_de_Le%C3%B3n,0,0,0,0,0,Diego de Alvear y Ponce de León,ponce_de_león,argentina,0,0,0,0,0,0
https://es.wikipedia.org/wiki/Diego_de_Angulo_Lemos,0,0,0,0,0,Diego de Angulo Lemos,largacha,colombia,0,0,0,0,0,0
https://es.wikipedia.org/wiki/Dina_de_Marco,2,0,0,0,0,Dina de Marco,pinal_hidalgo,mexico,2,1,0,0,0,0
https://es.wikipedia.org/wiki/Dionisia_P%C3%A9rez_Manrique_y_Camberos,0,0,0,0,0,Dionisia Pérez Manrique y Camberos,manrique,colombia,0,0,0,0,0,0
https://es.wikipedia.org/wiki/Dionisio_Meade_y_Garc%C3%ADa_de_Le%C3%B3n,0,0,0,0,0,Dionisio Meade y García de León,garcía_de_león,mexico,0,0,0,0,0,0
https://es.wikipedia.org/wiki/Dionisio_P%C3%A9rez-J%C3%A1come_Friscione,0,0,0,0,0,Dionisio Pérez-Jácome Friscione,pérez-jácome,mexico,0,0,0,0,0,0
https://es.wikipedia.org/wiki/Dionisio_P%C3%A9rez_J%C3%A1come,0,0,0,0,0,Dionisio Pérez Jácome,pérez-jácome,mexico,0,0,0,0,0,0
https://es.wikipedia.org/wiki/Dionisio_Puch,0,0,0,0,0,Dionisio Puch,puch,argentina,0,0,0,0,0,0
https://es.wikipedia.org/wiki/Dionisio_Romero_Paoletti,0,0,0,0,0,Dionisio Romero Paoletti,romero,peru,0,0,0,0,0,0
https://es.wikipedia.org/wiki/Dionisio_Romero_Seminario,0,0,0,0,0,Dionisio Romero Seminario,romero,peru,0,0,0,0,0,0
https://es.wikipedia.org/wiki/Diosdado_Cabello,2,0,0,0,0,Diosdado Cabello,cabello,venezuela,2,1,0,0,0,0
https://es.wikipedia.org/wiki/Dolores_Costa,0,0,0,0,0,Dolores Costa,álzaga,argentina,0,0,0,0,0,0
https://es.wikipedia.org/wiki/Dolores_Dard%C3%A9s,0,0,0,0,0,Dolores Dardés,bullrich,argentina,0,0,0,0,0,0
https://es.wikipedia.org/wiki/Dolores_Vargas_Par%C3%ADs,0,20,5,5,0,Dolores Vargas París,urdaneta,venezuela,30,0,0.6666666666666666,0.16666666666666666,0.16666666666666666,0
https://es.wikipedia.org/wiki/Dolores_del_R%C3%ADo,2,0,0,0,0,Dolores del Río,lópez_negrete,mexico,2,1,0,0,0,0
https://es.wikipedia.org/wiki/Domingo_Amun%C3%A1tegui,0,0,0,0,0,Domingo Amunátegui,amunátegui,chile,0,0,0,0,0,0
https://es.wikipedia.org/wiki/Domingo_Bordaberry,0,0,0,0,0,Domingo Bordaberry,bordaberry,uruguay,0,0,0,0,0,0
https://es.wikipedia.org/wiki/Domingo_Caycedo,0,0,0,0,0,Domingo Caycedo,caicedo,colombia,0,0,0,0,0,0
https://es.wikipedia.org/wiki/Domingo_El%C3%ADas,4,0,0,0,0,Domingo Elías,elías,peru,4,1,0,0,0,0
https://es.wikipedia.org/wiki/Domingo_Faustino_Sarmiento,12,0,4,0,0,Domingo Faustino Sarmiento,sarsfield,argentina,16,0.75,0,0.25,0,0
https://es.wikipedia.org/wiki/Domingo_Fern%C3%A1ndez_Concha,0,0,0,0,0,Domingo Fernández Concha,concha_chile,chile,0,0,0,0,0,0
https://es.wikipedia.org/wiki/Domingo_Garc%C3%ADa_Bela%C3%BAnde,0,0,0,0,0,Domingo García Belaúnde,belaúnde,peru,0,0,0,0,0,0
https://es.wikipedia.org/wiki/Domingo_Garc%C3%ADa_Rada,6,0,0,0,0,Domingo García Rada,belaúnde,peru,6,1,0,0,0,0
https://es.wikipedia.org/wiki/Domingo_Godoy_Matte,2,0,0,0,0,Domingo Godoy Matte,matte,chile,2,1,0,0,0,0
https://es.wikipedia.org/wiki/Domingo_Luis_Astete_Torres,2,0,0,0,0,Domingo Luis Astete Torres,astete,peru,2,1,0,0,0,0
https://es.wikipedia.org/wiki/Domingo_Matte_Mes%C3%ADas,0,16,5,4,0,Domingo Matte Mesías,bello,chile,25,0,0.64,0.2,0.16,0
https://es.wikipedia.org/wiki/Domingo_Ortiz_de_Rozas_y_Rodillo,0,0,0,0,0,Domingo Ortiz de Rozas y Rodillo,ortiz_de_rozas,argentina,0,0,0,0,0,0
https://es.wikipedia.org/wiki/Domingo_Puch_Izuleta,9,0,0,0,0,Domingo Puch Izuleta,puch,argentina,9,1,0,0,0,0
https://es.wikipedia.org/wiki/Domingo_Santa_Mar%C3%ADa,2,0,0,0,0,Domingo Santa María,santa_maría,chile,2,1,0,0,0,0
https://es.wikipedia.org/wiki/Domingo_Santa_Mar%C3%ADa_Gonz%C3%A1lez,1,0,0,0,0,Domingo Santa María,santa_maría,chile,1,1,0,0,0,0
https://es.wikipedia.org/wiki/Domingo_V%C3%ADctor_Santa_Mar%C3%ADa,6,0,0,0,0,Domingo Víctor Santa María,santa_maría,chile,6,1,0,0,0,0
https://es.wikipedia.org/wiki/Domingo_de_Azcu%C3%A9naga_y_Basavilbaso,2,0,0,0,0,Domingo de Azcuénaga y Basavilbaso,azcuénaga,argentina,2,1,0,0,0,0
https://es.wikipedia.org/wiki/Domingo_de_Borja,0,0,0,0,0,Domingo de Borja,borja,colombia,0,0,0,0,0,0
https://es.wikipedia.org/wiki/Domingo_de_Err%C3%A1zuriz_Madariaga,0,0,0,0,0,Domingo de Errázuriz Madariaga,errázuriz,chile,0,0,0,0,0,0
https://es.wikipedia.org/wiki/Dominguito_Fidel_Sarmiento,1,0,1,0,0,Dominguito Fidel Sarmiento,sarsfield,argentina,2,0.5,0,0.5,0,0
https://es.wikipedia.org/wiki/Dora_Varona,9,0,0,0,0,Dora Varona,alegría,chile,9,1,0,0,0,0
https://es.wikipedia.org/wiki/Doris_Gibson,2,0,0,0,0,Doris Gibson,gibson,peru,2,1,0,0,0,0
https://es.wikipedia.org/wiki/Ducado_de_San_Carlos,1,0,0,0,0,Ducado de San Carlos,carvajal_y_vargas,chile,1,1,0,0,0,0
https://es.wikipedia.org/wiki/Dumek_Turbay,0,0,0,0,0,Dumek Turbay,turbay,colombia,0,0,0,0,0,0
https://es.wikipedia.org/wiki/Eda_Rivas_Franchini,0,0,0,0,0,Eda Rivas,garcía_y_garcía,peru,0,0,0,0,0,0
https://es.wikipedia.org/wiki/Eddie_Guerrero,6,0,0,0,0,Eddie Guerrero,guerrero,mexico,6,1,0,0,0,0
https://es.wikipedia.org/wiki/Edgardo_Mar%C3%ADn,0,0,0,0,0,Edgardo Marín,matte,chile,0,0,0,0,0,0
https://es.wikipedia.org/wiki/Edgardo_Sapag,0,0,0,0,0,Edgardo Sapag,sapag,argentina,0,0,0,0,0,0
https://es.wikipedia.org/wiki/Edgardo_Seoane,0,0,0,0,0,Edgardo Seoane,seoane_heredia,peru,0,0,0,0,0,0
https://es.wikipedia.org/wiki/Edgardo_Seoane_Corrales,0,0,0,0,0,Edgardo Seoane,seoane_heredia,peru,0,0,0,0,0,0
https://es.wikipedia.org/wiki/Edmundo_de_Ayala_Durand,0,0,0,0,0,Edmundo de Ayala Durand,ayala,colombia,0,0,0,0,0,0
https://es.wikipedia.org/wiki/Eduarda_Damasia_Mansilla,6,0,0,0,0,Eduarda Mansilla,garcía-mansilla,argentina,6,1,0,0,0,0
https://es.wikipedia.org/wiki/Eduarda_Mansilla,56,0,0,0,0,Eduarda Mansilla,garcía-mansilla,argentina,56,1,0,0,0,0
https://es.wikipedia.org/wiki/Eduardo_A._Roca,0,0,0,0,0,Eduardo A. Roca,roca,argentina,0,0,0,0,0,0
https://es.wikipedia.org/wiki/Eduardo_Alessandri_Rodr%C3%ADguez,2,1,4,2,0,Eduardo Alessandri,velasco_chile,chile,9,0.2222222222222222,0.1111111111111111,0.4444444444444444,0.2222222222222222,0
https://es.wikipedia.org/wiki/Eduardo_Berr%C3%ADo_Gonz%C3%A1lez,0,0,0,0,0,Eduardo Berrío González,berrío,colombia,0,0,0,0,0,0
https://es.wikipedia.org/wiki/Eduardo_Blanco_Acevedo,0,0,0,0,0,Eduardo Blanco Acevedo,blanco,uruguay,0,0,0,0,0,0
https://es.wikipedia.org/wiki/Eduardo_C._Basadre,0,0,0,0,0,Eduardo C. Basadre,basadre,peru,0,0,0,0,0,0
https://es.wikipedia.org/wiki/Eduardo_Caballero_Calder%C3%B3n,12,0,0,0,0,Eduardo Caballero Calderón,caballero,colombia,12,1,0,0,0,0
https://es.wikipedia.org/wiki/Eduardo_Capetillo,4,0,0,0,0,Eduardo Capetillo,capetillo,mexico,4,1,0,0,0,0
https://es.wikipedia.org/wiki/Eduardo_Chadwick_Claro,0,0,0,0,0,Eduardo Chadwick Claro,chadwick,chile,0,0,0,0,0,0
https://es.wikipedia.org/wiki/Eduardo_Cruz-Coke,0,0,1,0,0,Eduardo Cruz-Coke,cruz_chile,chile,1,0,0,1,0,0
https://es.wikipedia.org/wiki/Eduardo_Dib%C3%B3s_Chappuis,6,0,0,0,0,Eduardo Dibós Chappuis,alarco,peru,6,1,0,0,0,0
https://es.wikipedia.org/wiki/Eduardo_Dib%C3%B3s_Dammert,2,0,0,0,0,Eduardo Dibós Dammert,alarco,peru,2,1,0,0,0,0
https://es.wikipedia.org/wiki/Eduardo_Dib%C3%B3s_Silva,0,0,0,0,0,Eduardo Dibós Silva,alarco,peru,0,0,0,0,0,0
https://es.wikipedia.org/wiki/Eduardo_Frei_Montalva,6,0,0,0,0,Eduardo Frei Montalva,frei,chile,6,1,0,0,0,0
https://es.wikipedia.org/wiki/Eduardo_Frei_Ruiz-Tagle,6,0,0,0,0,Eduardo Frei Ruiz-Tagle,frei,chile,6,1,0,0,0,0
https://es.wikipedia.org/wiki/Eduardo_Garc%C3%ADa-Mansilla,4,0,0,0,0,Eduardo García-Mansilla,garcía-mansilla,argentina,4,1,0,0,0,0
https://es.wikipedia.org/wiki/Eduardo_Ignacio_Brown_y_Chitty,0,0,0,0,0,Eduardo Ignacio Brown y Chitty,brown,argentina,0,0,0,0,0,0
https://es.wikipedia.org/wiki/Eduardo_Kaunitz_de_Holmberg,0,0,0,0,0,Eduardo Kaunitz de Holmberg,holmberg,argentina,0,0,0,0,0,0
https://es.wikipedia.org/wiki/Eduardo_L%C3%B3pez_Bustamante,2,0,0,0,0,Eduardo López Bustamante,urdaneta,venezuela,2,1,0,0,0,0
https://es.wikipedia.org/wiki/Eduardo_L%C3%B3pez_Rivas,12,0,0,4,0,Eduardo López Rivas,urdaneta,venezuela,16,0.75,0,0,0.25,0
https://es.wikipedia.org/wiki/Eduardo_Ladislao_Holmberg,0,0,0,0,0,Eduardo Ladislao Holmberg,holmberg,argentina,0,0,0,0,0,0
https://es.wikipedia.org/wiki/Eduardo_Matte,0,0,0,0,0,Eduardo Matte,matte,chile,0,0,0,0,0,0
https://es.wikipedia.org/wiki/Eduardo_Matte_P%C3%A9rez,0,0,1,1,0,Eduardo Matte,matte,chile,2,0,0,0.5,0.5,0
https://es.wikipedia.org/wiki/Eduardo_Menem,0,0,0,0,0,Eduardo Menem,menem,argentina,0,0,0,0,0,0
https://es.wikipedia.org/wiki/Eduardo_Peralta_Ramos,0,0,0,0,0,Eduardo Peralta Ramos,peralta_ramos,argentina,0,0,0,0,0,0
https://es.wikipedia.org/wiki/Eduardo_Pizarro_Leong%C3%B3mez,2,0,0,0,0,Eduardo Pizarro Leongómez,acevedo_colombia,colombia,2,1,0,0,0,0
https://es.wikipedia.org/wiki/Eduardo_Santos_Montejo,1,0,1,2,0,Eduardo Santos Montejo,santos,colombia,4,0.25,0,0.25,0.5,0
https://es.wikipedia.org/wiki/Eduardo_Solari,0,0,0,0,0,Eduardo Solari,solari_argentina,argentina,0,0,0,0,0,0
https://es.wikipedia.org/wiki/Eduardo_Uma%C3%B1a_Luna,12,0,0,0,0,Eduardo Umaña Luna,umaña,colombia,12,1,0,0,0,0
https://es.wikipedia.org/wiki/Eduardo_Uma%C3%B1a_Mendoza,0,0,0,1,0,Eduardo Umaña Mendoza,umaña,colombia,1,0,0,0,1,0
https://es.wikipedia.org/wiki/Eduardo_V%C3%A1squez_Jaramillo,0,0,1,1,0,Eduardo Vásquez Jaramillo,ospina,colombia,2,0,0,0.5,0.5,0
https://es.wikipedia.org/wiki/Eduardo_Wenceslao_Holmberg,1,0,0,0,0,Eduardo Wenceslao Holmberg,holmberg,argentina,1,1,0,0,0,0
https://es.wikipedia.org/wiki/Eduardo_Yrarr%C3%A1zaval,0,0,0,0,0,Eduardo Yrarrázaval,concha_chile,chile,0,0,0,0,0,0
https://es.wikipedia.org/wiki/Eduardo_Zuleta_%C3%81ngel,0,0,0,0,0,Eduardo Zuleta Ángel,zuleta_colombia,colombia,0,0,0,0,0,0
https://es.wikipedia.org/wiki/Eduardo_Zuleta_Gaviria,0,0,0,0,0,Eduardo Zuleta Gaviria,zuleta_colombia,colombia,0,0,0,0,0,0
https://es.wikipedia.org/wiki/Edwin_Elmore,0,0,0,0,0,Edwin Elmore,elmore,peru,0,0,0,0,0,0
https://es.wikipedia.org/wiki/Edwin_Schlossberg,4,0,0,0,0,Edwin Schlossberg,onassis,argentina,4,1,0,0,0,0
https://es.wikipedia.org/wiki/El%C3%ADas_Mujica_y_Trasmonte,4,0,0,0,0,Elías Mujica y Trasmonte,mujica,peru,4,1,0,0,0,0
https://es.wikipedia.org/wiki/El%C3%ADas_Sapag,12,0,0,0,0,Elías Sapag,sapag,argentina,12,1,0,0,0,0
https://es.wikipedia.org/wiki/Eladio_Vergara,2,0,0,0,0,Eladio Vergara,vergara-azcárate,colombia,2,1,0,0,0,0
https://es.wikipedia.org/wiki/Elena_Barraquer_Compte,1,0,0,0,0,Elena Barraquer Compte,barraquer,colombia,1,1,0,0,0,0
https://es.wikipedia.org/wiki/Elena_Fr%C3%ADas_de_Ch%C3%A1vez,56,0,0,0,0,Elena Frías de Chávez,chávez,venezuela,56,1,0,0,0,0
https://es.wikipedia.org/wiki/Elena_Largacha_Ortiz,0,0,0,1,0,Elena Largacha Ortiz,holguín,colombia,1,0,0,0,1,0
https://es.wikipedia.org/wiki/Elena_Larra%C3%ADn_Vald%C3%A9s,2,0,2,0,0,Elena Larraín Valdés,valdés_chile,chile,4,0.5,0,0.5,0,0
https://es.wikipedia.org/wiki/Eliana_Navarro,12,0,0,0,0,Eliana Navarro,vicuña,chile,12,1,0,0,0,0
https://es.wikipedia.org/wiki/Eliodoro_Matte_Larra%C3%ADn,0,0,0,0,0,Eliodoro Matte Larraín,matte,chile,0,0,0,0,0,0
https://es.wikipedia.org/wiki/Eliodoro_Matte_Ossa,0,2,2,2,0,Eliodoro Matte Ossa,bunster,chile,6,0,0.3333333333333333,0.3333333333333333,0.3333333333333333,0
https://es.wikipedia.org/wiki/Elisa_Alicia_Lynch,4,0,0,0,0,Elisa Alicia Lynch,lópez_carrillo,argentina,4,1,0,0,0,0
https://es.wikipedia.org/wiki/Elisa_Brown,0,0,0,0,0,Elisa Brown,brown,argentina,0,0,0,0,0,0
https://es.wikipedia.org/wiki/Elisa_Correa,0,0,0,0,0,Elisa Correa,sanfuentes,chile,0,0,0,0,0,0
https://es.wikipedia.org/wiki/Elisa_Correa_Sanfuentes,0,0,0,0,0,Elisa Correa,sanfuentes,chile,0,0,0,0,0,0
https://es.wikipedia.org/wiki/Elisa_God%C3%ADnez_G%C3%B3mez_de_Batista,0,0,0,0,0,Elisa Godínez Gómez de Batista,zaldívar,chile,0,0,0,0,0,0
https://es.wikipedia.org/wiki/Elizabeth_Subercaseaux,0,0,0,0,0,Elizabeth Subercaseaux,garcía-huidobro,chile,0,0,0,0,0,0
https://es.wikipedia.org/wiki/Elvia_Barrios,1,0,0,0,0,Elvia Barrios,villarán,peru,1,1,0,0,0,0
https://es.wikipedia.org/wiki/Elvira_C%C3%A1rdenas,0,0,0,0,0,Elvira Cárdenas,concha,colombia,0,0,0,0,0,0
https://es.wikipedia.org/wiki/Elvira_D%C3%A1vila_Ortiz,0,0,0,0,0,Elvira Dávila Ortiz,dávila,colombia,0,0,0,0,0,0
https://es.wikipedia.org/wiki/Elvira_Garc%C3%ADa_y_Garc%C3%ADa,0,0,0,0,0,Elvira García y García,garcía_y_garcía,peru,0,0,0,0,0,0
https://es.wikipedia.org/wiki/Elvira_Orph%C3%A9e,0,0,0,0,0,Elvira Orphée,ocampo,argentina,0,0,0,0,0,0
https://es.wikipedia.org/wiki/Elvira_Rawson,0,0,0,0,0,Elvira Rawson,rawson,argentina,0,0,0,0,0,0
https://es.wikipedia.org/wiki/Elvira_de_Ayala_y_Herrera,0,0,0,0,0,Elvira de Ayala y Herrera,borja,colombia,0,0,0,0,0,0
https://es.wikipedia.org/wiki/Emilia_Drago,2,0,0,0,0,Emilia Drago,drago,peru,2,1,0,0,0,0
https://es.wikipedia.org/wiki/Emilia_M%C3%A1rquez_de_la_Plata_Guzm%C3%A1n,9,0,0,0,0,Emilia Márquez de la Plata,santa_maría,chile,9,1,0,0,0,0
https://es.wikipedia.org/wiki/Emilia_Noguera,0,0,0,0,0,Emilia Noguera,portales,chile,0,0,0,0,0,0
https://es.wikipedia.org/wiki/Emilia_de_Toro,7,0,0,0,0,Emilia de Toro,balmaceda,chile,7,1,0,0,0,0
https://es.wikipedia.org/wiki/Emilia_de_Toro_Herrera,2,0,0,0,0,Emilia de Toro,balmaceda,chile,2,1,0,0,0,0
https://es.wikipedia.org/wiki/Emiliana_Concha_de_Ossa,0,0,0,0,0,Emiliana Concha de Ossa,concha_chile,chile,0,0,0,0,0,0
https://es.wikipedia.org/wiki/Emiliano_Aguilar,0,0,0,0,0,Emiliano Aguilar,aguilar,mexico,0,0,0,0,0,0
https://es.wikipedia.org/wiki/Emiliano_Figueroa,6,0,3,0,0,Emiliano Figueroa,vicuña,chile,9,0.6666666666666666,0,0.3333333333333333,0,0
https://es.wikipedia.org/wiki/Emiliano_Salinas,0,0,0,0,0,Emiliano Salinas,salinas,mexico,0,0,0,0,0,0
https://es.wikipedia.org/wiki/Emiliano_Zurita,1,0,0,0,0,Emiliano Zurita,pinal_hidalgo,mexico,1,1,0,0,0,0
https://es.wikipedia.org/wiki/Emilio_Alcal%C3%A1-Galiano_y_Osma,0,0,0,0,0,Emilio Alcalá-Galiano y Osma,valencia,colombia,0,0,0,0,0,0
https://es.wikipedia.org/wiki/Emilio_Alcal%C3%A1_Galiano,20,0,0,0,0,Emilio Alcalá Galiano,valencia,colombia,20,1,0,0,0,0
https://es.wikipedia.org/wiki/Emilio_Azc%C3%A1rraga_Jean,2,0,0,0,0,Emilio Azcárraga Jean,azcárraga,mexico,2,1,0,0,0,0
https://es.wikipedia.org/wiki/Emilio_Azc%C3%A1rraga_Milmo,2,0,0,0,0,Emilio Azcárraga Milmo,azcárraga,mexico,2,1,0,0,0,0
https://es.wikipedia.org/wiki/Emilio_Azc%C3%A1rraga_Vidaurreta,0,0,0,0,0,Emilio Azcárraga Vidaurreta,azcárraga,mexico,0,0,0,0,0,0
https://es.wikipedia.org/wiki/Emilio_Cuervo,0,0,0,0,0,Emilio Cuervo,cuervo,colombia,0,0,0,0,0,0
https://es.wikipedia.org/wiki/Emilio_Edwards,0,0,0,0,0,Emilio Edwards,edwards,chile,0,0,0,0,0,0
https://es.wikipedia.org/wiki/Emilio_Estrada,4,0,0,0,0,Emilio Estrada,estrada_ecuador,ecuador,4,1,0,0,0,0
https://es.wikipedia.org/wiki/Emilio_Estrada_Icaza,1,0,0,0,0,Emilio Estrada Icaza,estrada_ecuador,ecuador,1,1,0,0,0,0
https://es.wikipedia.org/wiki/Emilio_Madero,2,0,0,0,0,Emilio Madero,madero,mexico,2,1,0,0,0,0
https://es.wikipedia.org/wiki/Emilio_Mitre_%28ingeniero%29,0,0,0,0,0,Emilio Mitre (ingeniero),mitre,argentina,0,0,0,0,0,0
https://es.wikipedia.org/wiki/Emilio_Ortiz_de_Zevallos,2,0,0,0,0,Emilio Ortiz de Zevallos,del_solar,peru,2,1,0,0,0,0
https://es.wikipedia.org/wiki/Emilio_Quintana_%28gobernador%29,0,0,0,0,0,Emilio Quintana (gobernador),quintana,argentina,0,0,0,0,0,0
https://es.wikipedia.org/wiki/Emilio_Riva_Palacio_Morales,2,0,0,0,0,Emilio Riva Palacio Morales,riva_palacio,mexico,2,1,0,0,0,0
https://es.wikipedia.org/wiki/Emilio_Salinas,0,0,0,0,0,Emilio Salinas,carranza,mexico,0,0,0,0,0,0
https://es.wikipedia.org/wiki/Emilio_de_Althaus,2,0,0,0,0,Emilio de Althaus,althaus,peru,2,1,0,0,0,0
https://es.wikipedia.org/wiki/Emilio_de_Althaus_Flores_del_Campo,9,0,0,0,0,Emilio de Althaus y Flores del Campo,althaus,peru,9,1,0,0,0,0
https://es.wikipedia.org/wiki/Emilio_de_Althaus_y_Flores_del_Campo,4,0,0,0,0,Emilio de Althaus y Flores del Campo,althaus,peru,4,1,0,0,0,0
https://es.wikipedia.org/wiki/Emilio_de_Alvear,0,0,0,0,0,Emilio de Alvear,alvear,argentina,0,0,0,0,0,0
https://es.wikipedia.org/wiki/Emma_Coronel_Aispuro,2,0,0,0,0,Emma Coronel Aispuro,coronel_méxico,mexico,2,1,0,0,0,0
https://es.wikipedia.org/wiki/Encarnaci%C3%B3n_Ezcurra,2,0,0,2,0,Encarnación Ezcurra,ortiz_de_rozas,argentina,4,0.5,0,0,0.5,0
https://es.wikipedia.org/wiki/Enrique_Balmaceda,2,0,0,0,0,Enrique Balmaceda,balmaceda,chile,2,1,0,0,0,0
https://es.wikipedia.org/wiki/Enrique_Balmaceda_Toro,4,0,0,0,0,Enrique Balmaceda,balmaceda,chile,4,1,0,0,0,0
https://es.wikipedia.org/wiki/Enrique_Barreda_y_Laos,0,0,0,0,0,Enrique Barreda y Laos,barreda,peru,0,0,0,0,0,0
https://es.wikipedia.org/wiki/Enrique_Barreda_y_Osma,2,0,0,0,0,Enrique Barreda y Osma,barreda,peru,2,1,0,0,0,0
https://es.wikipedia.org/wiki/Enrique_Basadre_Pastor,0,0,0,0,0,Enrique Basadre Pastor,basadre,peru,0,0,0,0,0,0
https://es.wikipedia.org/wiki/Enrique_Basadre_Stevenson,6,0,0,0,0,Enrique Basadre Stevenson,basadre,peru,6,1,0,0,0,0
https://es.wikipedia.org/wiki/Enrique_Bolognesi,0,0,0,0,0,Enrique Bolognesi,bolognesi,peru,0,0,0,0,0,0
https://es.wikipedia.org/wiki/Enrique_Camacho_Matamoros,0,0,0,0,0,Enrique Camacho Matamoros,camacho,colombia,0,0,0,0,0,0
https://es.wikipedia.org/wiki/Enrique_Checa_Eguiguren,0,0,0,0,0,Enrique Checa Eguiguren,eguiguren,peru,0,0,0,0,0,0
https://es.wikipedia.org/wiki/Enrique_Chirinos_Soto,1,0,0,0,0,Enrique Chirinos Soto,chirinos,peru,1,1,0,0,0,0
https://es.wikipedia.org/wiki/Enrique_Cueto,0,0,1,0,0,Enrique Cueto,cueto,chile,1,0,0,1,0,0
https://es.wikipedia.org/wiki/Enrique_D%C3%ADaz_Indiano,0,0,0,0,0,Enrique Díaz Indiano,bracho,mexico,0,0,0,0,0,0
https://es.wikipedia.org/wiki/Enrique_Del_Solar_C%C3%A1ceda,0,0,0,0,0,Enrique Del Solar Cáceda,del_solar,peru,0,0,0,0,0,0
https://es.wikipedia.org/wiki/Enrique_Ferreyros_Ayulo,2,0,0,0,0,Enrique Ferreyros Ayulo,ferreyros,peru,2,1,0,0,0,0
https://es.wikipedia.org/wiki/Enrique_Flores_Mag%C3%B3n,0,0,0,0,0,Enrique Flores Magón,flores_magón,mexico,0,0,0,0,0,0
https://es.wikipedia.org/wiki/Enrique_G%C3%B3mez_Hurtado,16,0,0,0,0,Enrique Gómez Hurtado,gómez,colombia,16,1,0,0,0,0
https://es.wikipedia.org/wiki/Enrique_G%C3%B3mez_Mart%C3%ADnez,0,0,0,0,0,Enrique Gómez Martínez,gómez,colombia,0,0,0,0,0,0
https://es.wikipedia.org/wiki/Enrique_Garc%C3%ADa_Say%C3%A1n,0,0,0,0,0,Enrique García Sayán,garcía_y_garcía,peru,0,0,0,0,0,0
https://es.wikipedia.org/wiki/Enrique_Gonz%C3%A1lez_Mart%C3%ADnez,0,0,0,0,0,Enrique González Martínez,gonzález_rojo,mexico,0,0,0,0,0,0
https://es.wikipedia.org/wiki/Enrique_Gonz%C3%A1lez_Rojo,0,0,0,0,0,Enrique González Rojo,gonzález_rojo,mexico,0,0,0,0,0,0
https://es.wikipedia.org/wiki/Enrique_Grau_Seminario,0,0,0,0,0,Enrique Grau Seminario,grau,peru,0,0,0,0,0,0
https://es.wikipedia.org/wiki/Enrique_Iglesias,2,0,0,0,0,Enrique Iglesias,vargas_llosa,peru,2,1,0,0,0,0
https://es.wikipedia.org/wiki/Enrique_Jos%C3%A9_Arboleda,1,0,0,0,0,Enrique José Arboleda,arboleda,colombia,1,1,0,0,0,0
https://es.wikipedia.org/wiki/Enrique_L%C3%B3pez_Bustamante,0,0,0,0,0,Enrique López Bustamante,urdaneta,venezuela,0,0,0,0,0,0
https://es.wikipedia.org/wiki/Enrique_Larra%C3%ADn_Alcalde,2,0,0,0,0,Enrique Larraín Alcalde,gandarillas,chile,2,1,0,0,0,0
https://es.wikipedia.org/wiki/Enrique_Le%C3%B3n_Velarde,0,0,0,0,0,Enrique León Velarde,león-velarde,peru,0,0,0,0,0,0
https://es.wikipedia.org/wiki/Enrique_Matta_Figueroa,0,0,0,0,0,Enrique Matta Figueroa,matta,chile,0,0,0,0,0,0
https://es.wikipedia.org/wiki/Enrique_Matta_Vial,2,0,0,0,0,Enrique Matta Vial,matta,chile,2,1,0,0,0,0
https://es.wikipedia.org/wiki/Enrique_Montt_Montt,4,0,0,0,0,Enrique Montt Montt,montt,chile,4,1,0,0,0,0
https://es.wikipedia.org/wiki/Enrique_Olaya_Herrera,0,0,0,0,0,Enrique Olaya Herrera,herrera,colombia,0,0,0,0,0,0
https://es.wikipedia.org/wiki/Enrique_Par%C3%ADs_Prieto,0,0,0,0,0,Enrique París Prieto,parís,colombia,0,0,0,0,0,0
https://es.wikipedia.org/wiki/Enrique_Ruiz_Gui%C3%B1az%C3%BA,0,0,0,0,0,Enrique Ruiz Guiñazú,ortiz_basualdo,argentina,0,0,0,0,0,0
https://es.wikipedia.org/wiki/Enrique_Salinas_de_Gortari,0,0,0,0,0,Enrique Salinas de Gortari,salinas,mexico,0,0,0,0,0,0
https://es.wikipedia.org/wiki/Enrique_Salvador_Sanfuentes,12,0,0,0,0,Enrique Salvador Sanfuentes,sanfuentes,chile,12,1,0,0,0,0
https://es.wikipedia.org/wiki/Enrique_Santamarina,0,0,0,0,0,Enrique Santamarina,santamarina,argentina,0,0,0,0,0,0
https://es.wikipedia.org/wiki/Enrique_Santos_Calder%C3%B3n,2,0,0,0,0,Enrique Santos Calderón,calderón_colombia,colombia,2,1,0,0,0,0
https://es.wikipedia.org/wiki/Enrique_Santos_Calderon,1,0,2,0,0,Enrique Santos Calderón,calderón_colombia,colombia,3,0.3333333333333333,0,0.6666666666666666,0,0
https://es.wikipedia.org/wiki/Enrique_Santos_Castillo,20,0,0,0,0,Enrique Santos Castillo,calderón_colombia,colombia,20,1,0,0,0,0
https://es.wikipedia.org/wiki/Enrique_Santos_Molano,0,0,0,0,0,Enrique Santos Molano,calderón_colombia,colombia,0,0,0,0,0,0
https://es.wikipedia.org/wiki/Enrique_Santos_Montejo,12,0,0,0,0,Enrique Santos Montejo,calderón_colombia,colombia,12,1,0,0,0,0
https://es.wikipedia.org/wiki/Enrique_Solano_L%C3%B3pez,1,0,0,0,0,Enrique Solano López,lópez_carrillo,paraguay,1,1,0,0,0,0
https://es.wikipedia.org/wiki/Enrique_Tola_Mendoza,0,0,0,0,0,Enrique Tola Mendoza,tola,peru,0,0,0,0,0,0
https://es.wikipedia.org/wiki/Enrique_Varela_Vidaurre,0,0,0,0,0,Enrique Varela Vidaurre,varela,peru,0,0,0,0,0,0
https://es.wikipedia.org/wiki/Enrique_Vicu%C3%B1a_Subercaseaux,0,0,0,0,0,Enrique Vicuña Subercaseaux,subercaseaux,chile,0,0,0,0,0,0
https://es.wikipedia.org/wiki/Enrique_Za%C3%B1artu_Prieto,0,0,0,0,0,Enrique Zañartu,zañartu,chile,0,0,0,0,0,0
https://es.wikipedia.org/wiki/Enrique_Zileri,2,0,0,0,0,Enrique Zileri,gibson,peru,2,1,0,0,0,0
https://es.wikipedia.org/wiki/Enrique_de_la_Riva_Ag%C3%BCero,1,0,0,0,0,Enrique de la Riva Agüero Riglos,riva_agüero,peru,1,1,0,0,0,0
https://es.wikipedia.org/wiki/Enrique_de_la_Riva_Ag%C3%BCero_Riglos,0,0,0,0,0,Enrique de la Riva Agüero Riglos,riva_agüero,peru,0,0,0,0,0,0
https://es.wikipedia.org/wiki/Enrique_van_Rysselberghe_Herrera,0,0,0,0,0,Enrique van Rysselberghe Herrera,van_rysselberghe,chile,0,0,0,0,0,0
https://es.wikipedia.org/wiki/Enrique_van_Rysselberghe_Mart%C3%ADnez,0,0,0,0,0,Enrique van Rysselberghe Martínez,van_rysselberghe,chile,0,0,0,0,0,0
https://es.wikipedia.org/wiki/Enrique_van_Rysselberghe_Varela,6,0,0,0,0,Enrique van Rysselberghe Varela,van_rysselberghe,chile,6,1,0,0,0,0
https://es.wikipedia.org/wiki/Enriqueta_Garland_Higginson,0,0,1,0,0,Enriqueta Garland Higginson,málaga,peru,1,0,0,1,0,0
https://es.wikipedia.org/wiki/Enriqueta_Legu%C3%ADa,0,0,1,1,0,Enriqueta Leguía,diez_canseco,peru,2,0,0,0.5,0.5,0
https://es.wikipedia.org/wiki/Enriqueta_Pinto,4,0,12,0,0,Enriqueta Pinto,bulnes,chile,16,0.25,0,0.75,0,0
https://es.wikipedia.org/wiki/Enriqueta_Pinto_Garmendia,6,0,0,0,0,Enriqueta Pinto,bulnes,chile,6,1,0,0,0,0
https://es.wikipedia.org/wiki/Enriqueta_V%C3%A1squez_Jaramillo,20,0,5,5,0,Enriqueta Vásquez de Ospina,ospina,colombia,30,0.6666666666666666,0,0.16666666666666666,0.16666666666666666,0
https://es.wikipedia.org/wiki/Enriqueta_V%C3%A1squez_de_Ospina,6,0,0,0,0,Enriqueta Vásquez de Ospina,ospina,colombia,6,1,0,0,0,0
https://es.wikipedia.org/wiki/Ercilia_L%C3%B3pez_de_Blomberg,1,0,0,0,0,Ercilia López de Blomberg,lópez_carrillo,paraguay,1,1,0,0,0,0
https://es.wikipedia.org/wiki/Ernestina_Herrera_de_Noble,0,0,0,0,0,Ernestina Herrera de Noble,noble,argentina,0,0,0,0,0,0
https://es.wikipedia.org/wiki/Ernestina_Sodi,0,0,0,0,0,Ernestina Sodi,sodi,mexico,0,0,0,0,0,0
https://es.wikipedia.org/wiki/Ernesto_Alayza_Grundy,2,0,0,2,0,Ernesto Alayza Grundy,alayza,peru,4,0.5,0,0,0.5,0
https://es.wikipedia.org/wiki/Ernesto_Alemann,6,0,0,0,0,Ernesto Alemann,alemann,argentina,6,1,0,0,0,0
https://es.wikipedia.org/wiki/Ernesto_Arambur%C3%BA_Menchaca,2,0,0,0,0,Ernesto Aramburú Menchaca,aramburú,peru,2,1,0,0,0,0
https://es.wikipedia.org/wiki/Ernesto_Balmaceda,0,0,0,0,0,Ernesto Balmaceda,balmaceda,chile,0,0,0,0,0,0
https://es.wikipedia.org/wiki/Ernesto_Balmaceda_Bello,0,0,0,0,0,Ernesto Balmaceda,balmaceda,chile,0,0,0,0,0,0
https://es.wikipedia.org/wiki/Ernesto_Che_Guevara,9,0,0,0,0,Che Guevara,guevara,argentina,9,1,0,0,0,0
https://es.wikipedia.org/wiki/Ernesto_D%27Alessio,0,0,0,0,0,Ernesto D'Alessio,derbez,mexico,0,0,0,0,0,0
https://es.wikipedia.org/wiki/Ernesto_Diez-Canseco_Mas%C3%ADas,0,0,0,0,0,Ernesto Diez-Canseco Masías,diez_canseco,peru,0,0,0,0,0,0
https://es.wikipedia.org/wiki/Ernesto_Diez_Canseco_Y%C3%A1%C3%B1ez,2,0,0,0,0,Ernesto Diez Canseco Yáñez,diez_canseco,peru,2,1,0,0,0,0
https://es.wikipedia.org/wiki/Ernesto_Dur%C3%A1n_Cordovez,0,0,0,0,0,Ernesto Durán Cordovez,borrero,colombia,0,0,0,0,0,0
https://es.wikipedia.org/wiki/Ernesto_Fontaine,0,0,0,0,0,Ernesto Fontaine,fontaine,chile,0,0,0,0,0,0
https://es.wikipedia.org/wiki/Ernesto_Gamarra_Olivares,0,0,0,0,0,Ernesto Gamarra,brescia,peru,0,0,0,0,0,0
https://es.wikipedia.org/wiki/Ernesto_Guevara_Lynch,4,0,0,0,0,Ernesto Guevara Lynch,guevara,argentina,4,1,0,0,0,0
https://es.wikipedia.org/wiki/Ernesto_Madero_Far%C3%ADas,0,0,0,0,0,Ernesto Madero Farías,farías,mexico,0,0,0,0,0,0
https://es.wikipedia.org/wiki/Ernesto_Nemer_%C3%81lvarez,0,0,0,0,0,Ernesto Nemer Álvarez,del_mazo,mexico,0,0,0,0,0,0
https://es.wikipedia.org/wiki/Ernesto_Odriozola,0,0,0,0,0,Ernesto Odriozola,odriozola,peru,0,0,0,0,0,0
https://es.wikipedia.org/wiki/Ernesto_Sabato,2,0,0,0,0,Ernesto Sabato,sabato,argentina,2,1,0,0,0,0
https://es.wikipedia.org/wiki/Ernesto_Samper,0,4,0,0,0,Ernesto Samper,samper,colombia,4,0,1,0,0,0
https://es.wikipedia.org/wiki/Ernesto_Samper_Pizano,6,0,0,0,0,Ernesto Samper,gnecco,colombia,6,1,0,0,0,0
https://es.wikipedia.org/wiki/Ernesto_Videla,0,0,0,0,0,Ernesto Videla,videla,chile,0,0,0,0,0,0
https://es.wikipedia.org/wiki/Ervil_LeBaron,0,0,0,0,0,Ervil LeBaron,lebaron,mexico,0,0,0,0,0,0
https://es.wikipedia.org/wiki/Esmeralda_Mitre,0,0,0,0,0,Esmeralda Mitre,álvarez_de_toledo_argentina,argentina,0,0,0,0,0,0
https://es.wikipedia.org/wiki/Esperanza_Baur,0,0,0,0,0,Esperanza Baur,díaz_ceballos,mexico,0,0,0,0,0,0
https://es.wikipedia.org/wiki/Estanislao_Vergara,0,1,0,0,0,Estanislao Vergara,tenorio,colombia,1,0,1,0,0,0
https://es.wikipedia.org/wiki/Estanislao_Vergara_y_Sanz_de_Santamar%C3%ADa,9,0,0,0,0,Estanislao Vergara,caicedo,colombia,9,1,0,0,0,0
https://es.wikipedia.org/wiki/Estanislao_del_Campo,0,0,0,0,0,Estanislao del Campo,maciel,argentina,0,0,0,0,0,0
https://es.wikipedia.org/wiki/Esteban_Bullrich,0,0,0,1,0,Esteban Bullrich,alvear,argentina,1,0,0,0,1,0
https://es.wikipedia.org/wiki/Esteban_Justo_Garc%C3%ADa_de_Z%C3%BA%C3%B1iga,0,0,1,1,0,Esteban Justo García de Zúñiga,garcía_de_zúñiga,argentina,2,0,0,0.5,0.5,0
https://es.wikipedia.org/wiki/Esteban_Palacios_y_Blanco,0,0,0,0,0,Esteban Palacios y Blanco,palacios_venezuela,venezuela,0,0,0,0,0,0
https://es.wikipedia.org/wiki/Esteban_Tomic,0,0,0,0,0,Esteban Tomic,errázuriz,chile,0,0,0,0,0,0
https://es.wikipedia.org/wiki/Estefan%C3%ADa_Manrique_de_Castilla,0,0,0,0,0,Estefanía Manrique de Castilla,manrique,colombia,0,0,0,0,0,0
https://es.wikipedia.org/wiki/Ester_Matte_Alessandri,2,0,0,0,0,Ester Matte Alessandri,matte,chile,2,1,0,0,0,0
https://es.wikipedia.org/wiki/Esther_Boggini,20,0,0,0,0,Esther Boggini,podestá,argentina,20,1,0,0,0,0
https://es.wikipedia.org/wiki/Ethel_Pozo,0,0,0,0,0,Ethel Pozo,valcárcel,peru,0,0,0,0,0,0
https://es.wikipedia.org/wiki/Eugen_d%27Albert,0,0,0,0,0,Eugen d'Albert,carreño,colombia,0,0,0,0,0,0
https://es.wikipedia.org/wiki/Eugenia_Bel%C3%ADn_Sarmiento,0,0,0,0,0,Eugenia Belín Sarmiento,sarmiento,argentina,0,0,0,0,0,0
https://es.wikipedia.org/wiki/Eugenia_Huici,0,0,0,0,0,Eugenia Huici de Errázuriz,errázuriz,chile,0,0,0,0,0,0
https://es.wikipedia.org/wiki/Eugenia_Huici_de_Err%C3%A1zuriz,0,0,0,0,0,Eugenia Huici de Errázuriz,errázuriz,chile,0,0,0,0,0,0
https://es.wikipedia.org/wiki/Eugenia_Revueltas,0,0,0,0,0,Eugenia Revueltas,revueltas_sánchez,mexico,0,0,0,0,0,0
https://es.wikipedia.org/wiki/Eugenio_Cambaceres,2,0,0,0,0,Eugenio Cambaceres,cambaceres,argentina,2,1,0,0,0,0
https://es.wikipedia.org/wiki/Eugenio_Derbez,30,0,0,0,0,Eugenio Derbez,derbez,mexico,30,1,0,0,0,0
https://es.wikipedia.org/wiki/Eugenio_Garza_Lag%C3%BCera,2,0,0,0,0,Eugenio Garza Lagüera,garza_sada,mexico,2,1,0,0,0,0
https://es.wikipedia.org/wiki/Eugenio_Garza_Sada,2,0,0,0,0,Eugenio Garza Sada,garza_sada,mexico,2,1,0,0,0,0
https://es.wikipedia.org/wiki/Eugenio_Guzm%C3%A1n_Montt,0,0,0,0,0,Eugenio Guzmán Montt,montt,chile,0,0,0,0,0,0
https://es.wikipedia.org/wiki/Eugenio_Larrabure_y_Unanue,0,0,0,0,0,Eugenio Larrabure y Unanue,larrabure,peru,0,0,0,0,0,0
https://es.wikipedia.org/wiki/Eugenio_Ortega,0,0,0,0,0,Eugenio Ortega,frei,chile,0,0,0,0,0,0
https://es.wikipedia.org/wiki/Eugenio_Velasco_Letelier,0,0,0,0,0,Eugenio Velasco Letelier,velasco_chile,chile,0,0,0,0,0,0
https://es.wikipedia.org/wiki/Eugenio_de_Matta_Vargas,2,0,0,0,0,Eugenio de Matta Vargas,matta,chile,2,1,0,0,0,0
https://es.wikipedia.org/wiki/Eulogia_Echaurren,36,0,0,0,0,Eulogia Echaurren,echaurren,chile,36,1,0,0,0,0
https://es.wikipedia.org/wiki/Eulogia_Echaurren_Garc%C3%ADa-Huidobro,20,0,0,0,0,Eulogia Echaurren,echaurren,chile,20,1,0,0,0,0
https://es.wikipedia.org/wiki/Eulogio_Fernandini,0,0,0,0,0,Eulogio Fernandini,álvarez_calderón,peru,0,0,0,0,0,0
https://es.wikipedia.org/wiki/Eustaquio_Galav%C3%ADs_Hurtado_del_%C3%81guila,0,0,0,0,0,Eustaquio Galavís Hurtado del Águila,lozano,colombia,0,0,0,0,0,0
https://es.wikipedia.org/wiki/Eustoquio_D%C3%ADaz_V%C3%A9lez,0,0,0,1,0,Eustoquio Díaz Vélez,díaz_vélez,argentina,1,0,0,0,1,0
https://es.wikipedia.org/wiki/Eustoquio_D%C3%ADaz_V%C3%A9lez_%28hijo%29,0,0,1,0,0,Eustoquio Díaz Vélez (hijo),díaz_vélez,argentina,1,0,0,1,0,0
https://es.wikipedia.org/wiki/Eustoquio_G%C3%B3mez,0,0,0,0,0,Eustoquio Gómez,gómez_venezuela,venezuela,0,0,0,0,0,0
https://es.wikipedia.org/wiki/Eva_Gonda_Rivera,0,0,0,0,0,Eva Gonda Rivera,garza_sada,mexico,0,0,0,0,0,0
https://es.wikipedia.org/wiki/Eva_Per%C3%B3n,0,0,0,0,0,Eva Perón,perón,argentina,0,0,0,0,0,0
https://es.wikipedia.org/wiki/Eva_S%C3%A1mano,0,0,0,0,0,Eva Sámano,mateos,mexico,0,0,0,0,0,0
https://es.wikipedia.org/wiki/Evaristo_Gandarillas_Gandarillas,0,0,0,0,0,Evaristo Gandarillas Gandarillas,gandarillas,chile,0,0,0,0,0,0
https://es.wikipedia.org/wiki/Evaristo_Madero_Elizondo,0,0,1,0,0,Evaristo Madero Elizondo,farías,mexico,1,0,0,1,0,0
https://es.wikipedia.org/wiki/Evaristo_Uriburu,2,0,0,0,0,Evaristo de Uriburu,álvarez_de_arenales,argentina,2,1,0,0,0,0
https://es.wikipedia.org/wiki/Evaristo_de_Uriburu,4,0,0,0,0,Evaristo de Uriburu,álvarez_de_arenales,argentina,4,1,0,0,0,0
https://es.wikipedia.org/wiki/Ezequiel_Luna_Guerra,0,0,0,0,0,Ezequiel Luna Guerra,luna,peru,0,0,0,0,0,0
https://es.wikipedia.org/wiki/Ezequiel_Uricoechea,0,0,0,0,0,Ezequiel Uricoechea,uricoechea,colombia,0,0,0,0,0,0
https://es.wikipedia.org/wiki/Ezio_Neyra,0,0,0,0,0,Ezio Neyra,neyra,peru,0,0,0,0,0,0
https://es.wikipedia.org/wiki/F%C3%A9lix_D%C3%ADaz,0,0,0,0,0,Félix Díaz,díaz,mexico,0,0,0,0,0,0
https://es.wikipedia.org/wiki/F%C3%A9lix_D%C3%ADaz_Mori,0,0,0,0,0,Félix Díaz Mori,díaz,mexico,0,0,0,0,0,0
https://es.wikipedia.org/wiki/F%C3%A9lix_Fulgencio_Palavicini,0,0,0,0,0,Félix Fulgencio Palavicini,soler,mexico,0,0,0,0,0,0
https://es.wikipedia.org/wiki/F%C3%A9lix_Mackenna_Vicu%C3%B1a,0,0,0,0,0,Félix Mackenna Vicuña,mackenna,chile,0,0,0,0,0,0
https://es.wikipedia.org/wiki/F%C3%A9lix_Mar%C3%ADa_Salazar,0,0,0,0,0,Félix María Salazar,jaramillo_colombia,colombia,0,0,0,0,0,0
https://es.wikipedia.org/wiki/F%C3%A9lix_Salazar_Jaramillo,0,0,0,0,0,Félix Salazar Jaramillo,jaramillo_colombia,colombia,0,0,0,0,0,0
https://es.wikipedia.org/wiki/Fabiana_Cantilo,0,0,0,0,0,Fabiana Cantilo,pueyrredón,argentina,0,0,0,0,0,0
https://es.wikipedia.org/wiki/Fabio_Lozano_Lozano,2,0,0,0,0,Fabio Lozano y Lozano,lozano,colombia,2,1,0,0,0,0
https://es.wikipedia.org/wiki/Fabio_Lozano_Torrijos,6,0,3,0,0,Fabio Lozano Torrijos,lozano,colombia,9,0.6666666666666666,0,0.3333333333333333,0,0
https://es.wikipedia.org/wiki/Fabio_Lozano_y_Lozano,0,0,0,0,0,Fabio Lozano y Lozano,torrijos,colombia,0,0,0,0,0,0
https://es.wikipedia.org/wiki/Fabiola_Le%C3%B3n-Velarde,0,0,0,0,0,Fabiola León-Velarde,león-velarde,peru,0,0,0,0,0,0
https://es.wikipedia.org/wiki/Familia_Chadwick,0,0,0,0,0,Familia Chadwick,chadwick,chile,0,0,0,0,0,0
https://es.wikipedia.org/wiki/Faustino_Allende,0,0,0,0,0,Faustino Allende,allende_argentina,argentina,0,0,0,0,0,0
https://es.wikipedia.org/wiki/Federica_Matta,0,0,0,0,0,Federica Matta,matta,chile,0,0,0,0,0,0
https://es.wikipedia.org/wiki/Federico_Carlos_Lehmann,0,0,0,0,0,Federico Carlos Lehmann,mosquera,colombia,0,0,0,0,0,0
https://es.wikipedia.org/wiki/Federico_Elmore,6,0,0,0,0,Federico Elmore,elmore,peru,6,1,0,0,0,0
https://es.wikipedia.org/wiki/Federico_Err%C3%A1zuriz_Echaurren,16,0,0,0,0,Federico Errázuriz Echaurren,echaurren,chile,16,1,0,0,0,0
https://es.wikipedia.org/wiki/Federico_Err%C3%A1zuriz_Echenique,2,0,0,0,0,Federico Errázuriz Echenique,echaurren,chile,2,1,0,0,0,0
https://es.wikipedia.org/wiki/Federico_Err%C3%A1zuriz_Za%C3%B1artu,64,0,8,0,0,Federico Errázuriz Zañartu,echaurren,chile,72,0.8888888888888888,0,0.1111111111111111,0,0
https://es.wikipedia.org/wiki/Federico_Garret%C3%B3n_Silva,0,0,0,0,0,Federico Garretón Silva,garretón,chile,0,0,0,0,0,0
https://es.wikipedia.org/wiki/Federico_Ibarguren,0,0,0,0,0,Federico Ibarguren,uriburu,argentina,0,0,0,0,0,0
https://es.wikipedia.org/wiki/Federico_Lleras_Acosta,6,0,0,0,0,Federico Lleras Acosta,lleras,colombia,6,1,0,0,0,0
https://es.wikipedia.org/wiki/Federico_Luna_Aran%C3%ADbar,6,0,0,0,0,Federico Luna Araníbar,luna,peru,6,1,0,0,0,0
https://es.wikipedia.org/wiki/Federico_Luna_Aranibar,6,0,0,0,0,Federico Luna Araníbar,luna,peru,6,1,0,0,0,0
https://es.wikipedia.org/wiki/Federico_Luna_y_Peralta,2,0,0,0,0,Federico Luna y Peralta,luna,peru,2,1,0,0,0,0
https://es.wikipedia.org/wiki/Federico_More_Barrionuevo,0,0,0,0,0,Federico More Barrionuevo,more,peru,0,0,0,0,0,0
https://es.wikipedia.org/wiki/Federico_More_Ruiz,0,0,0,0,0,Federico More Ruiz,more,peru,0,0,0,0,0,0
https://es.wikipedia.org/wiki/Federico_Philippi,0,0,0,0,0,Federico Philippi,philippi,chile,0,0,0,0,0,0
https://es.wikipedia.org/wiki/Federico_Pinedo_%28hijo%29,0,0,0,1,0,Federico Pinedo (hijo),pinedo,argentina,1,0,0,0,1,0
https://es.wikipedia.org/wiki/Federico_Pinedo_%28padre%29,0,0,0,0,0,Federico Pinedo (padre),pinedo,argentina,0,0,0,0,0,0
https://es.wikipedia.org/wiki/Federico_Puga_Borne,0,0,0,0,0,Federico Puga Borne,concha_chile,chile,0,0,0,0,0,0
https://es.wikipedia.org/wiki/Federico_Reyes_Heroles,0,0,0,0,0,Federico Reyes Heroles,reyes_heroles,mexico,0,0,0,0,0,0
https://es.wikipedia.org/wiki/Federico_Ringeling,0,0,0,0,0,Federico Ringeling,vicuña,chile,0,0,0,0,0,0
https://es.wikipedia.org/wiki/Federico_Salazar,2,0,0,0,0,Federico Salazar,salazar_y_meléndez,peru,2,1,0,0,0,0
https://es.wikipedia.org/wiki/Federico_Sodi_Romero,0,0,0,0,0,Federico Sodi Romero,sodi,mexico,0,0,0,0,0,0
https://es.wikipedia.org/wiki/Federico_Torrico,0,0,0,0,0,Federico Torrico,torrico,peru,0,0,0,0,0,0
https://es.wikipedia.org/wiki/Feliciano_Palacios_y_Sojo,0,6,0,0,0,Feliciano Palacios y Sojo,toro_venezuela,venezuela,6,0,1,0,0,0
https://es.wikipedia.org/wiki/Felipe_Alessandri,0,0,0,0,0,Felipe Alessandri,balmaceda,chile,0,0,0,0,0,0
https://es.wikipedia.org/wiki/Felipe_Barreda_y_Laos,0,0,0,0,0,Felipe Barreda y Laos,barreda,peru,0,0,0,0,0,0
https://es.wikipedia.org/wiki/Felipe_Benavides_Barreda,0,0,0,0,0,Felipe Benavides Barreda,benavides_perú,peru,0,0,0,0,0,0
https://es.wikipedia.org/wiki/Felipe_Bianchi,0,0,0,0,0,Felipe Bianchi,velasco_chile,chile,0,0,0,0,0,0
https://es.wikipedia.org/wiki/Felipe_Braun,6,0,0,0,0,Felipe Braun,portales,chile,6,1,0,0,0,0
https://es.wikipedia.org/wiki/Felipe_Bulnes,0,0,0,0,0,Felipe Bulnes,bulnes,chile,0,0,0,0,0,0
https://es.wikipedia.org/wiki/Felipe_Calder%C3%B3n,1,0,0,0,0,Felipe Calderón,calderón_hinojosa,mexico,1,1,0,0,0,0
https://es.wikipedia.org/wiki/Felipe_Calder%C3%B3n_Hinojosa,1,0,0,0,0,Felipe Calderón,calderón_hinojosa,mexico,1,1,0,0,0,0
https://es.wikipedia.org/wiki/Felipe_G%C3%B3mez_Mont,6,0,0,0,0,Felipe Gómez Mont,gómez-mont,mexico,6,1,0,0,0,0
https://es.wikipedia.org/wiki/Felipe_II_de_Schaumburg-Lippe,0,0,0,0,0,Felipe II de Schaumburg-Lippe,althaus,peru,0,0,0,0,0,0
https://es.wikipedia.org/wiki/Felipe_Ib%C3%A1%C3%B1ez,0,0,0,0,0,Felipe Ibáñez,ibáñez,chile,0,0,0,0,0,0
https://es.wikipedia.org/wiki/Felipe_Ib%C3%A1%C3%B1ez_Scott,0,0,0,0,0,Felipe Ibáñez,ibáñez,chile,0,0,0,0,0,0
https://es.wikipedia.org/wiki/Felipe_Kast,4,0,2,0,0,Felipe Kast,kast,chile,6,0.6666666666666666,0,0.3333333333333333,0,0
https://es.wikipedia.org/wiki/Felipe_L%C3%B3pez_Caballero,6,0,0,0,0,Felipe López Caballero,lópez,colombia,6,1,0,0,0,0
https://es.wikipedia.org/wiki/Felipe_Osterling,0,0,0,0,0,Felipe Osterling,mariátegui,peru,0,0,0,0,0,0
https://es.wikipedia.org/wiki/Felipe_Pardo_y_Aliaga,0,0,1,0,0,Felipe Pardo y Aliaga,lavalle,peru,1,0,0,1,0,0
https://es.wikipedia.org/wiki/Felipe_Pardo_y_Barreda,0,0,0,0,0,Felipe Pardo y Barreda,lavalle,peru,0,0,0,0,0,0
https://es.wikipedia.org/wiki/Felipe_Rodolfo_Sapag,0,0,0,0,0,Felipe Rodolfo Sapag,sapag,argentina,0,0,0,0,0,0
https://es.wikipedia.org/wiki/Felipe_Sa%C3%A1,0,0,0,0,0,Felipe Saá,saá,argentina,0,0,0,0,0,0
https://es.wikipedia.org/wiki/Felipe_Salaverry,0,0,0,0,0,Felipe Salaverry,salaverry,peru,0,0,0,0,0,0
https://es.wikipedia.org/wiki/Felipe_Santiago_Ignacio_de_Ot%C3%A1lora_y_del_Ribero,0,0,0,1,0,Felipe Santiago Ignacio de Otálora y del Ribero,otálora,argentina,1,0,0,0,1,0
https://es.wikipedia.org/wiki/Felipe_Santiago_Salaverry,0,0,0,0,0,Felipe Salaverry,salaverry,peru,0,0,0,0,0,0
https://es.wikipedia.org/wiki/Felipe_Sapag,2,0,0,0,0,Felipe Sapag,sapag,argentina,2,1,0,0,0,0
https://es.wikipedia.org/wiki/Felipe_Tudela_y_Barreda,2,0,0,0,0,Felipe Tudela y Barreda,osma,peru,2,1,0,0,0,0
https://es.wikipedia.org/wiki/Felipe_Zuleta_Lleras,0,0,1,1,0,Felipe Zuleta Lleras,camargo,colombia,2,0,0,0.5,0.5,0
https://es.wikipedia.org/wiki/Felipe_de_Iturbide_y_Huarte,0,0,0,0,0,Felipe de Iturbide y Huarte,iturbide,mexico,0,0,0,0,0,0
https://es.wikipedia.org/wiki/Felipe_de_Vergara_Azc%C3%A1rate,3,0,0,0,0,Felipe de Vergara Azcárate,caicedo,colombia,3,1,0,0,0,0
https://es.wikipedia.org/wiki/Feliza_Bursztyn,0,0,0,0,0,Feliza Bursztyn,leyva,colombia,0,0,0,0,0,0
https://es.wikipedia.org/wiki/Fenel%C3%B3n_Quintana,0,0,0,0,0,Fenelón Quintana,quintana,argentina,0,0,0,0,0,0
https://es.wikipedia.org/wiki/Fenel%C3%B3n_de_la_Quintana,0,0,0,0,0,Fenelón de la Quintana,quintana,argentina,0,0,0,0,0,0
https://es.wikipedia.org/wiki/Ferm%C3%ADn_Francisco_de_Carvajal_Vargas,0,0,0,0,0,Fermín Francisco de Carvajal Vargas,carvajal_y_vargas,chile,0,0,0,0,0,0
https://es.wikipedia.org/wiki/Ferm%C3%ADn_M%C3%A1laga,2,0,0,0,0,Fermín Málaga,málaga,peru,2,1,0,0,0,0
https://es.wikipedia.org/wiki/Fernando_Abal_Medina,0,0,0,0,0,Fernando Abal Medina,abal_medina,argentina,0,0,0,0,0,0
https://es.wikipedia.org/wiki/Fernando_Alessandri,1,1,2,2,0,Fernando Alessandri,velasco_chile,chile,6,0.16666666666666666,0.16666666666666666,0.3333333333333333,0.3333333333333333,0
https://es.wikipedia.org/wiki/Fernando_Bela%C3%BAnde_Terry,12,0,0,0,0,Fernando Belaúnde Terry,belaúnde,peru,12,1,0,0,0,0
https://es.wikipedia.org/wiki/Fernando_Bol%C3%ADvar,0,0,0,0,0,Fernando Bolívar,palacios_venezuela,venezuela,0,0,0,0,0,0
https://es.wikipedia.org/wiki/Fernando_Botero,6,0,0,0,0,Fernando Botero,zea,colombia,6,1,0,0,0,0
https://es.wikipedia.org/wiki/Fernando_Botero_Zea,2,0,0,0,0,Fernando Botero Zea,zea,colombia,2,1,0,0,0,0
https://es.wikipedia.org/wiki/Fernando_Caro_Tanco,0,0,0,0,0,Fernando Caro Tanco,azuola,colombia,0,0,0,0,0,0
https://es.wikipedia.org/wiki/Fernando_Carrillo_de_Albornoz,0,0,0,0,0,Fernando Carrillo de Albornoz,carrillo_de_albornoz,peru,0,0,0,0,0,0
https://es.wikipedia.org/wiki/Fernando_Carrillo_de_Albornoz_y_Lagunas,2,0,0,0,0,Fernando Carrillo de Albornoz y Lagunas,carrillo_de_albornoz,peru,2,1,0,0,0,0
https://es.wikipedia.org/wiki/Fernando_Castillo_Velasco,0,0,1,1,1,Fernando Castillo Velasco,velasco_chile,chile,3,0,0,0.3333333333333333,0.3333333333333333,0.3333333333333333
https://es.wikipedia.org/wiki/Fernando_Caycedo,0,0,0,0,0,Fernando Caycedo,caicedo,colombia,0,0,0,0,0,0
https://es.wikipedia.org/wiki/Fernando_Caycedo_Sanz_de_Santamar%C3%ADa,0,0,0,0,0,Fernando Caycedo,caicedo,colombia,0,0,0,0,0,0
https://es.wikipedia.org/wiki/Fernando_Ciangherotti,0,0,0,0,0,Fernando Ciangherotti,soler,mexico,0,0,0,0,0,0
https://es.wikipedia.org/wiki/Fernando_Echeverr%C3%ADa,0,0,0,0,0,Fernando Echeverría,vial,chile,0,0,0,0,0,0
https://es.wikipedia.org/wiki/Fernando_Err%C3%A1zuriz,13,0,0,0,0,Fernando Errázuriz,errázuriz,chile,13,1,0,0,0,0
https://es.wikipedia.org/wiki/Fernando_Err%C3%A1zuriz_Aldunate,6,0,0,0,0,Fernando Errázuriz,errázuriz,chile,6,1,0,0,0,0
https://es.wikipedia.org/wiki/Fernando_Err%C3%A1zuriz_Sotomayor,7,0,0,0,0,Fernando Errázuriz Sotomayor,errázuriz,chile,7,1,0,0,0,0
https://es.wikipedia.org/wiki/Fernando_Freire_Garc%C3%ADa_de_la_Huerta,0,0,0,0,0,Fernando Freire García de la Huerta,freire,chile,0,0,0,0,0,0
https://es.wikipedia.org/wiki/Fernando_G%C3%B3mez-Mont_Urueta,0,0,0,0,0,Fernando Gómez-Mont Urueta,gómez-mont,mexico,0,0,0,0,0,0
https://es.wikipedia.org/wiki/Fernando_G%C3%B3mez_Mart%C3%ADnez,2,0,0,0,0,Fernando Gómez Martínez,gómez_martínez,colombia,2,1,0,0,0,0
https://es.wikipedia.org/wiki/Fernando_Gonz%C3%A1lez_Ochoa,0,0,0,0,0,Fernando González Ochoa,restrepo,colombia,0,0,0,0,0,0
https://es.wikipedia.org/wiki/Fernando_Guarello_Fitz-Henry,2,0,0,0,0,Fernando Guarello Fitz-Henry,guarello,chile,2,1,0,0,0,0
https://es.wikipedia.org/wiki/Fernando_Irarr%C3%A1zaval_Mackenna,0,0,1,0,0,Fernando Irarrázaval Mackenna,mackenna,chile,1,0,0,1,0,0
https://es.wikipedia.org/wiki/Fernando_Lazcano_Echaurren,0,0,0,0,0,Fernando Lazcano Echaurren,echaurren,chile,0,0,0,0,0,0
https://es.wikipedia.org/wiki/Fernando_Lazcano_Mujica,2,0,0,0,0,Fernando Lazcano Mujica,echaurren,chile,2,1,0,0,0,0
https://es.wikipedia.org/wiki/Fernando_Luis_de_Ybarra_y_L%C3%B3pez-D%C3%B3riga,0,0,0,0,0,Fernando Luis de Ybarra y López-Dóriga,lópez-dóriga,mexico,0,0,0,0,0,0
https://es.wikipedia.org/wiki/Fernando_Luj%C3%A1n,30,0,0,0,0,Fernando Luján,soler,mexico,30,1,0,0,0,0
https://es.wikipedia.org/wiki/Fernando_M%C3%A1rquez_de_la_Plata_Encalada,0,0,0,0,0,Fernando Márquez de la Plata Encalada,santa_maría,chile,0,0,0,0,0,0
https://es.wikipedia.org/wiki/Fernando_Mar%C3%ADa_Campero_Barrag%C3%A1n,2,0,0,0,0,Fernando María Campero Barragán,campero,bolivia,2,1,0,0,0,0
https://es.wikipedia.org/wiki/Fernando_Ni%C3%B1o_de_Guevara,0,0,0,0,0,Fernando Niño de Guevara,niño,colombia,0,0,0,0,0,0
https://es.wikipedia.org/wiki/Fernando_Ospina_Hern%C3%A1ndez,6,0,0,0,0,Fernando Ospina Hernández,ospina,colombia,6,1,0,0,0,0
https://es.wikipedia.org/wiki/Fernando_Rinc%C3%B3n_Bazo,0,0,0,0,0,Fernando Rincón Bazo,amez,peru,0,0,0,0,0,0
https://es.wikipedia.org/wiki/Fernando_Rinc%C3%B3n_Jaramillo,0,0,0,0,0,Fernando Rincón Jaramillo,amez,peru,0,0,0,0,0,0
https://es.wikipedia.org/wiki/Fernando_Sanclemente,0,0,0,0,0,Fernando Sanclemente,sanclemente,colombia,0,0,0,0,0,0
https://es.wikipedia.org/wiki/Fernando_Sanclemente_Molina,0,0,0,0,0,Fernando Sanclemente Molina,sanclemente,colombia,0,0,0,0,0,0
https://es.wikipedia.org/wiki/Fernando_Silva_Santisteban,0,0,0,0,0,Fernando Silva Santisteban,silva_santisteban,peru,0,0,0,0,0,0
https://es.wikipedia.org/wiki/Fernando_Tola_Cires,0,0,1,1,0,Fernando Tola Cires,de_habich,peru,2,0,0,0.5,0.5,0
https://es.wikipedia.org/wiki/Fernando_Tola_Mendoza,12,0,0,0,0,Fernando Tola Mendoza,de_habich,peru,12,1,0,0,0,0
https://es.wikipedia.org/wiki/Fernando_Tola_de_Habich,0,0,0,0,0,Fernando Tola de Habich,de_habich,peru,0,0,0,0,0,0
https://es.wikipedia.org/wiki/Fernando_Uribe_Restrepo,0,0,0,0,0,Fernando Uribe Restrepo,restrepo,colombia,0,0,0,0,0,0
https://es.wikipedia.org/wiki/Fernando_Vaca_Narvaja,2,0,0,0,0,Fernando Vaca Narvaja,vaca_narvaja,argentina,2,1,0,0,0,0
https://es.wikipedia.org/wiki/Fernando_Valc%C3%A1rcel,0,0,0,0,0,Fernando Valcárcel,valcárcel,peru,0,0,0,0,0,0
https://es.wikipedia.org/wiki/Fernando_Vergara_Caicedo,0,0,0,0,0,Fernando Vergara Caicedo,caicedo,colombia,0,0,0,0,0,0
https://es.wikipedia.org/wiki/Fernando_Yunes_M%C3%A1rquez,0,0,0,0,0,Fernando Yunes Márquez,yunes,mexico,0,0,0,0,0,0
https://es.wikipedia.org/wiki/Fernando_de_Olmos,0,0,0,0,0,Fernando de Olmos,olmos,colombia,0,0,0,0,0,0
https://es.wikipedia.org/wiki/Fernando_de_Olmos_y_Zapiain,0,0,0,0,0,Fernando de Olmos y Zapiain,olmos,colombia,0,0,0,0,0,0
https://es.wikipedia.org/wiki/Fernando_de_Szyszlo,0,0,0,0,0,Fernando de Szyszlo,varela,peru,0,0,0,0,0,0
https://es.wikipedia.org/wiki/Fernando_de_la_R%C3%BAa,6,0,0,0,0,Fernando de la Rúa,de_la_rúa,argentina,6,1,0,0,0,0
https://es.wikipedia.org/wiki/Fidel_Cano_Guti%C3%A9rrez,2,0,0,0,0,Fidel Cano Gutiérrez,cano,colombia,2,1,0,0,0,0
https://es.wikipedia.org/wiki/Fidel_Pombo,1,0,0,0,0,Fidel Pombo,o'donnell,colombia,1,1,0,0,0,0
https://es.wikipedia.org/wiki/Fiona_Alexander,2,0,0,0,0,Fiona Alexander,sodi,mexico,2,1,0,0,0,0
https://es.wikipedia.org/wiki/Fiorella_Cayo,0,0,0,0,0,Fiorella Cayo,cayo,peru,0,0,0,0,0,0
https://es.wikipedia.org/wiki/Fito_P%C3%A1ez,12,0,0,0,0,Fito Páez,pueyrredón,argentina,12,1,0,0,0,0
https://es.wikipedia.org/wiki/Flor_Silvestre,20,0,0,5,0,Flor Silvestre,aguilar,mexico,25,0.8,0,0,0.2,0
https://es.wikipedia.org/wiki/Flora_Azcu%C3%A9naga,0,0,0,1,0,Flora Azcuénaga,azcuénaga,argentina,1,0,0,0,1,0
https://es.wikipedia.org/wiki/Florencio_G%C3%B3mez_N%C3%BA%C3%B1ez,0,0,0,0,0,Florencio Gómez Núñez,gómez_venezuela,venezuela,0,0,0,0,0,0
https://es.wikipedia.org/wiki/Florencio_Gonz%C3%A1lez_Balcarce,0,0,0,0,0,Florencio González Balcarce,balcarce,argentina,0,0,0,0,0,0
https://es.wikipedia.org/wiki/Florencio_Varela_%28escritor%29,1,0,0,0,0,Florencio Varela (escritor),varela,argentina,1,1,0,0,0,0
https://es.wikipedia.org/wiki/Florinda_Meza,0,0,0,0,0,Florinda Meza,bolaños_cacho,mexico,0,0,0,0,0,0
https://es.wikipedia.org/wiki/Foci%C3%B3n_Febres-Cordero,6,0,0,0,0,Foción Febres-Cordero,febres-cordero,venezuela,6,1,0,0,0,0
https://es.wikipedia.org/wiki/Fortunato_Navarro_Herrera,0,0,0,0,0,Fortunato Navarro Herrera,vicuña,chile,0,0,0,0,0,0
https://es.wikipedia.org/wiki/Fran%C3%A7ois_Mujica_Serelle,0,0,0,0,0,François Mujica Serelle,álvarez_calderón,peru,0,0,0,0,0,0
https://es.wikipedia.org/wiki/Francesca_Guill%C3%A9n,0,0,0,0,0,Francesca Guillén,fuentes_berain,mexico,0,0,0,0,0,0
https://es.wikipedia.org/wiki/Francis_Mac_Allister,0,0,0,0,0,Francis Mac Allister,mac_allister,argentina,0,0,0,0,0,0
https://es.wikipedia.org/wiki/Francisca_Garc%C3%ADa-Huidobro,20,0,0,0,0,Francisca García-Huidobro,garcía-huidobro,chile,20,1,0,0,0,0
https://es.wikipedia.org/wiki/Francisca_Merino,0,0,0,0,0,Francisca Merino,cruz-coke,chile,0,0,0,0,0,0
https://es.wikipedia.org/wiki/Francisca_Pizarro_Yupanqui,6,0,0,0,0,Francisca Pizarro Yupanqui,pizarro,chile,6,1,0,0,0,0
https://es.wikipedia.org/wiki/Francisca_Valenzuela,6,0,0,0,0,Francisca Valenzuela,sanfuentes,chile,6,1,0,0,0,0
https://es.wikipedia.org/wiki/Francisca_Walker,0,0,0,0,0,Francisca Walker,walker_chile,chile,0,0,0,0,0,0
https://es.wikipedia.org/wiki/Francisca_de_Moctezuma,2,0,0,0,0,Francisca de Moctezuma,moctezuma,mexico,2,1,0,0,0,0
https://es.wikipedia.org/wiki/Francisca_de_Toledo_y_Osorio,0,0,0,0,0,Francisca de Toledo y Osorio,leyva,colombia,0,0,0,0,0,0
https://es.wikipedia.org/wiki/Francisco_Alayza_y_Paz_Sold%C3%A1n,0,0,0,0,0,Francisco Alayza y Paz Soldán,alayza,peru,0,0,0,0,0,0
https://es.wikipedia.org/wiki/Francisco_Antonio_Pinto,4,0,2,6,1,Francisco Antonio Pinto,cruz_chile,chile,13,0.3076923076923077,0,0.15384615384615385,0.46153846153846156,0.07692307692307693
https://es.wikipedia.org/wiki/Francisco_Antonio_Pinto_Cruz,4,0,2,0,0,Francisco Antonio Pinto Cruz,cruz_chile,chile,6,0.6666666666666666,0,0.3333333333333333,0,0
https://es.wikipedia.org/wiki/Francisco_Antonio_Zea,0,0,0,0,0,Francisco Antonio Zea,zea,colombia,0,0,0,0,0,0
https://es.wikipedia.org/wiki/Francisco_Antonio_de_Arboleda_y_Vergara,0,0,0,0,0,Francisco Arboleda,arboleda,colombia,0,0,0,0,0,0
https://es.wikipedia.org/wiki/Francisco_Antonio_de_Escalada,0,0,0,0,0,Francisco Antonio de Escalada,escalada,argentina,0,0,0,0,0,0
https://es.wikipedia.org/wiki/Francisco_Arboleda,0,0,0,0,0,Francisco Arboleda,arboleda,colombia,0,0,0,0,0,0
https://es.wikipedia.org/wiki/Francisco_Asensio_de_Lezama,0,0,0,0,0,Francisco Asensio de Lezama,álzaga,argentina,0,0,0,0,0,0
https://es.wikipedia.org/wiki/Francisco_Bela%C3%BAnde_Terry,0,0,0,0,0,Francisco Belaúnde Terry,belaúnde,peru,0,0,0,0,0,0
https://es.wikipedia.org/wiki/Francisco_Belaunde_Terry,6,0,0,0,0,Francisco Belaúnde Terry,belaúnde,peru,6,1,0,0,0,0
https://es.wikipedia.org/wiki/Francisco_Bolognesi,6,0,0,0,0,Francisco Bolognesi,bolognesi,peru,6,1,0,0,0,0
https://es.wikipedia.org/wiki/Francisco_Borges,0,0,0,0,0,Francisco Borges,lafinur,argentina,0,0,0,0,0,0
https://es.wikipedia.org/wiki/Francisco_Bullrich,0,0,0,0,0,Francisco Bullrich,bullrich,argentina,0,0,0,0,0,0
https://es.wikipedia.org/wiki/Francisco_Bulnes_Correa,12,0,0,0,0,Francisco Bulnes Correa,bulnes,chile,12,1,0,0,0,0
https://es.wikipedia.org/wiki/Francisco_Bulnes_Sanfuentes,0,0,0,0,0,Francisco Bulnes Sanfuentes,bulnes,chile,0,0,0,0,0,0
https://es.wikipedia.org/wiki/Francisco_Candioti,0,0,0,0,0,Francisco Candioti,candioti,argentina,0,0,0,0,0,0
https://es.wikipedia.org/wiki/Francisco_Coloma_Pujades_y_Borja,2,0,0,0,0,Francisco Coloma Pujades y Borja,leyva,colombia,2,1,0,0,0,0
https://es.wikipedia.org/wiki/Francisco_Coloma_y_Leyva,0,0,0,0,0,Francisco Coloma y Leyva,leyva,colombia,0,0,0,0,0,0
https://es.wikipedia.org/wiki/Francisco_D%C3%ADez_Marina,0,0,0,0,0,Francisco Díez Marina,díez_marina,mexico,0,0,0,0,0,0
https://es.wikipedia.org/wiki/Francisco_Diez-Canseco_Corbacho,0,0,0,0,0,Francisco Diez-Canseco Corbacho,diez_canseco,peru,0,0,0,0,0,0
https://es.wikipedia.org/wiki/Francisco_Diez_Canseco_T%C3%A1vara,0,0,0,0,0,Francisco Diez Canseco Távara,diez_canseco,peru,0,0,0,0,0,0
https://es.wikipedia.org/wiki/Francisco_Echaurren,0,0,0,0,0,Francisco Echaurren,echaurren,chile,0,0,0,0,0,0
https://es.wikipedia.org/wiki/Francisco_Echaurren_Garc%C3%ADa-Huidobro,0,0,0,0,0,Francisco Echaurren,echaurren,chile,0,0,0,0,0,0
https://es.wikipedia.org/wiki/Francisco_Freire_Caldera,6,0,0,0,0,Francisco Freire Caldera,freire,chile,6,1,0,0,0,0
https://es.wikipedia.org/wiki/Francisco_Garc%C3%ADa-Calder%C3%B3n_Landa,4,0,0,0,0,Francisco García-Calderón Landa,garcía_calderón,peru,4,1,0,0,0,0
https://es.wikipedia.org/wiki/Francisco_Garc%C3%ADa-Calder%C3%B3n_Rey,0,0,0,0,0,Francisco García-Calderón Rey,garcía_calderón,peru,0,0,0,0,0,0
https://es.wikipedia.org/wiki/Francisco_Garc%C3%ADa_Calder%C3%B3n_Rey,0,0,0,0,0,Francisco García-Calderón Rey,garcía_calderón,peru,0,0,0,0,0,0
https://es.wikipedia.org/wiki/Francisco_Garc%C3%ADa_Huidobro,0,0,0,0,0,Francisco García Huidobro,garcía-huidobro,chile,0,0,0,0,0,0
https://es.wikipedia.org/wiki/Francisco_Gonz%C3%A1lez_Manrique,0,0,0,0,0,Francisco González Manrique,álvarez_del_casal,colombia,0,0,0,0,0,0
https://es.wikipedia.org/wiki/Francisco_Gonz%C3%A1lez_de_Coss%C3%ADo_Mart%C3%ADnez,0,0,0,0,0,Francisco González de Cossío Martínez,gonzález_de_cosío,mexico,0,0,0,0,0,0
https://es.wikipedia.org/wiki/Francisco_Gonz%C3%A1lez_de_Coss%C3%ADo_y_Rivera,0,0,0,0,0,Francisco González de Cossío y Rivera,gonzález_de_cosío,mexico,0,0,0,0,0,0
https://es.wikipedia.org/wiki/Francisco_Gonz%C3%A1lez_de_Prada,0,0,0,0,0,Francisco González de Prada,de_la_puente,peru,0,0,0,0,0,0
https://es.wikipedia.org/wiki/Francisco_Gra%C3%B1a_Garland,0,0,0,0,0,Francisco Graña Garland,graña,peru,0,0,0,0,0,0
https://es.wikipedia.org/wiki/Francisco_Gra%C3%B1a_Reyes,2,0,0,2,0,Francisco Graña Reyes,graña,peru,4,0.5,0,0,0.5,0
https://es.wikipedia.org/wiki/Francisco_Herm%C3%B3genes_Ramos_Mej%C3%ADa,0,0,0,0,0,Francisco Hermógenes Ramos Mejía,segurola,argentina,0,0,0,0,0,0
https://es.wikipedia.org/wiki/Francisco_Hern%C3%A1ndez_y_Hern%C3%A1ndez,0,0,0,0,0,Francisco Hernández y Hernández,pinal_hidalgo,mexico,0,0,0,0,0,0
https://es.wikipedia.org/wiki/Francisco_I._Madero,2,0,0,0,0,Francisco I. Madero,madero,mexico,2,1,0,0,0,0
https://es.wikipedia.org/wiki/Francisco_Jattin,0,0,0,0,0,Francisco Jattin,jattin,colombia,0,0,0,0,0,0
https://es.wikipedia.org/wiki/Francisco_Jattin_Corrales,2,0,0,0,0,Francisco Jattin,jattin,colombia,2,1,0,0,0,0
https://es.wikipedia.org/wiki/Francisco_Jattin_Safar,12,0,0,0,0,Francisco José Jattin Safar,jattin,colombia,12,1,0,0,0,0
https://es.wikipedia.org/wiki/Francisco_Javier_Err%C3%A1zuriz_Aldunate,0,2,1,3,0,Francisco Javier Errázuriz Aldunate,echaurren,chile,6,0,0.3333333333333333,0.16666666666666666,0.5,0
https://es.wikipedia.org/wiki/Francisco_Javier_Err%C3%A1zuriz_Larra%C3%ADn,9,0,0,0,0,Francisco Javier Errázuriz Larraín,errázuriz,chile,9,1,0,0,0,0
https://es.wikipedia.org/wiki/Francisco_Javier_Err%C3%A1zuriz_Sotomayor,6,0,0,0,0,Francisco Javier Errázuriz Sotomayor,errázuriz,chile,6,1,0,0,0,0
https://es.wikipedia.org/wiki/Francisco_Javier_Err%C3%A1zuriz_Talavera,0,0,1,1,0,Francisco Javier Errázuriz Talavera,errázuriz,chile,2,0,0,0.5,0.5,0
https://es.wikipedia.org/wiki/Francisco_Javier_Gonz%C3%A1lez_Balcarce,0,0,0,0,0,Francisco Javier González Balcarce,balcarce,argentina,0,0,0,0,0,0
https://es.wikipedia.org/wiki/Francisco_Javier_Vergara,4,0,6,0,0,Francisco Javier Vergara,vergara-azcárate,colombia,10,0.4,0,0.6,0,0
https://es.wikipedia.org/wiki/Francisco_Javier_Vergara_y_Velasco,6,0,0,0,0,Francisco Javier Vergara,vergara-azcárate,colombia,6,1,0,0,0,0
https://es.wikipedia.org/wiki/Francisco_Javier_de_Err%C3%A1zuriz,2,0,0,1,0,Francisco Javier Errázuriz Aldunate,errázuriz,chile,3,0.6666666666666666,0,0,0.3333333333333333,0
https://es.wikipedia.org/wiki/Francisco_Javier_de_Err%C3%A1zuriz_Madariaga,36,0,6,0,0,Francisco Javier de Errázuriz Madariaga,errázuriz,chile,42,0.8571428571428571,0,0.14285714285714285,0,0
https://es.wikipedia.org/wiki/Francisco_Javier_de_Ulloa,0,0,0,0,0,Francisco Javier de Ulloa,remírez_de_laredo,peru,0,0,0,0,0,0
https://es.wikipedia.org/wiki/Francisco_Javier_de_Vergara_Azc%C3%A1rate_Vela_Pati%C3%B1o_y_Sandoval,9,0,0,0,0,Francisco Vergara Azcárate,caicedo,colombia,9,1,0,0,0,0
https://es.wikipedia.org/wiki/Francisco_Jos%C3%A9_Eguiguren_Escudero,6,0,0,0,0,Francisco José Eguiguren Escudero,eguiguren,peru,6,1,0,0,0,0
https://es.wikipedia.org/wiki/Francisco_Jos%C3%A9_Jattin_Safar,2,0,0,0,0,Francisco José Jattin Safar,jattin,colombia,2,1,0,0,0,0
https://es.wikipedia.org/wiki/Francisco_Jos%C3%A9_Lloreda,0,0,1,0,0,Francisco José Lloreda,cabal,colombia,1,0,0,1,0,0
https://es.wikipedia.org/wiki/Francisco_Jos%C3%A9_Madero_Gonz%C3%A1lez,0,0,0,0,0,Francisco José Madero González,madero,mexico,0,0,0,0,0,0
https://es.wikipedia.org/wiki/Francisco_Jos%C3%A9_Monagas,2,0,0,0,0,Francisco José Monagas,monagas,venezuela,2,1,0,0,0,0
https://es.wikipedia.org/wiki/Francisco_Jos%C3%A9_Quijano_Mosquera,1,0,0,0,0,Francisco Quijano Mosquera,mosquera,colombia,1,1,0,0,0,0
https://es.wikipedia.org/wiki/Francisco_Jos%C3%A9_Urrutia_Holgu%C3%ADn,6,0,0,0,0,Francisco Urrutia Holguín,arboleda,colombia,6,1,0,0,0,0
https://es.wikipedia.org/wiki/Francisco_Jos%C3%A9_Urrutia_Olano,6,0,0,0,0,Francisco Urrutia Olano,arboleda,colombia,6,1,0,0,0,0
https://es.wikipedia.org/wiki/Francisco_L%C3%B3pez_Ray%C3%B3n,0,0,0,0,0,Francisco López Rayón,lópez-rayón,mexico,0,0,0,0,0,0
https://es.wikipedia.org/wiki/Francisco_Leiva,0,0,0,0,0,Francisco Leiva,leyva,colombia,0,0,0,0,0,0
https://es.wikipedia.org/wiki/Francisco_Lombardi,0,0,0,0,0,Francisco Lombardi,drago,peru,0,0,0,0,0,0
https://es.wikipedia.org/wiki/Francisco_Luna_Llamas,0,0,0,0,0,Francisco Luna Llamas,luna,peru,0,0,0,0,0,0
https://es.wikipedia.org/wiki/Francisco_Madero_Hern%C3%A1ndez,20,0,0,5,0,Francisco Madero Hernández,madero,mexico,25,0.8,0,0,0.2,0
https://es.wikipedia.org/wiki/Francisco_Melo,2,0,4,0,0,Francisco Melo,portales,chile,6,0.3333333333333333,0,0.6666666666666666,0,0
https://es.wikipedia.org/wiki/Francisco_Mir%C3%B3-Quesada_Cantuarias,2,0,0,0,0,Francisco Miró-Quesada Cantuarias,miró_quesada,peru,2,1,0,0,0,0
https://es.wikipedia.org/wiki/Francisco_Mir%C3%B3-Quesada_Rada,4,0,0,0,0,Francisco Miró-Quesada Rada,miró_quesada,peru,4,1,0,0,0,0
https://es.wikipedia.org/wiki/Francisco_Mir%C3%B3_Quesada_Cantuarias,4,0,0,0,0,Francisco Miró-Quesada Cantuarias,miró_quesada,peru,4,1,0,0,0,0
https://es.wikipedia.org/wiki/Francisco_Morales_Berm%C3%BAdez,2,1,4,2,0,Francisco Morales Bermúdez,morales_bermúdez,peru,9,0.2222222222222222,0.1111111111111111,0.4444444444444444,0.2222222222222222,0
https://es.wikipedia.org/wiki/Francisco_Orrego_Bauz%C3%A1,0,0,0,0,0,Francisco Orrego Bauzá,vicuña,chile,0,0,0,0,0,0
https://es.wikipedia.org/wiki/Francisco_Orrego_Vicu%C3%B1a,0,0,0,0,0,Francisco Orrego Vicuña,vicuña,chile,0,0,0,0,0,0
https://es.wikipedia.org/wiki/Francisco_Pizano_de_Brigard,0,0,0,0,0,Francisco Pizano de Brigard,brigard,colombia,0,0,0,0,0,0
https://es.wikipedia.org/wiki/Francisco_Pizarro,20,0,0,0,0,Francisco Pizarro,pizarro,chile,20,1,0,0,0,0
https://es.wikipedia.org/wiki/Francisco_Prat,0,0,0,0,0,Francisco Prat,echaurren,chile,0,0,0,0,0,0
https://es.wikipedia.org/wiki/Francisco_Quijano_Mosquera,0,0,0,0,0,Francisco Quijano Mosquera,mosquera,colombia,0,0,0,0,0,0
https://es.wikipedia.org/wiki/Francisco_Ram%C3%B3n_Vicu%C3%B1a_Larra%C3%ADn,0,0,1,1,0,Francisco Ramón Vicuña Larraín,mackenna,chile,2,0,0,0.5,0.5,0
https://es.wikipedia.org/wiki/Francisco_Reyes_Morand%C3%A9,0,0,0,0,0,Francisco Reyes Morandé,morandé,chile,0,0,0,0,0,0
https://es.wikipedia.org/wiki/Francisco_Rodr%C3%ADguez_Galeano,1,0,0,0,0,Francisco Rodríguez Galeano,galeano,colombia,1,1,0,0,0,0
https://es.wikipedia.org/wiki/Francisco_Rodr%C3%ADguez_Galeano_y_Calvo,1,0,0,0,0,Francisco Rodríguez Galeano y Calvo,galeano,colombia,1,1,0,0,0,0
https://es.wikipedia.org/wiki/Francisco_Rodr%C3%ADguez_Galeano_y_Vel%C3%A1squez,2,0,0,0,0,Francisco Rodríguez Galeano y Velásquez,galeano,colombia,2,1,0,0,0,0
https://es.wikipedia.org/wiki/Francisco_Santos_Calder%C3%B3n,2,0,0,0,0,Francisco Santos Calderón,calderón_colombia,colombia,2,1,0,0,0,0
https://es.wikipedia.org/wiki/Francisco_Santos_Galvis,0,2,2,2,0,Francisco Santos Galvis,calderón_colombia,colombia,6,0,0.3333333333333333,0.3333333333333333,0.3333333333333333,0
https://es.wikipedia.org/wiki/Francisco_Sanz_de_Santamar%C3%ADa,2,0,2,2,0,Francisco Sanz de Santamaría,galeano,colombia,6,0.3333333333333333,0,0.3333333333333333,0.3333333333333333,0
https://es.wikipedia.org/wiki/Francisco_Solano_L%C3%B3pez,42,0,0,0,0,Francisco Solano López,lópez_carrillo,paraguay,42,1,0,0,0,0
https://es.wikipedia.org/wiki/Francisco_Subercaseaux_Breton,0,0,0,0,0,Francisco Subercaseaux Breton,subercaseaux,chile,0,0,0,0,0,0
https://es.wikipedia.org/wiki/Francisco_Tomic,0,0,0,0,0,Francisco Tomic,errázuriz,chile,0,0,0,0,0,0
https://es.wikipedia.org/wiki/Francisco_Tudela,2,0,2,0,0,Francisco Tudela,osma,peru,4,0.5,0,0.5,0,0
https://es.wikipedia.org/wiki/Francisco_Tudela_y_Varela,0,0,0,0,0,Francisco Tudela y Varela,osma,peru,0,0,0,0,0,0
https://es.wikipedia.org/wiki/Francisco_Uriburu,0,0,0,0,0,Francisco Uriburu,uriburu,argentina,0,0,0,0,0,0
https://es.wikipedia.org/wiki/Francisco_Uriburu_%28hijo%29,0,0,0,0,0,Francisco Uriburu (hijo),uriburu,argentina,0,0,0,0,0,0
https://es.wikipedia.org/wiki/Francisco_Urrutia_Holgu%C3%ADn,2,0,0,0,0,Francisco Urrutia Holguín,arboleda,colombia,2,1,0,0,0,0
https://es.wikipedia.org/wiki/Francisco_Urrutia_Olano,2,0,0,0,0,Francisco Urrutia Olano,arboleda,colombia,2,1,0,0,0,0
https://es.wikipedia.org/wiki/Francisco_Urrutia_Ord%C3%B3%C3%B1ez,2,0,0,0,0,Francisco Urrutia Ordóñez,arboleda,colombia,2,1,0,0,0,0
https://es.wikipedia.org/wiki/Francisco_Vald%C3%A9s_Vergara,0,0,0,0,0,Francisco Valdés Vergara,valdés_chile,chile,0,0,0,0,0,0
https://es.wikipedia.org/wiki/Francisco_Vergara_Azc%C3%A1rate,12,0,0,0,0,Francisco Vergara Azcárate,caicedo,colombia,12,1,0,0,0,0
https://es.wikipedia.org/wiki/Francisco_Vergara_Azc%C3%A1rate_y_Vela_Pati%C3%B1o,17,0,0,0,0,Francisco Vergara Azcárate,caicedo,colombia,17,1,0,0,0,0
https://es.wikipedia.org/wiki/Francisco_Vergara_Mayorga,0,0,1,1,1,Francisco Vergara Mayorga,olmos,colombia,3,0,0,0.3333333333333333,0.3333333333333333,0.3333333333333333
https://es.wikipedia.org/wiki/Francisco_Xavier_Vergara,6,0,0,3,0,Francisco Xavier Vergara,caicedo,colombia,9,0.6666666666666666,0,0,0.3333333333333333,0
https://es.wikipedia.org/wiki/Francisco_Xavier_Vergara_Azc%C3%A1rate,2,0,0,1,0,Francisco Xavier Vergara,caicedo,colombia,3,0.6666666666666666,0,0,0.3333333333333333,0
https://es.wikipedia.org/wiki/Francisco_Xavier_de_Vergara_Azc%C3%A1rate,25,1,12,5,1,Francisco Xavier Vergara,caicedo,colombia,44,0.5681818181818182,0.022727272727272728,0.2727272727272727,0.11363636363636363,0.022727272727272728
https://es.wikipedia.org/wiki/Francisco_de_Acu%C3%B1a,1,0,1,0,0,Francisco de Acuña,acuña_argentina,argentina,2,0.5,0,0.5,0,0
https://es.wikipedia.org/wiki/Francisco_de_Alvear_y_G%C3%B3mez_de_la_Cortina,0,0,0,0,0,Francisco de Alvear y Gómez de la Cortina,alvear,argentina,0,0,0,0,0,0
https://es.wikipedia.org/wiki/Francisco_de_Borja,4,0,0,0,0,Francisco de Borja,borja,colombia,4,1,0,0,0,0
https://es.wikipedia.org/wiki/Francisco_de_Borja_y_Arag%C3%B3n,0,0,0,0,0,Francisco de Borja y Aragón,borja,colombia,0,0,0,0,0,0
https://es.wikipedia.org/wiki/Francisco_de_Borja_y_Miguel,0,0,0,0,0,Francisco de Borja y Miguel,borja,colombia,0,0,0,0,0,0
https://es.wikipedia.org/wiki/Francisco_de_Paula_Andrade_Troconis,0,0,0,0,0,Francisco de Paula Andrade Troconis,troconis,venezuela,0,0,0,0,0,0
https://es.wikipedia.org/wiki/Francisco_de_Paula_Figueroa_Araos,0,0,0,0,0,Francisco de Paula Figueroa Araos,vicuña,chile,0,0,0,0,0,0
https://es.wikipedia.org/wiki/Francisco_de_Tagle_Bracho_y_S%C3%A1nchez,0,0,0,0,0,Francisco de Tagle Bracho y Sánchez,tagle_bracho,peru,0,0,0,0,0,0
https://es.wikipedia.org/wiki/Francisco_de_Valverde_y_%C3%81lvarez_de_Toledo,0,0,0,0,0,Francisco de Valverde y Álvarez de Toledo,de_valverde,peru,0,0,0,0,0,0
https://es.wikipedia.org/wiki/Francisco_de_Valverde_y_Montalvo,2,0,0,0,0,Francisco de Valverde y Montalvo,de_valverde,peru,2,1,0,0,0,0
https://es.wikipedia.org/wiki/Francisco_de_Vergara_Azc%C3%A1rate,9,0,4,0,0,Francisco Vergara Azcárate,caicedo,colombia,13,0.6923076923076923,0,0.3076923076923077,0,0
https://es.wikipedia.org/wiki/Francisco_de_Vergara_Azc%C3%A1rate_Mayorga_y_Olmos,0,0,2,0,1,Francisco Vergara Mayorga,olmos,colombia,3,0,0,0.6666666666666666,0,0.3333333333333333
https://es.wikipedia.org/wiki/Francisco_de_Vergara_Azc%C3%A1rate_y_Sese%C3%B1a,0,0,1,1,0,Francisco de Vergara y Azcárate,olmos,colombia,2,0,0,0.5,0.5,0
https://es.wikipedia.org/wiki/Francisco_de_Zavala_y_Villela,0,0,0,0,0,Francisco de Zavala y Villela,zavala_de_la_maza,peru,0,0,0,0,0,0
https://es.wikipedia.org/wiki/Franco_Macri,0,0,0,0,0,Franco Macri,awada,argentina,0,0,0,0,0,0
https://es.wikipedia.org/wiki/Frank_P%C3%A9rez-Garland,0,0,0,0,0,Frank Pérez-Garland,lavalle,peru,0,0,0,0,0,0
https://es.wikipedia.org/wiki/Franklin_Pease_Garc%C3%ADa_Yrigoyen,0,0,0,0,0,Franklin Pease García Yrigoyen,yrigoyen,peru,0,0,0,0,0,0
https://es.wikipedia.org/wiki/Franklin_Rawson_%28gobernador%29,0,0,0,0,0,Franklin Rawson (gobernador),rawson,argentina,0,0,0,0,0,0
https://es.wikipedia.org/wiki/Friedrich_Carl_Lehmann,0,0,0,0,0,Friedrich Carl Lehmann,mosquera,colombia,0,0,0,0,0,0
https://es.wikipedia.org/wiki/Froil%C3%A1n_Largacha,0,0,0,0,0,Froilán Largacha,holguín,colombia,0,0,0,0,0,0
https://es.wikipedia.org/wiki/Fuad_Char,1,0,0,0,0,Fuad Char,char,colombia,1,1,0,0,0,0
https://es.wikipedia.org/wiki/Fuad_Char_Abdala,1,0,0,0,0,Fuad Char,char,colombia,1,1,0,0,0,0
https://es.wikipedia.org/wiki/Fulgencio_Batista,2,0,0,0,0,Fulgencio Batista,zaldívar,chile,2,1,0,0,0,0
https://es.wikipedia.org/wiki/Fulvio_Rossi,2,0,0,0,0,Fulvio Rossi,tohá,chile,2,1,0,0,0,0
https://es.wikipedia.org/wiki/Gabriel_Cano_Villegas,12,0,0,0,0,Gabriel Cano Villegas,cano,colombia,12,1,0,0,0,0
https://es.wikipedia.org/wiki/Gabriel_Carre%C3%B1o_Mallarino,2,0,0,0,0,Gabriel Carreño Mallarino,carreño,colombia,2,1,0,0,0,0
https://es.wikipedia.org/wiki/Gabriel_Echavarr%C3%ADa_Misas,4,0,0,0,0,Gabriel Echavarría Misas,echavarría,colombia,4,1,0,0,0,0
https://es.wikipedia.org/wiki/Gabriel_Figueroa,0,0,0,0,0,Gabriel Figueroa,mateos,mexico,0,0,0,0,0,0
https://es.wikipedia.org/wiki/Gabriel_Gonz%C3%A1lez_Videla,0,0,0,0,0,Gabriel González Videla,videla,chile,0,0,0,0,0,0
https://es.wikipedia.org/wiki/Gabriel_Reyes-Patria,0,0,0,0,0,Gabriel Reyes-Patria,reyes,colombia,0,0,0,0,0,0
https://es.wikipedia.org/wiki/Gabriel_Reyes-Patria_Valderrama,2,0,0,0,0,Gabriel Reyes-Patria,reyes,colombia,2,1,0,0,0,0
https://es.wikipedia.org/wiki/Gabriel_Santos,0,0,0,0,0,Gabriel Santos,calderón_colombia,colombia,0,0,0,0,0,0
https://es.wikipedia.org/wiki/Gabriel_Soto,2,0,2,0,0,Gabriel Soto,díaz_lombardo,mexico,4,0.5,0,0.5,0,0
https://es.wikipedia.org/wiki/Gabriel_Vald%C3%A9s,2,0,0,0,0,Gabriel Valdés,subercaseaux,chile,2,1,0,0,0,0
https://es.wikipedia.org/wiki/Gabriel_Vald%C3%A9s_Subercaseaux,1,0,0,0,0,Gabriel Valdés,subercaseaux,chile,1,1,0,0,0,0
https://es.wikipedia.org/wiki/Gabriela_Medina,2,0,0,0,0,Gabriela Medina,pinto_chile,chile,2,1,0,0,0,0
https://es.wikipedia.org/wiki/Gabriela_Velasco,2,0,0,0,0,Gabriela Velasco,velasco_chile,chile,2,1,0,0,0,0
https://es.wikipedia.org/wiki/Gaby_Espino,2,0,0,0,0,Gaby Espino,lander,venezuela,2,1,0,0,0,0
https://es.wikipedia.org/wiki/Gaspar_Manrique,2,0,2,0,0,Gaspar Manrique,manrique,colombia,4,0.5,0,0.5,0,0
https://es.wikipedia.org/wiki/Gast%C3%B3n_Acurio,0,0,0,0,0,Gastón Acurio,acurio,peru,0,0,0,0,0,0
https://es.wikipedia.org/wiki/Gast%C3%B3n_Acurio_Jaramillo,0,0,0,0,0,Gastón Acurio,acurio,peru,0,0,0,0,0,0
https://es.wikipedia.org/wiki/Gast%C3%B3n_Acurio_Velarde,2,0,0,0,0,Gastón Acurio Velarde,acurio,peru,2,1,0,0,0,0
https://es.wikipedia.org/wiki/Genaro_Castro_Iglesias,0,0,0,0,0,Genaro Castro Iglesias,castro_taboada,peru,0,0,0,0,0,0
https://es.wikipedia.org/wiki/Genoveva_Ricaurte_Mauris,30,0,0,0,0,Genoveva Ricaurte Mauris,parís,colombia,30,1,0,0,0,0
https://es.wikipedia.org/wiki/George_Edwards_Brown,2,0,0,0,0,Jorge Edwards Brown,edwards,chile,2,1,0,0,0,0
https://es.wikipedia.org/wiki/Georgina_Febres-Cordero,0,0,0,0,0,Georgina Febres-Cordero,febres-cordero,venezuela,0,0,0,0,0,0
https://es.wikipedia.org/wiki/Gepe,0,0,0,0,0,Gepe,matte,chile,0,0,0,0,0,0
https://es.wikipedia.org/wiki/Ger%C3%B3nimo_Podest%C3%A1,20,0,0,0,0,Gerónimo Podestá,podestá,argentina,20,1,0,0,0,0
https://es.wikipedia.org/wiki/Geraldine_Baz%C3%A1n,0,0,0,0,0,Geraldine Bazán,díaz_lombardo,mexico,0,0,0,0,0,0
https://es.wikipedia.org/wiki/Gerard_Piqu%C3%A9,0,0,0,0,0,Gerard Piqué,de_la_rúa,argentina,0,0,0,0,0,0
https://es.wikipedia.org/wiki/Germ%C3%A1n_Arenas,0,0,0,0,0,Germán Arenas y Loayza,arenas,peru,0,0,0,0,0,0
https://es.wikipedia.org/wiki/Germ%C3%A1n_Arenas_y_Loayza,0,0,0,0,0,Germán Arenas y Loayza,arenas,peru,0,0,0,0,0,0
https://es.wikipedia.org/wiki/Germ%C3%A1n_Ignacio_Riesco,6,0,0,0,0,Germán Ignacio Riesco,echaurren,chile,6,1,0,0,0,0
https://es.wikipedia.org/wiki/Germ%C3%A1n_Legu%C3%ADa_y_Mart%C3%ADnez,0,0,0,0,0,Germán Leguía y Martínez,leguía,peru,0,0,0,0,0,0
https://es.wikipedia.org/wiki/Germ%C3%A1n_Riesco,12,0,0,0,0,Germán Riesco,echaurren,chile,12,1,0,0,0,0
https://es.wikipedia.org/wiki/Germ%C3%A1n_Schreiber,0,0,0,0,0,Germán Schreiber,schreiber,peru,0,0,0,0,0,0
https://es.wikipedia.org/wiki/Germ%C3%A1n_Uma%C3%B1a,0,0,0,0,0,Germán Umaña,umaña,colombia,0,0,0,0,0,0
https://es.wikipedia.org/wiki/Germ%C3%A1n_Uma%C3%B1a_Mendoza,0,0,0,0,0,Germán Umaña,umaña,colombia,0,0,0,0,0,0
https://es.wikipedia.org/wiki/Germ%C3%A1n_Vald%C3%A9s,2,0,0,0,0,Germán Valdés,valdés,mexico,2,1,0,0,0,0
https://es.wikipedia.org/wiki/Germ%C3%A1n_Vargas_Espinosa,1,0,0,0,0,Germán Vargas Espinosa,lleras,colombia,1,1,0,0,0,0
https://es.wikipedia.org/wiki/Germ%C3%A1n_Vargas_Lleras,0,0,0,0,0,Germán Vargas Lleras,lleras,colombia,0,0,0,0,0,0
https://es.wikipedia.org/wiki/Germ%C3%A1n_Zea_Hern%C3%A1ndez,0,0,0,0,0,Germán Zea Hernández,zea,colombia,0,0,0,0,0,0
https://es.wikipedia.org/wiki/Gertrudis_Eche%C3%B1ique_Mujica,2,0,0,0,0,Gertrudis Echeñique,echaurren,chile,2,1,0,0,0,0
https://es.wikipedia.org/wiki/Gertrudis_Medeiros,0,0,0,0,0,Gertrudis Medeiros,cornejo_argentina,argentina,0,0,0,0,0,0
https://es.wikipedia.org/wiki/Gervasio_Ortiz_de_Rozas,0,2,0,0,0,Gervasio Ortiz de Rozas,ortiz_de_rozas,argentina,2,0,1,0,0,0
https://es.wikipedia.org/wiki/Gianella_Neyra,6,0,0,0,0,Gianella Neyra,neyra,peru,6,1,0,0,0,0
https://es.wikipedia.org/wiki/Gianfranco_Brero,0,0,0,0,0,Gianfranco Brero,pinasco,peru,0,0,0,0,0,0
https://es.wikipedia.org/wiki/Gino_Angelini,0,0,0,0,0,Gino Angelini,angelini,chile,0,0,0,0,0,0
https://es.wikipedia.org/wiki/Gino_Assereto,0,0,0,0,0,Gino Assereto,neyra,peru,0,0,0,0,0,0
https://es.wikipedia.org/wiki/Gino_Costa,0,0,0,0,0,Gino Costa,león-velarde,peru,0,0,0,0,0,0
https://es.wikipedia.org/wiki/Giovanna_Pollarolo,0,0,0,0,0,Giovanna Pollarolo,drago,peru,0,0,0,0,0,0
https://es.wikipedia.org/wiki/Gisela_Valc%C3%A1rcel,0,0,0,0,0,Gisela Valcárcel,valcárcel,peru,0,0,0,0,0,0
https://es.wikipedia.org/wiki/Giselle_Collao,0,0,0,0,0,Giselle Collao,lavalle,peru,0,0,0,0,0,0
https://es.wikipedia.org/wiki/Gloria_Lara_de_Echeverri,2,0,0,0,0,Gloria Lara de Echeverri,borrero,colombia,2,1,0,0,0,0
https://es.wikipedia.org/wiki/Gloria_Pach%C3%B3n,35,0,0,0,0,Gloria Pachón,galán,colombia,35,1,0,0,0,0
https://es.wikipedia.org/wiki/Gloria_Valencia_de_Casta%C3%B1o,6,0,0,0,0,Gloria Valencia de Castaño,lópez,colombia,6,1,0,0,0,0
https://es.wikipedia.org/wiki/Gloria_Zea,6,0,0,0,0,Gloria Zea,zea,colombia,6,1,0,0,0,0
https://es.wikipedia.org/wiki/Gonzalo_Alegr%C3%ADa,2,0,0,0,0,Gonzalo Alegría,alegría,peru,2,1,0,0,0,0
https://es.wikipedia.org/wiki/Gonzalo_Bulnes,1,0,0,0,0,Gonzalo Bulnes,bulnes,chile,1,1,0,0,0,0
https://es.wikipedia.org/wiki/Gonzalo_Bulnes_Pinto,12,0,0,0,0,Gonzalo Bulnes,bulnes,chile,12,1,0,0,0,0
https://es.wikipedia.org/wiki/Gonzalo_Ib%C3%A1%C3%B1ez,0,0,0,0,0,Gonzalo Ibáñez,ibáñez,chile,0,0,0,0,0,0
https://es.wikipedia.org/wiki/Gonzalo_Ib%C3%A1%C3%B1ez_Santa_Mar%C3%ADa,0,0,0,0,0,Gonzalo Ibáñez,ibáñez,chile,0,0,0,0,0,0
https://es.wikipedia.org/wiki/Gonzalo_Mallarino_Botero,0,0,0,0,0,Gonzalo Mallarino Botero,holguín,colombia,0,0,0,0,0,0
https://es.wikipedia.org/wiki/Gonzalo_Men%C3%A9ndez,0,0,0,0,0,Gonzalo Menéndez,matte,chile,0,0,0,0,0,0
https://es.wikipedia.org/wiki/Gonzalo_Men%C3%A9ndez_Duque,0,0,0,0,0,Gonzalo Menéndez,matte,chile,0,0,0,0,0,0
https://es.wikipedia.org/wiki/Gonzalo_Ortiz_de_Zevallos_Olaechea,0,0,0,0,0,Gonzalo Ortiz de Zevallos Olaechea,ortiz_de_zevallos,peru,0,0,0,0,0,0
https://es.wikipedia.org/wiki/Gonzalo_Ortiz_de_Zevallos_Roedel,0,0,0,0,0,Gonzalo Ortiz de Zevallos Roedel,ortiz_de_zevallos,peru,0,0,0,0,0,0
https://es.wikipedia.org/wiki/Gonzalo_Pizarro,0,0,0,0,0,Gonzalo Pizarro,pizarro,chile,0,0,0,0,0,0
https://es.wikipedia.org/wiki/Gonzalo_Pizarro_Rodr%C3%ADguez_de_Aguilar,12,0,0,0,0,Gonzalo Pizarro Rodríguez de Aguilar,pizarro,chile,12,1,0,0,0,0
https://es.wikipedia.org/wiki/Gonzalo_Portocarrero,0,0,0,0,0,Gonzalo Portocarrero,portocarrero_perú,peru,0,0,0,0,0,0
https://es.wikipedia.org/wiki/Gonzalo_Restrepo_Jaramillo,2,0,0,0,0,Gonzalo Restrepo Jaramillo,jaramillo_colombia,colombia,2,1,0,0,0,0
https://es.wikipedia.org/wiki/Gonzalo_Revoredo,0,0,1,2,1,Gonzalo Revoredo,elías,peru,4,0,0,0.25,0.5,0.25
https://es.wikipedia.org/wiki/Gonzalo_Romero_%C3%81lvarez,0,0,0,0,0,Gonzalo Romero Álvarez,campero,bolivia,0,0,0,0,0,0
https://es.wikipedia.org/wiki/Gonzalo_Rueda_Caro,0,0,0,0,0,Gonzalo Rueda Caro,caro,colombia,0,0,0,0,0,0
https://es.wikipedia.org/wiki/Gonzalo_Winter,0,0,0,0,0,Gonzalo Winter,etcheberry,chile,0,0,0,0,0,0
https://es.wikipedia.org/wiki/Gonzalo_de_la_Puente_y_Lavalle,0,0,0,0,0,Gonzalo de la Puente y Lavalle,lavalle,peru,0,0,0,0,0,0
https://es.wikipedia.org/wiki/Gordon_Matta-Clark,0,0,0,0,0,Gordon Matta-Clark,echaurren,chile,0,0,0,0,0,0
https://es.wikipedia.org/wiki/Graciela_Fehrman_Mart%C3%ADnez,0,0,0,0,0,Graciela Fehrman,montero,chile,0,0,0,0,0,0
https://es.wikipedia.org/wiki/Graciela_Letelier,0,0,0,0,0,Graciela Letelier,velasco_chile,chile,0,0,0,0,0,0
https://es.wikipedia.org/wiki/Graciela_Letelier_Velasco,0,0,0,0,0,Graciela Letelier,velasco_chile,chile,0,0,0,0,0,0
https://es.wikipedia.org/wiki/Gregoria_Matorras,2,4,6,4,0,Gregoria Matorras,balcarce,argentina,16,0.125,0.25,0.375,0.25,0
https://es.wikipedia.org/wiki/Gregorio_Amun%C3%A1tegui_Aldunate,0,0,0,0,0,Gregorio Amunátegui Aldunate,amunátegui,chile,0,0,0,0,0,0
https://es.wikipedia.org/wiki/Gregorio_Amun%C3%A1tegui_Jord%C3%A1n,0,0,0,0,0,Gregorio Amunátegui Jordán,amunátegui,chile,0,0,0,0,0,0
https://es.wikipedia.org/wiki/Gregorio_Amun%C3%A1tegui_Solar,4,0,0,0,0,Gregorio Amunátegui Solar,amunátegui,chile,4,1,0,0,0,0
https://es.wikipedia.org/wiki/Gregorio_Miguel_Valenzuela_Fajardo,0,0,0,0,0,Gregorio Miguel Valenzuela Fajardo,caicedo,colombia,0,0,0,0,0,0
https://es.wikipedia.org/wiki/Gregorio_Nari%C3%B1o_Ortega,2,0,0,0,0,Gregorio Nariño Ortega,álvarez_del_casal,colombia,2,1,0,0,0,0
https://es.wikipedia.org/wiki/Gregorio_Paz,0,0,0,0,0,Gregorio Paz,paz,argentina,0,0,0,0,0,0
https://es.wikipedia.org/wiki/Gregorio_de_Echaurren_Herrera,9,0,0,0,0,Gregorio de Echaurren Herrera,echaurren,chile,9,1,0,0,0,0
https://es.wikipedia.org/wiki/Grupo_Werthein#Adri.C3.A1n_Werthein,0,0,0,0,0,Grupo Werthein,werthein,argentina,0,0,0,0,0,0
https://es.wikipedia.org/wiki/Grupo_Werthein#Daniel_Werthein,0,0,0,0,0,Grupo Werthein,werthein,argentina,0,0,0,0,0,0
https://es.wikipedia.org/wiki/Guadalupe_Borja,1,0,0,0,0,Guadalupe Borja,díaz_ordaz,mexico,1,1,0,0,0,0
https://es.wikipedia.org/wiki/Guadalupe_G%C3%B3mez_Maganda_Bermeo,0,0,0,0,0,Guadalupe Gómez Maganda Bermeo,gómez_maganda,mexico,0,0,0,0,0,0
https://es.wikipedia.org/wiki/Guadalupe_Pineda,0,0,0,1,0,Guadalupe Pineda,aguilar,mexico,1,0,0,0,1,0
https://es.wikipedia.org/wiki/Guido_Di_Tella,0,0,0,0,0,Guido Di Tella,di_tella,argentina,0,0,0,0,0,0
https://es.wikipedia.org/wiki/Guido_Girardi,0,0,0,0,0,Guido Girardi,lavín,chile,0,0,0,0,0,0
https://es.wikipedia.org/wiki/Guido_Girardi_Bri%C3%A8re,12,0,0,0,0,Guido Girardi Brière,lavín,chile,12,1,0,0,0,0
https://es.wikipedia.org/wiki/Guido_Girardi_Lav%C3%ADn,0,0,0,0,0,Guido Girardi,lavín,chile,0,0,0,0,0,0
https://es.wikipedia.org/wiki/Guillermo_Berm%C3%BAdez,0,0,0,0,0,Guillermo Bermúdez,samper,colombia,0,0,0,0,0,0
https://es.wikipedia.org/wiki/Guillermo_Brown,4,0,0,0,0,Guillermo Brown,brown,argentina,4,1,0,0,0,0
https://es.wikipedia.org/wiki/Guillermo_Brown_y_Blanco,0,0,0,0,0,Guillermo Brown y Blanco,brown,argentina,0,0,0,0,0,0
https://es.wikipedia.org/wiki/Guillermo_Brown_y_Chitty,1,0,0,0,0,Guillermo Brown y Chitty,brown,argentina,1,1,0,0,0,0
https://es.wikipedia.org/wiki/Guillermo_Cano_Isaza,6,0,0,0,0,Guillermo Cano Isaza,cano,colombia,6,1,0,0,0,0
https://es.wikipedia.org/wiki/Guillermo_Capetillo,0,0,0,0,0,Guillermo Capetillo,capetillo,mexico,0,0,0,0,0,0
https://es.wikipedia.org/wiki/Guillermo_Echavarr%C3%ADa_Misas,0,0,0,0,0,Guillermo Echavarría Misas,echavarría,colombia,0,0,0,0,0,0
https://es.wikipedia.org/wiki/Guillermo_Edwards_Garriga,2,0,0,0,0,Guillermo Edwards Garriga,edwards,chile,2,1,0,0,0,0
https://es.wikipedia.org/wiki/Guillermo_Edwards_Matte,0,0,0,0,0,Guillermo Edwards Matte,edwards,chile,0,0,0,0,0,0
https://es.wikipedia.org/wiki/Guillermo_Eugenio_Snopek,2,0,0,0,0,Guillermo Eugenio Snopek,snopek,argentina,2,1,0,0,0,0
https://es.wikipedia.org/wiki/Guillermo_Garrido-Lecca_%C3%81lvarez-Calder%C3%B3n,0,0,0,0,0,Guillermo Garrido-Lecca Álvarez-Calderón,álvarez_calderón,peru,0,0,0,0,0,0
https://es.wikipedia.org/wiki/Guillermo_Garrido-Lecca_Fr%C3%ADas,2,0,0,0,0,Guillermo Garrido-Lecca Frías,álvarez_calderón,peru,2,1,0,0,0,0
https://es.wikipedia.org/wiki/Guillermo_Garrido_Lecca,0,0,0,0,0,Guillermo Garrido Lecca,álvarez_calderón,peru,0,0,0,0,0,0
https://es.wikipedia.org/wiki/Guillermo_Le%C3%B3n_Valencia,16,0,4,0,0,Guillermo León Valencia,laserna,colombia,20,0.8,0,0.2,0,0
https://es.wikipedia.org/wiki/Guillermo_Luk%C5%A1i%C4%87,0,0,0,0,0,Guillermo Lukšić,luksic,chile,0,0,0,0,0,0
https://es.wikipedia.org/wiki/Guillermo_Luksic,0,0,1,1,0,Guillermo Lukšić,fontbona,chile,2,0,0,0.5,0.5,0
https://es.wikipedia.org/wiki/Guillermo_Matta,0,0,0,0,0,Guillermo Matta,matta,chile,0,0,0,0,0,0
https://es.wikipedia.org/wiki/Guillermo_O%27Donnell,0,0,0,0,0,Guillermo O'Donnell,o'donnell,argentina,0,0,0,0,0,0
https://es.wikipedia.org/wiki/Guillermo_Palacios_Bol%C3%ADvar,0,0,0,0,0,Guillermo Palacios Bolívar,palacios_venezuela,venezuela,0,0,0,0,0,0
https://es.wikipedia.org/wiki/Guillermo_Par%C3%ADs_Sanz_de_Santamar%C3%ADa,0,0,0,0,0,Guillermo París Sanz de Santamaría,parís,colombia,0,0,0,0,0,0
https://es.wikipedia.org/wiki/Guillermo_Rawson,0,0,0,0,0,Guillermo Rawson,rojo,argentina,0,0,0,0,0,0
https://es.wikipedia.org/wiki/Guillermo_Seoane,25,0,0,0,0,Guillermo Seoane,seoane_heredia,peru,25,1,0,0,0,0
https://es.wikipedia.org/wiki/Guillermo_Snopek,0,0,0,0,0,Guillermo Snopek,snopek,argentina,0,0,0,0,0,0
https://es.wikipedia.org/wiki/Guillermo_Snopek_%28padre%29,0,0,0,0,0,Guillermo Snopek (padre),snopek,argentina,0,0,0,0,0,0
https://es.wikipedia.org/wiki/Guillermo_Subercaseaux,0,0,0,0,0,Guillermo Subercaseaux,subercaseaux,chile,0,0,0,0,0,0
https://es.wikipedia.org/wiki/Guillermo_Thornberry,0,0,0,0,0,Guillermo Thornberry,villarán,peru,0,0,0,0,0,0
https://es.wikipedia.org/wiki/Guillermo_Thornberry_Villar%C3%A1n,0,0,0,0,0,Guillermo Thornberry,villarán,peru,0,0,0,0,0,0
https://es.wikipedia.org/wiki/Guillermo_Thorndike,4,0,0,0,0,Guillermo Thorndike,thorndike,peru,4,1,0,0,0,0
https://es.wikipedia.org/wiki/Guillermo_Tupper,0,0,0,0,0,Guillermo Tupper,zegers_chile,chile,0,0,0,0,0,0
https://es.wikipedia.org/wiki/Guillermo_Valencia,4,0,0,3,0,Guillermo Valencia,valencia,colombia,7,0.5714285714285714,0,0,0.42857142857142855,0
https://es.wikipedia.org/wiki/Guillermo_Valencia_Castillo,0,0,0,2,0,Guillermo Valencia,laserna,colombia,2,0,0,0,1,0
https://es.wikipedia.org/wiki/Guillermo_Wiese_de_Osma,2,0,0,0,0,Guillermo Wiese de Osma,lavalle,peru,2,1,0,0,0,0
https://es.wikipedia.org/wiki/Guillermo_de_Osma_y_Scull,0,0,0,0,0,Guillermo de Osma y Scull,osma,peru,0,0,0,0,0,0
https://es.wikipedia.org/wiki/Gustavo_A._Madero,0,0,0,0,0,Gustavo A. Madero,madero,mexico,0,0,0,0,0,0
https://es.wikipedia.org/wiki/Gustavo_Adolfo_Salinas_Cami%C3%B1a,0,0,0,0,0,Gustavo Adolfo Salinas Camiña,carranza,mexico,0,0,0,0,0,0
https://es.wikipedia.org/wiki/Gustavo_Alatriste,12,0,0,0,0,Gustavo Alatriste,pinal_hidalgo,mexico,12,1,0,0,0,0
https://es.wikipedia.org/wiki/Gustavo_Alessandri_Balmaceda,0,0,0,0,0,Gustavo Alessandri Balmaceda,balmaceda,chile,0,0,0,0,0,0
https://es.wikipedia.org/wiki/Gustavo_Alessandri_Vald%C3%A9s,6,0,0,0,0,Gustavo Alessandri Valdés,balmaceda,chile,6,1,0,0,0,0
https://es.wikipedia.org/wiki/Gustavo_Balc%C3%A1zar,0,0,0,0,0,Gustavo Balcázar,quintero,colombia,0,0,0,0,0,0
https://es.wikipedia.org/wiki/Gustavo_Cisneros,6,0,0,0,0,Gustavo Cisneros,cisneros_venezuela,venezuela,6,1,0,0,0,0
https://es.wikipedia.org/wiki/Gustavo_D%C3%ADaz_Ordaz,2,0,0,2,0,Gustavo Díaz Ordaz,díaz_ordaz,mexico,4,0.5,0,0,0.5,0
https://es.wikipedia.org/wiki/Gustavo_Lagos_Matus,0,0,1,0,0,Gustavo Lagos Matus,cruz_chile,chile,1,0,0,1,0,0
https://es.wikipedia.org/wiki/Gustavo_Madero_Mu%C3%B1oz,0,0,0,0,0,Gustavo Madero Muñoz,madero,mexico,0,0,0,0,0,0
https://es.wikipedia.org/wiki/Gustavo_Mart%C3%ADnez_Zuvir%C3%ADa_%28hijo%29,0,0,0,0,0,Gustavo Martínez Zuviría (hijo),zuviría,argentina,0,0,0,0,0,0
https://es.wikipedia.org/wiki/Gustavo_Matamoros_Camacho,0,0,0,0,0,Gustavo Matamoros Camacho,camacho,colombia,0,0,0,0,0,0
https://es.wikipedia.org/wiki/Gustavo_Matamoros_D%27Costa,2,0,0,0,0,Gustavo Matamoros D'Costa,camacho,colombia,2,1,0,0,0,0
https://es.wikipedia.org/wiki/Gustavo_Matamoros_Le%C3%B3n,0,0,0,0,0,Gustavo Matamoros León,camacho,colombia,0,0,0,0,0,0
https://es.wikipedia.org/wiki/Gustavo_Petro,4,0,0,0,0,Gustavo Petro,petro,colombia,4,1,0,0,0,0
https://es.wikipedia.org/wiki/Gustavo_Rojas_Pinilla,2,0,0,0,0,Gustavo Rojas Pinilla,rojas,colombia,2,1,0,0,0,0
https://es.wikipedia.org/wiki/Gustavo_Santos_Montejo,0,0,0,0,0,Gustavo Santos Montejo,santos,colombia,0,0,0,0,0,0
https://es.wikipedia.org/wiki/Gustavo_Yankelevich,12,0,0,0,0,Gustavo Yankelevich,yankelevich,argentina,12,1,0,0,0,0
https://es.wikipedia.org/wiki/Gustavo_de_Greiff_Restrepo,0,0,0,0,0,Gustavo de Greiff Restrepo,de_greiff,colombia,0,0,0,0,0,0
https://es.wikipedia.org/wiki/H%C3%A9ctor_Boza,0,0,0,0,0,Héctor Boza,boza_de_lima,peru,0,0,0,0,0,0
https://es.wikipedia.org/wiki/H%C3%A9ctor_Echeverri_Correa,2,0,0,0,0,Héctor Echeverri Correa,borrero,colombia,2,1,0,0,0,0
https://es.wikipedia.org/wiki/H%C3%A9ctor_Guti%C3%A9rrez_Ruiz,0,0,0,0,0,Héctor Gutiérrez Ruiz,rodríguez_larreta,uruguay,0,0,0,0,0,0
https://es.wikipedia.org/wiki/H%C3%A9ctor_Murena,0,0,0,0,0,Héctor A. Murena,gallardo,argentina,0,0,0,0,0,0
https://es.wikipedia.org/wiki/H%C3%A9ctor_Noguera,2,0,0,0,0,Héctor Noguera,portales,chile,2,1,0,0,0,0
https://es.wikipedia.org/wiki/H%C3%A9ctor_Pedro_Blomberg,0,0,0,0,0,Héctor Pedro Blomberg,lópez_carrillo,argentina,0,0,0,0,0,0
https://es.wikipedia.org/wiki/H%C3%A9ctor_Velarde_Bergmann,0,0,0,0,0,Héctor Velarde Bergmann,diez_canseco,peru,0,0,0,0,0,0
https://es.wikipedia.org/wiki/H%C3%A9ctor_Za%C3%B1artu_Prieto,0,0,0,0,0,Héctor Zañartu Prieto,zañartu,chile,0,0,0,0,0,0
https://es.wikipedia.org/wiki/H%C3%A9ctor_de_El%C3%ADa,0,0,0,0,0,Héctor de Elía,álzaga,argentina,0,0,0,0,0,0
https://es.wikipedia.org/wiki/H%C3%A9rcules_II_de_Este,0,0,0,0,0,Hércules II de Este,borja,colombia,0,0,0,0,0,0
https://es.wikipedia.org/wiki/Harold_Bedoya,0,0,0,0,0,Harold Bedoya,pizarro_colombia,colombia,0,0,0,0,0,0
https://es.wikipedia.org/wiki/Harold_Eder,2,0,2,0,0,Harold Eder,caicedo,colombia,4,0.5,0,0.5,0,0
https://es.wikipedia.org/wiki/Hebe_Podest%C3%A1,2,0,0,0,0,Hebe Podestá,podestá,argentina,2,1,0,0,0,0
https://es.wikipedia.org/wiki/Helena_Groot_de_Restrepo,0,0,0,1,0,Helena Groot de Restrepo,groot,colombia,1,0,0,0,1,0
https://es.wikipedia.org/wiki/Henrique_Arboleda_Cort%C3%A9s,1,0,0,0,0,Henrique Arboleda Cortés,arboleda,colombia,1,1,0,0,0,0
https://es.wikipedia.org/wiki/Henrique_Capriles,0,0,0,0,0,Henrique Capriles,capriles,venezuela,0,0,0,0,0,0
https://es.wikipedia.org/wiki/Henry_Eder,2,0,2,0,0,Henry Eder,caicedo,colombia,4,0.5,0,0.5,0,0
https://es.wikipedia.org/wiki/Henry_James_Eder_Caicedo,1,0,0,0,0,Henry Eder,caicedo,colombia,1,1,0,0,0,0
https://es.wikipedia.org/wiki/Herman_Bemberg,0,0,0,0,0,Herman Bemberg,ocampo,argentina,0,0,0,0,0,0
https://es.wikipedia.org/wiki/Herman_Chadwick_Larra%C3%ADn,0,0,0,0,0,Herman Chadwick Larraín,chadwick,chile,0,0,0,0,0,0
https://es.wikipedia.org/wiki/Herman_Chadwick_Pi%C3%B1era,2,0,0,0,0,Herman Chadwick Piñera,chadwick,chile,2,1,0,0,0,0
https://es.wikipedia.org/wiki/Herman_Chadwick_Vald%C3%A9s,6,0,0,0,0,Herman Chadwick Valdés,chadwick,chile,6,1,0,0,0,0
https://es.wikipedia.org/wiki/Hern%C3%A1n_Alessandri,12,0,8,0,0,Hernán Alessandri,morandé,chile,20,0.6,0,0.4,0,0
https://es.wikipedia.org/wiki/Hern%C3%A1n_Alessandri_Morand%C3%A9,0,0,0,0,0,Hernán Alessandri Morandé,morandé,chile,0,0,0,0,0,0
https://es.wikipedia.org/wiki/Hern%C3%A1n_Cort%C3%A9s,9,0,4,3,0,Hernán Cortés,moctezuma,colombia,16,0.5625,0,0.25,0.1875,0
https://es.wikipedia.org/wiki/Hern%C3%A1n_Cubillos,0,0,0,1,0,Hernán Cubillos,allamand,chile,1,0,0,0,1,0
https://es.wikipedia.org/wiki/Hern%C3%A1n_Echavarr%C3%ADa_Ol%C3%B3zaga,0,0,0,0,0,Hernán Echavarría Olózaga,echavarría,colombia,0,0,0,0,0,0
https://es.wikipedia.org/wiki/Hern%C3%A1n_Echavarr%C3%ADa_Ol%C3%B3zoga,0,0,0,0,0,Hernán Echavarría Olózaga,echavarría,colombia,0,0,0,0,0,0
https://es.wikipedia.org/wiki/Hern%C3%A1n_Hinostroza,0,0,0,0,0,Hernán Hinostroza,farfán,peru,0,0,0,0,0,0
https://es.wikipedia.org/wiki/Hern%C3%A1n_Hip%C3%B3lito_Cornejo,0,0,0,0,0,Hernán Hipólito Cornejo,cornejo_argentina,argentina,0,0,0,0,0,0
https://es.wikipedia.org/wiki/Hern%C3%A1n_Larra%C3%ADn,2,0,0,0,0,Hernán Larraín Fernández,matte,chile,2,1,0,0,0,0
https://es.wikipedia.org/wiki/Hern%C3%A1n_Larra%C3%ADn_Fern%C3%A1ndez,4,0,0,0,0,Hernán Larraín Fernández,matte,chile,4,1,0,0,0,0
https://es.wikipedia.org/wiki/Hern%C3%A1n_Larra%C3%ADn_Matte,4,0,0,0,0,Hernán Larraín Matte,matte,chile,4,1,0,0,0,0
https://es.wikipedia.org/wiki/Hern%C3%A1n_Velarde,2,0,0,0,0,Hernán Velarde,diez_canseco,peru,2,1,0,0,0,0
https://es.wikipedia.org/wiki/Hern%C3%A1n_Vodanovic,0,0,0,0,0,Hernán Vodanovic,vodanovic,chile,0,0,0,0,0,0
https://es.wikipedia.org/wiki/Hernando_Groot_Li%C3%A9vano,2,0,0,0,0,Hernando Groot Liévano,groot,colombia,2,1,0,0,0,0
https://es.wikipedia.org/wiki/Hernando_Holgu%C3%ADn_y_Caro,6,0,0,0,0,Hernando Holguín y Caro,caro,colombia,6,1,0,0,0,0
https://es.wikipedia.org/wiki/Hernando_Pastrana,0,0,0,0,0,Hernando Pastrana,borrero,argentina,0,0,0,0,0,0
https://es.wikipedia.org/wiki/Hernando_Pizarro,2,0,0,0,0,Hernando Pizarro,pizarro,chile,2,1,0,0,0,0
https://es.wikipedia.org/wiki/Hernando_Pizarro_Leong%C3%B3mez,0,0,0,0,0,Hernando Pizarro Leongómez,acevedo_colombia,colombia,0,0,0,0,0,0
https://es.wikipedia.org/wiki/Hernando_Santos_Castillo,6,0,0,0,0,Hernando Santos Castillo,calderón_colombia,colombia,6,1,0,0,0,0
https://es.wikipedia.org/wiki/Hernando_Zuleta_Gonz%C3%A1lez,0,0,0,0,0,Hernando Zuleta González,holguín,colombia,0,0,0,0,0,0
https://es.wikipedia.org/wiki/Hernando_Zuleta_Holgu%C3%ADn,0,0,1,0,0,Hernando Zuleta Holguín,carreño,colombia,1,0,0,1,0,0
https://es.wikipedia.org/wiki/Hernando_de_Lavalle,0,0,0,0,0,Hernando de Lavalle,lavalle,peru,0,0,0,0,0,0
https://es.wikipedia.org/wiki/Hernando_de_Lavalle_y_Garc%C3%ADa,0,0,0,0,0,Hernando de Lavalle y García,lavalle,peru,0,0,0,0,0,0
https://es.wikipedia.org/wiki/Hernando_de_Soto_%28economista%29,0,0,0,0,0,Hernando de Soto (economista),polar,peru,0,0,0,0,0,0
https://es.wikipedia.org/wiki/Hilari%C3%B3n_Domingo_Moreno_Montes_de_Oca,0,0,0,0,0,Hilarión Domingo Moreno Montes de Oca,montes_de_oca,argentina,0,0,0,0,0,0
https://es.wikipedia.org/wiki/Hilda_Gadea,1,0,0,0,0,Hilda Gadea,guevara,peru,1,1,0,0,0,0
https://es.wikipedia.org/wiki/Hilda_Sabato,0,0,0,0,0,Hilda Sabato,sabato,argentina,0,0,0,0,0,0
https://es.wikipedia.org/wiki/Hip%C3%B3lita_Bol%C3%ADvar,0,0,0,0,0,Hipólita Bolívar,bolívar,venezuela,0,0,0,0,0,0
https://es.wikipedia.org/wiki/Hip%C3%B3lito_Reyes_Larios,0,0,0,0,0,Hipólito Reyes Larios,reyes_larios,mexico,0,0,0,0,0,0
https://es.wikipedia.org/wiki/Hip%C3%B3lito_Yrigoyen,2,0,0,0,0,Hipólito Yrigoyen,cambaceres,argentina,2,1,0,0,0,0
https://es.wikipedia.org/wiki/Horacio_Scheck,0,0,0,0,0,Horacio Scheck,scheck,uruguay,0,0,0,0,0,0
https://es.wikipedia.org/wiki/Horacio_Walker,0,0,0,0,0,Horacio Walker,walker_chile,chile,0,0,0,0,0,0
https://es.wikipedia.org/wiki/Hortensia_Bussi,12,0,0,0,0,Hortensia Bussi,allende,chile,12,1,0,0,0,0
https://es.wikipedia.org/wiki/Hu%C3%A1scar,0,0,1,0,0,Huáscar,tito,peru,1,0,0,1,0,0
https://es.wikipedia.org/wiki/Huayna_C%C3%A1pac,3,0,0,1,0,Huayna Cápac,pizarro,chile,4,0.75,0,0,0.25,0
https://es.wikipedia.org/wiki/Hugo_Ch%C3%A1vez,31,0,0,0,0,Hugo Chávez,chávez,venezuela,31,1,0,0,0,0
https://es.wikipedia.org/wiki/Hugo_Ch%C3%A1vez_Fr%C3%ADas,10,0,0,0,0,Hugo Chávez,chávez,venezuela,10,1,0,0,0,0
https://es.wikipedia.org/wiki/Hugo_Trivelli,2,0,0,0,0,Hugo Trivelli,trivelli,chile,2,1,0,0,0,0
https://es.wikipedia.org/wiki/Hugo_Trivelli_Oyarz%C3%BAn,0,0,0,0,0,Hugo Trivelli Oyarzún,trivelli,chile,0,0,0,0,0,0
https://es.wikipedia.org/wiki/Hugo_Vaca_Narvaja,2,0,0,2,0,Hugo Vaca Narvaja,vaca_narvaja,argentina,4,0.5,0,0,0.5,0
https://es.wikipedia.org/wiki/Hugo_Wast,1,0,0,0,0,Hugo Wast,zuviría,argentina,1,1,0,0,0,0
https://es.wikipedia.org/wiki/Hugo_de_los_Reyes_Ch%C3%A1vez,64,0,0,0,0,Hugo de los Reyes Chávez,chávez,venezuela,64,1,0,0,0,0
https://es.wikipedia.org/wiki/Humberto_Zurita,12,0,0,0,0,Humberto Zurita,pinal_hidalgo,mexico,12,1,0,0,0,0
https://es.wikipedia.org/wiki/Ignacia_Allamand,2,0,0,0,0,Ignacia Allamand,allamand,chile,2,1,0,0,0,0
https://es.wikipedia.org/wiki/Ignacio_Barraquer,16,0,0,0,0,Ignacio Barraquer,barraquer,colombia,16,1,0,0,0,0
https://es.wikipedia.org/wiki/Ignacio_Bernal_y_Garc%C3%ADa_Pimentel,0,0,0,0,0,Ignacio Bernal y García Pimentel,garcía_icazbalceta,mexico,0,0,0,0,0,0
https://es.wikipedia.org/wiki/Ignacio_Carrera_Pinto,0,0,0,0,0,Ignacio Carrera Pinto,pinto_chile,chile,0,0,0,0,0,0
https://es.wikipedia.org/wiki/Ignacio_Cueto,0,0,0,0,0,Ignacio Cueto,cueto,chile,0,0,0,0,0,0
https://es.wikipedia.org/wiki/Ignacio_Err%C3%A1zuriz_Salas,0,0,0,0,0,Ignacio Errázuriz Salas,errázuriz,chile,0,0,0,0,0,0
https://es.wikipedia.org/wiki/Ignacio_Escudero_y_Valdivieso,4,0,0,3,0,Ignacio Escudero y Valdivieso,eguiguren,peru,7,0.5714285714285714,0,0,0.42857142857142855,0
https://es.wikipedia.org/wiki/Ignacio_Guti%C3%A9rrez_Vergara,1,0,1,2,0,Ignacio Gutiérrez Vergara,caicedo,colombia,4,0.25,0,0.25,0.5,0
https://es.wikipedia.org/wiki/Ignacio_Jos%C3%A9_de_Lizarzaburu,2,0,0,0,0,Ignacio José de Lizarzaburu,borja,colombia,2,1,0,0,0,0
https://es.wikipedia.org/wiki/Ignacio_L%C3%B3pez_Ray%C3%B3n,0,0,0,0,0,Ignacio López Rayón,lópez-rayón,mexico,0,0,0,0,0,0
https://es.wikipedia.org/wiki/Ignacio_Lucas_Albarrac%C3%ADn,0,0,0,0,0,Ignacio Lucas Albarracín,rojo,argentina,0,0,0,0,0,0
https://es.wikipedia.org/wiki/Ignacio_Ortiz_de_Zevallos,0,0,0,0,0,Ignacio Ortiz de Zevallos,ortiz_de_zevallos,peru,0,0,0,0,0,0
https://es.wikipedia.org/wiki/Ignacio_Sanz_de_Santamar%C3%ADa,0,0,0,0,0,Ignacio Sanz de Santamaría,sanz_de_santamaría,colombia,0,0,0,0,0,0
https://es.wikipedia.org/wiki/Ignacio_Sanz_de_Santamar%C3%ADa_y_G%C3%B3mez_de_Salazar,0,0,0,0,0,Ignacio Sanz de Santamaría y Gómez de Salazar,sanz_de_santamaría,colombia,0,0,0,0,0,0
https://es.wikipedia.org/wiki/Ignacio_Valencia,12,0,0,0,0,Ignacio Valencia,laserna,colombia,12,1,0,0,0,0
https://es.wikipedia.org/wiki/Ignacio_Valenzuela_Fajardo_y_Olmos,0,0,0,0,0,Ignacio Valenzuela Fajardo y Olmos,caicedo,colombia,0,0,0,0,0,0
https://es.wikipedia.org/wiki/Ignacio_Vargas,0,0,0,0,0,Ignacio Vargas,parís,colombia,0,0,0,0,0,0
https://es.wikipedia.org/wiki/Ignacio_Walker,2,0,0,0,0,Ignacio Walker,echenique,chile,2,1,0,0,0,0
https://es.wikipedia.org/wiki/Ignacio_Warnes,0,0,1,1,0,Ignacio Warnes,garcía_de_zúñiga,argentina,2,0,0,0.5,0.5,0
https://es.wikipedia.org/wiki/Ignacio_de_la_Carrera,0,1,2,2,3,Ignacio de la Carrera y de las Cuevas,valdivieso,chile,8,0,0.125,0.25,0.25,0.375
https://es.wikipedia.org/wiki/Ignacio_de_la_Carrera_y_de_las_Cuevas,0,0,0,3,0,Ignacio de la Carrera y de las Cuevas,valdés_chile,chile,3,0,0,0,1,0
https://es.wikipedia.org/wiki/Ignacio_de_la_Torre_y_Mier,0,0,0,0,0,Ignacio de la Torre y Mier,díaz,mexico,0,0,0,0,0,0
https://es.wikipedia.org/wiki/In%C3%A9s_Coronel_Barreras,0,0,0,0,0,Inés Coronel Barreras,coronel_méxico,mexico,0,0,0,0,0,0
https://es.wikipedia.org/wiki/In%C3%A9s_Garc%C3%ADa_de_Dur%C3%A1n,2,0,0,0,0,Inés García de Durán,borrero,colombia,2,1,0,0,0,0
https://es.wikipedia.org/wiki/In%C3%A9s_Lafuente,9,0,0,0,0,Inés Lafuente,fortabat,argentina,9,1,0,0,0,0
https://es.wikipedia.org/wiki/In%C3%A9s_M%C3%B3nica_Weinberg_de_Roca,0,0,0,0,0,Inés Mónica Weinberg de Roca,roca,argentina,0,0,0,0,0,0
https://es.wikipedia.org/wiki/In%C3%A9s_Pertin%C3%A9,2,0,0,0,0,Inés Pertiné,de_la_rúa,argentina,2,1,0,0,0,0
https://es.wikipedia.org/wiki/Ina_Andrade,0,0,0,0,0,Ina Andrade,humala,peru,0,0,0,0,0,0
https://es.wikipedia.org/wiki/Inda_Ledesma,2,0,0,0,0,Inda Ledesma,salazar_y_meléndez,argentina,2,1,0,0,0,0
https://es.wikipedia.org/wiki/Inti_Briones,0,0,0,0,0,Inti Briones,mendoza_ladrón_de_guevara,chile,0,0,0,0,0,0
https://es.wikipedia.org/wiki/Irina_Baeva,0,0,0,0,0,Irina Baeva,díaz_lombardo,mexico,0,0,0,0,0,0
https://es.wikipedia.org/wiki/Iris_Fontbona,2,0,2,0,0,Familia Lukšić,fontbona,chile,4,0.5,0,0.5,0,0
https://es.wikipedia.org/wiki/Irma_Serrano,0,0,1,0,0,Irma Serrano,díaz_ceballos,mexico,1,0,0,1,0,0
https://es.wikipedia.org/wiki/Isa%C3%ADas_de_Pi%C3%A9rola,1,0,0,0,0,Isaías de Piérola,piérola,peru,1,1,0,0,0,0
https://es.wikipedia.org/wiki/Isaac_Garza_Garza,6,0,0,3,0,Isaac Garza Garza,garza_sada,mexico,9,0.6666666666666666,0,0,0.3333333333333333,0
https://es.wikipedia.org/wiki/Isaac_Gilinski_Sragowicz,0,0,0,0,0,Isaac Gilinski Sragowicz,gilinski,colombia,0,0,0,0,0,0
https://es.wikipedia.org/wiki/Isaac_Humala,9,0,0,0,0,Isaac Humala,humala,peru,9,1,0,0,0,0
https://es.wikipedia.org/wiki/Isaac_Le%C3%B3n_Fr%C3%ADas,0,0,0,0,0,Isaac León Frías,tamayo_perú,peru,0,0,0,0,0,0
https://es.wikipedia.org/wiki/Isabel_Allende,1,0,0,0,0,Isabel Allende,allende,chile,1,1,0,0,0,0
https://es.wikipedia.org/wiki/Isabel_Allende_Bussi,9,0,0,0,0,Isabel Allende Bussi,allende,chile,9,1,0,0,0,0
https://es.wikipedia.org/wiki/Isabel_Kara%C4%91or%C4%91evi%C4%87,2,0,2,2,0,Isabel de Yugoslavia,ulloa,peru,6,0.3333333333333333,0,0.3333333333333333,0.3333333333333333,0
https://es.wikipedia.org/wiki/Isabel_Larco,0,0,0,0,0,Isabel Larco,larco,peru,0,0,0,0,0,0
https://es.wikipedia.org/wiki/Isabel_Le_Brun,1,0,0,0,0,Isabel Le Brun,pinochet,chile,1,1,0,0,0,0
https://es.wikipedia.org/wiki/Isabel_Lleras,2,0,0,0,0,Isabel Lleras de Ospina,lleras,colombia,2,1,0,0,0,0
https://es.wikipedia.org/wiki/Isabel_Lleras_de_Ospina,2,0,0,0,0,Isabel Lleras de Ospina,lleras,colombia,2,1,0,0,0,0
https://es.wikipedia.org/wiki/Isabel_Macedo,0,0,0,0,0,Isabel Macedo,urtubey,argentina,0,0,0,0,0,0
https://es.wikipedia.org/wiki/Isabel_Moctezuma_Tecuichpo_Ixcaxochitzin,1,0,1,2,0,Isabel Moctezuma Tecuichpo Ixcaxochitzin,moctezuma,mexico,4,0.25,0,0.25,0.5,0
https://es.wikipedia.org/wiki/Isabel_Noboa,2,0,0,0,0,Isabel Noboa,noboa,ecuador,2,1,0,0,0,0
https://es.wikipedia.org/wiki/Isabel_Parra,2,0,0,0,0,Isabel Parra,parra_chile,chile,2,1,0,0,0,0
https://es.wikipedia.org/wiki/Isabel_Pesado_de_Mier,0,0,0,0,0,Isabel Pesado de Mier,mier_y_terán,mexico,0,0,0,0,0,0
https://es.wikipedia.org/wiki/Isabel_Preysler,56,0,0,0,0,Isabel Preysler,vargas_llosa,peru,56,1,0,0,0,0
https://es.wikipedia.org/wiki/Isabel_Riquelme,1,0,0,0,0,Isabel Riquelme,cruz_chile,chile,1,1,0,0,0,0
https://es.wikipedia.org/wiki/Isabel_Sabogal,0,0,0,0,0,Isabel Sabogal,sabogal,peru,0,0,0,0,0,0
https://es.wikipedia.org/wiki/Isabel_de_Borja_y_Enr%C3%ADquez,1,0,0,0,0,Francisca de Jesús,borja,colombia,1,1,0,0,0,0
https://es.wikipedia.org/wiki/Isabel_de_Silva_y_Carvajal,9,0,0,0,0,Isabel de Silva y Carvajal,carvajal_y_vargas,chile,9,1,0,0,0,0
https://es.wikipedia.org/wiki/Isidora_Goyenechea,2,0,0,0,0,Isidora Goyenechea,cousiño,chile,2,1,0,0,0,0
https://es.wikipedia.org/wiki/Isidora_Zegers_Montenegro,2,0,0,0,0,Isidora Zegers Montenegro,zegers_chile,chile,2,1,0,0,0,0
https://es.wikipedia.org/wiki/Isidoro_Err%C3%A1zuriz_Aldunate,1,0,0,0,0,Isidoro Errázuriz Aldunate,errázuriz,chile,1,1,0,0,0,0
https://es.wikipedia.org/wiki/Isidoro_Toh%C3%A1,0,0,0,0,0,Isidoro Tohá,tohá,chile,0,0,0,0,0,0
https://es.wikipedia.org/wiki/Isidoro_de_Err%C3%A1zuriz,0,0,0,0,0,Isidoro de Errázuriz,errázuriz,chile,0,0,0,0,0,0
https://es.wikipedia.org/wiki/Isidro_Romero,0,0,0,0,0,Isidro Romero,noboa,ecuador,0,0,0,0,0,0
https://es.wikipedia.org/wiki/Ismael_Edwards_Matte,0,0,0,0,0,Ismael Edwards Matte,edwards,chile,0,0,0,0,0,0
https://es.wikipedia.org/wiki/Ismael_P%C3%A9rez_Montt,0,0,0,0,0,Ismael Pérez Montt,montt,chile,0,0,0,0,0,0
https://es.wikipedia.org/wiki/Ismael_Vicu%C3%B1a_Subercaseaux,0,0,0,0,0,Ismael Vicuña Subercaseaux,subercaseaux,chile,0,0,0,0,0,0
https://es.wikipedia.org/wiki/Ismael_de_la_Quintana,0,0,0,0,0,Ismael de la Quintana,elías,peru,0,0,0,0,0,0
https://es.wikipedia.org/wiki/Iv%C3%A1n_Archivaldo_Guzm%C3%A1n_Salazar,0,0,0,0,0,Iván Archivaldo Guzmán Salazar,coronel_méxico,mexico,0,0,0,0,0,0
https://es.wikipedia.org/wiki/Iv%C3%A1n_Berr%C3%ADo_Jaramillo,0,0,0,0,0,Iván Berrío Jaramillo,berrío,colombia,0,0,0,0,0,0
https://es.wikipedia.org/wiki/Iv%C3%A1n_Dib%C3%B3s,0,0,0,0,0,Iván Dibós,alarco,peru,0,0,0,0,0,0
https://es.wikipedia.org/wiki/Iv%C3%A1n_Duque_Escobar,2,0,0,0,0,Iván Duque Escobar,duque,colombia,2,1,0,0,0,0
https://es.wikipedia.org/wiki/Iv%C3%A1n_Duque_M%C3%A1rquez,2,0,0,0,0,Iván Duque,duque,colombia,2,1,0,0,0,0
https://es.wikipedia.org/wiki/Iv%C3%A1n_Moreira,0,0,0,0,0,Iván Moreira,matte,chile,0,0,0,0,0,0
https://es.wikipedia.org/wiki/Iv%C3%A1n_Moreno_Rojas,2,0,0,0,0,Iván Moreno Rojas,rojas,colombia,2,1,0,0,0,0
https://es.wikipedia.org/wiki/Ivana_Yturbe,2,0,0,0,0,Ivana Yturbe,farfán,peru,2,1,0,0,0,0
https://es.wikipedia.org/wiki/Jacinto_Mariano_de_Villegas,2,0,0,0,0,Jacinto Mariano de Villegas,villegas,argentina,2,1,0,0,0,0
https://es.wikipedia.org/wiki/Jack_Schlossberg,2,0,0,0,0,Jack Schlossberg,onassis,argentina,2,1,0,0,0,0
https://es.wikipedia.org/wiki/Jacqueline_Kennedy_Onassis,30,0,0,0,0,Jacqueline Kennedy Onassis,onassis,argentina,30,1,0,0,0,0
https://es.wikipedia.org/wiki/Jacqueline_van_Rysselberghe,0,0,0,0,0,Jacqueline van Rysselberghe,van_rysselberghe,chile,0,0,0,0,0,0
https://es.wikipedia.org/wiki/Jacquin_Strouss_Lucena,2,0,2,2,0,Jacquin Strouss Lucena,gnecco,colombia,6,0.3333333333333333,0,0.3333333333333333,0.3333333333333333,0
https://es.wikipedia.org/wiki/Jaime_Bayly,0,0,0,0,0,Jaime Bayly,orbegoso,peru,0,0,0,0,0,0
https://es.wikipedia.org/wiki/Jaime_Bulnes_Sanfuentes,0,0,0,0,0,Jaime Bulnes Sanfuentes,bulnes,chile,0,0,0,0,0,0
https://es.wikipedia.org/wiki/Jaime_Celed%C3%B3n,0,0,0,0,0,Jaime Celedón,garcía-huidobro,chile,0,0,0,0,0,0
https://es.wikipedia.org/wiki/Jaime_Cerr%C3%B3n_Palomino,6,0,0,0,0,Jaime Cerrón Palomino,cerrón,peru,6,1,0,0,0,0
https://es.wikipedia.org/wiki/Jaime_D%C3%A1valos,2,0,0,0,0,Jaime Dávalos,güemes,argentina,2,1,0,0,0,0
https://es.wikipedia.org/wiki/Jaime_Garza,42,0,0,0,0,Jaime Garza,pinal_hidalgo,mexico,42,1,0,0,0,0
https://es.wikipedia.org/wiki/Jaime_Gilinski_Bacal,0,0,0,0,0,Jaime Gilinski Bacal,gilinski,colombia,0,0,0,0,0,0
https://es.wikipedia.org/wiki/Jaime_Larra%C3%ADn_Garc%C3%ADa-Moreno,2,0,0,0,0,Jaime Larraín García-Moreno,valdés_chile,chile,2,1,0,0,0,0
https://es.wikipedia.org/wiki/Jaime_Pastrana,1,0,0,0,0,Jaime Pastrana,borrero,colombia,1,1,0,0,0,0
https://es.wikipedia.org/wiki/Jaime_Rey_de_Castro_L%C3%B3pez_de_Roma%C3%B1a,0,0,0,0,0,Jaime Rey de Castro López de Romaña,bustamante,peru,0,0,0,0,0,0
https://es.wikipedia.org/wiki/Jaime_Thorne_Le%C3%B3n,0,0,0,0,0,Jaime Thorne León,thorne,peru,0,0,0,0,0,0
https://es.wikipedia.org/wiki/Jaime_Toh%C3%A1,0,0,0,0,0,Jaime Tohá,tohá,chile,0,0,0,0,0,0
https://es.wikipedia.org/wiki/Jaime_Ucr%C3%B3s,0,0,0,0,0,Jaime Ucrós,borrero,colombia,0,0,0,0,0,0
https://es.wikipedia.org/wiki/Jaime_Yankelevich,0,0,0,0,0,Jaime Yankelevich,yankelevich,argentina,0,0,0,0,0,0
https://es.wikipedia.org/wiki/Jaime_Yrigoyen_von_der_Heyde,0,0,0,0,0,Jaime Yrigoyen von der Heyde,diez_canseco,peru,0,0,0,0,0,0
https://es.wikipedia.org/wiki/Jaime_de_Althaus,0,0,0,0,0,Jaime de Althaus,althaus,peru,0,0,0,0,0,0
https://es.wikipedia.org/wiki/Janick_Maceta,0,0,0,0,0,Janick Maceta,lavalle,peru,0,0,0,0,0,0
https://es.wikipedia.org/wiki/Javier_Bedoya_Denegri,0,0,0,0,0,Javier Bedoya Denegri,bedoya,peru,0,0,0,0,0,0
https://es.wikipedia.org/wiki/Javier_Bedoya_de_Vivanco,2,0,0,0,0,Javier Bedoya de Vivanco,bedoya,peru,2,1,0,0,0,0
https://es.wikipedia.org/wiki/Javier_Bitar,2,0,0,0,0,Javier Bitar,bitar,chile,2,1,0,0,0,0
https://es.wikipedia.org/wiki/Javier_Corcuera,0,0,0,0,0,Javier Corcuera,corcuera,peru,0,0,0,0,0,0
https://es.wikipedia.org/wiki/Javier_Correa_El%C3%ADas,0,0,0,0,0,Javier Correa Elías,belaúnde,peru,0,0,0,0,0,0
https://es.wikipedia.org/wiki/Javier_Err%C3%A1zuriz_Echaurren,0,0,0,0,0,Javier Errázuriz Echaurren,echaurren,chile,0,0,0,0,0,0
https://es.wikipedia.org/wiki/Javier_Gonz%C3%A1lez-Olaechea,0,0,0,0,0,Javier González-Olaechea,gonzález-olaechea,peru,0,0,0,0,0,0
https://es.wikipedia.org/wiki/Javier_Heraud,0,0,0,0,0,Javier Heraud,heraud,peru,0,0,0,0,0,0
https://es.wikipedia.org/wiki/Javier_Mari%C3%A1tegui_Chiappe,2,0,0,0,0,Javier Mariátegui Chiappe,mariátegui,peru,2,1,0,0,0,0
https://es.wikipedia.org/wiki/Javier_Ortiz_de_Zevallos,0,0,1,0,0,Javier Ortiz de Zevallos,del_solar,peru,1,0,0,1,0,0
https://es.wikipedia.org/wiki/Javier_Prado_y_Ugarteche,0,0,0,1,0,Javier Prado y Ugarteche,prado,peru,1,0,0,0,1,0
https://es.wikipedia.org/wiki/Javier_Ru%C3%A1n,0,0,0,0,0,Javier Ruán,aguilar,mexico,0,0,0,0,0,0
https://es.wikipedia.org/wiki/Javier_de_Belaunde_L%C3%B3pez_de_Roma%C3%B1a,6,0,0,0,0,Javier de Belaunde López de Romaña,belaúnde,peru,6,1,0,0,0,0
https://es.wikipedia.org/wiki/Javier_de_Belaunde_Ruiz_de_Somocurcio,0,0,0,0,0,Javier de Belaunde Ruiz de Somocurcio,belaúnde,peru,0,0,0,0,0,0
https://es.wikipedia.org/wiki/Javiera_Carrera,2,0,2,0,0,Javiera Carrera,valdés_chile,chile,4,0.5,0,0.5,0,0
https://es.wikipedia.org/wiki/Javiera_D%C3%ADaz_de_Vald%C3%A9s,0,0,0,0,0,Javiera Díaz de Valdés,mackenna,chile,0,0,0,0,0,0
https://es.wikipedia.org/wiki/Javiera_Parra,0,0,0,1,0,Javiera Parra,parra_chile,chile,1,0,0,0,1,0
https://es.wikipedia.org/wiki/Jazm%C3%ADn_Pinedo,2,0,0,0,0,Jazmín Pinedo,neyra,peru,2,1,0,0,0,0
https://es.wikipedia.org/wiki/Jean-Paul_Luksi%C4%87,2,0,2,0,0,Jean-Paul Luksić,fontbona,chile,4,0.5,0,0.5,0,0
https://es.wikipedia.org/wiki/Jean_Philippe_Cretton,0,0,0,0,0,Jean Philippe Cretton,kast,chile,0,0,0,0,0,0
https://es.wikipedia.org/wiki/Jefferson_Farf%C3%A1n,6,0,0,0,0,Jefferson Farfán,farfán,peru,6,1,0,0,0,0
https://es.wikipedia.org/wiki/Jehov%C3%A1_Villa_Escamilla,0,0,0,0,0,Jehová Villa Escamilla,villa_michel,mexico,0,0,0,0,0,0
https://es.wikipedia.org/wiki/Jehov%C3%A1_Villa_Michel,0,0,0,0,0,Jehová Villa Michel,villa_michel,mexico,0,0,0,0,0,0
https://es.wikipedia.org/wiki/Jenaro_Prieto,0,0,0,0,0,Jenaro Prieto,prieto,chile,0,0,0,0,0,0
https://es.wikipedia.org/wiki/Jencarlos_Canela,0,0,0,0,0,Jencarlos Canela,lander,venezuela,0,0,0,0,0,0
https://es.wikipedia.org/wiki/Jes%C3%BAs_Alfredo_Guzm%C3%A1n_Salazar,0,0,0,0,0,Jesús Alfredo Guzmán Salazar,coronel_méxico,mexico,0,0,0,0,0,0
https://es.wikipedia.org/wiki/Jes%C3%BAs_Carranza_Garza,2,0,0,0,0,Jesús Carranza Garza,carranza,mexico,2,1,0,0,0,0
https://es.wikipedia.org/wiki/Jes%C3%BAs_Carranza_Neira,2,0,0,0,0,Jesús Carranza Neira,carranza,mexico,2,1,0,0,0,0
https://es.wikipedia.org/wiki/Jes%C3%BAs_Casas_Casta%C3%B1eda,0,0,0,0,0,Jesús Casas Castañeda,casas,colombia,0,0,0,0,0,0
https://es.wikipedia.org/wiki/Jes%C3%BAs_Casas_Rojas,1,0,0,0,0,Jesús Casas Rojas,casas,colombia,1,1,0,0,0,0
https://es.wikipedia.org/wiki/Jes%C3%BAs_Flores_Mag%C3%B3n,0,0,0,0,0,Jesús Flores Magón,flores_magón,mexico,0,0,0,0,0,0
https://es.wikipedia.org/wiki/Jes%C3%BAs_L%C3%B3pez_Portillo,0,0,0,0,0,Jesús López Portillo,lópez-portillo,mexico,0,0,0,0,0,0
https://es.wikipedia.org/wiki/Jes%C3%BAs_Mar%C3%ADa_Bernaldo_de_Quir%C3%B3s_y_Mu%C3%B1oz,0,0,0,0,0,Jesús Bernaldo de Quirós,valencia,colombia,0,0,0,0,0,0
https://es.wikipedia.org/wiki/Jes%C3%BAs_Neyra_%28actor%29,2,0,0,0,0,Jesús Neyra (actor),neyra,peru,2,1,0,0,0,0
https://es.wikipedia.org/wiki/Jes%C3%BAs_Neyra_Uy%C3%A9n,2,0,0,0,0,Jesús Neyra Uyén,neyra,peru,2,1,0,0,0,0
https://es.wikipedia.org/wiki/Jes%C3%BAs_Ram%C3%B3n_Neyra,0,0,0,0,0,Jesús Neyra Uyén,neyra,peru,0,0,0,0,0,0
https://es.wikipedia.org/wiki/Jes%C3%BAs_Reyes-Heroles_Gonz%C3%A1lez-Garza,0,0,0,0,0,Jesús Reyes-Heroles González-Garza,reyes_heroles,mexico,0,0,0,0,0,0
https://es.wikipedia.org/wiki/Jes%C3%BAs_Reyes_Heroles,2,0,0,0,0,Jesús Reyes Heroles,reyes_heroles,mexico,2,1,0,0,0,0
https://es.wikipedia.org/wiki/Jes%C3%BAs_Silva-Herzog_Flores,2,0,0,0,0,Jesús Silva-Herzog Flores,silva_herzog,mexico,2,1,0,0,0,0
https://es.wikipedia.org/wiki/Jes%C3%BAs_Silva-Herzog_M%C3%A1rquez,0,0,0,0,0,Jesús Silva-Herzog Márquez,silva_herzog,mexico,0,0,0,0,0,0
https://es.wikipedia.org/wiki/Jes%C3%BAs_Silva_Herzog,0,0,0,0,0,Jesús Silva Herzog,silva_herzog,mexico,0,0,0,0,0,0
https://es.wikipedia.org/wiki/Jessica_Coch,0,0,0,0,0,Jessica Coch,bolaños_cacho,mexico,0,0,0,0,0,0
https://es.wikipedia.org/wiki/Jimena_El%C3%ADas,2,0,0,0,0,Jimena Elías,elías,peru,2,1,0,0,0,0
https://es.wikipedia.org/wiki/Joanna_Bolo%C3%B1a,0,0,0,0,0,Joanna Boloña,acuña,peru,0,0,0,0,0,0
https://es.wikipedia.org/wiki/Joaqu%C3%ADn_Acosta,0,0,0,0,0,Joaquín Acosta,samper,colombia,0,0,0,0,0,0
https://es.wikipedia.org/wiki/Joaqu%C3%ADn_Acu%C3%B1a,0,0,0,0,0,Joaquín Acuña,acuña_argentina,argentina,0,0,0,0,0,0
https://es.wikipedia.org/wiki/Joaqu%C3%ADn_Barraquer,1,0,0,0,0,Joaquín Barraquer,barraquer,colombia,1,1,0,0,0,0
https://es.wikipedia.org/wiki/Joaqu%C3%ADn_Barraquer_Moner,1,0,0,0,0,Joaquín Barraquer,barraquer,colombia,1,1,0,0,0,0
https://es.wikipedia.org/wiki/Joaqu%C3%ADn_Benegas_Lynch,0,0,0,0,0,Joaquín Benegas Lynch,benegas,argentina,0,0,0,0,0,0
https://es.wikipedia.org/wiki/Joaqu%C3%ADn_Edwards_Ossand%C3%B3n,0,0,0,0,0,Joaquín Edwards Ossandón,edwards,chile,0,0,0,0,0,0
https://es.wikipedia.org/wiki/Joaqu%C3%ADn_Gandarillas_Romero,0,0,0,0,0,Joaquín Gandarillas Romero,gandarillas,chile,0,0,0,0,0,0
https://es.wikipedia.org/wiki/Joaqu%C3%ADn_Garc%C3%ADa_Borrero,0,0,0,0,0,Joaquín García Borrero,borrero,colombia,0,0,0,0,0,0
https://es.wikipedia.org/wiki/Joaqu%C3%ADn_Garc%C3%ADa_Icazbalceta,0,0,0,0,0,Joaquín García Icazbalceta,garcía_icazbalceta,mexico,0,0,0,0,0,0
https://es.wikipedia.org/wiki/Joaqu%C3%ADn_Godoy_Ib%C3%A1%C3%B1ez,1,0,0,0,0,Joaquín Godoy Ibáñez,matte,chile,1,1,0,0,0,0
https://es.wikipedia.org/wiki/Joaqu%C3%ADn_Guzm%C3%A1n_L%C3%B3pez,0,0,0,0,0,Joaquín Guzmán López,coronel_méxico,mexico,0,0,0,0,0,0
https://es.wikipedia.org/wiki/Joaqu%C3%ADn_Guzm%C3%A1n_Loera,20,0,0,0,0,Joaquín Guzmán Loera,coronel_méxico,mexico,20,1,0,0,0,0
https://es.wikipedia.org/wiki/Joaqu%C3%ADn_Larra%C3%ADn_Gandarillas,0,0,0,0,0,Joaquín Larraín Gandarillas,gandarillas,chile,0,0,0,0,0,0
https://es.wikipedia.org/wiki/Joaqu%C3%ADn_Lav%C3%ADn,0,0,0,0,0,Joaquín Lavín,lavín,chile,0,0,0,0,0,0
https://es.wikipedia.org/wiki/Joaqu%C3%ADn_Lav%C3%ADn_Infante,0,0,0,0,0,Joaquín Lavín,lavín,chile,0,0,0,0,0,0
https://es.wikipedia.org/wiki/Joaqu%C3%ADn_Lav%C3%ADn_Le%C3%B3n,4,0,0,0,0,Joaquín Lavín León,lavín,chile,4,1,0,0,0,0
https://es.wikipedia.org/wiki/Joaqu%C3%ADn_Legu%C3%ADa_G%C3%A1lvez,0,0,1,0,0,Joaquín Leguía Gálvez,diez_canseco,peru,1,0,0,1,0,0
https://es.wikipedia.org/wiki/Joaqu%C3%ADn_Maciel_y_Lacoizqueta,0,0,0,1,0,Joaquín Maciel y Lacoizqueta,maciel,argentina,1,0,0,0,1,0
https://es.wikipedia.org/wiki/Joaqu%C3%ADn_Mosquera,1,0,0,0,0,Joaquín Mosquera,arboleda,colombia,1,1,0,0,0,0
https://es.wikipedia.org/wiki/Joaqu%C3%ADn_Palma,1,0,0,0,0,Joaquín Palma,vicuña,chile,1,1,0,0,0,0
https://es.wikipedia.org/wiki/Joaqu%C3%ADn_Par%C3%ADs_Ricaurte,2,0,0,0,0,Joaquín París Ricaurte,parís,colombia,2,1,0,0,0,0
https://es.wikipedia.org/wiki/Joaqu%C3%ADn_Prieto,0,0,0,1,0,Joaquín Prieto,warnes,chile,1,0,0,0,1,0
https://es.wikipedia.org/wiki/Joaqu%C3%ADn_Prieto_Concha,0,0,0,1,0,Joaquín Prieto Concha,warnes,chile,1,0,0,0,1,0
https://es.wikipedia.org/wiki/Joaqu%C3%ADn_Prieto_Hurtado,0,0,1,1,0,Joaquín Prieto Hurtado,warnes,chile,2,0,0,0.5,0.5,0
https://es.wikipedia.org/wiki/Joaqu%C3%ADn_Prieto_Warnes,0,20,0,0,0,Joaquín Prieto Warnes,garcía_de_zúñiga,chile,20,0,1,0,0,0
https://es.wikipedia.org/wiki/Joaqu%C3%ADn_Samper_Brush,0,0,0,0,0,Joaquín Samper Brush,samper,colombia,0,0,0,0,0,0
https://es.wikipedia.org/wiki/Joaqu%C3%ADn_Samuel_de_Anchorena,0,0,0,0,0,Joaquín Samuel de Anchorena,anchorena,argentina,0,0,0,0,0,0
https://es.wikipedia.org/wiki/Joaqu%C3%ADn_Walker_Mart%C3%ADnez,0,0,0,0,0,Joaquín Walker Martínez,walker_chile,chile,0,0,0,0,0,0
https://es.wikipedia.org/wiki/Joaqu%C3%ADn_de_Cayzedo_y_Cuero,0,0,0,0,0,Joaquín de Cayzedo y Cuero,caicedo,chile,0,0,0,0,0,0
https://es.wikipedia.org/wiki/Joaqu%C3%ADn_de_Mosquera,0,0,0,0,0,Joaquín de Mosquera,arboleda,colombia,0,0,0,0,0,0
https://es.wikipedia.org/wiki/Joaqu%C3%ADn_de_Mosquera_y_Figueroa,0,0,1,0,0,Joaquín de Mosquera,arboleda,colombia,1,0,0,1,0,0
https://es.wikipedia.org/wiki/Joaqu%C3%ADn_de_Orbegoso,0,0,1,1,0,Joaquín de Orbegoso,frayssinet,peru,2,0,0,0.5,0.5,0
https://es.wikipedia.org/wiki/Joaqu%C3%ADn_del_Pino,0,0,0,0,0,Joaquín del Pino,otálora,argentina,0,0,0,0,0,0
https://es.wikipedia.org/wiki/Joe_Manganiello,0,0,0,0,0,Joe Manganiello,vergara-azcárate,colombia,0,0,0,0,0,0
https://es.wikipedia.org/wiki/Joel_LeBaron,0,0,0,0,0,Joel LeBaron,lebaron,mexico,0,0,0,0,0,0
https://es.wikipedia.org/wiki/Jofr%C3%A9_Borgia,2,0,0,0,0,Jofré Borgia,borja,colombia,2,1,0,0,0,0
https://es.wikipedia.org/wiki/Johanna_San_Miguel,0,0,0,0,0,Johanna San Miguel,alarco,peru,0,0,0,0,0,0
https://es.wikipedia.org/wiki/John_F._Kennedy,30,0,6,0,0,John F. Kennedy,onassis,argentina,36,0.8333333333333334,0,0.16666666666666666,0,0
https://es.wikipedia.org/wiki/John_F._Kennedy_Jr.,30,0,0,0,0,John F. Kennedy Jr.,onassis,argentina,30,1,0,0,0,0
https://es.wikipedia.org/wiki/John_Halstead_Coe,0,0,0,0,0,John Halstead Coe,balcarce,argentina,0,0,0,0,0,0
https://es.wikipedia.org/wiki/John_Wayne,6,0,0,0,0,John Wayne,díaz_ceballos,mexico,6,1,0,0,0,0
https://es.wikipedia.org/wiki/John_de_Saulles,0,0,0,0,0,John de Saulles,errázuriz,chile,0,0,0,0,0,0
https://es.wikipedia.org/wiki/Jonathan_Freudman,0,0,0,0,0,Jonathan Freudman,velasco_chile,venezuela,0,0,0,0,0,0
https://es.wikipedia.org/wiki/Jorge_Alberto_Sabato,0,0,0,0,0,Jorge Alberto Sabato,sabato,argentina,0,0,0,0,0,0
https://es.wikipedia.org/wiki/Jorge_Alejandro_Santamarina,0,0,0,0,0,Jorge Alejandro Santamarina,santamarina,argentina,0,0,0,0,0,0
https://es.wikipedia.org/wiki/Jorge_Alessandri,1,1,2,2,0,Jorge Alessandri,velasco_chile,chile,6,0.16666666666666666,0.16666666666666666,0.3333333333333333,0.3333333333333333,0
https://es.wikipedia.org/wiki/Jorge_Alessandri_Vergara,0,0,0,0,0,Jorge Alessandri Vergara,balmaceda,chile,0,0,0,0,0,0
https://es.wikipedia.org/wiki/Jorge_Astaburuaga_Lyon,6,0,0,3,0,Jorge Astaburuaga Lyon,claro_chile,chile,9,0.6666666666666666,0,0,0.3333333333333333,0
https://es.wikipedia.org/wiki/Jorge_Astaburuaga_Vergara,0,0,0,0,0,Jorge Astaburuaga,claro_chile,chile,0,0,0,0,0,0
https://es.wikipedia.org/wiki/Jorge_Ballivi%C3%A1n,0,0,0,0,0,Jorge Ballivián,ballivián,bolivia,0,0,0,0,0,0
https://es.wikipedia.org/wiki/Jorge_Bar%C3%B3n_Biza,4,0,0,0,0,Jorge Barón Biza,sabattini,argentina,4,1,0,0,0,0
https://es.wikipedia.org/wiki/Jorge_Basadre,0,0,0,0,0,Jorge Basadre,basadre,peru,0,0,0,0,0,0
https://es.wikipedia.org/wiki/Jorge_Batlle,6,0,3,3,0,Jorge Batlle,saavedra,uruguay,12,0.5,0,0.25,0.25,0
https://es.wikipedia.org/wiki/Jorge_Batlle_Ib%C3%A1%C3%B1ez,0,0,0,3,0,Jorge Batlle,batlle,uruguay,3,0,0,0,1,0
https://es.wikipedia.org/wiki/Jorge_C%C3%A1rdenas_Nannetti,0,0,0,0,0,Jorge Cárdenas Nannetti,arroyo,colombia,0,0,0,0,0,0
https://es.wikipedia.org/wiki/Jorge_Checa_Eguiguren,0,0,0,0,0,Jorge Checa Eguiguren,eguiguren,peru,0,0,0,0,0,0
https://es.wikipedia.org/wiki/Jorge_Claro,0,0,0,0,0,Jorge Claro,claro_chile,chile,0,0,0,0,0,0
https://es.wikipedia.org/wiki/Jorge_Edwards_Brown,1,0,0,0,0,Jorge Edwards Brown,edwards,chile,1,1,0,0,0,0
https://es.wikipedia.org/wiki/Jorge_Emilio_Gonz%C3%A1lez_Mart%C3%ADnez,0,0,0,0,0,Jorge Emilio González Martínez,gonzález_torres,mexico,0,0,0,0,0,0
https://es.wikipedia.org/wiki/Jorge_Federico_Sabato,0,0,0,0,0,Jorge Federico Sabato,sabato,argentina,0,0,0,0,0,0
https://es.wikipedia.org/wiki/Jorge_Fernando_Iturribarr%C3%ADa_Bola%C3%B1os-Cacho,0,0,0,0,0,Jorge Fernando Iturribarría Bolaños-Cacho,bolaños_cacho,mexico,0,0,0,0,0,0
https://es.wikipedia.org/wiki/Jorge_Fernando_Iturribarr%C3%ADa_Mart%C3%ADnez,0,0,0,0,0,Jorge Fernando Iturribarría Martínez,bolaños_cacho,mexico,0,0,0,0,0,0
https://es.wikipedia.org/wiki/Jorge_Gabriel_Larra%C3%ADn,2,0,2,0,0,Jorge Gabriel Larraín,bunster,chile,4,0.5,0,0.5,0,0
https://es.wikipedia.org/wiki/Jorge_Gait%C3%A1n_Dur%C3%A1n,0,0,0,0,0,Jorge Gaitán Durán,durán_colombia,colombia,0,0,0,0,0,0
https://es.wikipedia.org/wiki/Jorge_Gonz%C3%A1lez_Torres,0,0,0,0,0,Jorge González Torres,gonzález_torres,mexico,0,0,0,0,0,0
https://es.wikipedia.org/wiki/Jorge_Guillermo_Borges,12,0,0,0,0,Jorge Guillermo Borges,lafinur,argentina,12,1,0,0,0,0
https://es.wikipedia.org/wiki/Jorge_Guillermo_Legu%C3%ADa,0,0,0,0,0,Jorge Guillermo Leguía,leguía,peru,0,0,0,0,0,0
https://es.wikipedia.org/wiki/Jorge_Guillermo_Llosa_Pautrat,0,0,0,0,0,Jorge Guillermo Llosa Pautrat,llosa,peru,0,0,0,0,0,0
https://es.wikipedia.org/wiki/Jorge_Guzm%C3%A1n_Montt,0,0,0,0,0,Jorge Guzmán Montt,montt,chile,0,0,0,0,0,0
https://es.wikipedia.org/wiki/Jorge_Heraud_P%C3%A9rez,0,0,0,0,0,Jorge Heraud Pérez,heraud,peru,0,0,0,0,0,0
https://es.wikipedia.org/wiki/Jorge_Herr%C3%A1n_Sienra,0,0,0,0,0,Jorge Herrán,bordaberry,uruguay,0,0,0,0,0,0
https://es.wikipedia.org/wiki/Jorge_Holgu%C3%ADn,9,0,0,0,0,Jorge Holguín Mallarino,arboleda,colombia,9,1,0,0,0,0
https://es.wikipedia.org/wiki/Jorge_Holgu%C3%ADn_Mallarino,6,0,0,0,0,Jorge Holguín Mallarino,arboleda,colombia,6,1,0,0,0,0
https://es.wikipedia.org/wiki/Jorge_Huneeus_Zegers,0,0,0,0,0,Jorge Huneeus Zegers,zegers_chile,chile,0,0,0,0,0,0
https://es.wikipedia.org/wiki/Jorge_Jim%C3%A9nez_de_la_Jara,0,0,0,0,0,Jorge Jiménez de la Jara,pinochet,chile,0,0,0,0,0,0
https://es.wikipedia.org/wiki/Jorge_Leyva_Dur%C3%A1n,0,0,0,0,0,Jorge Leyva Durán,durán_colombia,colombia,0,0,0,0,0,0
https://es.wikipedia.org/wiki/Jorge_Leyva_Urdaneta,12,0,0,0,0,Jorge Leyva Urdaneta,durán_colombia,colombia,12,1,0,0,0,0
https://es.wikipedia.org/wiki/Jorge_Luco,0,0,0,0,0,Jorge Luco,velasco_chile,chile,0,0,0,0,0,0
https://es.wikipedia.org/wiki/Jorge_Luis_Borges,2,0,0,0,0,Jorge Luis Borges,lafinur,argentina,2,1,0,0,0,0
https://es.wikipedia.org/wiki/Jorge_Macri,0,0,0,0,0,Jorge Macri,macri,argentina,0,0,0,0,0,0
https://es.wikipedia.org/wiki/Jorge_Mario_Eastman_Robledo,0,0,0,0,0,Jorge Mario Eastman Robledo,eastman,colombia,0,0,0,0,0,0
https://es.wikipedia.org/wiki/Jorge_Mario_Eastman_V%C3%A9lez,0,0,0,0,0,Jorge Mario Eastman Vélez,eastman,colombia,0,0,0,0,0,0
https://es.wikipedia.org/wiki/Jorge_Matte_Gormaz,1,0,0,0,0,Jorge Matte Gormaz,matte,chile,1,1,0,0,0,0
https://es.wikipedia.org/wiki/Jorge_Miguel_Lozano_de_Peralta,12,0,0,0,0,Jorge Miguel Lozano de Peralta,álvarez_del_casal,colombia,12,1,0,0,0,0
https://es.wikipedia.org/wiki/Jorge_Miguel_Mart%C3%ADnez_Zuvir%C3%ADa,0,0,0,0,0,Jorge Martínez Zuviría,zuviría,argentina,0,0,0,0,0,0
https://es.wikipedia.org/wiki/Jorge_Montt,0,0,0,0,0,Jorge Montt,montt,chile,0,0,0,0,0,0
https://es.wikipedia.org/wiki/Jorge_Pinto_Rodr%C3%ADguez,0,0,0,0,0,Jorge Pinto Rodríguez,pinto_chile,chile,0,0,0,0,0,0
https://es.wikipedia.org/wiki/Jorge_Piqueras,0,0,1,1,0,Jorge Piqueras,lavalle,peru,2,0,0,0.5,0.5,0
https://es.wikipedia.org/wiki/Jorge_Polar_Vargas,0,0,0,0,0,Jorge Polar Vargas,polar,peru,0,0,0,0,0,0
https://es.wikipedia.org/wiki/Jorge_Prado_Ugarteche,0,0,1,1,0,Jorge Prado Ugarteche,prado,peru,2,0,0,0.5,0.5,0
https://es.wikipedia.org/wiki/Jorge_Prat,2,0,0,0,0,Jorge Prat,echaurren,chile,2,1,0,0,0,0
https://es.wikipedia.org/wiki/Jorge_Prieto_Echaurren,0,0,0,0,0,Jorge Prieto Echaurren,echaurren,chile,0,0,0,0,0,0
https://es.wikipedia.org/wiki/Jorge_Rafael_Videla,0,0,0,0,0,Jorge Rafael Videla,videla,argentina,0,0,0,0,0,0
https://es.wikipedia.org/wiki/Jorge_Riesco_Err%C3%A1zuriz,0,0,0,0,0,Jorge Riesco Errázuriz,errázuriz,chile,0,0,0,0,0,0
https://es.wikipedia.org/wiki/Jorge_Sapag,0,0,0,0,0,Jorge Sapag,sapag,argentina,0,0,0,0,0,0
https://es.wikipedia.org/wiki/Jorge_Tadeo_Lozano,2,1,4,2,0,Jorge Tadeo Lozano,álvarez_del_casal,colombia,9,0.2222222222222222,0.1111111111111111,0.4444444444444444,0.2222222222222222,0
https://es.wikipedia.org/wiki/Jorge_Teillier,0,0,0,0,0,Jorge Teillier,mendoza_ladrón_de_guevara,chile,0,0,0,0,0,0
https://es.wikipedia.org/wiki/Jorge_Trelles,0,0,0,0,0,Jorge Trelles,trelles,peru,0,0,0,0,0,0
https://es.wikipedia.org/wiki/Jorge_Valdivieso_Blanco,0,0,0,0,0,Jorge Valdivieso Blanco,valdivieso,chile,0,0,0,0,0,0
https://es.wikipedia.org/wiki/Jorge_Yarur_Banna,0,0,0,0,0,Jorge Yarur Banna,yarur,chile,0,0,0,0,0,0
https://es.wikipedia.org/wiki/Jorge_Zabaleta,0,0,0,0,0,Jorge Zabaleta,garcía-huidobro,chile,0,0,0,0,0,0
https://es.wikipedia.org/wiki/Jorge_de_Tezanos_Pinto,0,0,0,1,0,Jorge de Tezanos Pinto,pinto_chile,argentina,1,0,0,0,1,0
https://es.wikipedia.org/wiki/Jorge_de_la_R%C3%BAa,1,0,0,0,0,Jorge de la Rúa,de_la_rúa,argentina,1,1,0,0,0,0
https://es.wikipedia.org/wiki/Jos%C3%A9_Acevedo_y_G%C3%B3mez,4,0,0,0,0,José Acevedo y Gómez,acevedo_colombia,colombia,4,1,0,0,0,0
https://es.wikipedia.org/wiki/Jos%C3%A9_Agust%C3%ADn_de_la_Puente_Candamo,0,0,0,0,0,José Agustín de la Puente Candamo,álvarez_calderón,peru,0,0,0,0,0,0
https://es.wikipedia.org/wiki/Jos%C3%A9_Alfredo_Gnecco,2,0,0,0,0,José Alfredo Gnecco Zuleta,gnecco,colombia,2,1,0,0,0,0
https://es.wikipedia.org/wiki/Jos%C3%A9_Alfredo_Gnecco_Zuleta,0,0,0,0,0,José Alfredo Gnecco Zuleta,gnecco,colombia,0,0,0,0,0,0
https://es.wikipedia.org/wiki/Jos%C3%A9_Alfredo_Mart%C3%ADnez_de_Hoz,0,0,0,0,0,José Alfredo Martínez de Hoz,martínez_de_hoz,argentina,0,0,0,0,0,0
https://es.wikipedia.org/wiki/Jos%C3%A9_Alfredo_Mart%C3%ADnez_de_Hoz_%28padre%29,0,0,0,0,0,José Alfredo Martínez de Hoz (padre),martínez_de_hoz,argentina,0,0,0,0,0,0
https://es.wikipedia.org/wiki/Jos%C3%A9_Amor%C3%ADn_Batlle,0,0,0,0,0,José Amorín Batlle,batlle,uruguay,0,0,0,0,0,0
https://es.wikipedia.org/wiki/Jos%C3%A9_Antonio_%C3%8D%C3%B1iguez,0,0,0,0,0,José Antonio Íñiguez,vicuña,chile,0,0,0,0,0,0
https://es.wikipedia.org/wiki/Jos%C3%A9_Antonio_Barraquer_Roviralta,0,0,0,0,0,Josep Antoni Barraquer Roviralta,barraquer,colombia,0,0,0,0,0,0
https://es.wikipedia.org/wiki/Jos%C3%A9_Antonio_Garc%C3%ADa_Bela%C3%BAnde,0,0,0,0,0,José Antonio García Belaúnde,belaúnde,peru,0,0,0,0,0,0
https://es.wikipedia.org/wiki/Jos%C3%A9_Antonio_Gregorio_Eustaquio_de_Ot%C3%A1lora_y_Ribero,0,0,0,0,0,José Antonio Gregorio Eustaquio de Otálora y del Ribero,otálora,argentina,0,0,0,0,0,0
https://es.wikipedia.org/wiki/Jos%C3%A9_Antonio_Gregorio_Eustaquio_de_Ot%C3%A1lora_y_del_Ribero,0,0,0,0,0,José Antonio Gregorio Eustaquio de Otálora y del Ribero,otálora,argentina,0,0,0,0,0,0
https://es.wikipedia.org/wiki/Jos%C3%A9_Antonio_Gregorio_de_Ot%C3%A1lora,16,0,0,0,0,José Antonio Gregorio de Otálora,otálora,argentina,16,1,0,0,0,0
https://es.wikipedia.org/wiki/Jos%C3%A9_Antonio_Kast,12,0,0,0,0,José Antonio Kast,kast,chile,12,1,0,0,0,0
https://es.wikipedia.org/wiki/Jos%C3%A9_Antonio_Kast_Adriasola,2,0,0,0,0,José Antonio Kast Adriasola,kast,chile,2,1,0,0,0,0
https://es.wikipedia.org/wiki/Jos%C3%A9_Antonio_Manso_de_Velasco,0,0,0,0,0,José Antonio Manso de Velasco,velasco_chile,chile,0,0,0,0,0,0
https://es.wikipedia.org/wiki/Jos%C3%A9_Antonio_Meade_Kuribre%C3%B1a,0,0,0,0,0,José Antonio Meade Kuribreña,garcía_de_león,mexico,0,0,0,0,0,0
https://es.wikipedia.org/wiki/Jos%C3%A9_Antonio_Vald%C3%A9s_Gonz%C3%A1lez,0,0,0,0,0,José Antonio Valdés González,valdés_chile,chile,0,0,0,0,0,0
https://es.wikipedia.org/wiki/Jos%C3%A9_Antonio_Vald%C3%A9s_Munizaga,0,0,0,0,0,José Antonio Valdés Munizaga,valdés_chile,chile,0,0,0,0,0,0
https://es.wikipedia.org/wiki/Jos%C3%A9_Antonio_Viera-Gallo,0,0,0,0,0,José Antonio Viera-Gallo,chadwick,chile,0,0,0,0,0,0
https://es.wikipedia.org/wiki/Jos%C3%A9_Antonio_de_Err%C3%A1zuriz_Madariaga,0,0,0,0,0,José Antonio de Errázuriz Madariaga,errázuriz,chile,0,0,0,0,0,0
https://es.wikipedia.org/wiki/Jos%C3%A9_Antonio_de_Lavalle,6,0,0,0,0,José Antonio de Lavalle,lavalle,peru,6,1,0,0,0,0
https://es.wikipedia.org/wiki/Jos%C3%A9_Antonio_de_Lavalle_y_Cort%C3%A9s,1,0,0,0,0,José Antonio de Lavalle y Cortés,lavalle,argentina,1,1,0,0,0,0
https://es.wikipedia.org/wiki/Jos%C3%A9_Antonio_de_Lavalle_y_Garc%C3%ADa,0,0,0,0,0,José Antonio de Lavalle y García,lavalle,peru,0,0,0,0,0,0
https://es.wikipedia.org/wiki/Jos%C3%A9_Antonio_de_Lavalle_y_Pardo,12,0,0,0,0,José Antonio de Lavalle y Pardo,lavalle,peru,12,1,0,0,0,0
https://es.wikipedia.org/wiki/Jos%C3%A9_Antonio_de_Lizarzaburu,0,0,0,0,0,José Antonio de Lizarzaburu,borja,ecuador,0,0,0,0,0,0
https://es.wikipedia.org/wiki/Jos%C3%A9_Arboleda_Arroyo,0,0,0,0,0,José Arboleda Arroyo,arboleda,colombia,0,0,0,0,0,0
https://es.wikipedia.org/wiki/Jos%C3%A9_Ballivi%C3%A1n,2,0,0,2,0,José Ballivián,ballivián,bolivia,4,0.5,0,0,0.5,0
https://es.wikipedia.org/wiki/Jos%C3%A9_Balta,0,0,0,0,0,José Balta,balta,peru,0,0,0,0,0,0
https://es.wikipedia.org/wiki/Jos%C3%A9_Balta_Hugues,0,0,0,0,0,José Balta Hugues,balta,peru,0,0,0,0,0,0
https://es.wikipedia.org/wiki/Jos%C3%A9_Balta_Paz,4,0,0,0,0,José Balta Paz,balta,peru,4,1,0,0,0,0
https://es.wikipedia.org/wiki/Jos%C3%A9_Balta_y_Montero,0,0,0,0,0,José Balta,balta,peru,0,0,0,0,0,0
https://es.wikipedia.org/wiki/Jos%C3%A9_Barraquer,0,0,0,0,0,José Barraquer,barraquer,colombia,0,0,0,0,0,0
https://es.wikipedia.org/wiki/Jos%C3%A9_Batlle_y_Carre%C3%B3,2,0,0,0,0,Josep Batlle i Carreó,batlle,uruguay,2,1,0,0,0,0
https://es.wikipedia.org/wiki/Jos%C3%A9_Batlle_y_Ord%C3%B3%C3%B1ez,25,0,0,0,0,José Batlle y Ordóñez,batlle,uruguay,25,1,0,0,0,0
https://es.wikipedia.org/wiki/Jos%C3%A9_Benito_de_Azcu%C3%A9naga,2,0,0,0,0,José Benito de Azcuénaga,azcuénaga,argentina,2,1,0,0,0,0
https://es.wikipedia.org/wiki/Jos%C3%A9_Bernardo_S%C3%A1enz_de_Santamar%C3%ADa,0,0,0,0,0,José Bernardo Sáenz de Santamaría,galeano,colombia,0,0,0,0,0,0
https://es.wikipedia.org/wiki/Jos%C3%A9_Bernardo_de_Tagle,0,0,0,0,0,José Bernardo de Tagle,del_solar,peru,0,0,0,0,0,0
https://es.wikipedia.org/wiki/Jos%C3%A9_Bernardo_de_Tagle_Bracho,0,0,0,0,0,José Bernardo de Tagle Bracho,tagle_bracho,peru,0,0,0,0,0,0
https://es.wikipedia.org/wiki/Jos%C3%A9_Boza,0,0,0,0,0,José Boza,boza_de_lima,peru,0,0,0,0,0,0
https://es.wikipedia.org/wiki/Jos%C3%A9_Calzada_Rovirosa,0,0,0,0,0,José Calzada Rovirosa,rovirosa,mexico,0,0,0,0,0,0
https://es.wikipedia.org/wiki/Jos%C3%A9_Carlos_Fulgencio_Pedro_Regalado_de_la_Riva_Ag%C3%BCero_y_Looz_Corswarem,4,0,0,0,0,José de la Riva Agüero y Looz Corswarem,riva_agüero,peru,4,1,0,0,0,0
https://es.wikipedia.org/wiki/Jos%C3%A9_Carlos_Mari%C3%A1tegui,12,0,0,0,0,José Carlos Mariátegui,mariátegui,peru,12,1,0,0,0,0
https://es.wikipedia.org/wiki/Jos%C3%A9_Casimiro_Ulloa,2,0,0,0,0,Casimiro Ulloa,cisneros,peru,2,1,0,0,0,0
https://es.wikipedia.org/wiki/Jos%C3%A9_Casimiro_de_Lavalle_y_Zugasti,0,0,0,0,0,José Casimiro de Lavalle y Zugasti,lavalle,peru,0,0,0,0,0,0
https://es.wikipedia.org/wiki/Jos%C3%A9_Cayetano_Carre%C3%B1o,0,0,0,0,0,José Cayetano Carreño,carreño,venezuela,0,0,0,0,0,0
https://es.wikipedia.org/wiki/Jos%C3%A9_Cirilo_Julio_Rospigliosi,0,0,0,0,0,José Cirilo Julio Rospigliosi,rospigliosi,peru,0,0,0,0,0,0
https://es.wikipedia.org/wiki/Jos%C3%A9_Daniel_Balmaceda_Fern%C3%A1ndez,0,0,0,0,0,José Daniel Balmaceda Fernández,balmaceda,chile,0,0,0,0,0,0
https://es.wikipedia.org/wiki/Jos%C3%A9_Domingo_D%C3%A1vila_Pumarejo,2,0,0,0,0,José Domingo Dávila Pumarejo,dávila,colombia,2,1,0,0,0,0
https://es.wikipedia.org/wiki/Jos%C3%A9_Eduardo_Derbez,2,0,0,0,0,José Eduardo Derbez,derbez,mexico,2,1,0,0,0,0
https://es.wikipedia.org/wiki/Jos%C3%A9_El%C3%ADas_%C3%81valos,0,0,1,0,0,José Elías Ávalos,elías,peru,1,0,0,1,0,0
https://es.wikipedia.org/wiki/Jos%C3%A9_El%C3%ADas_Balmaceda,0,0,0,0,0,José Elías Balmaceda,balmaceda,chile,0,0,0,0,0,0
https://es.wikipedia.org/wiki/Jos%C3%A9_El%C3%ADas_Moreno,2,0,0,2,0,José Elías Moreno,gonzález_de_cosío,mexico,4,0.5,0,0,0.5,0
https://es.wikipedia.org/wiki/Jos%C3%A9_El%C3%ADas_Moreno_%28hijo%29,0,0,0,0,0,José Elías Moreno (hijo),gonzález_de_cosío,mexico,0,0,0,0,0,0
https://es.wikipedia.org/wiki/Jos%C3%A9_Emilio_Luna_Valderrama,0,0,0,0,0,José Emilio Luna Valderrama,luna,peru,0,0,0,0,0,0
https://es.wikipedia.org/wiki/Jos%C3%A9_Enrique_Arboleda_Valencia,0,0,0,0,0,José Enrique Valencia,arboleda,colombia,0,0,0,0,0,0
https://es.wikipedia.org/wiki/Jos%C3%A9_Enrique_Valencia,0,0,0,0,0,José Enrique Valencia,arboleda,colombia,0,0,0,0,0,0
https://es.wikipedia.org/wiki/Jos%C3%A9_Estenssoro,0,0,0,0,0,José Estenssoro,estenssoro,argentina,0,0,0,0,0,0
https://es.wikipedia.org/wiki/Jos%C3%A9_Eugenio_Guzm%C3%A1n_Irarr%C3%A1zaval,12,0,0,0,0,José Eugenio Guzmán Irarrázaval,montt,chile,12,1,0,0,0,0
https://es.wikipedia.org/wiki/Jos%C3%A9_Eusebio_Caro,0,1,2,1,0,José Eusebio Caro,azuola,colombia,4,0,0.25,0.5,0.25,0
https://es.wikipedia.org/wiki/Jos%C3%A9_Evaristo_Uriburu,9,0,0,0,0,José Evaristo Uriburu,álvarez_de_arenales,argentina,9,1,0,0,0,0
https://es.wikipedia.org/wiki/Jos%C3%A9_Evaristo_Uriburu_Roca,0,0,0,0,0,José Evaristo Uriburu Roca,álvarez_de_arenales,argentina,0,0,0,0,0,0
https://es.wikipedia.org/wiki/Jos%C3%A9_Evaristo_Uriburu_Tezanos_Pinto,6,0,0,0,0,José Evaristo Uriburu Tezanos Pinto,álvarez_de_arenales,argentina,6,1,0,0,0,0
https://es.wikipedia.org/wiki/Jos%C3%A9_F%C3%A9lix_Arambur%C3%BA,2,0,0,0,0,José Félix Aramburú Salinas,aramburú,peru,2,1,0,0,0,0
https://es.wikipedia.org/wiki/Jos%C3%A9_F%C3%A9lix_Arambur%C3%BA_Salinas,0,0,0,0,0,José Félix Aramburú Salinas,aramburú,peru,0,0,0,0,0,0
https://es.wikipedia.org/wiki/Jos%C3%A9_F%C3%A9lix_Lafaurie,0,0,0,0,0,José Félix Lafaurie,cabal,colombia,0,0,0,0,0,0
https://es.wikipedia.org/wiki/Jos%C3%A9_Fern%C3%A1ndez-Villaverde_y_Roca_de_Togores,2,0,0,0,0,José Fernández-Villaverde,carvajal_y_vargas,chile,2,1,0,0,0,0
https://es.wikipedia.org/wiki/Jos%C3%A9_Francisco_Echaurren,0,0,0,0,0,José Francisco Echaurren,echaurren,chile,0,0,0,0,0,0
https://es.wikipedia.org/wiki/Jos%C3%A9_Francisco_Echaurren_Larra%C3%ADn,0,0,0,0,0,José Francisco Echaurren Larraín,echaurren,chile,0,0,0,0,0,0
https://es.wikipedia.org/wiki/Jos%C3%A9_Francisco_Ruiz_Massieu,0,0,0,0,0,José Francisco Ruiz Massieu,ruiz-massieu,mexico,0,0,0,0,0,0
https://es.wikipedia.org/wiki/Jos%C3%A9_Francisco_de_San_Mart%C3%ADn,0,3,1,4,0,José de San Martín,san_martín,argentina,8,0,0.375,0.125,0.5,0
https://es.wikipedia.org/wiki/Jos%C3%A9_G%C3%A1lvez_Eg%C3%BAsquiza,2,0,0,0,0,José Gálvez Egúsquiza,gálvez,peru,2,1,0,0,0,0
https://es.wikipedia.org/wiki/Jos%C3%A9_G%C3%A1lvez_Moreno,0,0,0,0,0,José Gálvez Moreno,gálvez,peru,0,0,0,0,0,0
https://es.wikipedia.org/wiki/Jos%C3%A9_G%C3%A1lvez_Paz,6,0,0,0,0,José Gálvez Paz,gálvez,peru,6,1,0,0,0,0
https://es.wikipedia.org/wiki/Jos%C3%A9_Gabriel_Ortiz,0,0,0,0,0,José Gabriel Ortiz,caballero,colombia,0,0,0,0,0,0
https://es.wikipedia.org/wiki/Jos%C3%A9_Gregorio_Belgrano,0,0,0,0,0,José Gregorio Belgrano,belgrano,argentina,0,0,0,0,0,0
https://es.wikipedia.org/wiki/Jos%C3%A9_Gregorio_Guti%C3%A9rrez,1,0,2,1,0,José Gregorio Gutiérrez,caicedo,colombia,4,0.25,0,0.5,0.25,0
https://es.wikipedia.org/wiki/Jos%C3%A9_Gregorio_Guti%C3%A9rrez_Moreno,2,1,2,4,0,José Gregorio Gutiérrez,gutiérrez_díaz,colombia,9,0.2222222222222222,0.1111111111111111,0.2222222222222222,0.4444444444444444,0
https://es.wikipedia.org/wiki/Jos%C3%A9_Gregorio_Monagas,0,0,0,0,0,José Gregorio Monagas,monagas,venezuela,0,0,0,0,0,0
https://es.wikipedia.org/wiki/Jos%C3%A9_Gregorio_de_Lezama,0,0,0,0,0,José Gregorio de Lezama,álzaga,argentina,0,0,0,0,0,0
https://es.wikipedia.org/wiki/Jos%C3%A9_Groot_de_Vargas,2,0,0,0,0,José Groot de Vargas,groot,colombia,2,1,0,0,0,0
https://es.wikipedia.org/wiki/Jos%C3%A9_Ignacio_Eyzaguirre_Arechavala,2,0,0,0,0,José Ignacio Eyzaguirre Arechavala,portales,chile,2,1,0,0,0,0
https://es.wikipedia.org/wiki/Jos%C3%A9_Ignacio_Eyzaguirre_Portales,0,0,0,0,0,José Ignacio Eyzaguirre Portales,portales,chile,0,0,0,0,0,0
https://es.wikipedia.org/wiki/Jos%C3%A9_Ignacio_Gorriti,0,0,0,0,0,José Ignacio de Gorriti,zuviría,argentina,0,0,0,0,0,0
https://es.wikipedia.org/wiki/Jos%C3%A9_Ignacio_Palma,6,0,0,0,0,José Ignacio Palma,vicuña,chile,6,1,0,0,0,0
https://es.wikipedia.org/wiki/Jos%C3%A9_Ignacio_Palma_Vicu%C3%B1a,2,0,0,0,0,José Ignacio Palma,vicuña,chile,2,1,0,0,0,0
https://es.wikipedia.org/wiki/Jos%C3%A9_Ignacio_Par%C3%ADs_Ricaurte,6,0,0,0,0,José Ignacio París Ricaurte,parís,colombia,6,1,0,0,0,0
https://es.wikipedia.org/wiki/Jos%C3%A9_Ignacio_Villegas,0,0,0,0,0,José Ignacio Villegas,villegas_colombia,colombia,0,0,0,0,0,0
https://es.wikipedia.org/wiki/Jos%C3%A9_Ignacio_Villegas_Echeverri,2,0,0,0,0,José Ignacio Villegas Echeverri,villegas_colombia,colombia,2,1,0,0,0,0
https://es.wikipedia.org/wiki/Jos%C3%A9_Ignacio_de_Gorriti,0,0,0,0,0,José Ignacio de Gorriti,zuviría,argentina,0,0,0,0,0,0
https://es.wikipedia.org/wiki/Jos%C3%A9_Ildefonso_%C3%81lvarez_de_Arenales,0,0,0,0,0,José Ildefonso Álvarez de Arenales,álvarez_de_arenales,argentina,0,0,0,0,0,0
https://es.wikipedia.org/wiki/Jos%C3%A9_Joaqu%C3%ADn_Casas,0,0,0,0,0,José Joaquín Casas,casas,colombia,0,0,0,0,0,0
https://es.wikipedia.org/wiki/Jos%C3%A9_Joaqu%C3%ADn_Prieto,2,0,2,2,0,Joaquín Prieto,warnes,chile,6,0.3333333333333333,0,0.3333333333333333,0.3333333333333333,0
https://es.wikipedia.org/wiki/Jos%C3%A9_Joaqu%C3%ADn_Prieto_Vial,0,0,1,1,0,Joaquín Prieto,warnes,chile,2,0,0,0.5,0.5,0
https://es.wikipedia.org/wiki/Jos%C3%A9_Joaqu%C3%ADn_Vicu%C3%B1a,0,0,0,0,0,José Joaquín Vicuña,vicuña,chile,0,0,0,0,0,0
https://es.wikipedia.org/wiki/Jos%C3%A9_L%C3%B3pez_Portillo,6,0,0,0,0,José López Portillo,lópez-portillo,mexico,6,1,0,0,0,0
https://es.wikipedia.org/wiki/Jos%C3%A9_L%C3%B3pez_Portillo_y_Rojas,2,0,0,0,0,José López Portillo y Rojas,lópez-portillo,mexico,2,1,0,0,0,0
https://es.wikipedia.org/wiki/Jos%C3%A9_L%C3%B3pez_Portillo_y_Weber,4,0,0,0,0,José López Portillo y Weber,lópez-portillo,mexico,4,1,0,0,0,0
https://es.wikipedia.org/wiki/Jos%C3%A9_Le%C3%B3n_Barandiar%C3%A1n,0,0,0,0,0,José León Barandiarán,león_barandiarán,peru,0,0,0,0,0,0
https://es.wikipedia.org/wiki/Jos%C3%A9_Le%C3%B3n_Barandiar%C3%A1n_Hart,0,0,0,0,0,José León Barandiarán Hart,león_barandiarán,peru,0,0,0,0,0,0
https://es.wikipedia.org/wiki/Jos%C3%A9_Leocadio_de_Llona_y_Rivera,0,0,0,0,0,José Leocadio de Llona y Rivera,llona,ecuador,0,0,0,0,0,0
https://es.wikipedia.org/wiki/Jos%C3%A9_Luis_Amparan_Fern%C3%A1ndez,0,0,0,0,0,José Luis Amparan Fernández,monagas,venezuela,0,0,0,0,0,0
https://es.wikipedia.org/wiki/Jos%C3%A9_Luis_Cantilo,0,0,0,0,0,José Luis Cantilo,ortiz_basualdo,argentina,0,0,0,0,0,0
https://es.wikipedia.org/wiki/Jos%C3%A9_Luis_Claro_y_Cruz,2,0,0,0,0,José Luis Claro y Cruz,claro_chile,chile,2,1,0,0,0,0
https://es.wikipedia.org/wiki/Jos%C3%A9_Manuel_Astigueta_%28hijo%29,0,0,0,0,0,José Manuel Astigueta (hijo),astigueta,argentina,0,0,0,0,0,0
https://es.wikipedia.org/wiki/Jos%C3%A9_Manuel_Astigueta_%28padre%29,0,0,0,0,0,José Manuel Astigueta (padre),astigueta,argentina,0,0,0,0,0,0
https://es.wikipedia.org/wiki/Jos%C3%A9_Manuel_Balmaceda,21,0,0,0,0,José Manuel Balmaceda,balmaceda,chile,21,1,0,0,0,0
https://es.wikipedia.org/wiki/Jos%C3%A9_Manuel_Balmaceda_Fern%C3%A1ndez,9,0,0,0,0,José Manuel Balmaceda,balmaceda,chile,9,1,0,0,0,0
https://es.wikipedia.org/wiki/Jos%C3%A9_Manuel_Groot,0,0,0,0,0,José Manuel Groot,groot,colombia,0,0,0,0,0,0
https://es.wikipedia.org/wiki/Jos%C3%A9_Manuel_Guzm%C3%A1n_Echeverr%C3%ADa,0,0,0,0,0,José Manuel Guzmán Echeverría,montt,chile,0,0,0,0,0,0
https://es.wikipedia.org/wiki/Jos%C3%A9_Manuel_Lleras,0,0,0,0,0,José Manuel Lleras,lleras,colombia,0,0,0,0,0,0
https://es.wikipedia.org/wiki/Jos%C3%A9_Manuel_Marroqu%C3%ADn,0,6,3,3,0,José Manuel Marroquín,nariño,colombia,12,0,0.5,0.25,0.25,0
https://es.wikipedia.org/wiki/Jos%C3%A9_Manuel_Marroqu%C3%ADn_Osorio,0,1,0,0,0,José Manuel Marroquín Osorio,ricaurte,colombia,1,0,1,0,0,0
https://es.wikipedia.org/wiki/Jos%C3%A9_Manuel_Pinto_Arias,0,0,0,0,0,José Manuel Pinto Arias,pinto_chile,chile,0,0,0,0,0,0
https://es.wikipedia.org/wiki/Jos%C3%A9_Manuel_Restrepo_V%C3%A9lez,0,0,0,0,0,José Manuel Restrepo Vélez,restrepo,colombia,0,0,0,0,0,0
https://es.wikipedia.org/wiki/Jos%C3%A9_Manuel_Rivas_Sacconi,0,0,0,0,0,José Manuel Rivas Sacconi,groot,colombia,0,0,0,0,0,0
https://es.wikipedia.org/wiki/Jos%C3%A9_Manuel_Robles_Arnao_y_Garc%C3%ADa,0,0,0,0,0,José Manuel Robles Arnao y García,robles_arnao,peru,0,0,0,0,0,0
https://es.wikipedia.org/wiki/Jos%C3%A9_Mar%C3%ADa_Arguedas,2,0,0,0,0,José María Arguedas,bustamante,peru,2,1,0,0,0,0
https://es.wikipedia.org/wiki/Jos%C3%A9_Mar%C3%ADa_Balmaceda_Fern%C3%A1ndez,2,0,0,0,0,José María Balmaceda Fernández,balmaceda,chile,2,1,0,0,0,0
https://es.wikipedia.org/wiki/Jos%C3%A9_Mar%C3%ADa_Barrientos_Jaramillo,1,0,0,0,0,José María Barrientos Jaramillo,barrientos,colombia,1,1,0,0,0,0
https://es.wikipedia.org/wiki/Jos%C3%A9_Mar%C3%ADa_D%C3%ADaz_Ordaz,0,0,0,0,0,José María Díaz Ordaz,díaz_ordaz,mexico,0,0,0,0,0,0
https://es.wikipedia.org/wiki/Jos%C3%A9_Mar%C3%ADa_Echenique_y_Trist%C3%A1n,2,0,2,2,0,José María Echenique y Tristán,tristán_del_pozo,peru,6,0.3333333333333333,0,0.3333333333333333,0.3333333333333333,0
https://es.wikipedia.org/wiki/Jos%C3%A9_Mar%C3%ADa_L%C3%B3pez_Ray%C3%B3n,0,0,0,0,0,José María López Rayón,lópez-rayón,mexico,0,0,0,0,0,0
https://es.wikipedia.org/wiki/Jos%C3%A9_Mar%C3%ADa_Lozano_de_Peralta,2,1,6,4,3,José María Lozano de Peralta,álvarez_del_casal,colombia,16,0.125,0.0625,0.375,0.25,0.1875
https://es.wikipedia.org/wiki/Jos%C3%A9_Mar%C3%ADa_Orihuela,0,0,0,0,0,José María Orihuela,orihuela,argentina,0,0,0,0,0,0
https://es.wikipedia.org/wiki/Jos%C3%A9_Mar%C3%ADa_Orihuela_Mor%C3%B3n,0,0,0,0,0,José María Orihuela Morón,orihuela,argentina,0,0,0,0,0,0
https://es.wikipedia.org/wiki/Jos%C3%A9_Mar%C3%ADa_Ortega_y_Nari%C3%B1o,0,0,0,0,0,José María Ortega y Nariño,álvarez_del_casal,colombia,0,0,0,0,0,0
https://es.wikipedia.org/wiki/Jos%C3%A9_Mar%C3%ADa_Paz,2,0,0,0,0,José María Paz,paz,argentina,2,1,0,0,0,0
https://es.wikipedia.org/wiki/Jos%C3%A9_Mar%C3%ADa_Qu%C3%ADmper,0,0,0,0,0,José María Químper,químper,peru,0,0,0,0,0,0
https://es.wikipedia.org/wiki/Jos%C3%A9_Mar%C3%ADa_Quijano_Wallis,2,0,0,0,0,José María Quijano Wallis,mosquera,colombia,2,1,0,0,0,0
https://es.wikipedia.org/wiki/Jos%C3%A9_Mar%C3%ADa_Ramos_Mej%C3%ADa,0,0,0,0,0,José María Ramos Mejía,segurola,argentina,0,0,0,0,0,0
https://es.wikipedia.org/wiki/Jos%C3%A9_Mar%C3%ADa_Rivas_Groot,2,0,0,0,0,José María Rivas Groot,groot,colombia,2,1,0,0,0,0
https://es.wikipedia.org/wiki/Jos%C3%A9_Mar%C3%ADa_Samper,2,0,0,0,0,José María Samper,samper,colombia,2,1,0,0,0,0
https://es.wikipedia.org/wiki/Jos%C3%A9_Mar%C3%ADa_Vergara_Tenorio,0,0,1,1,0,José María Vergara Tenorio,caicedo,colombia,2,0,0,0.5,0.5,0
https://es.wikipedia.org/wiki/Jos%C3%A9_Mar%C3%ADa_de_Mosquera,8,0,0,0,0,José María de Mosquera,arboleda,colombia,8,1,0,0,0,0
https://es.wikipedia.org/wiki/Jos%C3%A9_Mar%C3%ADa_de_Mosquera_y_Figueroa,25,0,0,0,0,José María de Mosquera,arboleda,colombia,25,1,0,0,0,0
https://es.wikipedia.org/wiki/Jos%C3%A9_Mar%C3%ADa_de_Uricoechea,0,0,0,0,0,José María de Uricoechea,uricoechea,colombia,0,0,0,0,0,0
https://es.wikipedia.org/wiki/Jos%C3%A9_Mar%C3%ADa_de_la_Cruz_Prieto,0,4,3,2,0,José María de la Cruz Prieto,cruz_chile,chile,9,0,0.4444444444444444,0.3333333333333333,0.2222222222222222,0
https://es.wikipedia.org/wiki/Jos%C3%A9_Mar%C3%ADa_del_Carril,0,0,2,0,0,José María del Carril,del_carril,argentina,2,0,0,1,0,0
https://es.wikipedia.org/wiki/Jos%C3%A9_Mariano_Astigueta_%28nieto%29,0,0,0,0,0,José Mariano Astigueta (nieto),astigueta,argentina,0,0,0,0,0,0
https://es.wikipedia.org/wiki/Jos%C3%A9_Mariano_Astigueta_%28padre%29,0,0,0,0,0,José Mariano Astigueta (padre),astigueta,argentina,0,0,0,0,0,0
https://es.wikipedia.org/wiki/Jos%C3%A9_Mariano_Luna,12,0,0,0,0,José Mariano Luna,luna,peru,12,1,0,0,0,0
https://es.wikipedia.org/wiki/Jos%C3%A9_Mart%C3%ADn_Par%C3%ADs_%C3%81lvarez,30,0,0,0,0,José Martín París Álvarez,parís,colombia,30,1,0,0,0,0
https://es.wikipedia.org/wiki/Jos%C3%A9_Miguel_Carrera,0,1,2,2,2,José Miguel Carrera,valdivieso,chile,7,0,0.14285714285714285,0.2857142857142857,0.2857142857142857,0.2857142857142857
https://es.wikipedia.org/wiki/Jos%C3%A9_Miguel_Carrera_Fontecilla,6,0,3,0,0,José Miguel Carrera Fontecilla,pinto_chile,chile,9,0.6666666666666666,0,0.3333333333333333,0,0
https://es.wikipedia.org/wiki/Jos%C3%A9_Miguel_Carrera_Verdugo,1,0,0,1,0,José Miguel Carrera,pinto_chile,chile,2,0.5,0,0,0.5,0
https://es.wikipedia.org/wiki/Jos%C3%A9_Miguel_D%C3%ADaz_V%C3%A9lez,0,0,0,0,0,José Miguel Díaz Vélez,díaz_vélez,argentina,0,0,0,0,0,0
https://es.wikipedia.org/wiki/Jos%C3%A9_Miguel_Irarr%C3%A1zaval_Alcalde,0,0,1,1,0,José Miguel Irarrázaval Alcalde,mackenna,chile,2,0,0,0.5,0.5,0
https://es.wikipedia.org/wiki/Jos%C3%A9_Miguel_Morales_Dasso,0,0,0,0,0,José Miguel Morales Dasso,benavides_perú,peru,0,0,0,0,0,0
https://es.wikipedia.org/wiki/Jos%C3%A9_Miguel_Vicu%C3%B1a,20,0,5,0,0,José Miguel Vicuña,vicuña,chile,25,0.8,0,0.2,0,0
https://es.wikipedia.org/wiki/Jos%C3%A9_Morales_Urresti,2,0,0,0,0,José Morales Urresti,benavides_perú,peru,2,1,0,0,0,0
https://es.wikipedia.org/wiki/Jos%C3%A9_Olaguer_Feli%C3%BA_y_Azcu%C3%A9naga,2,0,0,0,0,José Olaguer Feliú y Azcuénaga,azcuénaga,argentina,2,1,0,0,0,0
https://es.wikipedia.org/wiki/Jos%C3%A9_Orihuela_Yabar,0,0,0,0,0,José Orihuela Yabar,orihuela,peru,0,0,0,0,0,0
https://es.wikipedia.org/wiki/Jos%C3%A9_Ortiz_de_Zevallos,0,0,0,0,0,José Ortiz de Zevallos,del_solar,peru,0,0,0,0,0,0
https://es.wikipedia.org/wiki/Jos%C3%A9_Pablo_Leyva,0,0,0,0,0,José Pablo Leyva,leyva,colombia,0,0,0,0,0,0
https://es.wikipedia.org/wiki/Jos%C3%A9_Pablo_Leyva_Urdaneta,0,0,0,0,0,José Pablo Leyva,leyva,colombia,0,0,0,0,0,0
https://es.wikipedia.org/wiki/Jos%C3%A9_Pardo_y_Aliaga,0,0,0,0,0,José Pardo y Aliaga,pardo,peru,0,0,0,0,0,0
https://es.wikipedia.org/wiki/Jos%C3%A9_Pardo_y_Barreda,2,0,0,0,0,José Pardo y Barreda,lavalle,peru,2,1,0,0,0,0
https://es.wikipedia.org/wiki/Jos%C3%A9_Patricio_Larra%C3%ADn_Gandarillas,6,0,0,0,0,José Patricio Larraín Gandarillas,gandarillas,chile,6,1,0,0,0,0
https://es.wikipedia.org/wiki/Jos%C3%A9_Pi%C3%B1era_Carvallo,12,0,0,0,0,José Piñera Carvallo,echenique,chile,12,1,0,0,0,0
https://es.wikipedia.org/wiki/Jos%C3%A9_Pi%C3%B1era_Echenique,0,0,0,0,0,José Piñera Echenique,echenique,chile,0,0,0,0,0,0
https://es.wikipedia.org/wiki/Jos%C3%A9_Podest%C3%A1,6,0,0,0,0,José Podestá,podestá,uruguay,6,1,0,0,0,0
https://es.wikipedia.org/wiki/Jos%C3%A9_Prieto_de_Salazar,0,0,0,0,0,José Prieto de Salazar,ricaurte,colombia,0,0,0,0,0,0
https://es.wikipedia.org/wiki/Jos%C3%A9_Rafael_Arboleda_Arroyo,6,0,0,0,0,José Arboleda Arroyo,arboleda,colombia,6,1,0,0,0,0
https://es.wikipedia.org/wiki/Jos%C3%A9_Rafael_Balmaceda,6,0,0,0,0,José Rafael Balmaceda,balmaceda,chile,6,1,0,0,0,0
https://es.wikipedia.org/wiki/Jos%C3%A9_Rafael_Mosquera,2,0,0,0,0,José Rafael Mosquera,arboleda,colombia,2,1,0,0,0,0
https://es.wikipedia.org/wiki/Jos%C3%A9_Rafael_Salas_Err%C3%A1zuriz,0,0,0,0,0,José Rafael Salas Errázuriz,edwards,chile,0,0,0,0,0,0
https://es.wikipedia.org/wiki/Jos%C3%A9_Rafael_de_Salazar_y_Traslavi%C3%B1a,0,0,0,0,0,José Rafael de Salazar y Traslaviña,salazar_y_muñatones,peru,0,0,0,0,0,0
https://es.wikipedia.org/wiki/Jos%C3%A9_Revueltas,2,0,0,0,0,José Revueltas,revueltas_sánchez,mexico,2,1,0,0,0,0
https://es.wikipedia.org/wiki/Jos%C3%A9_Rufino_Echenique,6,0,2,4,0,José Rufino Echenique,tristán_del_pozo,peru,12,0.5,0,0.16666666666666666,0.3333333333333333,0
https://es.wikipedia.org/wiki/Jos%C3%A9_Ruperto_Monagas,0,0,0,0,0,José Ruperto Monagas,monagas,venezuela,0,0,0,0,0,0
https://es.wikipedia.org/wiki/Jos%C3%A9_Sabogal,2,0,0,0,0,José Sabogal,portocarrero_perú,peru,2,1,0,0,0,0
https://es.wikipedia.org/wiki/Jos%C3%A9_Sabogal_Wiesse,2,0,2,2,0,José Sabogal Wiesse,portocarrero_perú,peru,6,0.3333333333333333,0,0.3333333333333333,0.3333333333333333,0
https://es.wikipedia.org/wiki/Jos%C3%A9_Salvador_de_Ricaurte,0,0,0,0,0,José Salvador de Ricaurte,ricaurte,colombia,0,0,0,0,0,0
https://es.wikipedia.org/wiki/Jos%C3%A9_Samanez_Ocampo,0,0,0,0,0,José Samanez Ocampo,samanez,peru,0,0,0,0,0,0
https://es.wikipedia.org/wiki/Jos%C3%A9_Santiago_Montt_Irarr%C3%A1zaval,0,0,0,0,0,José Santiago Montt Irarrázaval,montt,chile,0,0,0,0,0,0
https://es.wikipedia.org/wiki/Jos%C3%A9_Santiago_Portales_y_Larra%C3%ADn,2,0,0,0,0,José Santiago Portales y Larraín,portales,chile,2,1,0,0,0,0
https://es.wikipedia.org/wiki/Jos%C3%A9_Santos_Grocio_Prado_Linares,0,0,0,1,0,Grocio Prado,prado,peru,1,0,0,0,1,0
https://es.wikipedia.org/wiki/Jos%C3%A9_Sanz_de_Santamar%C3%ADa,0,1,1,1,0,José Sanz de Santamaría,galeano,colombia,3,0,0.3333333333333333,0.3333333333333333,0.3333333333333333,0
https://es.wikipedia.org/wiki/Jos%C3%A9_Sebasti%C3%A1n_Amador_L%C3%B3pez,0,0,0,0,0,José Sebastián Amador López,amador,colombia,0,0,0,0,0,0
https://es.wikipedia.org/wiki/Jos%C3%A9_Sebasti%C3%A1n_de_Vergara_Azc%C3%A1rate_y_G%C3%B3mez_de_Sandoval,12,1,8,4,0,José de Vergara Azcárate,caicedo,colombia,25,0.48,0.04,0.32,0.16,0
https://es.wikipedia.org/wiki/Jos%C3%A9_Tadeo_Monagas,6,0,0,0,0,José Tadeo Monagas,monagas,venezuela,6,1,0,0,0,0
https://es.wikipedia.org/wiki/Jos%C3%A9_Toh%C3%A1,2,0,0,0,0,José Tohá,tohá,chile,2,1,0,0,0,0
https://es.wikipedia.org/wiki/Jos%C3%A9_Tola,0,0,0,0,0,José Tola,de_habich,peru,0,0,0,0,0,0
https://es.wikipedia.org/wiki/Jos%C3%A9_Tom%C3%A1s_Err%C3%A1zuriz,4,0,0,0,0,José Tomás Errázuriz,errázuriz,chile,4,1,0,0,0,0
https://es.wikipedia.org/wiki/Jos%C3%A9_Uma%C3%B1a_Bernal,0,0,0,0,0,José Umaña Bernal,umaña,colombia,0,0,0,0,0,0
https://es.wikipedia.org/wiki/Jos%C3%A9_Vargas_Lleras,0,0,0,0,0,José Vargas Lleras,lleras,colombia,0,0,0,0,0,0
https://es.wikipedia.org/wiki/Jos%C3%A9_Vicente_Concha,2,0,0,0,0,José Vicente Concha,concha,colombia,2,1,0,0,0,0
https://es.wikipedia.org/wiki/Jos%C3%A9_Vicente_G%C3%B3mez_Bello,0,0,0,0,0,José Vicente Gómez Bello,gómez_venezuela,venezuela,0,0,0,0,0,0
https://es.wikipedia.org/wiki/Jos%C3%A9_Vicente_Ortega_y_Mesa,0,0,0,0,0,José Vicente Ortega y Mesa,nariño,colombia,0,0,0,0,0,0
https://es.wikipedia.org/wiki/Jos%C3%A9_de_Aran%C3%ADbar,0,0,0,0,0,José de Araníbar,araníbar,peru,0,0,0,0,0,0
https://es.wikipedia.org/wiki/Jos%C3%A9_de_Medeiros,0,0,0,0,0,José de Medeiros,cornejo_argentina,argentina,0,0,0,0,0,0
https://es.wikipedia.org/wiki/Jos%C3%A9_de_Mosquera_Figueroa_y_Prieto_de_Tobar,36,0,6,0,0,José de Mosquera y Prieto,arboleda,colombia,42,0.8571428571428571,0,0.14285714285714285,0,0
https://es.wikipedia.org/wiki/Jos%C3%A9_de_Mosquera_y_Prieto,0,0,0,0,0,José de Mosquera y Prieto,mosquera,colombia,0,0,0,0,0,0
https://es.wikipedia.org/wiki/Jos%C3%A9_de_San_Mart%C3%ADn,20,0,0,0,0,José de San Martín,balcarce,argentina,20,1,0,0,0,0
https://es.wikipedia.org/wiki/Jos%C3%A9_de_Santiago_Concha,0,0,0,0,0,José de Santiago Concha,santiago_concha,peru,0,0,0,0,0,0
https://es.wikipedia.org/wiki/Jos%C3%A9_de_Vergara_Azc%C3%A1rate,0,0,0,0,0,José de Vergara Azcárate,vergara-azcárate,colombia,0,0,0,0,0,0
https://es.wikipedia.org/wiki/Jos%C3%A9_de_Zavala_y_Esquivel,0,0,0,0,0,José de Zavala y Esquivel,zavala_de_la_maza,peru,0,0,0,0,0,0
https://es.wikipedia.org/wiki/Jos%C3%A9_de_la_Puente_Brunke,0,0,0,0,0,José de la Puente Brunke,álvarez_calderón,peru,0,0,0,0,0,0
https://es.wikipedia.org/wiki/Jos%C3%A9_de_la_Riva-Ag%C3%BCero,0,0,0,0,0,José de la Riva-Agüero,riva_agüero,peru,0,0,0,0,0,0
https://es.wikipedia.org/wiki/Jos%C3%A9_de_la_Riva_Ag%C3%BCero,2,0,0,0,0,José de la Riva-Agüero,riva_agüero,peru,2,1,0,0,0,0
https://es.wikipedia.org/wiki/Jos%C3%A9_de_la_Riva_Ag%C3%BCero_y_Looz_Corswarem,4,0,0,0,0,José de la Riva Agüero y Looz Corswarem,riva_agüero,peru,4,1,0,0,0,0
https://es.wikipedia.org/wiki/Josef_de_Urquiza,2,0,0,0,0,Josef de Urquiza,álzaga,argentina,2,1,0,0,0,0
https://es.wikipedia.org/wiki/Josefa_Acevedo_de_G%C3%B3mez,1,0,0,0,0,Josefa Acevedo de Gómez,acevedo_colombia,colombia,1,1,0,0,0,0
https://es.wikipedia.org/wiki/Josefa_Andrade_Berti,0,0,0,0,0,Josefa Andrade Berti,troconis,colombia,0,0,0,0,0,0
https://es.wikipedia.org/wiki/Josefa_Carrillo_y_Albornoz,0,0,0,0,0,Josefa Carrillo y Albornoz,carrillo_de_albornoz,peru,0,0,0,0,0,0
https://es.wikipedia.org/wiki/Josefa_Dominga_Balcarce,4,0,0,0,0,Josefa Dominga Balcarce,balcarce,argentina,4,1,0,0,0,0
https://es.wikipedia.org/wiki/Josefa_Err%C3%A1zuriz,0,0,0,0,0,Josefa Errázuriz,errázuriz,chile,0,0,0,0,0,0
https://es.wikipedia.org/wiki/Josefa_Gonz%C3%A1lez-Blanco_Ortiz-Mena,0,0,0,0,0,Josefa González-Blanco Ortiz-Mena,ortiz_mena,mexico,0,0,0,0,0,0
https://es.wikipedia.org/wiki/Josefa_Lozano_y_Gonz%C3%A1lez_Manrique,6,0,0,0,0,Josefa Lozano y González Manrique,álvarez_del_casal,colombia,6,1,0,0,0,0
https://es.wikipedia.org/wiki/Josefa_Rosa_de_Mu%C3%B1atones,2,0,0,0,0,Josefa Rosa de Muñatones,salazar_y_muñatones,peru,2,1,0,0,0,0
https://es.wikipedia.org/wiki/Josefa_de_Iturbide_y_Huarte,0,0,0,0,0,Josefa de Iturbide y Huarte,iturbide,mexico,0,0,0,0,0,0
https://es.wikipedia.org/wiki/Josefina_Escobedo,0,0,0,0,0,Josefina Escobedo,lópez-moctezuma,mexico,0,0,0,0,0,0
https://es.wikipedia.org/wiki/Josefina_Herr%C3%A1n,6,0,0,0,0,Josefina Herrán,bordaberry,uruguay,6,1,0,0,0,0
https://es.wikipedia.org/wiki/Josefina_Montan%C3%A9,0,0,0,0,0,Josefina Montané,di_girolamo,chile,0,0,0,0,0,0
https://es.wikipedia.org/wiki/Josefina_Valencia,0,0,0,0,0,Josefina Valencia,valencia,colombia,0,0,0,0,0,0
https://es.wikipedia.org/wiki/Josefina_Valencia_de_Hubach,0,0,1,0,0,Josefina Valencia,valencia,colombia,1,0,0,1,0,0
https://es.wikipedia.org/wiki/Josep_Antoni_Barraquer_Roviralta,0,0,0,0,0,Josep Antoni Barraquer Roviralta,barraquer,colombia,0,0,0,0,0,0
https://es.wikipedia.org/wiki/Josep_Batlle_i_Carre%C3%B3,0,0,0,0,0,Josep Batlle i Carreó,batlle,uruguay,0,0,0,0,0,0
https://es.wikipedia.org/wiki/Joseph_P._Kennedy,2,0,0,0,0,Joseph P. Kennedy,onassis,argentina,2,1,0,0,0,0
https://es.wikipedia.org/wiki/Joseph_Ricaurte,0,0,0,0,0,Joseph Ricaurte,ricaurte,colombia,0,0,0,0,0,0
https://es.wikipedia.org/wiki/Josnars_Baduel,0,0,0,0,0,Josnars Baduel,baduel,venezuela,0,0,0,0,0,0
https://es.wikipedia.org/wiki/Juan_Agust%C3%ADn_Bol%C3%ADvar,0,0,0,0,0,Juan Agustín Bolívar,palacios_venezuela,chile,0,0,0,0,0,0
https://es.wikipedia.org/wiki/Juan_Agust%C3%ADn_Ni%C3%B1o_y_%C3%81lvarez,0,0,0,0,0,Juan Agustín Niño y Álvarez,niño,colombia,0,0,0,0,0,0
https://es.wikipedia.org/wiki/Juan_Albano_Pereira_de_la_Cruz,0,0,0,0,0,Juan Albano Pereira de la Cruz,cruz_chile,chile,0,0,0,0,0,0
https://es.wikipedia.org/wiki/Juan_Alcal%C3%A1-Galiano_y_Osma,0,0,0,0,0,Juan Alcalá-Galiano y Osma,valencia,colombia,0,0,0,0,0,0
https://es.wikipedia.org/wiki/Juan_Alemann,0,0,0,0,0,Juan Alemann,alemann,argentina,0,0,0,0,0,0
https://es.wikipedia.org/wiki/Juan_Alfonso_Chadwick_Err%C3%A1zuriz,0,0,0,0,0,Juan Alfonso Chadwick Errázuriz,chadwick,chile,0,0,0,0,0,0
https://es.wikipedia.org/wiki/Juan_Andr%C3%A9s_Coloma,0,0,0,0,0,Juan Andrés Coloma,leyva,colombia,0,0,0,0,0,0
https://es.wikipedia.org/wiki/Juan_Andr%C3%A9s_Fontaine,0,0,0,0,0,Juan Andrés Fontaine,fontaine,chile,0,0,0,0,0,0
https://es.wikipedia.org/wiki/Juan_Antonio_%C3%81lvarez_de_Arenales,2,0,0,0,0,Juan Antonio Álvarez de Arenales,álvarez_de_arenales,argentina,2,1,0,0,0,0
https://es.wikipedia.org/wiki/Juan_Antonio_Lavalleja,1,0,0,0,0,Juan Antonio Lavalleja,lavalleja,uruguay,1,1,0,0,0,0
https://es.wikipedia.org/wiki/Juan_Antonio_Pizarro,6,0,0,0,0,Juan Antonio Pizarro,acevedo_colombia,colombia,6,1,0,0,0,0
https://es.wikipedia.org/wiki/Juan_Antonio_Ribeyro,0,0,0,0,0,Juan Antonio Ribeyro,ribeyro,peru,0,0,0,0,0,0
https://es.wikipedia.org/wiki/Juan_B._Justo,0,0,0,0,0,Juan B. Justo,justo,argentina,0,0,0,0,0,0
https://es.wikipedia.org/wiki/Juan_Bautista_Alberdi,0,0,0,0,0,Juan Bautista Alberdi,aráoz,argentina,0,0,0,0,0,0
https://es.wikipedia.org/wiki/Juan_Bautista_El%C3%A9spuru,0,0,0,0,0,Juan Bautista Eléspuru,eléspuru,peru,0,0,0,0,0,0
https://es.wikipedia.org/wiki/Juan_Bautista_Paz,6,0,3,0,0,Juan Bautista Paz,paz,argentina,9,0.6666666666666666,0,0.3333333333333333,0,0
https://es.wikipedia.org/wiki/Juan_Bautista_de_Lavalle,2,0,0,0,0,Juan Bautista de Lavalle,lavalle,peru,2,1,0,0,0,0
https://es.wikipedia.org/wiki/Juan_Bautista_de_Lavalle_y_Garc%C3%ADa,0,0,0,0,0,Juan Bautista de Lavalle y García,lavalle,peru,0,0,0,0,0,0
https://es.wikipedia.org/wiki/Juan_Benavides,0,0,0,0,0,Juan Benavides,benavides_chile,chile,0,0,0,0,0,0
https://es.wikipedia.org/wiki/Juan_Borgia_%281498-1548%29,0,0,0,0,0,Juan Borgia (1498-1548),borja,colombia,0,0,0,0,0,0
https://es.wikipedia.org/wiki/Juan_Borja_Mata,0,0,0,0,0,Juan Borja Mata,borja,ecuador,0,0,0,0,0,0
https://es.wikipedia.org/wiki/Juan_Borja_y_Lizarzaburu,0,0,0,0,0,Juan Borja y Lizarzaburu,borja,ecuador,0,0,0,0,0,0
https://es.wikipedia.org/wiki/Juan_C%C3%A1rdenas_Arroyo,0,0,0,0,0,Juan Cárdenas Arroyo,arroyo,colombia,0,0,0,0,0,0
https://es.wikipedia.org/wiki/Juan_Camilo_Restrepo,0,0,0,0,0,Juan Camilo Restrepo,herrán,colombia,0,0,0,0,0,0
https://es.wikipedia.org/wiki/Juan_Carlos_Alsogaray,2,0,0,2,0,Juan Carlos Alsogaray,alsogaray,argentina,4,0.5,0,0,0.5,0
https://es.wikipedia.org/wiki/Juan_Carlos_Barreto,0,0,0,0,0,Juan Carlos Barreto,derbez,mexico,0,0,0,0,0,0
https://es.wikipedia.org/wiki/Juan_Carlos_Bistoto,0,0,0,0,0,Juan Carlos Bistoto,meruane,argentina,0,0,0,0,0,0
https://es.wikipedia.org/wiki/Juan_Carlos_Blanco_Acevedo,0,0,0,0,0,Juan Carlos Blanco Acevedo,blanco,uruguay,0,0,0,0,0,0
https://es.wikipedia.org/wiki/Juan_Carlos_Blanco_Estrad%C3%A9,0,0,0,0,0,Juan Carlos Blanco Estradé,blanco,uruguay,0,0,0,0,0,0
https://es.wikipedia.org/wiki/Juan_Carlos_Blanco_Fern%C3%A1ndez,12,0,0,0,0,Juan Carlos Blanco Fernández,blanco,uruguay,12,1,0,0,0,0
https://es.wikipedia.org/wiki/Juan_Carlos_Cornejo_Linares,2,0,0,0,0,Juan Carlos Cornejo Linares,cornejo_argentina,argentina,2,1,0,0,0,0
https://es.wikipedia.org/wiki/Juan_Carlos_D%C3%A1valos,0,0,0,0,0,Juan Carlos Dávalos,güemes,argentina,0,0,0,0,0,0
https://es.wikipedia.org/wiki/Juan_Carlos_Pastrana,6,0,0,0,0,Juan Carlos Pastrana,borrero,colombia,6,1,0,0,0,0
https://es.wikipedia.org/wiki/Juan_Cris%C3%B3stomo_Torrico,2,0,0,0,0,Juan Crisóstomo Torrico,torrico,peru,2,1,0,0,0,0
https://es.wikipedia.org/wiki/Juan_Crooke_y_Navarrot,0,0,0,0,0,Juan Crooke y Navarrot,osma,peru,0,0,0,0,0,0
https://es.wikipedia.org/wiki/Juan_Cueto_Sierra,2,0,0,0,0,Juan Cueto Sierra,cueto,chile,2,1,0,0,0,0
https://es.wikipedia.org/wiki/Juan_Damonte,0,0,0,0,0,Juan Damonte,botana,argentina,0,0,0,0,0,0
https://es.wikipedia.org/wiki/Juan_Daract,0,0,0,0,0,Juan Daract,daract,argentina,0,0,0,0,0,0
https://es.wikipedia.org/wiki/Juan_Domingo_Per%C3%B3n,12,0,0,0,0,Juan Domingo Perón,perón,argentina,12,1,0,0,0,0
https://es.wikipedia.org/wiki/Juan_Emilio_Roca_Andrade,2,0,0,0,0,Juan Emilio Roca Andrade,roca_y_rodríguez,ecuador,2,1,0,0,0,0
https://es.wikipedia.org/wiki/Juan_Enrique_Concha_Subercaseaux,0,0,0,0,0,Juan Enrique Concha Subercaseaux,concha_chile,chile,0,0,0,0,0,0
https://es.wikipedia.org/wiki/Juan_Estanislao_del_Campo,0,0,0,0,0,Juan Estanislao del Campo,maciel,argentina,0,0,0,0,0,0
https://es.wikipedia.org/wiki/Juan_Esteban_Montero,0,0,0,0,0,Juan Esteban Montero,montero,chile,0,0,0,0,0,0
https://es.wikipedia.org/wiki/Juan_Federico_Elmore,0,0,0,0,0,Juan Federico Elmore,elmore,peru,0,0,0,0,0,0
https://es.wikipedia.org/wiki/Juan_Ferm%C3%ADn_de_San_Mart%C3%ADn,0,2,0,2,0,Juan Fermín de San Martín,san_martín,argentina,4,0,0.5,0,0.5,0
https://es.wikipedia.org/wiki/Juan_Francisco_Balta_del_Campo,0,0,0,0,0,Juan Francisco Balta del Campo,balta,peru,0,0,0,0,0,0
https://es.wikipedia.org/wiki/Juan_Francisco_Balta_y_Montero,0,0,0,0,0,Juan Francisco Balta y Montero,balta,peru,0,0,0,0,0,0
https://es.wikipedia.org/wiki/Juan_Francisco_Garc%C3%ADa_de_Z%C3%BA%C3%B1iga,2,0,2,2,0,Juan Francisco García de Zúñiga,garcía_de_zúñiga,argentina,6,0.3333333333333333,0,0.3333333333333333,0.3333333333333333,0
https://es.wikipedia.org/wiki/Juan_Francisco_L%C3%B3pez,2,0,0,0,0,Juan Francisco López,lópez_carrillo,paraguay,2,1,0,0,0,0
https://es.wikipedia.org/wiki/Juan_Francisco_Sans,0,0,0,0,0,Juan Francisco Sans,palacios_venezuela,venezuela,0,0,0,0,0,0
https://es.wikipedia.org/wiki/Juan_Francisco_de_Larra%C3%ADn_y_Rojas,1,0,0,0,0,Juan Francisco Larraín Rojas,gandarillas,chile,1,1,0,0,0,0
https://es.wikipedia.org/wiki/Juan_Francisco_de_Leyva_y_de_la_Cerda,0,0,0,0,0,Juan Francisco de Leyva y de la Cerda,leyva,colombia,0,0,0,0,0,0
https://es.wikipedia.org/wiki/Juan_G%C3%B3mez_Mart%C3%ADnez,0,0,0,1,0,Juan Gómez Martínez,gómez_martínez,colombia,1,0,0,0,1,0
https://es.wikipedia.org/wiki/Juan_Gabriel_Vald%C3%A9s,6,0,0,0,0,Juan Gabriel Valdés,subercaseaux,chile,6,1,0,0,0,0
https://es.wikipedia.org/wiki/Juan_Gonzalo_Restrepo_Londo%C3%B1o,0,0,0,1,0,Juan Gonzalo Restrepo Londoño,jaramillo_colombia,colombia,1,0,0,0,1,0
https://es.wikipedia.org/wiki/Juan_Guillermo_Cano,2,0,0,0,0,Juan Guillermo Cano,cano,colombia,2,1,0,0,0,0
https://es.wikipedia.org/wiki/Juan_Guillermo_Restrepo,0,0,1,1,0,Juan Guillermo Restrepo,jaramillo_colombia,colombia,2,0,0,0.5,0.5,0
https://es.wikipedia.org/wiki/Juan_Ignacio_Sabatini,0,0,0,0,0,Juan Ignacio Sabatini,di_girolamo,chile,0,0,0,0,0,0
https://es.wikipedia.org/wiki/Juan_Ignacio_Torres_Landa,0,0,0,0,0,Juan Ignacio Torres Landa,torres_landa,mexico,0,0,0,0,0,0
https://es.wikipedia.org/wiki/Juan_Jim%C3%A9nez_de_Lobat%C3%B3n_y_Morales,0,0,0,0,0,Juan Jiménez de Lobatón y Morales,jiménez_de_lobatón,peru,0,0,0,0,0,0
https://es.wikipedia.org/wiki/Juan_Jos%C3%A9_Castelli,2,0,0,0,0,Juan José Castelli,castelli,argentina,2,1,0,0,0,0
https://es.wikipedia.org/wiki/Juan_Jos%C3%A9_Feliciano_Fern%C3%A1ndez_Campero,2,0,0,0,0,Juan José Feliciano Fernández Campero,campero,argentina,2,1,0,0,0,0
https://es.wikipedia.org/wiki/Juan_Jos%C3%A9_Fern%C3%A1ndez-Campero_de_Herrera,0,0,0,0,0,Juan José Fernández-Campero de Herrera,campero,argentina,0,0,0,0,0,0
https://es.wikipedia.org/wiki/Juan_Jos%C3%A9_Gervasio_Fern%C3%A1ndez-Campero,2,0,0,0,0,Juan José Gervasio Fernández-Campero,campero,argentina,2,1,0,0,0,0
https://es.wikipedia.org/wiki/Juan_Jos%C3%A9_Mariano_Rocha,6,0,0,0,0,Juan José Mariano Rocha,rocha,argentina,6,1,0,0,0,0
https://es.wikipedia.org/wiki/Juan_Jos%C3%A9_Mariano_Rocha#Matrimonio_y_descendencia,2,0,0,0,0,Juan José Mariano Rocha,rocha,argentina,2,1,0,0,0,0
https://es.wikipedia.org/wiki/Juan_Jos%C3%A9_Montes_de_Oca_%28m%C3%A9dico%29,0,0,0,0,0,Juan José Montes de Oca (médico),montes_de_oca,argentina,0,0,0,0,0,0
https://es.wikipedia.org/wiki/Juan_Jos%C3%A9_Neira,0,0,0,0,0,Juan José Neira,acevedo_colombia,colombia,0,0,0,0,0,0
https://es.wikipedia.org/wiki/Juan_Jos%C3%A9_Ossa,0,0,0,0,0,Juan José Ossa,bulnes,chile,0,0,0,0,0,0
https://es.wikipedia.org/wiki/Juan_Jos%C3%A9_P%C3%A9rez_Vergara,0,0,0,0,0,Juan José Pérez Vergara,montt,chile,0,0,0,0,0,0
https://es.wikipedia.org/wiki/Juan_Jos%C3%A9_Reyes-Patria_Escobar,2,0,0,0,0,Juan José Reyes Patria,reyes,colombia,2,1,0,0,0,0
https://es.wikipedia.org/wiki/Juan_Jos%C3%A9_Reyes_Patria,0,0,0,0,0,Juan José Reyes Patria,reyes,colombia,0,0,0,0,0,0
https://es.wikipedia.org/wiki/Juan_Jos%C3%A9_Romualdo_Rocha,1,0,0,0,0,Juan José Romualdo Rocha,rocha,argentina,1,1,0,0,0,0
https://es.wikipedia.org/wiki/Juan_Jos%C3%A9_Romualdo_Rocha#Matrimonio_y_descendencia,1,0,0,0,0,Juan José Romualdo Rocha,rocha,argentina,1,1,0,0,0,0
https://es.wikipedia.org/wiki/Juan_Jos%C3%A9_Rosendo_Rocha,6,0,0,0,0,Juan José Rosendo Rocha,rocha,argentina,6,1,0,0,0,0
https://es.wikipedia.org/wiki/Juan_Jos%C3%A9_Torres_Landa,0,0,0,0,0,Juan José Torres Landa,torres_landa,mexico,0,0,0,0,0,0
https://es.wikipedia.org/wiki/Juan_Jos%C3%A9_de_Aliaga_y_Santa_Cruz,0,0,0,0,0,Juan José de Aliaga y Santa Cruz,aliaga,peru,0,0,0,0,0,0
https://es.wikipedia.org/wiki/Juan_Legu%C3%ADa_Swayne,2,0,2,2,0,Juan Leguía Swayne,diez_canseco,peru,6,0.3333333333333333,0,0.3333333333333333,0.3333333333333333,0
https://es.wikipedia.org/wiki/Juan_Lozano_y_Lozano,0,0,0,0,0,Juan Lozano y Lozano,lozano,colombia,0,0,0,0,0,0
https://es.wikipedia.org/wiki/Juan_Luis_Ossa_Bulnes,0,0,0,0,0,Juan Luis Ossa Bulnes,bulnes,chile,0,0,0,0,0,0
https://es.wikipedia.org/wiki/Juan_Luis_Sanfuentes,9,0,0,0,0,Juan Luis Sanfuentes,sanfuentes,chile,9,1,0,0,0,0
https://es.wikipedia.org/wiki/Juan_Mackenna_Astorga,0,0,0,0,0,Juan Mackenna Astorga,mackenna,chile,0,0,0,0,0,0
https://es.wikipedia.org/wiki/Juan_Manuel_Abal_Medina,1,0,0,2,0,Juan Manuel Abal Medina,abal_medina,argentina,3,0.3333333333333333,0,0,0.6666666666666666,0
https://es.wikipedia.org/wiki/Juan_Manuel_Abal_Medina_%28hijo%29,0,0,0,0,0,Juan Manuel Abal Medina (hijo),abal_medina,argentina,0,0,0,0,0,0
https://es.wikipedia.org/wiki/Juan_Manuel_Fern%C3%A1ndez_Campero,0,0,0,0,0,Juan Manuel Fernández Campero,campero,argentina,0,0,0,0,0,0
https://es.wikipedia.org/wiki/Juan_Manuel_Figueroa_Aznar,0,0,0,0,0,Juan Manuel Figueroa Aznar,yábar,peru,0,0,0,0,0,0
https://es.wikipedia.org/wiki/Juan_Manuel_Gal%C3%A1n,2,0,2,0,0,Juan Manuel Galán,galán,colombia,4,0.5,0,0.5,0,0
https://es.wikipedia.org/wiki/Juan_Manuel_Gal%C3%A1n_Pach%C3%B3n,4,0,0,0,0,Juan Manuel Galán,galán,colombia,4,1,0,0,0,0
https://es.wikipedia.org/wiki/Juan_Manuel_Grau_y_Berr%C3%ADo,2,0,0,0,0,Juan Manuel Grau y Berrío,grau,colombia,2,1,0,0,0,0
https://es.wikipedia.org/wiki/Juan_Manuel_Ospina,2,0,0,0,0,Juan Manuel Ospina,ospina,colombia,2,1,0,0,0,0
https://es.wikipedia.org/wiki/Juan_Manuel_Ospina_Restrepo,1,0,0,0,0,Juan Manuel Ospina,ospina,colombia,1,1,0,0,0,0
https://es.wikipedia.org/wiki/Juan_Manuel_Polar_Vargas,0,0,1,0,0,Juan Manuel Polar Vargas,polar,peru,1,0,0,1,0,0
https://es.wikipedia.org/wiki/Juan_Manuel_Polar_y_Carasas,6,0,0,0,0,Juan Manuel Polar y Carasas,polar,peru,6,1,0,0,0,0
https://es.wikipedia.org/wiki/Juan_Manuel_Santos,2,0,0,0,0,Juan Manuel Santos,calderón_colombia,colombia,2,1,0,0,0,0
https://es.wikipedia.org/wiki/Juan_Manuel_Santos_Calder%C3%B3n,1,0,0,0,0,Juan Manuel Santos,calderón_colombia,colombia,1,1,0,0,0,0
https://es.wikipedia.org/wiki/Juan_Manuel_Urtubey,0,0,0,0,0,Juan Manuel Urtubey,urtubey,argentina,0,0,0,0,0,0
https://es.wikipedia.org/wiki/Juan_Manuel_de_Rosas,2,2,4,6,2,Juan Manuel de Rosas,ortiz_de_rozas,argentina,16,0.125,0.125,0.25,0.375,0.125
https://es.wikipedia.org/wiki/Juan_Mar%C3%ADa_Bordaberry,6,0,0,0,0,Juan María Bordaberry,bordaberry,uruguay,6,1,0,0,0,0
https://es.wikipedia.org/wiki/Juan_Mar%C3%ADa_Pardo,0,0,0,0,0,Juan María Pardo,álvarez_del_casal,colombia,0,0,0,0,0,0
https://es.wikipedia.org/wiki/Juan_Mario_Laserna,0,0,0,0,0,Juan Mario Laserna,laserna,colombia,0,0,0,0,0,0
https://es.wikipedia.org/wiki/Juan_Mart%C3%ADn_Echenique,1,0,0,0,0,Juan Martín Echenique,tristán_del_pozo,peru,1,1,0,0,0,0
https://es.wikipedia.org/wiki/Juan_Mart%C3%ADn_Echenique_Trist%C3%A1n,1,0,2,1,0,Juan Martín Echenique,tristán_del_pozo,peru,4,0.25,0,0.5,0.25,0
https://es.wikipedia.org/wiki/Juan_Mart%C3%ADn_de_Pueyrred%C3%B3n,0,0,0,0,0,Juan Martín de Pueyrredón,pueyrredón,argentina,0,0,0,0,0,0
https://es.wikipedia.org/wiki/Juan_Nepomuceno_Ni%C3%B1o,0,0,0,0,0,Juan Nepomuceno Niño,niño,colombia,0,0,0,0,0,0
https://es.wikipedia.org/wiki/Juan_Nepomuceno_Uriburu,0,0,0,0,0,Juan Nepomuceno Uriburu,uriburu,argentina,0,0,0,0,0,0
https://es.wikipedia.org/wiki/Juan_Ni%C3%B1o,0,0,0,0,0,Juan Niño,niño,colombia,0,0,0,0,0,0
https://es.wikipedia.org/wiki/Juan_Norberto_El%C3%A9spuru,2,0,0,0,0,Juan Norberto Eléspuru,eléspuru,peru,2,1,0,0,0,0
https://es.wikipedia.org/wiki/Juan_O%27Donnell,1,0,0,0,0,Juan O'Donnell,o'donnell,colombia,1,1,0,0,0,0
https://es.wikipedia.org/wiki/Juan_Pablo_Cafiero,2,0,0,0,0,Juan Pablo Cafiero,cafiero,argentina,2,1,0,0,0,0
https://es.wikipedia.org/wiki/Juan_Pablo_Escobar,1,0,0,0,0,Juan Pablo Escobar,escobar_gaviria,colombia,1,1,0,0,0,0
https://es.wikipedia.org/wiki/Juan_Pablo_Llin%C3%A1s,0,0,0,0,0,Juan Pablo Llinás,llinás,colombia,0,0,0,0,0,0
https://es.wikipedia.org/wiki/Juan_Pablo_Obreg%C3%B3n,0,0,0,0,0,Juan Pablo Obregón,obregón,colombia,0,0,0,0,0,0
https://es.wikipedia.org/wiki/Juan_Pablo_Uribe,0,0,0,0,0,Juan Pablo Uribe,restrepo,colombia,0,0,0,0,0,0
https://es.wikipedia.org/wiki/Juan_Pardo_Heeren,0,0,0,0,0,Juan Pardo Heeren,lavalle,peru,0,0,0,0,0,0
https://es.wikipedia.org/wiki/Juan_Pardo_y_Barreda,0,0,0,0,0,Juan Pardo y Barreda,lavalle,peru,0,0,0,0,0,0
https://es.wikipedia.org/wiki/Juan_Parra_del_Riego,0,0,0,0,0,Juan Parra del Riego,miró_quesada,peru,0,0,0,0,0,0
https://es.wikipedia.org/wiki/Juan_Pizarro,0,0,0,0,0,Juan Pizarro,pizarro,chile,0,0,0,0,0,0
https://es.wikipedia.org/wiki/Juan_Ram%C3%B3n_Balcarce,0,0,0,0,0,Juan Ramón Balcarce,balcarce,argentina,0,0,0,0,0,0
https://es.wikipedia.org/wiki/Juan_Sa%C3%A1,0,0,1,0,0,Juan Saá,saá,argentina,1,0,0,1,0,0
https://es.wikipedia.org/wiki/Juan_Samper_Sordo,0,0,0,0,0,Juan Samper Sordo,samper,argentina,0,0,0,0,0,0
https://es.wikipedia.org/wiki/Juan_Seoane,0,0,0,0,0,Juan Seoane,seoane_heredia,peru,0,0,0,0,0,0
https://es.wikipedia.org/wiki/Juan_Smitmans_L%C3%B3pez,0,0,0,0,0,Juan Smitmans López,morandé,chile,0,0,0,0,0,0
https://es.wikipedia.org/wiki/Juan_Subercaseaux,0,0,0,0,0,Juan Subercaseaux,subercaseaux,chile,0,0,0,0,0,0
https://es.wikipedia.org/wiki/Juan_Subercaseaux_Err%C3%A1zuriz,0,0,0,0,0,Juan Subercaseaux Errázuriz,errázuriz,chile,0,0,0,0,0,0
https://es.wikipedia.org/wiki/Juan_Subercaseaux_Sommerhoff,0,0,0,0,0,Juan Subercaseaux,subercaseaux,chile,0,0,0,0,0,0
https://es.wikipedia.org/wiki/Juan_Vehil,0,0,0,0,0,Juan Vehil,bullrich,argentina,0,0,0,0,0,0
https://es.wikipedia.org/wiki/Juan_Vicente_Bol%C3%ADvar_Palacios,0,6,0,0,0,Juan Vicente Bolívar Palacios,toro_venezuela,venezuela,6,0,1,0,0,0
https://es.wikipedia.org/wiki/Juan_Vicente_Bol%C3%ADvar_y_Ponte,2,7,10,8,9,Juan Vicente Bolívar y Ponte,palacios_venezuela,venezuela,36,0.05555555555555555,0.19444444444444445,0.2777777777777778,0.2222222222222222,0.25
https://es.wikipedia.org/wiki/Juan_Vicente_G%C3%B3mez,2,0,0,0,0,Juan Vicente Gómez,gómez_venezuela,venezuela,2,1,0,0,0,0
https://es.wikipedia.org/wiki/Juan_Vicente_Podest%C3%A1,42,0,0,0,0,Juan Vicente Podestá,podestá,argentina,42,1,0,0,0,0
https://es.wikipedia.org/wiki/Juan_Vicente_Ugarte_Lob%C3%B3n,0,0,0,0,0,Juan Vicente Ugarte Lobón,ugarte,peru,0,0,0,0,0,0
https://es.wikipedia.org/wiki/Juan_Yarur_Lolas,0,0,0,0,0,Juan Yarur Lolas,yarur,chile,0,0,0,0,0,0
https://es.wikipedia.org/wiki/Juan_de_Arona,0,0,0,0,0,Juan de Arona,paz_soldán,peru,0,0,0,0,0,0
https://es.wikipedia.org/wiki/Juan_de_Betanzos,0,0,0,0,0,Juan de Betanzos,pizarro,chile,0,0,0,0,0,0
https://es.wikipedia.org/wiki/Juan_de_Bol%C3%ADvar_y_Mart%C3%ADnez_de_Villegas,0,0,0,0,0,Juan de Bolívar y Martínez de Villegas,bolívar,venezuela,0,0,0,0,0,0
https://es.wikipedia.org/wiki/Juan_de_Borja_y_Armendia,0,0,0,0,0,Juan de Borja y Armendia,borja,colombia,0,0,0,0,0,0
https://es.wikipedia.org/wiki/Juan_de_Borja_y_Castro,2,0,0,0,0,Juan de Borja y Castro,borja,colombia,2,1,0,0,0,0
https://es.wikipedia.org/wiki/Juan_de_Borja_y_Cattanei,6,0,0,0,0,Juan de Borja y Cattanei,borja,colombia,6,1,0,0,0,0
https://es.wikipedia.org/wiki/Juan_de_Dios_Rawson,0,0,1,1,0,Juan de Dios Rawson,rojo,argentina,2,0,0,0.5,0.5,0
https://es.wikipedia.org/wiki/Juan_de_Dios_Vial_Guzm%C3%A1n_%281814%29,3,0,0,0,0,Juan de Dios Vial Guzmán (1814),vial,chile,3,1,0,0,0,0
https://es.wikipedia.org/wiki/Juan_de_Dios_Vial_Guzm%C3%A1n_%281851%29,0,0,0,0,0,Juan de Dios Vial Guzmán (1851),vial,chile,0,0,0,0,0,0
https://es.wikipedia.org/wiki/Juan_de_Dios_Vial_Larra%C3%ADn,0,0,0,0,0,Juan de Dios Vial Larraín,vial,chile,0,0,0,0,0,0
https://es.wikipedia.org/wiki/Juan_de_Dios_Vial_del_R%C3%ADo,0,0,0,0,0,Juan de Dios Vial del Río,vial,chile,0,0,0,0,0,0
https://es.wikipedia.org/wiki/Juan_de_Dios_Videla,0,0,0,0,0,Juan de Dios Videla,videla,argentina,0,0,0,0,0,0
https://es.wikipedia.org/wiki/Juan_de_Olmos,0,0,0,0,0,Juan de Olmos,olmos,colombia,0,0,0,0,0,0
https://es.wikipedia.org/wiki/Juan_de_Olmos_y_Ortega,0,0,0,0,0,Juan de Olmos y Ortega,olmos,colombia,0,0,0,0,0,0
https://es.wikipedia.org/wiki/Juan_de_San_Mart%C3%ADn,2,2,4,4,0,Juan de San Martín,balcarce,argentina,12,0.16666666666666666,0.16666666666666666,0.3333333333333333,0.3333333333333333,0
https://es.wikipedia.org/wiki/Juan_de_San_Mart%C3%ADn_y_G%C3%B3mez,1,0,2,1,0,Juan de San Martín,san_martín,argentina,4,0.25,0,0.5,0.25,0
https://es.wikipedia.org/wiki/Juan_de_Tolosa,0,0,0,0,0,Juan de Tolosa,moctezuma,mexico,0,0,0,0,0,0
https://es.wikipedia.org/wiki/Juan_de_Zavala_y_de_la_Puente,0,0,0,0,0,Juan de Zavala y de la Puente,de_la_puente,peru,0,0,0,0,0,0
https://es.wikipedia.org/wiki/Juana_Andrade_Fuente_Fr%C3%ADa,2,0,0,0,0,Juana Andrade Fuente Fría,roca_y_rodríguez,ecuador,2,1,0,0,0,0
https://es.wikipedia.org/wiki/Juana_Bol%C3%ADvar_Palacios,0,6,0,0,0,Juana Bolívar Palacios,toro_venezuela,venezuela,6,0,1,0,0,0
https://es.wikipedia.org/wiki/Juana_Manuela_Gorriti,16,0,4,0,0,Juana Manuela Gorriti,zuviría,argentina,20,0.8,0,0.2,0,0
https://es.wikipedia.org/wiki/Juana_Manuela_Laso_de_la_Vega,6,0,0,0,0,Juana Manuela Laso de Eléspuru,eléspuru,peru,6,1,0,0,0,0
https://es.wikipedia.org/wiki/Juana_Mar%C3%ADa_Pueyrred%C3%B3n,0,0,0,0,0,Juana María Pueyrredón,pueyrredón,argentina,0,0,0,0,0,0
https://es.wikipedia.org/wiki/Juana_Pabla_Carrillo,6,0,0,0,0,Juana Pabla Carrillo,lópez_carrillo,paraguay,6,1,0,0,0,0
https://es.wikipedia.org/wiki/Juana_Pesoa,2,0,0,0,0,Juana Pesoa,lópez_carrillo,paraguay,2,1,0,0,0,0
https://es.wikipedia.org/wiki/Juana_Ringeling,6,0,0,0,0,Juana Ringeling,vicuña,chile,6,1,0,0,0,0
https://es.wikipedia.org/wiki/Juana_Ross,2,0,0,0,0,Juana Ross Edwards,edwards,chile,2,1,0,0,0,0
https://es.wikipedia.org/wiki/Juana_Ross_Edwards,4,0,0,0,0,Juana Ross Edwards,edwards,chile,4,1,0,0,0,0
https://es.wikipedia.org/wiki/Juana_Tressols,12,0,0,0,0,Juana Tressols,bullrich,argentina,12,1,0,0,0,0
https://es.wikipedia.org/wiki/Juana_Uribe,0,0,0,0,1,Juana Uribe,pachón,colombia,1,0,0,0,0,1
https://es.wikipedia.org/wiki/Juana_de_Iturbide_y_Huarte,0,0,0,0,0,Juana de Iturbide y Huarte,iturbide,mexico,0,0,0,0,0,0
https://es.wikipedia.org/wiki/Juana_del_Pino,6,0,0,0,0,Juana del Pino,otálora,argentina,6,1,0,0,0,0
https://es.wikipedia.org/wiki/Juli%C3%A1n_Arango,0,0,0,0,0,Julián Arango,del_solar,colombia,0,0,0,0,0,0
https://es.wikipedia.org/wiki/Juli%C3%A1n_Soler,0,0,0,0,0,Julián Soler,soler,mexico,0,0,0,0,0,0
https://es.wikipedia.org/wiki/Juli%C3%A1n_Trujillo_Largacha,0,0,0,0,0,Julián Trujillo Largacha,largacha,colombia,0,0,0,0,0,0
https://es.wikipedia.org/wiki/Juli%C3%A1n_V%C3%A1squez_Calle,2,0,0,0,0,Julián Vásquez Calle,barrientos,colombia,2,1,0,0,0,0
https://es.wikipedia.org/wiki/Juli%C3%A1n_de_Leyva,0,0,0,0,0,Julián de Leyva,leyva,argentina,0,0,0,0,0,0
https://es.wikipedia.org/wiki/Julia_Astaburuaga_Larrain,0,0,1,2,1,Julita Astaburuaga,claro_chile,chile,4,0,0,0.25,0.5,0.25
https://es.wikipedia.org/wiki/Julia_Elena_D%C3%A1valos,0,0,0,0,0,Julia Elena Dávalos,güemes,argentina,0,0,0,0,0,0
https://es.wikipedia.org/wiki/Julia_Mengolini,0,0,0,0,0,Julia Mengolini,pueyrredón,argentina,0,0,0,0,0,0
https://es.wikipedia.org/wiki/Julia_Pou,2,0,0,0,0,Julia Pou,ponce_de_león,uruguay,2,1,0,0,0,0
https://es.wikipedia.org/wiki/Julia_Swayne_y_Mari%C3%A1tegui,2,0,2,2,0,Julia Swayne y Mariátegui,diez_canseco,peru,6,0.3333333333333333,0,0.3333333333333333,0.3333333333333333,0
https://es.wikipedia.org/wiki/Julia_Urquidi_Illanes,0,0,0,0,0,Julia Urquidi Illanes,vargas_llosa,bolivia,0,0,0,0,0,0
https://es.wikipedia.org/wiki/Julia_Vial,0,0,0,0,0,Julia Vial,vial,chile,0,0,0,0,0,0
https://es.wikipedia.org/wiki/Juliana_Awada,0,0,0,0,0,Juliana Awada,awada,argentina,0,0,0,0,0,0
https://es.wikipedia.org/wiki/Juliana_Oxenford,0,0,0,0,0,Juliana Oxenford,frayssinet,argentina,0,0,0,0,0,0
https://es.wikipedia.org/wiki/Juliana_de_Hesse-Philippsthal,6,0,0,0,0,Juliana de Hesse-Philippsthal,althaus,peru,6,1,0,0,0,0
https://es.wikipedia.org/wiki/Julieta_Ballv%C3%A9,0,0,0,0,0,Julieta Ballvé,pavlovsky,argentina,0,0,0,0,0,0
https://es.wikipedia.org/wiki/Julieta_Bracho,0,0,0,0,0,Julieta Bracho,bracho,mexico,0,0,0,0,0,0
https://es.wikipedia.org/wiki/Julieta_Palavicini,2,0,0,0,0,Julieta Palavicini,soler,mexico,2,1,0,0,0,0
https://es.wikipedia.org/wiki/Julio_Amoedo,2,0,0,0,0,Julio Aurelio Amoedo,fortabat,argentina,2,1,0,0,0,0
https://es.wikipedia.org/wiki/Julio_Amor%C3%ADn_Larra%C3%B1aga,0,0,0,0,0,Julio Amorín Larrañaga,batlle,uruguay,0,0,0,0,0,0
https://es.wikipedia.org/wiki/Julio_Arboleda,13,0,0,0,0,Julio Arboleda,arboleda,colombia,13,1,0,0,0,0
https://es.wikipedia.org/wiki/Julio_Arboleda_Pombo,13,0,0,0,0,Julio Arboleda,arboleda,colombia,13,1,0,0,0,0
https://es.wikipedia.org/wiki/Julio_Argentino_Pascual_Roca,6,0,0,0,0,Julio Argentino Pascual Roca,paz,argentina,6,1,0,0,0,0
https://es.wikipedia.org/wiki/Julio_Argentino_Roca,16,0,0,0,0,Julio Argentino Roca,paz,argentina,16,1,0,0,0,0
https://es.wikipedia.org/wiki/Julio_Aurelio_Amoedo,2,0,0,0,0,Julio Aurelio Amoedo,fortabat,argentina,2,1,0,0,0,0
https://es.wikipedia.org/wiki/Julio_Berr%C3%ADo_Par%C3%ADs,0,0,0,0,0,Julio Berrío París,berrío,colombia,0,0,0,0,0,0
https://es.wikipedia.org/wiki/Julio_Bracho,2,0,0,0,0,Julio Bracho,bracho,mexico,2,1,0,0,0,0
https://es.wikipedia.org/wiki/Julio_C%C3%A9sar_Rodr%C3%ADguez,0,0,0,0,0,Julio César Rodríguez,garcía-huidobro,chile,0,0,0,0,0,0
https://es.wikipedia.org/wiki/Julio_C%C3%A9sar_Saguier_%28empresario%29,0,0,0,0,0,Julio César Saguier (empresario),saguier,argentina,0,0,0,0,0,0
https://es.wikipedia.org/wiki/Julio_C%C3%A9sar_Saguier_%28pol%C3%ADtico%29,0,0,0,0,0,Julio César Saguier (político),saguier,argentina,0,0,0,0,0,0
https://es.wikipedia.org/wiki/Julio_C%C3%A9sar_Turbay,12,0,4,0,0,Julio César Turbay,quintero,colombia,16,0.75,0,0.25,0,0
https://es.wikipedia.org/wiki/Julio_C%C3%A9sar_Turbay_Quintero,2,0,0,0,0,Julio César Turbay Quintero,quintero,colombia,2,1,0,0,0,0
https://es.wikipedia.org/wiki/Julio_C%C3%A9sar_Vergara_y_Vergara,1,0,0,0,0,Julio César Vergara y Vergara,vergara-azcárate,colombia,1,1,0,0,0,0
https://es.wikipedia.org/wiki/Julio_Campero_y_Araoz,0,0,0,0,0,Julio Campero y Aráoz,campero,argentina,0,0,0,0,0,0
https://es.wikipedia.org/wiki/Julio_Caro,0,2,3,2,2,Julio Caro,caicedo,colombia,9,0,0.2222222222222222,0.3333333333333333,0.2222222222222222,0.2222222222222222
https://es.wikipedia.org/wiki/Julio_Carrizosa,0,0,0,0,0,Julio Carrizosa,carrizosa,colombia,0,0,0,0,0,0
https://es.wikipedia.org/wiki/Julio_Carrizosa_Uma%C3%B1a,0,0,0,0,0,Julio Carrizosa Umaña,carrizosa,colombia,0,0,0,0,0,0
https://es.wikipedia.org/wiki/Julio_Cornejo,2,0,0,0,0,Julio Cornejo,cornejo_argentina,argentina,2,1,0,0,0,0
https://es.wikipedia.org/wiki/Julio_E._Ribeyro,0,0,0,0,0,Julio Eduardo Ribeyro,ribeyro,peru,0,0,0,0,0,0
https://es.wikipedia.org/wiki/Julio_Eduardo_Ribeyro,0,0,0,0,0,Julio Eduardo Ribeyro,ribeyro,peru,0,0,0,0,0,0
https://es.wikipedia.org/wiki/Julio_Estrada_Icaza,1,0,0,0,0,Julio Estrada Icaza,estrada_ecuador,ecuador,1,1,0,0,0,0
https://es.wikipedia.org/wiki/Julio_Holgu%C3%ADn_Arboleda,3,0,0,0,0,Julio Holguín Arboleda,arboleda,colombia,3,1,0,0,0,0
https://es.wikipedia.org/wiki/Julio_Iglesias,12,0,0,0,0,Julio Iglesias,vargas_llosa,peru,12,1,0,0,0,0
"https://es.wikipedia.org/wiki/Julio_Iglesias,_Jr.",2,0,0,0,0,Julio Iglesias Jr.,vargas_llosa,peru,2,1,0,0,0,0
https://es.wikipedia.org/wiki/Julio_Jung,2,0,0,0,0,Julio Jung,concha_chile,chile,2,1,0,0,0,0
https://es.wikipedia.org/wiki/Julio_Jung_Duvauchelle,2,0,0,0,0,Julio Jung Duvauchelle,concha_chile,chile,2,1,0,0,0,0
https://es.wikipedia.org/wiki/Julio_Luna_Pacheco,0,0,0,0,0,Julio Luna Pacheco,luna,peru,0,0,0,0,0,0
https://es.wikipedia.org/wiki/Julio_Madero,0,0,0,0,0,Julio Madero,madero,mexico,0,0,0,0,0,0
https://es.wikipedia.org/wiki/Julio_Mario_Santo_Domingo,2,0,0,0,0,Julio Mario Santo Domingo,pumarejo,colombia,2,1,0,0,0,0
https://es.wikipedia.org/wiki/Julio_Mario_Santo_Domingo_Braga,2,0,0,0,0,Julio Mario Santo Domingo Braga,pumarejo,colombia,2,1,0,0,0,0
https://es.wikipedia.org/wiki/Julio_Montt,0,0,0,0,0,Julio Montt,montt,chile,0,0,0,0,0,0
https://es.wikipedia.org/wiki/Julio_Montt_Momberg,0,0,0,0,0,Julio Montt,montt,chile,0,0,0,0,0,0
https://es.wikipedia.org/wiki/Julio_Montt_Vidal,2,0,0,0,0,Julio Montt Vidal,montt,chile,2,1,0,0,0,0
https://es.wikipedia.org/wiki/Julio_Philippi_Bihl,0,0,0,0,0,Julio Philippi Bihl,philippi,chile,0,0,0,0,0,0
https://es.wikipedia.org/wiki/Julio_Philippi_Izquierdo,2,0,0,0,0,Julio Philippi Izquierdo,philippi,chile,2,1,0,0,0,0
https://es.wikipedia.org/wiki/Julio_Portocarrero_O%27Leary,0,0,0,0,0,Julio Portocarrero O'Leary,caicedo,colombia,0,0,0,0,0,0
https://es.wikipedia.org/wiki/Julio_Rodolfo_Alsogaray,0,0,0,0,0,Julio Rodolfo Alsogaray,alsogaray,argentina,0,0,0,0,0,0
https://es.wikipedia.org/wiki/Julio_Vicu%C3%B1a_Cifuentes,0,0,0,0,0,Julio Vicuña Cifuentes,vicuña,chile,0,0,0,0,0,0
https://es.wikipedia.org/wiki/Justa_Mas%C3%ADas_y_Llosa,2,0,0,2,0,Justa Masías y Llosa,llosa,peru,4,0.5,0,0,0.5,0
https://es.wikipedia.org/wiki/Justo_Jos%C3%A9_de_Urquiza,2,0,0,0,0,Justo José de Urquiza,álzaga,argentina,2,1,0,0,0,0
https://es.wikipedia.org/wiki/Justo_Sierra_M%C3%A9ndez,0,0,0,0,0,Justo Sierra Méndez,sierra_méndez,mexico,0,0,0,0,0,0
https://es.wikipedia.org/wiki/Justo_Sierra_O%27Reilly,6,0,0,0,0,Justo Sierra O'Reilly,sierra_méndez,mexico,6,1,0,0,0,0
https://es.wikipedia.org/wiki/Katia_Condos,0,0,0,0,0,Katia Condos,salazar_y_meléndez,peru,0,0,0,0,0,0
https://es.wikipedia.org/wiki/Katja_Alemann,6,0,0,3,0,Katja Alemann,alemann,argentina,9,0.6666666666666666,0,0,0.3333333333333333,0
https://es.wikipedia.org/wiki/Keiko_Fujimori,2,0,0,0,0,Keiko Fujimori,fujimori,peru,2,1,0,0,0,0
https://es.wikipedia.org/wiki/Kenji_Fujimori,2,0,0,0,0,Kenji Fujimori,fujimori,peru,2,1,0,0,0,0
https://es.wikipedia.org/wiki/Kevin_Mac_Allister,0,0,0,0,0,Kevin Mac Allister,mac_allister,argentina,0,0,0,0,0,0
https://es.wikipedia.org/wiki/L%C3%A1zaro_C%C3%A1rdenas,3,0,0,0,0,Lázaro Cárdenas,cárdenas,mexico,3,1,0,0,0,0
https://es.wikipedia.org/wiki/L%C3%A1zaro_C%C3%A1rdenas_Batel,1,0,0,0,0,Lázaro Cárdenas Batel,cárdenas,mexico,1,1,0,0,0,0
https://es.wikipedia.org/wiki/L%C3%A1zaro_C%C3%A1rdenas_del_R%C3%ADo,1,0,0,0,0,Lázaro Cárdenas,cárdenas,mexico,1,1,0,0,0,0
https://es.wikipedia.org/wiki/La_Malinche,1,0,2,1,0,La Malinche,moctezuma,mexico,4,0.25,0,0.5,0.25,0
https://es.wikipedia.org/wiki/Ladislao_Err%C3%A1zuriz_Echaurren,12,0,0,0,0,Ladislao Errázuriz Echaurren,echaurren,chile,12,1,0,0,0,0
https://es.wikipedia.org/wiki/Ladislao_Err%C3%A1zuriz_Lazcano,2,0,0,0,0,Ladislao Errázuriz Lazcano,echaurren,chile,2,1,0,0,0,0
https://es.wikipedia.org/wiki/Ladislao_Err%C3%A1zuriz_Pereira,0,0,1,1,0,Ladislao Errázuriz Pereira,echaurren,chile,2,0,0,0.5,0.5,0
https://es.wikipedia.org/wiki/Ladislao_Guti%C3%A9rrez,0,0,0,0,0,Ladislao Gutiérrez,o'gorman,argentina,0,0,0,0,0,0
https://es.wikipedia.org/wiki/Lalo_Parra,0,0,0,0,0,Lalo Parra,parra_chile,chile,0,0,0,0,0,0
https://es.wikipedia.org/wiki/Lastenia_Gamarra_Men%C3%A9ndez,0,0,0,0,0,Lastenia Gamarra Menéndez,estrada_ecuador,ecuador,0,0,0,0,0,0
https://es.wikipedia.org/wiki/Lastenia_Larriva,0,0,0,0,0,Lastenia Larriva,llona,peru,0,0,0,0,0,0
https://es.wikipedia.org/wiki/Laura_Allende_Gossens,12,0,0,0,0,Laura Allende Gossens,allende,chile,12,1,0,0,0,0
https://es.wikipedia.org/wiki/Laura_Vicu%C3%B1a,0,0,0,0,0,Laura Vicuña,vicuña,chile,0,0,0,0,0,0
https://es.wikipedia.org/wiki/Laureano_G%C3%B3mez,4,0,0,0,0,Laureano Gómez,gómez,colombia,4,1,0,0,0,0
https://es.wikipedia.org/wiki/Laureano_G%C3%B3mez_Castro,2,0,0,0,0,Laureano Gómez,gómez,colombia,2,1,0,0,0,0
https://es.wikipedia.org/wiki/Laurinda_Hope_Spear,0,0,0,0,0,Laurinda Hope Spear,brescia,peru,0,0,0,0,0,0
https://es.wikipedia.org/wiki/Lavinia_Valbonesi,0,0,0,0,0,Lavinia Valbonesi,noboa,ecuador,0,0,0,0,0,0
https://es.wikipedia.org/wiki/Le%C3%B3n_Febres-Cordero_Ribadeneyra,0,0,0,0,0,León Febres-Cordero Ribadeneyra,febres-cordero,ecuador,0,0,0,0,0,0
https://es.wikipedia.org/wiki/Le%C3%B3n_Ortiz_de_Rozas,2,21,10,10,0,León Ortiz de Rozas,garcía-mansilla,argentina,43,0.046511627906976744,0.4883720930232558,0.23255813953488372,0.23255813953488372,0
https://es.wikipedia.org/wiki/Le%C3%B3n_Villaveces_Ib%C3%A1%C3%B1ez,0,2,0,0,0,León Villaveces Ibáñez,urdaneta,colombia,2,0,1,0,0,0
https://es.wikipedia.org/wiki/Le%C3%B3n_de_Greiff,0,0,0,0,0,León de Greiff,de_greiff,colombia,0,0,0,0,0,0
https://es.wikipedia.org/wiki/Lea_Conti,0,0,0,0,0,Lea Conti,podestá,argentina,0,0,0,0,0,0
https://es.wikipedia.org/wiki/Leonardo_Aguilar,0,0,0,0,0,Leonardo Aguilar,aguilar,mexico,0,0,0,0,0,0
https://es.wikipedia.org/wiki/Leoncio_Prado,0,0,0,0,0,Leoncio Prado,prado,peru,0,0,0,0,0,0
https://es.wikipedia.org/wiki/Leoncio_Prado_Guti%C3%A9rrez,0,0,0,1,0,Leoncio Prado,prado,peru,1,0,0,0,1,0
https://es.wikipedia.org/wiki/Leonidas_Yerovi,0,0,1,0,0,Leonidas Yerovi,yerovi,peru,1,0,0,1,0,0
https://es.wikipedia.org/wiki/Leonidas_Yerovi_%28hijo%29,0,0,0,1,0,Leonidas Yerovi (hijo),yerovi,peru,1,0,0,0,1,0
https://es.wikipedia.org/wiki/Leonor_Acevedo_Su%C3%A1rez,6,0,0,0,0,Leonor Acevedo Suárez,lafinur,argentina,6,1,0,0,0,0
https://es.wikipedia.org/wiki/Leonor_Cort%C3%A9s_Moctezuma,0,6,0,0,0,Leonor Cortés Moctezuma,pizarro,chile,6,0,1,0,0,0
https://es.wikipedia.org/wiki/Leonor_Frederick_Ledesma,0,0,0,0,0,Leonor Frederick,montt,chile,0,0,0,0,0,0
https://es.wikipedia.org/wiki/Leonor_Oyarz%C3%BAn,4,0,0,0,0,Leonor Oyarzún,aylwin,chile,4,1,0,0,0,0
https://es.wikipedia.org/wiki/Leonor_S%C3%A1nchez,0,0,0,0,0,Leonor Sánchez,vicuña,chile,0,0,0,0,0,0
https://es.wikipedia.org/wiki/Leonor_S%C3%A1nchez_Vicu%C3%B1a,0,0,0,0,0,Leonor Sánchez,vicuña,chile,0,0,0,0,0,0
https://es.wikipedia.org/wiki/Leonor_de_Castro_Mello_y_Meneses,2,0,0,0,0,Leonor de Castro Mello y Meneses,borja,colombia,2,1,0,0,0,0
https://es.wikipedia.org/wiki/Leonor_de_Velasco_%C3%81lvarez,2,0,0,0,0,Leonor de Velasco Álvarez,álvarez_del_casal,colombia,2,1,0,0,0,0
https://es.wikipedia.org/wiki/Leonora_Vicu%C3%B1a,1,0,0,0,0,Leonora Vicuña,vicuña,chile,1,1,0,0,0,0
https://es.wikipedia.org/wiki/Leopoldo_Alfredo_Bravo,0,0,0,0,0,Leopoldo Alfredo Bravo,cantoni-bravo,argentina,0,0,0,0,0,0
https://es.wikipedia.org/wiki/Leopoldo_Bravo,0,0,0,0,0,Leopoldo Bravo,cantoni-bravo,argentina,0,0,0,0,0,0
https://es.wikipedia.org/wiki/Leopoldo_Lugones,0,0,0,0,0,Leopoldo Lugones,lugones,argentina,0,0,0,0,0,0
https://es.wikipedia.org/wiki/Leopoldo_Montes_de_Oca,0,0,0,0,0,Leopoldo Montes de Oca,montes_de_oca,argentina,0,0,0,0,0,0
https://es.wikipedia.org/wiki/Leopoldo_O%27Donnell,0,0,0,0,0,Leopoldo O'Donnell,o'donnell,colombia,0,0,0,0,0,0
https://es.wikipedia.org/wiki/Liborio_Justo,0,0,0,0,0,Liborio Justo,justo,argentina,0,0,0,0,0,0
https://es.wikipedia.org/wiki/Liborio_Ram%C3%B3n_Freire_Caldera,12,0,0,0,0,Liborio Ramón Freire Caldera,freire,chile,12,1,0,0,0,0
https://es.wikipedia.org/wiki/Liliana_Garc%C3%ADa,0,0,0,0,0,Liliana García,pinto_chile,uruguay,0,0,0,0,0,0
https://es.wikipedia.org/wiki/Lilly_Caballero_de_Cueto,12,0,0,0,0,Lilly Caballero de Cueto,cueto_caballero,peru,12,1,0,0,0,0
https://es.wikipedia.org/wiki/Lily_I%C3%B1iguez,2,0,0,0,0,Lily Iñiguez,bello,chile,2,1,0,0,0,0
https://es.wikipedia.org/wiki/Lily_I%C3%B1iguez_Matte,4,0,0,0,0,Lily Iñiguez,bello,chile,4,1,0,0,0,0
https://es.wikipedia.org/wiki/Lina_Moreno_de_Uribe,2,0,0,0,0,Lina Moreno de Uribe,uribe,colombia,2,1,0,0,0,0
https://es.wikipedia.org/wiki/Lindaura_Anzo%C3%A1tegui_Campero,0,0,0,0,0,Lindaura Anzoátegui Campero,campero,bolivia,0,0,0,0,0,0
https://es.wikipedia.org/wiki/Lino_Alarco,0,0,0,0,0,Lino Alarco,alarco,peru,0,0,0,0,0,0
https://es.wikipedia.org/wiki/Lino_de_Pombo,6,0,0,0,0,Lino de Pombo,o'donnell,colombia,6,1,0,0,0,0
https://es.wikipedia.org/wiki/Lino_de_Pombo_O%27Donnell,2,0,0,0,0,Lino de Pombo,o'donnell,colombia,2,1,0,0,0,0
https://es.wikipedia.org/wiki/Lisandro_Leyva_Mazuera,0,4,3,2,0,Lisandro Leyva Mazuera,durán_colombia,colombia,9,0,0.4444444444444444,0.3333333333333333,0.2222222222222222,0
https://es.wikipedia.org/wiki/Lisandro_Leyva_Pereira,0,0,0,0,0,Lisandro Leyva Pereira,leyva,colombia,0,0,0,0,0,0
https://es.wikipedia.org/wiki/Lisardo,0,0,0,0,0,Lisardo,bichir,mexico,0,0,0,0,0,0
https://es.wikipedia.org/wiki/Lisset,2,0,0,0,0,Lisset,bichir,mexico,2,1,0,0,0,0
https://es.wikipedia.org/wiki/Liz_Solari,0,0,0,0,0,Liz Solari,solari_argentina,argentina,0,0,0,0,0,0
https://es.wikipedia.org/wiki/Lizardo_Alzamora_Mayo,2,0,0,0,0,Lizardo Alzamora Mayo,alzamora,peru,2,1,0,0,0,0
https://es.wikipedia.org/wiki/Lizardo_Alzamora_Porras,0,0,0,0,0,Lizardo Alzamora Porras,alzamora,peru,0,0,0,0,0,0
https://es.wikipedia.org/wiki/Lizardo_Alzamora_Silva,2,0,0,0,0,Lizardo Alzamora Silva,alzamora,peru,2,1,0,0,0,0
https://es.wikipedia.org/wiki/Lizardo_Segundo_Ugarte_Bejarano,0,0,0,0,0,Lizardo Segundo Ugarte Bejarano,ugarte,peru,0,0,0,0,0,0
https://es.wikipedia.org/wiki/Llu%C3%ADs_Barraquer_Bordas,0,0,0,0,0,Lluís Barraquer Bordas,barraquer,colombia,0,0,0,0,0,0
https://es.wikipedia.org/wiki/Llu%C3%ADs_Barraquer_Ferr%C3%A9,2,0,0,0,0,Lluís Barraquer Ferré,barraquer,colombia,2,1,0,0,0,0
https://es.wikipedia.org/wiki/Llu%C3%ADs_Barraquer_Roviralta,0,0,0,0,0,Lluís Barraquer Roviralta,barraquer,colombia,0,0,0,0,0,0
https://es.wikipedia.org/wiki/Lorena_Ponce_de_Le%C3%B3n,0,0,0,0,0,Lorena Ponce de León,ponce_de_león,uruguay,0,0,0,0,0,0
https://es.wikipedia.org/wiki/Lorenza_Villegas,0,0,0,0,0,Lorenza Villegas de Santos,santos,colombia,0,0,0,0,0,0
https://es.wikipedia.org/wiki/Lorenza_Villegas_de_Santos,0,0,0,0,0,Lorenza Villegas de Santos,santos,colombia,0,0,0,0,0,0
https://es.wikipedia.org/wiki/Lorenzo_Batlle,2,0,0,0,0,Lorenzo Batlle,batlle,uruguay,2,1,0,0,0,0
https://es.wikipedia.org/wiki/Lorenzo_Batlle_Pacheco,2,0,0,0,0,Lorenzo Batlle Pacheco,batlle,uruguay,2,1,0,0,0,0
https://es.wikipedia.org/wiki/Lorenzo_Batlle_y_Grau,4,0,0,0,0,Lorenzo Batlle,batlle,uruguay,4,1,0,0,0,0
https://es.wikipedia.org/wiki/Lorenzo_Mar%C3%ADa_Lleras,0,0,0,0,0,Lorenzo María Lleras,lleras,colombia,0,0,0,0,0,0
https://es.wikipedia.org/wiki/Lorenzo_Marroqu%C3%ADn_Osorio,0,1,0,0,0,Lorenzo Marroquín,ricaurte,colombia,1,0,1,0,0,0
https://es.wikipedia.org/wiki/Lorenzo_Montt,0,0,0,0,0,Lorenzo Montt,montt,chile,0,0,0,0,0,0
https://es.wikipedia.org/wiki/Lorenzo_Montt_Montt,0,0,0,0,0,Lorenzo Montt,montt,chile,0,0,0,0,0,0
https://es.wikipedia.org/wiki/Lorenzo_Montt_y_P%C3%A9rez_de_Valenzuela,0,0,0,0,0,Lorenzo Montt y Pérez de Valenzuela,montt,chile,0,0,0,0,0,0
https://es.wikipedia.org/wiki/Lorenzo_de_la_Hidalga,0,0,0,0,0,Lorenzo de la Hidalga,garcía_icazbalceta,mexico,0,0,0,0,0,0
https://es.wikipedia.org/wiki/Loreto_Aravena,0,0,0,0,0,Loreto Aravena,luksic,chile,0,0,0,0,0,0
https://es.wikipedia.org/wiki/Loreto_Valenzuela,0,0,0,0,0,Loreto Valenzuela,di_girolamo,chile,0,0,0,0,0,0
https://es.wikipedia.org/wiki/Luc%C3%ADa_Dammert,0,0,0,0,0,Lucía Dammert,alarco,chile,0,0,0,0,0,0
https://es.wikipedia.org/wiki/Luc%C3%ADa_Hiriart,16,0,0,0,0,Lucía Hiriart,pinochet,chile,16,1,0,0,0,0
https://es.wikipedia.org/wiki/Luc%C3%ADa_Hiriart_de_Pinochet,3,0,0,0,0,Lucía Hiriart,pinochet,chile,3,1,0,0,0,0
https://es.wikipedia.org/wiki/Luc%C3%ADa_Oxenford,2,0,0,0,0,Lucía Oxenford,frayssinet,peru,2,1,0,0,0,0
https://es.wikipedia.org/wiki/Luc%C3%ADa_Pinochet,12,0,0,0,0,Lucía Pinochet,pinochet,chile,12,1,0,0,0,0
https://es.wikipedia.org/wiki/Lucas_Caballero_Barrera,2,0,0,0,0,Lucas Caballero Barrera,caballero,colombia,2,1,0,0,0,0
https://es.wikipedia.org/wiki/Lucas_Caballero_Calder%C3%B3n,0,0,0,0,0,Lucas Caballero Calderón,caballero,colombia,0,0,0,0,0,0
https://es.wikipedia.org/wiki/Lucas_Gnecco,0,0,0,0,0,Lucas Gnecco,gnecco,colombia,0,0,0,0,0,0
https://es.wikipedia.org/wiki/Lucas_Gnecco_Cerchar,2,0,0,0,0,Lucas Gnecco,gnecco,colombia,2,1,0,0,0,0
https://es.wikipedia.org/wiki/Luciana_Pedraza,2,0,0,0,0,Luciana Pedraza,billinghurst,argentina,2,1,0,0,0,0
https://es.wikipedia.org/wiki/Luciano_Cruz-Coke,6,0,0,0,0,Luciano Cruz-Coke,cruz-coke,chile,6,1,0,0,0,0
https://es.wikipedia.org/wiki/Luciano_Urdaneta_Vargas,0,0,1,1,0,Luciano Urdaneta Vargas,parís,venezuela,2,0,0,0.5,0.5,0
https://es.wikipedia.org/wiki/Lucie_Rynning,2,0,0,0,0,Lucie Rynning,antúnez,peru,2,1,0,0,0,0
https://es.wikipedia.org/wiki/Lucio_Alfredo_Cornejo_Linares,0,0,0,0,0,Lucio Alfredo Cornejo Linares,cornejo_argentina,argentina,0,0,0,0,0,0
https://es.wikipedia.org/wiki/Lucio_Moreno_Quintana,0,0,0,0,0,Lucio Moreno Quintana,montes_de_oca,argentina,0,0,0,0,0,0
https://es.wikipedia.org/wiki/Lucio_Norberto_Mansilla,9,0,3,0,0,Lucio Norberto Mansilla,garcía-mansilla,argentina,12,0.75,0,0.25,0,0
https://es.wikipedia.org/wiki/Lucio_V._Mansilla,0,0,0,0,0,Lucio V. Mansilla,mansilla,argentina,0,0,0,0,0,0
https://es.wikipedia.org/wiki/Lucio_Victorio_Mansilla,2,0,0,0,0,Lucio V. Mansilla,garcía-mansilla,argentina,2,1,0,0,0,0
https://es.wikipedia.org/wiki/Lucrecia_Borgia,12,0,0,0,0,Lucrecia Borgia,borja,colombia,12,1,0,0,0,0
https://es.wikipedia.org/wiki/Lucrezia_Borgia,0,0,0,0,0,Lucrecia Borgia,borja,colombia,0,0,0,0,0,0
https://es.wikipedia.org/wiki/Luis_%C3%81ngel_Pinasco,4,0,0,0,0,Luis Ángel Pinasco,pinasco,peru,4,1,0,0,0,0
https://es.wikipedia.org/wiki/Luis_Alayza_Escard%C3%B3,0,0,0,0,0,Luis Alayza Escardó,alayza,peru,0,0,0,0,0,0
https://es.wikipedia.org/wiki/Luis_Alberto_Heber,0,0,0,0,0,Luis Alberto Heber,heber,uruguay,0,0,0,0,0,0
https://es.wikipedia.org/wiki/Luis_Alberto_Lacalle,2,0,0,0,0,Luis Alberto Lacalle,ponce_de_león,uruguay,2,1,0,0,0,0
https://es.wikipedia.org/wiki/Luis_Alberto_Monsalvo,0,0,0,0,0,Luis Alberto Monsalvo,gnecco,colombia,0,0,0,0,0,0
https://es.wikipedia.org/wiki/Luis_Alfonso_Plazas_Vega,0,0,0,0,0,Luis Alfonso Plazas Vega,vega,colombia,0,0,0,0,0,0
https://es.wikipedia.org/wiki/Luis_Antonio_Eguiguren_Escudero,0,0,0,0,0,Luis Antonio Eguiguren Escudero,eguiguren,peru,0,0,0,0,0,0
https://es.wikipedia.org/wiki/Luis_Augusto_Cuervo,0,0,0,0,0,Luis Augusto Cuervo,cuervo,colombia,0,0,0,0,0,0
https://es.wikipedia.org/wiki/Luis_Batlle_Berres,4,1,4,3,0,Luis Batlle Berres,saavedra,uruguay,12,0.3333333333333333,0.08333333333333333,0.3333333333333333,0.25,0
https://es.wikipedia.org/wiki/Luis_Batlle_Ib%C3%A1%C3%B1ez,1,0,1,2,0,Luis Batlle Ibáñez,saavedra,uruguay,4,0.25,0,0.25,0.5,0
https://es.wikipedia.org/wiki/Luis_Bedoya_Reyes,2,0,0,0,0,Luis Bedoya Reyes,bedoya,peru,2,1,0,0,0,0
https://es.wikipedia.org/wiki/Luis_Bedoya_de_Vivanco,0,0,0,0,0,Luis Bedoya de Vivanco,bedoya,peru,0,0,0,0,0,0
https://es.wikipedia.org/wiki/Luis_Benjam%C3%ADn_Cisneros,1,0,0,0,0,Luis Benjamín Cisneros,cisneros,peru,1,1,0,0,0,0
https://es.wikipedia.org/wiki/Luis_C%C3%A1ceres_Vel%C3%A1squez,0,0,0,0,0,Luis Cáceres Velásquez,cáceres_velásquez,peru,0,0,0,0,0,0
https://es.wikipedia.org/wiki/Luis_Caballero_Holgu%C3%ADn,0,0,0,0,0,Luis Caballero Holguín,caballero,colombia,0,0,0,0,0,0
https://es.wikipedia.org/wiki/Luis_Calder%C3%B3n_Vega,4,0,0,3,0,Luis Calderón Vega,calderón_hinojosa,mexico,7,0.5714285714285714,0,0,0.42857142857142855,0
https://es.wikipedia.org/wiki/Luis_Cano_Villegas,0,0,0,0,0,Luis Cano Villegas,cano,colombia,0,0,0,0,0,0
https://es.wikipedia.org/wiki/Luis_Carlos_Gal%C3%A1n,20,0,0,0,0,Luis Carlos Galán,galán,colombia,20,1,0,0,0,0
https://es.wikipedia.org/wiki/Luis_Carlos_Gal%C3%A1n_Sarmiento,24,0,0,0,0,Luis Carlos Galán,galán,colombia,24,1,0,0,0,0
https://es.wikipedia.org/wiki/Luis_Carlos_V%C3%A9lez,2,0,0,0,0,Luis Carlos Vélez,char,colombia,2,1,0,0,0,0
https://es.wikipedia.org/wiki/Luis_Caycedo_y_Fl%C3%B3rez,4,0,0,3,0,Luis Caycedo y Flórez,caicedo,peru,7,0.5714285714285714,0,0,0.42857142857142855,0
https://es.wikipedia.org/wiki/Luis_Cisneros_Vizquerra,4,0,0,0,0,Luis Cisneros Vizquerra,cisneros,peru,4,1,0,0,0,0
https://es.wikipedia.org/wiki/Luis_Claro_Solar,1,0,0,0,0,Luis Claro Solar,claro_chile,chile,1,1,0,0,0,0
https://es.wikipedia.org/wiki/Luis_Concha_C%C3%B3rdoba,0,0,0,0,0,Luis Concha Córdoba,concha,colombia,0,0,0,0,0,0
https://es.wikipedia.org/wiki/Luis_Cousi%C3%B1o,6,0,0,0,0,Luis Cousiño,cousiño,chile,6,1,0,0,0,0
https://es.wikipedia.org/wiki/Luis_Cousi%C3%B1o_Mac_Iver,0,0,0,0,0,Luis Cousiño Mac Iver,cousiño,chile,0,0,0,0,0,0
https://es.wikipedia.org/wiki/Luis_Cousi%C3%B1o_Talavera,0,0,0,0,0,Luis Cousiño Talavera,cousiño,chile,0,0,0,0,0,0
https://es.wikipedia.org/wiki/Luis_Cuervo_M%C3%A1rquez,0,0,0,0,0,Luis Cuervo Márquez,cuervo,colombia,0,0,0,0,0,0
https://es.wikipedia.org/wiki/Luis_De_la_Cruz,0,0,0,0,0,Luis de la Cruz,vial,chile,0,0,0,0,0,0
https://es.wikipedia.org/wiki/Luis_Dib%C3%B3s_Vargas-Prada,0,0,0,0,0,Luis Dibós Vargas-Prada,dibós,peru,0,0,0,0,0,0
https://es.wikipedia.org/wiki/Luis_Eduardo_Moreno,2,0,0,0,0,Luis Eduardo Moreno,piraquive,colombia,2,1,0,0,0,0
https://es.wikipedia.org/wiki/Luis_Enrique_Osorio,0,0,0,0,0,Luis Enrique Osorio,obregón,colombia,0,0,0,0,0,0
https://es.wikipedia.org/wiki/Luis_Ernesto_Videla,0,0,0,0,0,Luis Ernesto Videla,videla,chile,0,0,0,0,0,0
https://es.wikipedia.org/wiki/Luis_Felipe_Alarco,0,0,0,0,0,Luis Felipe Alarco,alarco,peru,0,0,0,0,0,0
https://es.wikipedia.org/wiki/Luis_Felipe_Borja_P%C3%A9rez,6,0,0,0,0,Luis Felipe Borja Pérez,borja,ecuador,6,1,0,0,0,0
https://es.wikipedia.org/wiki/Luis_Felipe_Calder%C3%B3n_Reyes,0,0,0,0,0,Luis Felipe Calderón Reyes,calderón_colombia,colombia,0,0,0,0,0,0
https://es.wikipedia.org/wiki/Luis_Felipe_Sapag,0,0,0,0,0,Luis Felipe Sapag,sapag,argentina,0,0,0,0,0,0
https://es.wikipedia.org/wiki/Luis_Felipe_Villar%C3%A1n,1,0,0,0,0,Luis Felipe Villarán,villarán,peru,1,1,0,0,0,0
https://es.wikipedia.org/wiki/Luis_Felipe_Villar%C3%A1n_%28hijo%29,0,0,0,0,0,Luis Felipe Villarán (hijo),villarán,peru,0,0,0,0,0,0
https://es.wikipedia.org/wiki/Luis_Ferm%C3%ADn_de_Carvajal,0,0,0,0,0,Luis Fermín de Carvajal,carvajal_y_vargas,peru,0,0,0,0,0,0
https://es.wikipedia.org/wiki/Luis_Fern%C3%A1n_Cisneros,3,0,0,0,0,Luis Fernán Cisneros,cisneros,peru,3,1,0,0,0,0
https://es.wikipedia.org/wiki/Luis_Fernan_Cisneros,1,0,0,0,0,Luis Fernán Cisneros,cisneros,peru,1,1,0,0,0,0
https://es.wikipedia.org/wiki/Luis_Fernando_Santos,0,0,0,0,0,Luis Fernando Santos,calderón_colombia,colombia,0,0,0,0,0,0
https://es.wikipedia.org/wiki/Luis_Figueroa_Y%C3%A1bar,0,0,0,0,0,Luis Figueroa Yábar,yábar,peru,0,0,0,0,0,0
https://es.wikipedia.org/wiki/Luis_Gabriel_Cano_Isaza,0,0,0,0,0,Luis Gabriel Cano Isaza,cano,colombia,0,0,0,0,0,0
https://es.wikipedia.org/wiki/Luis_Garc%C3%ADa_Pimentel,1,0,0,0,0,Luis García Pimentel,garcía_icazbalceta,mexico,1,1,0,0,0,0
https://es.wikipedia.org/wiki/Luis_Germ%C3%A1n_Astete,0,0,0,0,0,Luis Germán Astete,astete,peru,0,0,0,0,0,0
https://es.wikipedia.org/wiki/Luis_Gonz%C3%A1lez_Balcarce,0,0,0,0,0,Luis González Balcarce,balcarce,argentina,0,0,0,0,0,0
https://es.wikipedia.org/wiki/Luis_Guillermo_Echeverri_Abad,0,0,0,0,0,Luis Guillermo Echeverri Abad,borrero,colombia,0,0,0,0,0,0
https://es.wikipedia.org/wiki/Luis_Hern%C3%A1n_Granier_Bulnes,0,0,0,0,0,Luis Hernán Granier Bulnes,bulnes,chile,0,0,0,0,0,0
https://es.wikipedia.org/wiki/Luis_Hernando_Turbay_Turbay,0,0,0,0,0,Luis Hernando Turbay Turbay,turbay,colombia,0,0,0,0,0,0
https://es.wikipedia.org/wiki/Luis_Irigoyen,2,0,0,0,0,Luis Irigoyen,cambaceres,argentina,2,1,0,0,0,0
https://es.wikipedia.org/wiki/Luis_Jaime_Cisneros,0,0,0,0,0,Luis Jaime Cisneros,cisneros,peru,0,0,0,0,0,0
https://es.wikipedia.org/wiki/Luis_Jos%C3%A9_de_Orbegoso,0,0,0,0,0,Luis José de Orbegoso,orbegoso,peru,0,0,0,0,0,0
https://es.wikipedia.org/wiki/Luis_Lacalle_Pou,6,0,0,0,0,Luis Lacalle Pou,ponce_de_león,uruguay,6,1,0,0,0,0
https://es.wikipedia.org/wiki/Luis_Mar%C3%ADa_de_Silva_y_Carvajal,2,0,0,0,0,Luis María de Silva y Carvajal,carvajal_y_vargas,chile,2,1,0,0,0,0
https://es.wikipedia.org/wiki/Luis_Mart%C3%ADnez_Delgado,0,0,0,0,0,Luis Martínez Delgado,mallarino,colombia,0,0,0,0,0,0
https://es.wikipedia.org/wiki/Luis_Matte,0,0,0,0,0,Luis Matte,matte,chile,0,0,0,0,0,0
https://es.wikipedia.org/wiki/Luis_Matte_Larra%C3%ADn,0,0,0,0,0,Luis Matte,matte,chile,0,0,0,0,0,0
https://es.wikipedia.org/wiki/Luis_Matte_Vald%C3%A9s,4,0,0,0,0,Luis Matte Valdés,matte,chile,4,1,0,0,0,0
https://es.wikipedia.org/wiki/Luis_Mir%C3%B3-Quesada_Valega,0,0,0,0,0,Luis Miró Quesada Valega,miró_quesada,peru,0,0,0,0,0,0
https://es.wikipedia.org/wiki/Luis_Mir%C3%B3_Quesada_Garland,1,0,1,2,0,Luis Miró Quesada Garland,miró_quesada,peru,4,0.25,0,0.25,0.5,0
https://es.wikipedia.org/wiki/Luis_Mir%C3%B3_Quesada_Valega,0,0,0,0,0,Luis Miró Quesada Valega,miró_quesada,peru,0,0,0,0,0,0
https://es.wikipedia.org/wiki/Luis_Mir%C3%B3_Quesada_de_la_Guerra,0,0,1,1,0,Luis Miró Quesada de la Guerra,cisneros,peru,2,0,0,0.5,0.5,0
https://es.wikipedia.org/wiki/Luis_Monsalvo_Gnecco,0,0,0,0,0,Luis Alberto Monsalvo,gnecco,colombia,0,0,0,0,0,0
https://es.wikipedia.org/wiki/Luis_Montt_Dubournais,0,0,0,0,0,Luis Montt Dubournais,montt,chile,0,0,0,0,0,0
https://es.wikipedia.org/wiki/Luis_Montt_Montt,12,0,0,0,0,Luis Montt Montt,montt,chile,12,1,0,0,0,0
https://es.wikipedia.org/wiki/Luis_Noboa_Naranjo,2,0,0,0,0,Luis Noboa Naranjo,noboa,ecuador,2,1,0,0,0,0
https://es.wikipedia.org/wiki/Luis_Ospina_V%C3%A1squez,12,0,4,0,0,Luis Ospina Vásquez,lleras,colombia,16,0.75,0,0.25,0,0
https://es.wikipedia.org/wiki/Luis_Pico_Estrada,0,0,0,0,0,Luis Pico Estrada,gallardo,argentina,0,0,0,0,0,0
https://es.wikipedia.org/wiki/Luis_Prieto_Vial,0,0,0,0,0,Luis Prieto Vial,vial,chile,0,0,0,0,0,0
https://es.wikipedia.org/wiki/Luis_S%C3%A1enz_Pe%C3%B1a,0,0,0,0,0,Luis Sáenz Peña,sáenz_peña,argentina,0,0,0,0,0,0
https://es.wikipedia.org/wiki/Luis_Schmidt_Quezada,1,0,0,0,0,Luis Schmidt Quezada,schmidt,chile,1,1,0,0,0,0
https://es.wikipedia.org/wiki/Luis_Solari,0,0,0,0,0,Luis Solari,solari,peru,0,0,0,0,0,0
https://es.wikipedia.org/wiki/Luis_Subercaseaux,0,0,0,0,0,Luis Subercaseaux,errázuriz,chile,0,0,0,0,0,0
https://es.wikipedia.org/wiki/Luis_Tanco_Arg%C3%A1ez,0,0,0,0,0,Luis Tanco Argáez,argáez,colombia,0,0,0,0,0,0
https://es.wikipedia.org/wiki/Luis_Ulloa,0,2,2,2,0,Luis Ulloa,cisneros,peru,6,0,0.3333333333333333,0.3333333333333333,0.3333333333333333,0
https://es.wikipedia.org/wiki/Luis_Urquidi,0,0,0,0,0,Chino Urquidi,undurraga,chile,0,0,0,0,0,0
https://es.wikipedia.org/wiki/Luis_Vicente_Varela,0,0,0,0,0,Luis Vicente Varela,varela,argentina,0,0,0,0,0,0
https://es.wikipedia.org/wiki/Luis_Vicu%C3%B1a_Cifuentes,0,0,0,0,0,Luis Vicuña Cifuentes,vicuña,chile,0,0,0,0,0,0
https://es.wikipedia.org/wiki/Luis_Villaveces_Santamar%C3%ADa,0,0,0,0,0,Luis Villaveces Santamaría,villaveces,colombia,0,0,0,0,0,0
https://es.wikipedia.org/wiki/Luis_de_Ayala_y_Vergara,2,0,0,0,0,Luis de Ayala y Vergara,ayala,colombia,2,1,0,0,0,0
https://es.wikipedia.org/wiki/Luisa_Bacichi,12,0,0,0,0,Luisa Bacichi,cambaceres,argentina,12,1,0,0,0,0
https://es.wikipedia.org/wiki/Luisa_Borgia,1,0,0,0,0,Luisa Borgia,borja,colombia,1,1,0,0,0,0
https://es.wikipedia.org/wiki/Luisa_Garmendia,4,0,0,2,0,Luisa Garmendia,cruz_chile,argentina,6,0.6666666666666666,0,0,0.3333333333333333,0
https://es.wikipedia.org/wiki/Luisa_Garmendia_Alurralde,0,1,0,0,1,Luisa Garmendia,pinto_chile,argentina,2,0,0.5,0,0,0.5
https://es.wikipedia.org/wiki/Luisa_Lynch,12,0,0,0,0,Luisa Lynch,vicuña,chile,12,1,0,0,0,0
https://es.wikipedia.org/wiki/Luisa_Mar%C3%ADa_Calder%C3%B3n_Hinojosa,0,0,0,0,0,Luisa María Calderón Hinojosa,calderón_hinojosa,mexico,0,0,0,0,0,0
https://es.wikipedia.org/wiki/Luisa_Vehil,2,0,0,0,0,Luisa Vehil,bullrich,argentina,2,1,0,0,0,0
https://es.wikipedia.org/wiki/Luz_Bulnes,2,0,0,0,0,Luz Bulnes,bulnes,chile,2,1,0,0,0,0
https://es.wikipedia.org/wiki/Luz_Gonz%C3%A1lez_Cos%C3%ADo_de_L%C3%B3pez,0,0,0,0,0,Luz González Cosío de López,gonzález_de_cosío,mexico,0,0,0,0,0,0
https://es.wikipedia.org/wiki/Luz_Granier,0,0,0,0,0,Luz Granier,bulnes,chile,0,0,0,0,0,0
https://es.wikipedia.org/wiki/Luz_Mar%C3%ADa_Jerez,0,0,0,0,0,Luz María Jerez,pinal_hidalgo,mexico,0,0,0,0,0,0
https://es.wikipedia.org/wiki/Luz_Mar%C3%ADa_Sapag,2,0,0,0,0,Luz María Sapag,sapag,argentina,2,1,0,0,0,0
https://es.wikipedia.org/wiki/Luz_Valdivieso,0,0,0,0,0,Luz Valdivieso,concha_chile,chile,0,0,0,0,0,0
https://es.wikipedia.org/wiki/M%C3%A1ximo_Kirchner,2,0,0,0,0,Máximo Kirchner,kirchner,argentina,2,1,0,0,0,0
https://es.wikipedia.org/wiki/M%C3%A1ximo_Le%C3%B3n_Velarde_Espino,0,0,0,0,0,Máximo León Velarde Espino,león-velarde,peru,0,0,0,0,0,0
https://es.wikipedia.org/wiki/M%C3%A1ximo_Pacheco_G%C3%B3mez,0,0,0,0,0,Máximo Pacheco Gómez,matte,chile,0,0,0,0,0,0
https://es.wikipedia.org/wiki/M%C3%A1ximo_Pacheco_Matte,0,0,0,0,0,Máximo Pacheco Matte,matte,chile,0,0,0,0,0,0
https://es.wikipedia.org/wiki/M%C3%B3nica_Echeverr%C3%ADa,2,0,2,0,0,Mónica Echeverría,velasco_chile,chile,4,0.5,0,0.5,0,0
https://es.wikipedia.org/wiki/M%C3%B3nica_Jim%C3%A9nez,0,0,0,0,0,Mónica Jiménez,pinochet,chile,0,0,0,0,0,0
https://es.wikipedia.org/wiki/M%C3%B3nica_de_Greiff,0,0,0,0,0,Mónica de Greiff,de_greiff,colombia,0,0,0,0,0,0
https://es.wikipedia.org/wiki/Madeleine_Osterling,6,0,0,0,0,Madeleine Osterling,mariátegui,peru,6,1,0,0,0,0
https://es.wikipedia.org/wiki/Madonna,0,0,0,0,0,Madonna,onassis,argentina,0,0,0,0,0,0
https://es.wikipedia.org/wiki/Magdalena_Matte,16,0,0,0,0,Magdalena Matte,matte,chile,16,1,0,0,0,0
https://es.wikipedia.org/wiki/Magdalena_Ortega_de_Nari%C3%B1o,6,0,0,0,0,Magdalena Ortega de Nariño,álvarez_del_casal,colombia,6,1,0,0,0,0
https://es.wikipedia.org/wiki/Magdalena_Ruiz_Gui%C3%B1az%C3%BA,0,0,0,0,0,Magdalena Ruiz Guiñazú,ortiz_basualdo,argentina,0,0,0,0,0,0
https://es.wikipedia.org/wiki/Magdalena_Vicu%C3%B1a_Aguirre,2,2,6,6,4,Magdalena Vicuña Aguirre,errázuriz,chile,20,0.1,0.1,0.3,0.3,0.2
https://es.wikipedia.org/wiki/Magdalena_de_Guzm%C3%A1n,0,0,0,0,1,Magdalena de Guzmán,pizarro,chile,1,0,0,0,0,1
https://es.wikipedia.org/wiki/Maite_Orsini,0,0,0,1,0,Maite Orsini,tohá,chile,1,0,0,0,1,0
https://es.wikipedia.org/wiki/Majo_Aguilar,0,0,0,0,0,Majo Aguilar,aguilar,mexico,0,0,0,0,0,0
https://es.wikipedia.org/wiki/Malucha_Pinto,6,0,0,0,0,Malucha Pinto,pinto_chile,chile,6,1,0,0,0,0
https://es.wikipedia.org/wiki/Malucha_Solari,2,0,0,0,0,Malucha Solari,pinto_chile,chile,2,1,0,0,0,0
https://es.wikipedia.org/wiki/Manongo_Mujica,0,0,0,0,0,Manongo Mujica,mujica,peru,0,0,0,0,0,0
https://es.wikipedia.org/wiki/Manuel_%C3%81lvarez_Calder%C3%B3n,0,0,0,0,0,Manuel Álvarez Calderón,álvarez_calderón,peru,0,0,0,0,0,0
https://es.wikipedia.org/wiki/Manuel_%C3%81vila_Camacho,0,0,0,0,0,Manuel Ávila Camacho,ávila_camacho,mexico,0,0,0,0,0,0
https://es.wikipedia.org/wiki/Manuel_Amador_Guerrero,4,0,0,0,0,Manuel Amador Guerrero,amador,colombia,4,1,0,0,0,0
https://es.wikipedia.org/wiki/Manuel_Amador_Terreros,0,0,0,0,0,Manuel Amador Terreros,amador,colombia,0,0,0,0,0,0
https://es.wikipedia.org/wiki/Manuel_Anc%C3%ADzar,0,0,0,0,0,Manuel Ancízar,samper,colombia,0,0,0,0,0,0
https://es.wikipedia.org/wiki/Manuel_Antonio_Arboleda_Scarpetta,0,0,0,0,0,Manuel Arboleda Scarpetta,arboleda,colombia,0,0,0,0,0,0
https://es.wikipedia.org/wiki/Manuel_Antonio_Carre%C3%B1o,0,2,0,0,0,Manuel Antonio Carreño,toro_venezuela,venezuela,2,0,1,0,0,0
https://es.wikipedia.org/wiki/Manuel_Antonio_Garret%C3%B3n,0,0,0,0,0,Manuel Antonio Garretón,garretón,chile,0,0,0,0,0,0
https://es.wikipedia.org/wiki/Manuel_Antonio_Garret%C3%B3n_Walker,0,0,0,0,0,Manuel Antonio Garretón Walker,garretón,chile,0,0,0,0,0,0
https://es.wikipedia.org/wiki/Manuel_Antonio_Jim%C3%A9nez_de_Lobat%C3%B3n_y_Costilla,0,0,0,0,0,Manuel Antonio Jiménez de Lobatón y Costilla,jiménez_de_lobatón,peru,0,0,0,0,0,0
https://es.wikipedia.org/wiki/Manuel_Antonio_Jos%C3%A9_Warnes,2,9,8,6,0,Manuel Antonio José Warnes,garcía_de_zúñiga,colombia,25,0.08,0.36,0.32,0.24,0
https://es.wikipedia.org/wiki/Manuel_Antonio_Matta,0,0,0,0,0,Manuel Antonio Matta,matta,chile,0,0,0,0,0,0
https://es.wikipedia.org/wiki/Manuel_Arboleda_Scarpetta,0,0,0,0,0,Manuel Arboleda Scarpetta,arboleda,colombia,0,0,0,0,0,0
https://es.wikipedia.org/wiki/Manuel_Augusto_Bedoya_Lerzundi,0,0,0,0,0,Manuel Augusto Bedoya Lerzundi,bedoya,peru,0,0,0,0,0,0
https://es.wikipedia.org/wiki/Manuel_Augusto_Montes_de_Oca,0,0,0,0,0,Manuel Augusto Montes de Oca,montes_de_oca,argentina,0,0,0,0,0,0
https://es.wikipedia.org/wiki/Manuel_Augusto_Montes_de_Oca_%28m%C3%A9dico%29,0,0,0,0,0,Manuel Augusto Montes de Oca (médico),montes_de_oca,argentina,0,0,0,0,0,0
https://es.wikipedia.org/wiki/Manuel_Augusto_Olaechea,0,0,0,0,0,Manuel Augusto Olaechea,olaechea,peru,0,0,0,0,0,0
https://es.wikipedia.org/wiki/Manuel_Avelino_Orihuela,2,0,0,0,0,Manuel Avelino Orihuela,orihuela,peru,2,1,0,0,0,0
https://es.wikipedia.org/wiki/Manuel_Bartolom%C3%A9_Ferreyros,4,0,0,0,0,Manuel Bartolomé Ferreyros,ferreyros,peru,4,1,0,0,0,0
https://es.wikipedia.org/wiki/Manuel_Bedoya_Su%C3%A1rez,0,0,0,0,0,Manuel Bedoya Suárez,bedoya,peru,0,0,0,0,0,0
https://es.wikipedia.org/wiki/Manuel_Beingolea_Balarezo,0,0,0,0,0,Manuel Beingolea Balarezo,beingolea,peru,0,0,0,0,0,0
https://es.wikipedia.org/wiki/Manuel_Beingolea_y_Oyague,2,0,0,0,0,Manuel Beingolea y Oyague,beingolea,peru,2,1,0,0,0,0
https://es.wikipedia.org/wiki/Manuel_Belgrano,4,0,0,0,0,Manuel Belgrano,belgrano,argentina,4,1,0,0,0,0
https://es.wikipedia.org/wiki/Manuel_Belgrano_Cabral,0,0,0,0,0,Manuel Belgrano Cabral,belgrano,argentina,0,0,0,0,0,0
https://es.wikipedia.org/wiki/Manuel_Bulnes,17,0,0,0,0,Manuel Bulnes,bulnes,chile,17,1,0,0,0,0
https://es.wikipedia.org/wiki/Manuel_Bulnes_Pinto,4,0,0,0,0,Manuel Bulnes Pinto,bulnes,chile,4,1,0,0,0,0
https://es.wikipedia.org/wiki/Manuel_Bulnes_Prieto,9,0,0,0,0,Manuel Bulnes,bulnes,chile,9,1,0,0,0,0
https://es.wikipedia.org/wiki/Manuel_Bulnes_Quevedo,1,0,0,0,0,Manuel Bulnes Quevedo,bulnes,chile,1,1,0,0,0,0
https://es.wikipedia.org/wiki/Manuel_Bulnes_Sanfuentes,0,0,0,0,0,Manuel Bulnes Sanfuentes,bulnes,chile,0,0,0,0,0,0
https://es.wikipedia.org/wiki/Manuel_Cabral_de_Melo_y_Alpoin,0,0,0,0,0,Manuel Cabral de Melo y Alpoin,alpoim,argentina,0,0,0,0,0,0
https://es.wikipedia.org/wiki/Manuel_Camilo_Vial,0,0,0,0,0,Manuel Camilo Vial,vial,chile,0,0,0,0,0,0
https://es.wikipedia.org/wiki/Manuel_Capetillo,6,0,0,0,0,Manuel Capetillo,capetillo,mexico,6,1,0,0,0,0
https://es.wikipedia.org/wiki/Manuel_Capetillo_de_Flores,0,0,0,0,0,Manuel Capetillo de Flores,capetillo,mexico,0,0,0,0,0,0
https://es.wikipedia.org/wiki/Manuel_Carvajal_Sinisterra,0,0,0,0,0,Manuel Carvajal Sinisterra,borrero,colombia,0,0,0,0,0,0
https://es.wikipedia.org/wiki/Manuel_Casabianca,0,0,0,0,0,Manuel Casabianca,camacho,colombia,0,0,0,0,0,0
https://es.wikipedia.org/wiki/Manuel_Checa_Solari,0,0,0,0,0,Manuel Checa Solari,eguiguren,peru,0,0,0,0,0,0
https://es.wikipedia.org/wiki/Manuel_Dammert_Ego-Aguirre,0,0,0,0,0,Manuel Dammert Ego-Aguirre,alarco,peru,0,0,0,0,0,0
https://es.wikipedia.org/wiki/Manuel_Diez_Canseco_Corbacho,0,0,0,0,0,Manuel Diez Canseco Corbacho,diez_canseco,peru,0,0,0,0,0,0
https://es.wikipedia.org/wiki/Manuel_Diez_Canseco_y_Olaz%C3%A1bal,0,0,0,0,0,Manuel Diez Canseco y Olazábal,diez_canseco,peru,0,0,0,0,0,0
https://es.wikipedia.org/wiki/Manuel_Encarnaci%C3%B3n_Amador,0,0,0,0,0,Manuel Amador Terreros,amador,colombia,0,0,0,0,0,0
https://es.wikipedia.org/wiki/Manuel_Escalada,0,2,3,2,2,Manuel Escalada,san_martín,argentina,9,0,0.2222222222222222,0.3333333333333333,0.2222222222222222,0.2222222222222222
https://es.wikipedia.org/wiki/Manuel_Eyzaguirre_Portales,0,0,0,0,0,Manuel Eyzaguirre Portales,portales,chile,0,0,0,0,0,0
https://es.wikipedia.org/wiki/Manuel_Ferreyros,0,0,0,0,0,Manuel Ferreyros,ferreyros,peru,0,0,0,0,0,0
https://es.wikipedia.org/wiki/Manuel_Ferreyros_Ayulo,2,0,0,0,0,Manuel Ferreyros Ayulo,ferreyros,peru,2,1,0,0,0,0
https://es.wikipedia.org/wiki/Manuel_G%C3%A1lvez,2,0,0,0,0,Manuel Gálvez,bunge,argentina,2,1,0,0,0,0
https://es.wikipedia.org/wiki/Manuel_G%C3%BCiraldes,0,0,0,0,0,Manuel Güiraldes,güiraldes,argentina,0,0,0,0,0,0
https://es.wikipedia.org/wiki/Manuel_Gonz%C3%A1lez-Olaechea_Casanova,6,0,0,0,0,Manuel González-Olaechea Casanova,gonzález-olaechea,peru,6,1,0,0,0,0
https://es.wikipedia.org/wiki/Manuel_Gonz%C3%A1lez-Olaechea_Franco,0,0,0,0,0,Manuel González-Olaechea Franco,gonzález-olaechea,peru,0,0,0,0,0,0
https://es.wikipedia.org/wiki/Manuel_Gonz%C3%A1lez_Olaechea,0,0,0,1,0,Manuel González Olaechea,gonzález-olaechea,peru,1,0,0,0,1,0
https://es.wikipedia.org/wiki/Manuel_Gonz%C3%A1lez_Prada,6,0,0,0,0,Manuel González Prada,de_la_puente,peru,6,1,0,0,0,0
https://es.wikipedia.org/wiki/Manuel_Gonz%C3%A1lez_de_Cos%C3%ADo,0,0,0,0,0,Manuel González de Cosío,gonzález_de_cosío,mexico,0,0,0,0,0,0
https://es.wikipedia.org/wiki/Manuel_Guti%C3%A9rrez_%28autor_dram%C3%A1tico%29,0,0,0,0,0,Manuel Gutiérrez (autor dramático),gutiérrez_nájera,mexico,0,0,0,0,0,0
https://es.wikipedia.org/wiki/Manuel_Guti%C3%A9rrez_N%C3%A1jera,2,0,0,0,0,Manuel Gutiérrez Nájera,gutiérrez_nájera,mexico,2,1,0,0,0,0
https://es.wikipedia.org/wiki/Manuel_Ib%C3%A1%C3%B1ez_Ojeda,6,0,0,0,0,Manuel Ibáñez Ojeda,ibáñez,chile,6,1,0,0,0,0
https://es.wikipedia.org/wiki/Manuel_Isidoro_Belzu,4,0,2,0,0,Manuel Isidoro Belzu,zuviría,bolivia,6,0.6666666666666666,0,0.3333333333333333,0,0
https://es.wikipedia.org/wiki/Manuel_Jos%C3%A9_Garc%C3%ADa,0,0,1,0,0,Manuel José García,garcía-mansilla,argentina,1,0,0,1,0,0
https://es.wikipedia.org/wiki/Manuel_Jos%C3%A9_Garc%C3%ADa-Mansilla,9,0,0,0,0,Manuel José García-Mansilla,garcía-mansilla,argentina,9,1,0,0,0,0
https://es.wikipedia.org/wiki/Manuel_Jos%C3%A9_Mosquera,0,0,0,0,0,Manuel José Mosquera,arboleda,colombia,0,0,0,0,0,0
https://es.wikipedia.org/wiki/Manuel_Jos%C3%A9_Sierra_M%C3%A9ndez,0,0,0,0,0,Manuel José Sierra Méndez,sierra_méndez,mexico,0,0,0,0,0,0
https://es.wikipedia.org/wiki/Manuel_Jos%C3%A9_Yrarr%C3%A1zaval,0,2,1,3,0,Manuel José Yrarrázaval,concha_chile,chile,6,0,0.3333333333333333,0.16666666666666666,0.5,0
https://es.wikipedia.org/wiki/Manuel_Jos%C3%A9_Yrarr%C3%A1zaval_Larra%C3%ADn,6,0,0,3,0,Manuel José Yrarrázaval,mackenna,chile,9,0.6666666666666666,0,0,0.3333333333333333,0
https://es.wikipedia.org/wiki/Manuel_Llosa,0,0,1,0,0,Manuel Llosa,llosa,peru,1,0,0,1,0,0
https://es.wikipedia.org/wiki/Manuel_Maciel_y_Cabral_de_Alpoin,0,0,0,0,0,Manuel Maciel y Cabral de Alpoin,alpoim,argentina,0,0,0,0,0,0
https://es.wikipedia.org/wiki/Manuel_Maciel_y_Cabral_de_Alpoin#Matrimonio_y_descendencia,0,0,0,0,0,Manuel Maciel y Cabral de Alpoin,maciel,argentina,0,0,0,0,0,0
https://es.wikipedia.org/wiki/Manuel_Mar%C3%ADa_G%C3%A1lvez_Eg%C3%BAsquiza,0,0,0,0,0,Manuel María Gálvez Egúsquiza,gálvez,peru,0,0,0,0,0,0
https://es.wikipedia.org/wiki/Manuel_Mar%C3%ADa_Mallarino,0,0,0,0,0,Manuel María Mallarino,cabal,colombia,0,0,0,0,0,0
https://es.wikipedia.org/wiki/Manuel_Mar%C3%ADa_Mallarino_Isaacs,0,0,0,0,0,Manuel María Mallarino Isaacs,cabal,colombia,0,0,0,0,0,0
https://es.wikipedia.org/wiki/Manuel_Mar%C3%ADa_Marc%C3%B3_del_Pont,0,0,0,0,0,Manuel María Marcó del Pont,marcó_del_pont,argentina,0,0,0,0,0,0
https://es.wikipedia.org/wiki/Manuel_Mar%C3%ADa_Mosquera,1,0,0,0,0,Manuel María Mosquera,arboleda,colombia,1,1,0,0,0,0
https://es.wikipedia.org/wiki/Manuel_Mar%C3%ADa_Mosquera_y_Arboleda,2,0,0,0,0,Manuel María Mosquera,arboleda,colombia,2,1,0,0,0,0
https://es.wikipedia.org/wiki/Manuel_Montt,25,0,0,0,0,Manuel Montt,montt,chile,25,1,0,0,0,0
https://es.wikipedia.org/wiki/Manuel_Montt_Lehued%C3%A9,2,0,0,0,0,Manuel Montt Lehuedé,montt,chile,2,1,0,0,0,0
https://es.wikipedia.org/wiki/Manuel_Moreyra_Loredo,0,0,0,0,0,Manuel Moreyra Loredo,moreyra,peru,0,0,0,0,0,0
https://es.wikipedia.org/wiki/Manuel_Moreyra_y_Paz_Sold%C3%A1n,0,0,0,0,0,Manuel Moreyra y Paz Soldán,moreyra,peru,0,0,0,0,0,0
https://es.wikipedia.org/wiki/Manuel_Mu%C3%B1oz_Borrero,0,0,0,0,0,Manuel Muñoz Borrero,borrero,ecuador,0,0,0,0,0,0
https://es.wikipedia.org/wiki/Manuel_Mujica_Carassa,6,0,0,0,0,Manuel Mujica Carassa,mujica,peru,6,1,0,0,0,0
https://es.wikipedia.org/wiki/Manuel_Mujica_Gallo,6,0,0,0,0,Manuel Mujica Gallo,mujica,peru,6,1,0,0,0,0
https://es.wikipedia.org/wiki/Manuel_Mujica_y_Carassa,2,0,0,0,0,Manuel Mujica Carassa,mujica,peru,2,1,0,0,0,0
https://es.wikipedia.org/wiki/Manuel_Neira,0,0,0,0,0,Manuel Neira,kast,chile,0,0,0,0,0,0
https://es.wikipedia.org/wiki/Manuel_Odriozola_Romero,2,0,0,2,0,Manuel Odriozola Romero,odriozola,peru,4,0.5,0,0,0.5,0
https://es.wikipedia.org/wiki/Manuel_Olaguer_Feli%C3%BA_y_Azcu%C3%A9naga,2,0,0,0,0,Manuel Olaguer Feliú y Azcuénaga,azcuénaga,argentina,2,1,0,0,0,0
https://es.wikipedia.org/wiki/Manuel_Ortiz_de_Zevallos,0,0,1,0,0,Manuel Ortiz de Zevallos,del_solar,peru,1,0,0,1,0,0
https://es.wikipedia.org/wiki/Manuel_Ospina_V%C3%A1squez,9,1,6,4,0,Manuel Ospina Vásquez,ospina,colombia,20,0.45,0.05,0.3,0.2,0
https://es.wikipedia.org/wiki/Manuel_P%C3%A9rez_Trevi%C3%B1o,0,0,0,0,0,Manuel Pérez Treviño,pérez_treviño,mexico,0,0,0,0,0,0
https://es.wikipedia.org/wiki/Manuel_Pablo_Olaechea,2,0,0,0,0,Manuel Pablo Olaechea,olaechea,peru,2,1,0,0,0,0
https://es.wikipedia.org/wiki/Manuel_Par%C3%ADs_Ricaurte,2,0,0,0,0,Manuel París Ricaurte,parís,colombia,2,1,0,0,0,0
https://es.wikipedia.org/wiki/Manuel_Pardo_Ribadeneira,0,0,0,1,0,Manuel Pardo Ribadeneira,pardo,peru,1,0,0,0,1,0
https://es.wikipedia.org/wiki/Manuel_Pardo_y_Lavalle,12,0,0,0,0,Manuel Pardo y Lavalle,lavalle,peru,12,1,0,0,0,0
https://es.wikipedia.org/wiki/Manuel_Piqueras_Cotol%C3%AD,0,0,0,0,0,Manuel Piqueras Cotolí,sánchez-concha,peru,0,0,0,0,0,0
https://es.wikipedia.org/wiki/Manuel_Piqueras_Luna,2,0,0,0,0,Manuel Piqueras Luna,lavalle,peru,2,1,0,0,0,0
https://es.wikipedia.org/wiki/Manuel_Portales_Palazuelos,0,0,0,0,0,Manuel Portales Palazuelos,portales,chile,0,0,0,0,0,0
https://es.wikipedia.org/wiki/Manuel_Prado_Ugarteche,12,0,4,0,0,Manuel Prado Ugarteche,málaga,peru,16,0.75,0,0.25,0,0
https://es.wikipedia.org/wiki/Manuel_Puch,0,0,0,0,0,Manuel Puch,puch,argentina,0,0,0,0,0,0
https://es.wikipedia.org/wiki/Manuel_Quijano_Ord%C3%B3%C3%B1ez,6,0,0,0,0,Manuel Quijano Ordóñez,mosquera,colombia,6,1,0,0,0,0
https://es.wikipedia.org/wiki/Manuel_Quijano_Ord%C3%B3%C3%B1ez_de_Lara,1,0,0,0,0,Manuel Quijano Ordóñez,mosquera,colombia,1,1,0,0,0,0
https://es.wikipedia.org/wiki/Manuel_Quimper,0,0,0,0,0,Manuel Quimper,químper,peru,0,0,0,0,0,0
https://es.wikipedia.org/wiki/Manuel_Rafael_Garc%C3%ADa_Aguirre,48,0,0,0,0,Manuel Rafael García Aguirre,garcía-mansilla,argentina,48,1,0,0,0,0
https://es.wikipedia.org/wiki/Manuel_Rengifo,2,0,0,0,0,Manuel Rengifo,vial,chile,2,1,0,0,0,0
https://es.wikipedia.org/wiki/Manuel_Rengifo_Vial,0,0,0,0,0,Manuel Rengifo Vial,vial,chile,0,0,0,0,0,0
https://es.wikipedia.org/wiki/Manuel_Romero_Rubio,0,0,0,0,0,Manuel Romero Rubio,díaz,mexico,0,0,0,0,0,0
https://es.wikipedia.org/wiki/Manuel_Rosa_de_la_Quintana,0,0,0,0,0,Manuel Rosa de la Quintana,quintana,argentina,0,0,0,0,0,0
https://es.wikipedia.org/wiki/Manuel_Seminario_y_V%C3%A1scones,4,0,0,0,0,Manuel Seminario y Váscones,seminario,peru,4,1,0,0,0,0
https://es.wikipedia.org/wiki/Manuel_Seoane_%28pol%C3%ADtico%29,0,0,0,0,0,Manuel Seoane (político),seoane_heredia,peru,0,0,0,0,0,0
https://es.wikipedia.org/wiki/Manuel_Seoane_Corrales,0,0,0,0,0,Manuel Seoane (político),seoane_heredia,peru,0,0,0,0,0,0
https://es.wikipedia.org/wiki/Manuel_Te%C3%B3filo_Luna_Llamas,0,0,0,0,0,Manuel Teófilo Luna Llamas,luna,peru,0,0,0,0,0,0
https://es.wikipedia.org/wiki/Manuel_Tom%C3%A1s_Luna_Mujica,6,0,0,0,0,Manuel Tomás Luna Mujica,luna,peru,6,1,0,0,0,0
https://es.wikipedia.org/wiki/Manuel_Ulloa_El%C3%ADas,0,0,1,1,0,Manuel Ulloa Elías,cisneros,peru,2,0,0,0.5,0.5,0
https://es.wikipedia.org/wiki/Manuel_Vald%C3%A9s_%28actor%29,0,0,0,0,0,Manuel Valdés (actor),valdés,mexico,0,0,0,0,0,0
https://es.wikipedia.org/wiki/Manuel_Velarde_Asp%C3%ADllaga,0,0,0,0,0,Manuel Velarde Aspíllaga,paz,peru,0,0,0,0,0,0
https://es.wikipedia.org/wiki/Manuel_Velarde_Dellepiane,0,0,0,0,0,Manuel Velarde Dellepiane,diez_canseco,peru,0,0,0,0,0,0
https://es.wikipedia.org/wiki/Manuel_Velarde_Seoane,0,0,0,0,0,Manuel Velarde Seoane,diez_canseco,peru,0,0,0,0,0,0
https://es.wikipedia.org/wiki/Manuel_Vial,0,0,0,0,0,Manuel Vial,vial,chile,0,0,0,0,0,0
https://es.wikipedia.org/wiki/Manuel_Vicente_Maza,4,0,0,0,0,Manuel Vicente Maza,maza,argentina,4,1,0,0,0,0
https://es.wikipedia.org/wiki/Manuel_Vicente_Villar%C3%A1n,0,0,0,0,0,Manuel Vicente Villarán,villarán,peru,0,0,0,0,0,0
https://es.wikipedia.org/wiki/Manuel_Vicente_del_Solar,0,0,0,0,0,Manuel Vicente del Solar,del_solar,peru,0,0,0,0,0,0
https://es.wikipedia.org/wiki/Manuel_Yrarr%C3%A1zaval,4,0,3,0,0,Manuel Yrarrázaval,concha_chile,chile,7,0.5714285714285714,0,0.42857142857142855,0,0
https://es.wikipedia.org/wiki/Manuel_Yrigoyen_Arias,6,0,0,0,0,Manuel Yrigoyen Arias,diez_canseco,peru,6,1,0,0,0,0
https://es.wikipedia.org/wiki/Manuel_Yrigoyen_Diez_Canseco,0,0,0,0,0,Manuel Yrigoyen Diez Canseco,diez_canseco,peru,0,0,0,0,0,0
https://es.wikipedia.org/wiki/Manuel_Za%C3%B1artu_Za%C3%B1artu,2,0,0,0,0,Manuel Zañartu Zañartu,zañartu,chile,2,1,0,0,0,0
https://es.wikipedia.org/wiki/Manuel_de_Balmaceda_Ballesteros,20,0,0,0,0,Manuel de Balmaceda Ballesteros,balmaceda,chile,20,1,0,0,0,0
https://es.wikipedia.org/wiki/Manuel_de_Bernardo_%C3%81lvarez,0,0,0,0,0,Manuel Bernardo Álvarez del Casal,álvarez_del_casal,colombia,0,0,0,0,0,0
https://es.wikipedia.org/wiki/Manuel_de_Caycedo_Tenorio,0,0,0,0,0,Manuel de Caycedo Tenorio,caicedo,chile,0,0,0,0,0,0
https://es.wikipedia.org/wiki/Manuel_de_Odriozola,0,0,0,0,0,Manuel de Odriozola,odriozola,peru,0,0,0,0,0,0
https://es.wikipedia.org/wiki/Manuel_de_Pombo,4,0,0,0,0,Manuel de Pombo,o'donnell,colombia,4,1,0,0,0,0
https://es.wikipedia.org/wiki/Manuel_de_Tezanos-Pinto,0,0,4,0,0,Manuel de Tezanos-Pinto,garcía-huidobro,chile,4,0,0,1,0,0
https://es.wikipedia.org/wiki/Manuel_de_Tezanos_Pinto_%28constituyente%29,0,0,0,0,0,Manuel de Tezanos Pinto (constituyente),pinto_chile,argentina,0,0,0,0,0,0
https://es.wikipedia.org/wiki/Manuel_de_Tezanos_Pinto_%28pol%C3%ADtico%29,1,0,0,2,0,Manuel de Tezanos Pinto (político),pinto_chile,argentina,3,0.3333333333333333,0,0,0.6666666666666666,0
https://es.wikipedia.org/wiki/Manuela_Caldera,3,0,0,0,0,Manuela Caldera,freire,chile,3,1,0,0,0,0
https://es.wikipedia.org/wiki/Manuela_Caldera_Mascayano,16,0,0,0,0,Manuela Caldera,freire,chile,16,1,0,0,0,0
https://es.wikipedia.org/wiki/Manuela_Mallarino_Isaacs,0,0,0,0,0,Manuela Mallarino Isaacs,cuervo,colombia,0,0,0,0,0,0
https://es.wikipedia.org/wiki/Manuela_Micaela_Ignacia_Fern%C3%A1ndez-Campero,2,0,0,0,0,Manuela Micaela Ignacia Fernández-Campero,campero,argentina,2,1,0,0,0,0
https://es.wikipedia.org/wiki/Manuela_Rosas,2,0,0,0,0,Manuela Rosas,ortiz_de_rozas,argentina,2,1,0,0,0,0
https://es.wikipedia.org/wiki/Manuela_S%C3%A1enz,0,0,0,0,0,Manuela Sáenz,palacios_venezuela,ecuador,0,0,0,0,0,0
https://es.wikipedia.org/wiki/Manuela_Sanz_de_Santamar%C3%ADa,0,0,0,0,0,Manuela Sanz de Santamaría,galeano,colombia,0,0,0,0,0,0
https://es.wikipedia.org/wiki/Manuela_Warnes,2,2,4,4,0,Manuela Warnes,warnes,chile,12,0.16666666666666666,0.16666666666666666,0.3333333333333333,0.3333333333333333,0
https://es.wikipedia.org/wiki/Manuela_Warnes_y_Garc%C3%ADa_de_Z%C3%BA%C3%B1iga,12,0,0,8,0,Manuela Warnes,warnes,chile,20,0.6,0,0,0.4,0
https://es.wikipedia.org/wiki/Manuelita,0,0,0,0,0,Manuelita,eder,colombia,0,0,0,0,0,0
https://es.wikipedia.org/wiki/Manus_O%27Donnell,0,0,0,0,0,Manus O'Donnell,o'donnell,colombia,0,0,0,0,0,0
https://es.wikipedia.org/wiki/Mar%C3%ADa_%C3%81ngela_Holgu%C3%ADn,0,0,0,0,0,María Ángela Holguín,holguín,colombia,0,0,0,0,0,0
https://es.wikipedia.org/wiki/Mar%C3%ADa_Antonia_Bol%C3%ADvar_Palacios,0,6,0,0,0,María Antonia Bolívar Palacios,toro_venezuela,venezuela,6,0,1,0,0,0
https://es.wikipedia.org/wiki/Mar%C3%ADa_Antonia_Hagenaar_Vogelzang,0,0,0,0,0,Maria Antonia Hagenaar,del_carril,argentina,0,0,0,0,0,0
https://es.wikipedia.org/wiki/Mar%C3%ADa_Antonia_Su%C3%A1rez,6,0,0,0,0,María Antonia Suárez,barrientos,colombia,6,1,0,0,0,0
https://es.wikipedia.org/wiki/Mar%C3%ADa_Clara_Ospina,1,0,0,0,0,María Clara Ospina,ospina,colombia,1,1,0,0,0,0
https://es.wikipedia.org/wiki/Mar%C3%ADa_Clara_Ospina_Hern%C3%A1ndez,2,0,0,0,0,María Clara Ospina,ospina,colombia,2,1,0,0,0,0
https://es.wikipedia.org/wiki/Mar%C3%ADa_Clemencia_Rodr%C3%ADguez_de_Santos,2,0,0,0,0,María Clemencia Rodríguez de Santos,calderón_colombia,colombia,2,1,0,0,0,0
https://es.wikipedia.org/wiki/Mar%C3%ADa_Correa_Morand%C3%A9,0,0,0,0,0,María Correa Morandé,morandé,chile,0,0,0,0,0,0
https://es.wikipedia.org/wiki/Mar%C3%ADa_Cristina_Arango,30,0,5,0,0,María Cristina Arango,borrero,colombia,35,0.8571428571428571,0,0.14285714285714285,0,0
https://es.wikipedia.org/wiki/Mar%C3%ADa_Cristina_Salazar,0,0,0,0,0,María Cristina Salazar,camacho,colombia,0,0,0,0,0,0
https://es.wikipedia.org/wiki/Mar%C3%ADa_Dolores_Jaramillo,0,0,0,0,0,María Dolores Jaramillo,acevedo_colombia,colombia,0,0,0,0,0,0
https://es.wikipedia.org/wiki/Mar%C3%ADa_Edwards_Mac-Clure,0,0,0,0,0,María Edwards McClure,edwards,chile,0,0,0,0,0,0
https://es.wikipedia.org/wiki/Mar%C3%ADa_Edwards_McClure,0,0,0,0,0,María Edwards McClure,edwards,chile,0,0,0,0,0,0
https://es.wikipedia.org/wiki/Mar%C3%ADa_Elena_Duvauchelle,2,0,0,0,0,María Elena Duvauchelle,concha_chile,chile,2,1,0,0,0,0
https://es.wikipedia.org/wiki/Mar%C3%ADa_Elena_Etcheberry,2,0,0,0,0,María Elena Etcheberry,etcheberry,chile,2,1,0,0,0,0
https://es.wikipedia.org/wiki/Mar%C3%ADa_Elena_Swett,0,0,0,0,0,María Elena Swett,portales,chile,0,0,0,0,0,0
https://es.wikipedia.org/wiki/Mar%C3%ADa_Elvira_Bonilla_Otoya,1,0,0,0,0,María Elvira Bonilla,ospina,colombia,1,1,0,0,0,0
https://es.wikipedia.org/wiki/Mar%C3%ADa_Elvira_Samper,0,0,0,0,0,María Elvira Samper,caballero,colombia,0,0,0,0,0,0
https://es.wikipedia.org/wiki/Mar%C3%ADa_Emilia_Soria,2,0,0,0,0,María Emilia Soria,soria,argentina,2,1,0,0,0,0
https://es.wikipedia.org/wiki/Mar%C3%ADa_Emma_Mej%C3%ADa,0,0,0,0,0,María Emma Mejía,casas,colombia,0,0,0,0,0,0
https://es.wikipedia.org/wiki/Mar%C3%ADa_Enr%C3%ADquez_de_Luna,2,0,0,0,0,María Enríquez de Luna,borja,colombia,2,1,0,0,0,0
https://es.wikipedia.org/wiki/Mar%C3%ADa_Err%C3%A1zuriz,9,0,0,0,0,María Errázuriz,echaurren,chile,9,1,0,0,0,0
https://es.wikipedia.org/wiki/Mar%C3%ADa_Err%C3%A1zuriz_Echaurren,13,0,0,0,0,María Errázuriz,echaurren,chile,13,1,0,0,0,0
https://es.wikipedia.org/wiki/Mar%C3%ADa_Estela_Mart%C3%ADnez_de_Per%C3%B3n,0,0,0,0,0,María Estela Martínez de Perón,perón,argentina,0,0,0,0,0,0
https://es.wikipedia.org/wiki/Mar%C3%ADa_Esther_Ballivi%C3%A1n,0,0,0,0,0,María Esther Ballivián,ballivián,bolivia,0,0,0,0,0,0
https://es.wikipedia.org/wiki/Mar%C3%ADa_Esther_Podest%C3%A1,0,0,0,0,0,María Esther Podestá,podestá,argentina,0,0,0,0,0,0
https://es.wikipedia.org/wiki/Mar%C3%ADa_Eugenia_Bielsa,0,0,0,0,0,María Eugenia Bielsa,bielsa,argentina,0,0,0,0,0,0
https://es.wikipedia.org/wiki/Mar%C3%ADa_Eugenia_Cordovez_Pont%C3%B3n,0,0,1,0,0,María Eugenia Cordovez,febres-cordero,ecuador,1,0,0,1,0,0
https://es.wikipedia.org/wiki/Mar%C3%ADa_Eugenia_Estenssoro,0,0,0,0,0,María Eugenia Estenssoro,estenssoro,argentina,0,0,0,0,0,0
https://es.wikipedia.org/wiki/Mar%C3%ADa_Eugenia_Hirmas,2,0,4,0,0,María Eugenia Hirmas,bitar,chile,6,0.3333333333333333,0,0.6666666666666666,0,0
https://es.wikipedia.org/wiki/Mar%C3%ADa_Eugenia_Piedrah%C3%ADta,0,0,1,0,0,María Eugenia Piedrahíta,cabal,colombia,1,0,0,1,0,0
https://es.wikipedia.org/wiki/Mar%C3%ADa_Eugenia_Rojas,30,0,12,0,0,María Eugenia Rojas,rojas,colombia,42,0.7142857142857143,0,0.2857142857142857,0,0
https://es.wikipedia.org/wiki/Mar%C3%ADa_Eugenia_de_Escalada,0,0,0,0,0,María Eugenia de Escalada,san_martín,argentina,0,0,0,0,0,0
https://es.wikipedia.org/wiki/Mar%C3%ADa_Fernanda_Cabal,0,0,0,0,0,María Fernanda Cabal,cabal,colombia,0,0,0,0,0,0
https://es.wikipedia.org/wiki/Mar%C3%ADa_Flora_Y%C3%A1%C3%B1ez,0,0,0,0,0,María Flora Yáñez,velasco_chile,chile,0,0,0,0,0,0
https://es.wikipedia.org/wiki/Mar%C3%ADa_Gabriela_Ch%C3%A1vez,6,0,0,0,0,María Gabriela Chávez,chávez,venezuela,6,1,0,0,0,0
https://es.wikipedia.org/wiki/Mar%C3%ADa_Garc%C3%ADa_Granados_y_Sabor%C3%ADo,0,0,0,0,0,María García Granados y Saborío,garcía_granados,mexico,0,0,0,0,0,0
https://es.wikipedia.org/wiki/Mar%C3%ADa_Gracia_Subercaseaux,0,0,0,0,0,María Gracia Subercaseaux,subercaseaux,chile,0,0,0,0,0,0
https://es.wikipedia.org/wiki/Mar%C3%ADa_Hurtado_de_G%C3%B3mez,9,0,0,0,0,María Hurtado de Gómez,gómez,colombia,9,1,0,0,0,0
https://es.wikipedia.org/wiki/Mar%C3%ADa_Jos%C3%A9_Bello,0,0,0,1,0,María José Bello,walker_chile,chile,1,0,0,0,1,0
https://es.wikipedia.org/wiki/Mar%C3%ADa_Jos%C3%A9_Pizarro,0,0,0,0,0,María José Pizarro,acevedo_colombia,colombia,0,0,0,0,0,0
https://es.wikipedia.org/wiki/Mar%C3%ADa_Jos%C3%A9_Prieto,0,0,1,0,0,María José Prieto,di_girolamo,chile,1,0,0,1,0,0
https://es.wikipedia.org/wiki/Mar%C3%ADa_Jos%C3%A9_Zald%C3%ADvar,0,0,1,1,0,María José Zaldívar,zaldívar,chile,2,0,0,0.5,0.5,0
https://es.wikipedia.org/wiki/Mar%C3%ADa_Josefa_%C3%81lvarez_de_Arenales,16,0,0,0,0,María Josefa Álvarez de Arenales,álvarez_de_arenales,argentina,16,1,0,0,0,0
https://es.wikipedia.org/wiki/Mar%C3%ADa_Josefa_Acevedo_de_G%C3%B3mez,2,0,0,0,0,Josefa Acevedo de Gómez,acevedo_colombia,colombia,2,1,0,0,0,0
https://es.wikipedia.org/wiki/Mar%C3%ADa_Josefa_Ezcurra,6,0,0,0,0,María Josefa Ezcurra,belgrano,argentina,6,1,0,0,0,0
https://es.wikipedia.org/wiki/Mar%C3%ADa_Josefa_Sanz_de_Santamar%C3%ADa,0,0,1,0,0,María Josefa Sanz de Santamaría,sanz_de_santamaría,colombia,1,0,0,1,0,0
https://es.wikipedia.org/wiki/Mar%C3%ADa_Julia_Alsogaray,0,0,0,0,0,María Julia Alsogaray,alsogaray,argentina,0,0,0,0,0,0
https://es.wikipedia.org/wiki/Mar%C3%ADa_Juliana_Ruiz,0,0,0,0,0,María Juliana Ruiz,duque,colombia,0,0,0,0,0,0
https://es.wikipedia.org/wiki/Mar%C3%ADa_Luisa_%C3%81lvarez_de_Toledo_y_Carreto,0,0,0,0,0,María Luisa Álvarez de Toledo y Carreto,leyva,colombia,0,0,0,0,0,0
https://es.wikipedia.org/wiki/Mar%C3%ADa_Luisa_Carvajal_D%C3%A1valos,13,0,0,0,0,María Luisa Carvajal Dávalos,carvajal_y_vargas,chile,13,1,0,0,0,0
https://es.wikipedia.org/wiki/Mar%C3%ADa_Luisa_Dehesa,0,0,0,0,0,María Luisa Dehesa,gómez_farías,mexico,0,0,0,0,0,0
https://es.wikipedia.org/wiki/Mar%C3%ADa_Luisa_Fern%C3%A1ndez,2,0,4,0,0,María Luisa Fernández,concha_chile,chile,6,0.3333333333333333,0,0.6666666666666666,0,0
https://es.wikipedia.org/wiki/Mar%C3%ADa_Luisa_Godoy,1,0,0,1,0,María Luisa Godoy,matte,chile,2,0.5,0,0,0.5,0
https://es.wikipedia.org/wiki/Mar%C3%ADa_Luisa_Pavlovsky,2,0,0,0,0,María Luisa Pavlovsky,pavlovsky,argentina,2,1,0,0,0,0
https://es.wikipedia.org/wiki/Mar%C3%ADa_Luisa_Piraquive,2,0,0,0,0,María Luisa Piraquive,piraquive,colombia,2,1,0,0,0,0
https://es.wikipedia.org/wiki/Mar%C3%ADa_Luisa_de_Carvajal_Vargas_y_D%C3%A1valos,9,0,0,0,0,María Luisa Carvajal Dávalos,carvajal_y_vargas,chile,9,1,0,0,0,0
https://es.wikipedia.org/wiki/Mar%C3%ADa_Malo,0,0,0,0,0,María Malo,malo,mexico,0,0,0,0,0,0
https://es.wikipedia.org/wiki/Mar%C3%ADa_Margarita_Zuleta_Gonz%C3%A1lez,0,0,0,0,0,María Margarita Zuleta González,carreño,colombia,0,0,0,0,0,0
https://es.wikipedia.org/wiki/Mar%C3%ADa_Mercedes_Cabal,0,0,0,0,0,María Mercedes Cabal,cabal,colombia,0,0,0,0,0,0
https://es.wikipedia.org/wiki/Mar%C3%ADa_Mercedes_Pino_Ch%C3%A1vez,0,0,0,0,0,María Mercedes Pino Chávez,vicuña,chile,0,0,0,0,0,0
https://es.wikipedia.org/wiki/Mar%C3%ADa_Mercedes_Vial,0,0,0,0,0,María Mercedes Vial,vial,chile,0,0,0,0,0,0
https://es.wikipedia.org/wiki/Mar%C3%ADa_Michelsen_Lombana,2,0,0,0,0,María Michelsen de López,lópez,colombia,2,1,0,0,0,0
https://es.wikipedia.org/wiki/Mar%C3%ADa_Michelsen_de_L%C3%B3pez,0,0,0,0,0,María Michelsen de López,lópez,colombia,0,0,0,0,0,0
https://es.wikipedia.org/wiki/Mar%C3%ADa_Nicolasa_Vald%C3%A9s_y_Carrera,1,0,0,0,0,María Nicolasa de Valdés y de la Carrera,valdés_chile,chile,1,1,0,0,0,0
https://es.wikipedia.org/wiki/Mar%C3%ADa_Nicolasa_de_Vald%C3%A9s_y_de_la_Carrera,0,0,0,0,0,María Nicolasa de Valdés y de la Carrera,valdés_chile,chile,0,0,0,0,0,0
https://es.wikipedia.org/wiki/Mar%C3%ADa_O%27Donnell,0,0,0,0,0,María O'Donnell,o'donnell,argentina,0,0,0,0,0,0
https://es.wikipedia.org/wiki/Mar%C3%ADa_Ossa_de_Amador,0,0,0,0,0,María de la Ossa de Amador,amador,colombia,0,0,0,0,0,0
https://es.wikipedia.org/wiki/Mar%C3%ADa_P%C3%ADa_Adriasola,2,0,0,0,0,María Pía Adriasola,kast,chile,2,1,0,0,0,0
https://es.wikipedia.org/wiki/Mar%C3%ADa_Paula_Duque,4,0,0,0,0,María Paula Duque,duque,colombia,4,1,0,0,0,0
https://es.wikipedia.org/wiki/Mar%C3%ADa_Paz_Jorquiera,0,0,0,0,0,María Paz Jorquiera,freire,chile,0,0,0,0,0,0
https://es.wikipedia.org/wiki/Mar%C3%ADa_Podest%C3%A1,0,0,0,0,0,María Podestá,podestá,argentina,0,0,0,0,0,0
https://es.wikipedia.org/wiki/Mar%C3%ADa_Ram%C3%ADrez,0,0,0,0,0,María Ramírez,antúnez,chile,0,0,0,0,0,0
https://es.wikipedia.org/wiki/Mar%C3%ADa_Ruiz-Tagle,6,0,0,0,0,María Ruiz-Tagle,frei,chile,6,1,0,0,0,0
https://es.wikipedia.org/wiki/Mar%C3%ADa_Saturnina_B%C3%A1rbara_de_Ot%C3%A1lora_y_Ribero,6,0,0,0,0,María Saturnina Bárbara de Otálora y Ribero,otálora,argentina,6,1,0,0,0,0
https://es.wikipedia.org/wiki/Mar%C3%ADa_Soledad_Toh%C3%A1,0,0,1,0,0,María Soledad Tohá,tohá,chile,1,0,0,1,0,0
https://es.wikipedia.org/wiki/Mar%C3%ADa_Talavera_Brouss%C3%A9,0,0,0,0,0,María Talavera Broussé,flores_magón,mexico,0,0,0,0,0,0
https://es.wikipedia.org/wiki/Mar%C3%ADa_Teresa_Campos,0,0,1,0,0,María Teresa Campos,velasco_chile,chile,1,0,0,1,0,0
https://es.wikipedia.org/wiki/Mar%C3%ADa_Teresa_Chadwick_Pi%C3%B1era,2,0,0,0,0,María Teresa Chadwick Piñera,chadwick,chile,2,1,0,0,0,0
https://es.wikipedia.org/wiki/Mar%C3%ADa_Teresa_G%C3%B3mez-Mont_Urueta,0,0,0,0,0,María Teresa Gómez-Mont Urueta,gómez-mont,mexico,0,0,0,0,0,0
https://es.wikipedia.org/wiki/Mar%C3%ADa_Teresa_Garc%C3%A9s,0,0,0,0,0,María Teresa Garcés,garcés,colombia,0,0,0,0,0,0
https://es.wikipedia.org/wiki/Mar%C3%ADa_Teresa_Garc%C3%A9s_Lloreda,0,0,0,0,0,María Teresa Garcés,garcés,colombia,0,0,0,0,0,0
https://es.wikipedia.org/wiki/Mar%C3%ADa_Teresa_Herr%C3%A1n,0,0,0,0,0,María Teresa Herrán,herrán,colombia,0,0,0,0,0,0
https://es.wikipedia.org/wiki/Mar%C3%ADa_Teresa_Londo%C3%B1o,0,0,1,0,0,María Teresa Londoño,herrera,colombia,1,0,0,1,0,0
https://es.wikipedia.org/wiki/Mar%C3%ADa_Teresa_Torterolo,30,0,0,0,0,María Teresa Torterolo,podestá,uruguay,30,1,0,0,0,0
https://es.wikipedia.org/wiki/Mar%C3%ADa_Teresa_de_Valencia_y_Junco_Pimentel,1,0,0,0,0,María Teresa de Valencia y Junco Pimentel,valencia,colombia,1,1,0,0,0,0
https://es.wikipedia.org/wiki/Mar%C3%ADa_Teresa_del_Toro,0,0,0,0,1,María Teresa del Toro,toro_venezuela,venezuela,1,0,0,0,0,1
https://es.wikipedia.org/wiki/Mar%C3%ADa_Teresa_del_Toro_y_Alayza,0,0,0,0,0,María Teresa del Toro,palacios_venezuela,venezuela,0,0,0,0,0,0
https://es.wikipedia.org/wiki/Mar%C3%ADa_Victoria_Ovalle,0,0,1,0,0,María Victoria Ovalle,errázuriz,chile,1,0,0,1,0,0
https://es.wikipedia.org/wiki/Mar%C3%ADa_Wiesse,6,0,0,0,0,María Wiesse,portocarrero_perú,peru,6,1,0,0,0,0
https://es.wikipedia.org/wiki/Mar%C3%ADa_de_Jes%C3%BAs_de_Iturbide_y_Huarte,0,0,0,0,0,María de Jesús de Iturbide y Huarte,iturbide,mexico,0,0,0,0,0,0
https://es.wikipedia.org/wiki/Mar%C3%ADa_de_Luna_y_Ayala,2,0,0,0,0,María de Luna y Ayala,borja,colombia,2,1,0,0,0,0
https://es.wikipedia.org/wiki/Mar%C3%ADa_de_Silva_y_Carvajal,4,0,0,0,0,María de Silva y Carvajal,carvajal_y_vargas,chile,4,1,0,0,0,0
https://es.wikipedia.org/wiki/Mar%C3%ADa_de_la_Concepci%C3%B3n_Palacios_y_Blanco,0,12,5,5,8,María de la Concepción Palacios y Blanco,palacios_venezuela,venezuela,30,0,0.4,0.16666666666666666,0.16666666666666666,0.26666666666666666
https://es.wikipedia.org/wiki/Mar%C3%ADa_de_las_Nieves_de_Escalada,0,2,3,2,2,María de las Nieves de Escalada,san_martín,argentina,9,0,0.2222222222222222,0.3333333333333333,0.2222222222222222,0.2222222222222222
https://es.wikipedia.org/wiki/Mar%C3%ADa_de_los_Remedios_de_Escalada,20,0,15,0,0,María de los Remedios de Escalada,balcarce,argentina,35,0.5714285714285714,0,0.42857142857142855,0,0
https://es.wikipedia.org/wiki/Mar%C3%ADa_del_Carmen_Sotomayor,2,0,6,0,0,María del Carmen Sotomayor,errázuriz,chile,8,0.25,0,0.75,0,0
https://es.wikipedia.org/wiki/Mar%C3%ADa_del_Carmen_Sotomayor_Elzo,6,0,0,0,0,María del Carmen Sotomayor,errázuriz,chile,6,1,0,0,0,0
https://es.wikipedia.org/wiki/Mar%C3%ADa_del_Carmen_Ureta,0,0,0,0,0,María del Carmen Ureta,ureta,peru,0,0,0,0,0,0
https://es.wikipedia.org/wiki/Mar%C3%ADa_del_Consuelo_Alcal%C3%A1-Galiano_y_Osma,2,0,0,0,0,María del Consuelo Alcalá-Galiano y Osma,valencia,colombia,2,1,0,0,0,0
https://es.wikipedia.org/wiki/Mar%C3%ADa_del_Mar_Pizarro,0,0,0,0,0,María del Mar Pizarro,acevedo_colombia,colombia,0,0,0,0,0,0
https://es.wikipedia.org/wiki/Marcela_Cubillos,2,0,0,0,0,Marcela Cubillos,allamand,chile,2,1,0,0,0,0
https://es.wikipedia.org/wiki/Marcela_Robles,0,0,2,0,0,Marcela Robles,robles,peru,2,0,0,1,0,0
https://es.wikipedia.org/wiki/Marcelino_Escalada_Baldez,0,0,0,0,0,Marcelino Escalada Baldez,escalada_(de_burgos),uruguay,0,0,0,0,0,0
https://es.wikipedia.org/wiki/Marcelino_Uribe_Arango,0,0,1,1,0,Marcelino Uribe Arango,restrepo,colombia,2,0,0,0.5,0.5,0
https://es.wikipedia.org/wiki/Marcelino_Uribe_Botero,0,0,0,0,0,Marcelino Uribe Botero,urdaneta,colombia,0,0,0,0,0,0
https://es.wikipedia.org/wiki/Marcelino_Varela,0,0,0,0,0,Marcelino Varela,varela,peru,0,0,0,0,0,0
https://es.wikipedia.org/wiki/Marcelino_de_Mosquera,2,0,0,0,0,Marcelino de Mosquera,arboleda,colombia,2,1,0,0,0,0
https://es.wikipedia.org/wiki/Marcelino_de_Mosquera_y_Figueroa,2,0,2,0,0,Marcelino de Mosquera,arboleda,colombia,4,0.5,0,0.5,0,0
https://es.wikipedia.org/wiki/Marcelo_Alonso,2,0,0,0,0,Marcelo Alonso,portales,chile,2,1,0,0,0,0
https://es.wikipedia.org/wiki/Marcelo_Bielsa,0,0,0,0,0,Marcelo Bielsa,bielsa,argentina,0,0,0,0,0,0
https://es.wikipedia.org/wiki/Marcelo_Oxenford,6,0,0,0,0,Marcelo Oxenford,frayssinet,argentina,6,1,0,0,0,0
https://es.wikipedia.org/wiki/Marcelo_Torcuato_de_Alvear,2,0,0,0,0,Marcelo Torcuato de Alvear,alvear,argentina,2,1,0,0,0,0
https://es.wikipedia.org/wiki/Marcelo_Trivelli,0,0,0,0,0,Marcelo Trivelli,trivelli,chile,0,0,0,0,0,0
https://es.wikipedia.org/wiki/Marcia_Tambutti,0,0,0,0,0,Marcia Tambutti,allende,chile,0,0,0,0,0,0
https://es.wikipedia.org/wiki/Marcial#Rafael,1,0,0,0,0,Marcial,bielsa,argentina,1,1,0,0,0,0
https://es.wikipedia.org/wiki/Marcial_Pinto_Ag%C3%BCero,0,0,0,0,0,Marcial Pinto Agüero,pinto_chile,chile,0,0,0,0,0,0
https://es.wikipedia.org/wiki/Marcial_Tagle,0,0,0,0,0,Marcial Tagle,concha_chile,chile,0,0,0,0,0,0
https://es.wikipedia.org/wiki/Marco_Arana_Zegarra,0,0,0,0,0,Marco Arana,silva_santisteban,peru,0,0,0,0,0,0
https://es.wikipedia.org/wiki/Marco_Aurelio_Avellaneda,0,0,0,0,0,Marco Aurelio Avellaneda,avellaneda,argentina,0,0,0,0,0,0
https://es.wikipedia.org/wiki/Marco_Avellaneda,6,0,0,0,0,Marco Avellaneda,avellaneda,argentina,6,1,0,0,0,0
https://es.wikipedia.org/wiki/Marco_Fidel_Su%C3%A1rez,1,0,0,0,0,Marco Fidel Suárez,barrientos,colombia,1,1,0,0,0,0
https://es.wikipedia.org/wiki/Marco_Fidel_Suarez,2,0,0,0,0,Marco Fidel Suárez,barrientos,colombia,2,1,0,0,0,0
https://es.wikipedia.org/wiki/Marcos_Balcarce,1,0,0,0,0,Marcos Balcarce,balcarce,argentina,1,1,0,0,0,0
https://es.wikipedia.org/wiki/Marcos_Bulgheroni,0,0,0,0,0,Marcos Bulgheroni,bulgheroni,argentina,0,0,0,0,0,0
https://es.wikipedia.org/wiki/Marcos_Cueto,2,0,0,0,0,Marcos Cueto,cueto_caballero,peru,2,1,0,0,0,0
https://es.wikipedia.org/wiki/Marcos_Mariano_Paz,0,0,0,0,0,Marcos Mariano Paz,paz,argentina,0,0,0,0,0,0
https://es.wikipedia.org/wiki/Marcos_Paz,2,0,0,0,0,Marcos Paz,paz,argentina,2,1,0,0,0,0
https://es.wikipedia.org/wiki/Margarita_Caro_Tobar,25,0,5,6,0,Margarita Caro de Holguín,caro,colombia,36,0.6944444444444444,0,0.1388888888888889,0.16666666666666666,0
https://es.wikipedia.org/wiki/Margarita_Caro_de_Holgu%C3%ADn,20,0,0,5,0,Margarita Caro de Holguín,caro,colombia,25,0.8,0,0,0.2,0
https://es.wikipedia.org/wiki/Margarita_Diez-Colunje_y_Pombo,2,0,0,0,0,Margarita Diez y Pombo,arroyo,colombia,2,1,0,0,0,0
https://es.wikipedia.org/wiki/Margarita_Diez_y_Pombo,0,0,0,0,0,Margarita Diez y Pombo,arroyo,colombia,0,0,0,0,0,0
https://es.wikipedia.org/wiki/Margarita_Escobar,2,0,0,0,0,Margarita Escobar,gómez,colombia,2,1,0,0,0,0
https://es.wikipedia.org/wiki/Margarita_Guti%C3%A9rrez_N%C3%A1jera_y_Maillefert,0,0,0,0,0,Margarita Gutiérrez Nájera y Maillefert,gutiérrez_nájera,mexico,0,0,0,0,0,0
https://es.wikipedia.org/wiki/Margarita_Holgu%C3%ADn_Caro,6,0,0,0,0,Margarita Holguín Caro,caro,colombia,6,1,0,0,0,0
https://es.wikipedia.org/wiki/Margarita_L%C3%B3pez_Portillo,0,0,0,0,0,Margarita López Portillo,lópez-portillo,mexico,0,0,0,0,0,0
https://es.wikipedia.org/wiki/Margarita_Lozano_Ortiz,0,0,0,0,0,Margarita Lozano Ortiz,lozano,colombia,0,0,0,0,0,0
https://es.wikipedia.org/wiki/Margarita_Weild,0,0,0,0,0,Margarita Weild,paz,argentina,0,0,0,0,0,0
https://es.wikipedia.org/wiki/Margarita_Zavala,1,0,1,0,0,Margarita Zavala,calderón_hinojosa,mexico,2,0.5,0,0.5,0,0
https://es.wikipedia.org/wiki/Maria_Bel%C3%A9n_Ludue%C3%B1a,0,0,0,0,0,María Belén Ludueña,macri,argentina,0,0,0,0,0,0
https://es.wikipedia.org/wiki/Maria_Callas,0,0,0,0,0,Maria Callas,onassis,argentina,0,0,0,0,0,0
https://es.wikipedia.org/wiki/Mariah_Carey,0,0,0,0,0,Mariah Carey,sodi,mexico,0,0,0,0,0,0
https://es.wikipedia.org/wiki/Mariana_Aylwin,4,0,0,0,0,Mariana Aylwin,aylwin,chile,4,1,0,0,0,0
https://es.wikipedia.org/wiki/Mariana_Aylwin_Oyarz%C3%BAn,2,0,0,0,0,Mariana Aylwin,aylwin,chile,2,1,0,0,0,0
https://es.wikipedia.org/wiki/Mariana_Carcel%C3%A9n,0,0,0,0,0,Mariana Carcelén,sucre,ecuador,0,0,0,0,0,0
https://es.wikipedia.org/wiki/Mariana_Echevarr%C3%ADa_de_Santiago_y_Ulloa,0,0,0,0,0,Mariana Echevarría de Santiago y Ulloa,del_solar,peru,0,0,0,0,0,0
https://es.wikipedia.org/wiki/Mariana_Garc%C3%A9s,0,0,0,0,0,Mariana Garcés,garcés,colombia,0,0,0,0,0,0
https://es.wikipedia.org/wiki/Mariana_Levy,2,0,0,0,0,Mariana Levy,fernández_veraud,mexico,2,1,0,0,0,0
https://es.wikipedia.org/wiki/Mariana_Mould_de_Pease,0,0,0,0,0,Mariana Mould de Pease,yrigoyen,peru,0,0,0,0,0,0
https://es.wikipedia.org/wiki/Mariana_de_Althaus,0,0,0,0,0,Mariana de Althaus,althaus,peru,0,0,0,0,0,0
https://es.wikipedia.org/wiki/Mariano_A._Bela%C3%BAnde,10,0,0,0,0,Mariano A. Belaúnde,belaúnde,peru,10,1,0,0,0,0
https://es.wikipedia.org/wiki/Mariano_Adri%C3%A1n_Varela,0,0,0,0,0,Mariano Adrián Varela,varela,argentina,0,0,0,0,0,0
https://es.wikipedia.org/wiki/Mariano_Bolognesi,0,0,0,0,0,Mariano Bolognesi,bolognesi,peru,0,0,0,0,0,0
https://es.wikipedia.org/wiki/Mariano_Campero_y_Ugarte,0,0,0,0,0,Mariano Campero y Ugarte,campero,peru,0,0,0,0,0,0
https://es.wikipedia.org/wiki/Mariano_Candioti,0,0,0,0,0,Mariano Candioti,candioti,argentina,0,0,0,0,0,0
https://es.wikipedia.org/wiki/Mariano_Castro_Taboada,0,0,0,0,0,Mariano Castro Taboada,castro_taboada,peru,0,0,0,0,0,0
https://es.wikipedia.org/wiki/Mariano_Castro_Zald%C3%ADvar,6,0,0,0,0,Mariano Castro Zaldívar,castro_taboada,peru,6,1,0,0,0,0
https://es.wikipedia.org/wiki/Mariano_Escalada,0,4,0,4,8,Mariano Escalada,san_martín,argentina,16,0,0.25,0,0.25,0.5
https://es.wikipedia.org/wiki/Mariano_Felipe_Paz_Sold%C3%A1n,0,0,0,0,0,Mariano Felipe Paz Soldán,paz_soldán,peru,0,0,0,0,0,0
https://es.wikipedia.org/wiki/Mariano_Ignacio_Prado,0,25,6,5,0,Mariano Ignacio Prado,málaga,peru,36,0,0.6944444444444444,0.16666666666666666,0.1388888888888889,0
https://es.wikipedia.org/wiki/Mariano_Ignacio_Prado_Ochoa,4,0,0,1,0,Mariano Ignacio Prado,prado,peru,5,0.8,0,0,0.2,0
https://es.wikipedia.org/wiki/Mariano_Jos%C3%A9_de_Escalada,0,0,0,0,0,Mariano José de Escalada,escalada,argentina,0,0,0,0,0,0
https://es.wikipedia.org/wiki/Mariano_Orihuela_Bravo,0,0,0,0,0,Mariano Orihuela Bravo,orihuela,peru,0,0,0,0,0,0
https://es.wikipedia.org/wiki/Mariano_Ospina_Chaparro,0,0,0,0,0,Mariano Ospina Chaparro,ospina,colombia,0,0,0,0,0,0
https://es.wikipedia.org/wiki/Mariano_Ospina_Hern%C3%A1ndez,6,0,0,0,0,Mariano Ospina Hernández,ospina,colombia,6,1,0,0,0,0
https://es.wikipedia.org/wiki/Mariano_Ospina_P%C3%A9rez,36,0,0,0,0,Mariano Ospina Pérez,ospina,colombia,36,1,0,0,0,0
https://es.wikipedia.org/wiki/Mariano_Ospina_Rodr%C3%ADguez,20,0,4,0,0,Mariano Ospina Rodríguez,ospina,colombia,24,0.8333333333333334,0,0.16666666666666666,0,0
https://es.wikipedia.org/wiki/Mariano_Ospina_V%C3%A1squez,4,0,0,0,0,Mariano Ospina Vásquez,ospina,colombia,4,1,0,0,0,0
https://es.wikipedia.org/wiki/Mariano_Par%C3%ADs_Ricaurte,20,0,0,0,0,Mariano París Ricaurte,parís,colombia,20,1,0,0,0,0
https://es.wikipedia.org/wiki/Mariano_Prado_Heudebert,0,0,0,0,0,Mariano Prado Heudebert,prado,peru,0,0,0,0,0,0
https://es.wikipedia.org/wiki/Mariano_Prado_Ugarteche,1,0,1,2,0,Mariano Prado Ugarteche,prado,peru,4,0.25,0,0.25,0.5,0
https://es.wikipedia.org/wiki/Mariano_Puga,0,0,0,0,0,Mariano Puga,concha_chile,chile,0,0,0,0,0,0
https://es.wikipedia.org/wiki/Mariano_Puga_Vega,4,0,0,0,0,Mariano Puga Vega,concha_chile,chile,4,1,0,0,0,0
https://es.wikipedia.org/wiki/Mariano_Riva_Palacio,0,0,0,0,0,Mariano Riva Palacio,riva_palacio,mexico,0,0,0,0,0,0
https://es.wikipedia.org/wiki/Mariano_Saavedra,2,0,0,0,0,Mariano Saavedra,otálora,argentina,2,1,0,0,0,0
https://es.wikipedia.org/wiki/Mariano_Sanz_de_Santamar%C3%ADa,0,0,0,0,0,Mariano Sanz de Santamaría,sanz_de_santamaría,colombia,0,0,0,0,0,0
https://es.wikipedia.org/wiki/Mariano_Severo_Balcarce,9,0,0,0,0,Mariano Severo Balcarce,balcarce,argentina,9,1,0,0,0,0
https://es.wikipedia.org/wiki/Mariano_Tanco,0,1,2,1,0,Mariano Tanco,argáez,colombia,4,0,0.25,0.5,0.25,0
https://es.wikipedia.org/wiki/Mariano_de_Silva-Baz%C3%A1n_y_Carvajal-Vargas,2,0,0,0,0,Mariano de Silva y Carvajal,carvajal_y_vargas,chile,2,1,0,0,0,0
https://es.wikipedia.org/wiki/Mariano_de_Silva_y_Carvajal,9,0,0,0,0,Mariano de Silva y Carvajal,carvajal_y_vargas,chile,9,1,0,0,0,0
https://es.wikipedia.org/wiki/Mariano_de_la_Llosa_y_Vizcarra,0,0,0,0,0,Mariano de la Llosa y Vizcarra,llosa,peru,0,0,0,0,0,0
https://es.wikipedia.org/wiki/Mariantonia_Palacios,0,0,0,0,0,Mariantonia Palacios,palacios_venezuela,venezuela,0,0,0,0,0,0
https://es.wikipedia.org/wiki/Maricarmen_Alva,0,0,0,0,0,Maricarmen Alva,alva,peru,0,0,0,0,0,0
https://es.wikipedia.org/wiki/Maricruz_N%C3%A1jera,6,0,0,0,0,Maricruz Nájera,bichir,mexico,6,1,0,0,0,0
https://es.wikipedia.org/wiki/Marie_Louise_Alemann,2,0,0,0,0,Marie Louise Alemann,alemann,argentina,2,1,0,0,0,0
https://es.wikipedia.org/wiki/Marina_de_Tavira,0,0,0,0,0,Marina de Tavira,sodi,mexico,0,0,0,0,0,0
https://es.wikipedia.org/wiki/Marino_Podest%C3%A1,2,0,0,0,0,Marino Podestá,podestá,argentina,2,1,0,0,0,0
https://es.wikipedia.org/wiki/Mario_Bunge,2,0,0,0,0,Mario Bunge,bunge,argentina,2,1,0,0,0,0
https://es.wikipedia.org/wiki/Mario_Cafiero,0,0,0,0,0,Mario Cafiero,cafiero,argentina,0,0,0,0,0,0
https://es.wikipedia.org/wiki/Mario_Gal%C3%A1n_G%C3%B3mez,12,0,0,0,0,Mario Galán Gómez,galán,colombia,12,1,0,0,0,0
https://es.wikipedia.org/wiki/Mario_Heber,0,0,0,0,0,Mario Heber,heber,uruguay,0,0,0,0,0,0
https://es.wikipedia.org/wiki/Mario_Horton,6,0,0,0,0,Mario Horton,walker_chile,chile,6,1,0,0,0,0
https://es.wikipedia.org/wiki/Mario_Laserna_Pinz%C3%B3n,0,0,0,0,0,Mario Laserna Pinzón,laserna,colombia,0,0,0,0,0,0
https://es.wikipedia.org/wiki/Mario_Marcel,0,0,0,0,0,Mario Marcel,tohá,chile,0,0,0,0,0,0
https://es.wikipedia.org/wiki/Mario_Ruiz_Massieu,0,0,0,0,0,Mario Ruiz Massieu,ruiz-massieu,mexico,0,0,0,0,0,0
https://es.wikipedia.org/wiki/Mario_Sabato_%28cineasta%29,0,0,0,0,0,Mario Sabato (cineasta),sabato,argentina,0,0,0,0,0,0
https://es.wikipedia.org/wiki/Mario_Vargas_Llosa,12,0,0,0,0,Mario Vargas Llosa,vargas_llosa,peru,12,1,0,0,0,0
https://es.wikipedia.org/wiki/Mario_Velasco,0,0,0,0,0,Mario Velasco,velasco_chile,chile,0,0,0,0,0,0
https://es.wikipedia.org/wiki/Mario_Videla,0,0,0,0,0,Mario Videla,videla,argentina,0,0,0,0,0,0
https://es.wikipedia.org/wiki/Marisabel_Rodr%C3%ADguez,4,0,0,0,0,Marisabel Rodríguez,chávez,venezuela,4,1,0,0,0,0
https://es.wikipedia.org/wiki/Marlene_Dietrich,0,0,0,1,0,Marlene Dietrich,díaz_ceballos,mexico,1,0,0,0,1,0
https://es.wikipedia.org/wiki/Marleny_Contreras,2,0,0,0,0,Marleny Contreras,cabello,venezuela,2,1,0,0,0,0
https://es.wikipedia.org/wiki/Marquesado_de_Casa_Real,0,0,0,0,0,Marquesado de Casa Real,garcía-huidobro,chile,0,0,0,0,0,0
https://es.wikipedia.org/wiki/Marquesado_de_San_Miguel_de_la_Vega,0,0,0,0,0,Marquesado de San Miguel de la Vega,manrique,colombia,0,0,0,0,0,0
https://es.wikipedia.org/wiki/Marquesado_de_Solanda,0,0,0,0,0,Marquesado de Solanda,sucre,venezuela,0,0,0,0,0,0
https://es.wikipedia.org/wiki/Marquesado_de_Tejares,0,0,0,0,0,Marquesado de Tejares,portales,chile,0,0,0,0,0,0
https://es.wikipedia.org/wiki/Marquesado_del_Valle_de_Oaxaca,0,0,0,0,0,Marquesado del Valle de Oaxaca,cortés_de_monroy,chile,0,0,0,0,0,0
https://es.wikipedia.org/wiki/Mart%C3%ADn_Bela%C3%BAnde_Moreyra,2,0,0,0,0,Martín Belaúnde Moreyra,belaúnde,peru,2,1,0,0,0,0
https://es.wikipedia.org/wiki/Mart%C3%ADn_Cort%C3%A9s_Z%C3%BA%C3%B1iga,1,0,1,2,0,Martín Cortés Zúñiga,moctezuma,mexico,4,0.25,0,0.25,0.5,0
https://es.wikipedia.org/wiki/Mart%C3%ADn_G%C3%BCemes_y_Puch,4,0,2,0,0,Martín Güemes y Puch,puch,argentina,6,0.6666666666666666,0,0.3333333333333333,0,0
https://es.wikipedia.org/wiki/Mart%C3%ADn_Gabriel_G%C3%BCemes,0,0,0,0,0,Martín Gabriel Güemes,güemes,argentina,0,0,0,0,0,0
https://es.wikipedia.org/wiki/Mart%C3%ADn_Illia,0,0,0,0,0,Martín Illia,illia,argentina,0,0,0,0,0,0
https://es.wikipedia.org/wiki/Mart%C3%ADn_Jos%C3%A9_Sanabria,0,0,0,0,0,Martín José Sanabria,toro_venezuela,venezuela,0,0,0,0,0,0
https://es.wikipedia.org/wiki/Mart%C3%ADn_Jos%C3%A9_Warnes,0,0,1,1,0,Martín José Warnes,garcía_de_zúñiga,argentina,2,0,0,0.5,0.5,0
https://es.wikipedia.org/wiki/Mart%C3%ADn_Menem,0,0,0,0,0,Martín Menem,menem,argentina,0,0,0,0,0,0
https://es.wikipedia.org/wiki/Mart%C3%ADn_Miguel_de_G%C3%BCemes,4,0,0,0,0,Martín Miguel de Güemes,puch,argentina,4,1,0,0,0,0
https://es.wikipedia.org/wiki/Mart%C3%ADn_Soria,2,0,0,0,0,Martín Soria,soria,argentina,2,1,0,0,0,0
https://es.wikipedia.org/wiki/Mart%C3%ADn_de_%C3%81lzaga,0,0,0,0,0,Martín de Álzaga,álzaga,argentina,0,0,0,0,0,0
https://es.wikipedia.org/wiki/Marta_Bunge,0,0,0,0,0,Marta Bunge,bunge,argentina,0,0,0,0,0,0
https://es.wikipedia.org/wiki/Marta_Cruz-Coke,0,0,0,0,0,Marta Cruz-Coke,cruz-coke,chile,0,0,0,0,0,0
https://es.wikipedia.org/wiki/Marta_Cruz-Coke_Madrid,2,0,0,0,0,Marta Cruz-Coke,cruz_chile,chile,2,1,0,0,0,0
https://es.wikipedia.org/wiki/Marta_Fern%C3%A1ndez_Miranda_de_Batista,0,0,0,0,0,Marta Fernández Miranda de Batista,zaldívar,chile,0,0,0,0,0,0
https://es.wikipedia.org/wiki/Marta_Larraechea,0,0,0,0,0,Marta Larraechea,frei,chile,0,0,0,0,0,0
https://es.wikipedia.org/wiki/Martha_%C3%89rika_Alonso,0,0,0,0,0,Martha Érika Alonso,moreno_valle,mexico,0,0,0,0,0,0
https://es.wikipedia.org/wiki/Martha_Mariana_Castro,0,0,0,0,0,Martha Mariana Castro,soler,mexico,0,0,0,0,0,0
https://es.wikipedia.org/wiki/Martha_Meza,0,0,0,0,0,Martha Meza,yoma,argentina,0,0,0,0,0,0
https://es.wikipedia.org/wiki/Martina_Warnes,0,2,2,2,0,Martina Warnes,warnes,argentina,6,0,0.3333333333333333,0.3333333333333333,0.3333333333333333,0
https://es.wikipedia.org/wiki/Maruja_Pach%C3%B3n,0,6,3,3,0,Maruja Pachón,galán,colombia,12,0,0.5,0.25,0.25,0
https://es.wikipedia.org/wiki/Mat%C3%ADas_Assler,0,0,0,0,0,Matías Assler,vicuña,chile,0,0,0,0,0,0
https://es.wikipedia.org/wiki/Mat%C3%ADas_Cousi%C3%B1o,0,0,0,0,0,Matías Cousiño,cousiño,chile,0,0,0,0,0,0
https://es.wikipedia.org/wiki/Mat%C3%ADas_Ovalle_Err%C3%A1zuriz,0,0,0,0,0,Matías Ovalle Errázuriz,errázuriz,chile,0,0,0,0,0,0
https://es.wikipedia.org/wiki/Mat%C3%ADas_Oviedo,2,0,0,0,0,Matías Oviedo,vicuña,chile,2,1,0,0,0,0
https://es.wikipedia.org/wiki/Mat%C3%ADas_Ramos_Mej%C3%ADa,2,0,0,2,0,Matías Ramos Mejía,segurola,argentina,4,0.5,0,0,0.5,0
https://es.wikipedia.org/wiki/Matea_Bol%C3%ADvar,0,0,0,0,0,Matea Bolívar,bolívar,venezuela,0,0,0,0,0,0
https://es.wikipedia.org/wiki/Mateo_Garc%C3%ADa_de_Z%C3%BA%C3%B1iga,0,0,0,0,0,Mateo García de Zúñiga,garcía_de_zúñiga,argentina,0,0,0,0,0,0
https://es.wikipedia.org/wiki/Mateo_de_Toro_Zambrano#Descendencia,1,0,0,0,0,Mateo de Toro-Zambrano y Ureta,valdés_chile,chile,1,1,0,0,0,0
https://es.wikipedia.org/wiki/Mateo_de_Toro_y_Zambrano,6,0,0,0,0,Mateo de Toro-Zambrano y Ureta,valdés_chile,chile,6,1,0,0,0,0
https://es.wikipedia.org/wiki/Mateo_de_la_Cruz,0,0,0,0,0,Mateo de la Cruz,cruz_chile,chile,0,0,0,0,0,0
https://es.wikipedia.org/wiki/Mateo_de_la_Cruz_y_Burgos,0,0,0,0,0,Mateo de la Cruz,cruz_chile,chile,0,0,0,0,0,0
https://es.wikipedia.org/wiki/Matilde_D%C3%ADaz,0,0,0,0,0,Matilde Díaz,camargo,colombia,0,0,0,0,0,0
https://es.wikipedia.org/wiki/Matilde_D%C3%ADaz_V%C3%A9lez,0,0,0,0,0,Matilde Díaz Vélez,álvarez_de_toledo_argentina,argentina,0,0,0,0,0,0
https://es.wikipedia.org/wiki/Matilde_Ib%C3%A1%C3%B1ez,2,0,3,0,0,Matilde Ibáñez Tálice,saavedra,argentina,5,0.4,0,0.6,0,0
https://es.wikipedia.org/wiki/Matilde_Ib%C3%A1%C3%B1ez_T%C3%A1lice,0,6,0,0,0,Matilde Ibáñez Tálice,batlle,argentina,6,0,1,0,0,0
https://es.wikipedia.org/wiki/Matilde_Ladr%C3%B3n_de_Guevara,0,0,0,0,0,Matilde Ladrón de Guevara,mendoza_ladrón_de_guevara,chile,0,0,0,0,0,0
https://es.wikipedia.org/wiki/Matilde_Le%C3%B3n,0,0,1,1,0,Matilde León,alarco,peru,2,0,0,0.5,0.5,0
https://es.wikipedia.org/wiki/Matilde_Osorio_Ricaurte,6,0,9,0,0,Matilde Osorio Ricaurte,nariño,colombia,15,0.4,0,0.6,0,0
https://es.wikipedia.org/wiki/Matilde_Pacheco,12,0,0,0,0,Matilde Pacheco,batlle,uruguay,12,1,0,0,0,0
https://es.wikipedia.org/wiki/Matilde_Rodr%C3%ADguez_Larreta,0,0,1,0,0,Matilde Rodríguez Larreta,rodríguez_larreta,uruguay,1,0,0,1,0,0
https://es.wikipedia.org/wiki/Matilde_Urrutia,0,0,0,0,0,Matilde Urrutia,del_carril,chile,0,0,0,0,0,0
https://es.wikipedia.org/wiki/Maurice_Tempelsman,0,0,0,0,0,Maurice Tempelsman,onassis,argentina,0,0,0,0,0,0
https://es.wikipedia.org/wiki/Mauricio_Daract,2,0,0,0,0,Mauricio Daract,daract,argentina,2,1,0,0,0,0
https://es.wikipedia.org/wiki/Mauricio_Dayub,0,0,0,0,0,Mauricio Dayub,borensztein,argentina,0,0,0,0,0,0
https://es.wikipedia.org/wiki/Mauricio_G%C3%B3mez_Escobar,2,0,0,0,0,Mauricio Gómez Escobar,gómez,colombia,2,1,0,0,0,0
https://es.wikipedia.org/wiki/Mauricio_Herrera_%28actor%29,0,0,0,0,0,Mauricio Herrera (actor),bracho,mexico,0,0,0,0,0,0
https://es.wikipedia.org/wiki/Mauricio_Luna_Valderrama,0,0,0,0,0,Mauricio Luna Valderrama,luna,peru,0,0,0,0,0,0
https://es.wikipedia.org/wiki/Mauricio_Macri,2,0,2,0,0,Mauricio Macri,awada,argentina,4,0.5,0,0.5,0,0
https://es.wikipedia.org/wiki/Mauricio_Ochmann,0,0,0,0,0,Mauricio Ochmann,derbez,mexico,0,0,0,0,0,0
https://es.wikipedia.org/wiki/Mauricio_Pastor_Daract,0,0,0,0,0,Mauricio Pastor Daract,daract,argentina,0,0,0,0,0,0
https://es.wikipedia.org/wiki/Mauricio_Pesutic,6,0,0,0,0,Mauricio Pešutić,pinto_chile,chile,6,1,0,0,0,0
https://es.wikipedia.org/wiki/Mauricio_Riesco_Droguett,0,0,2,0,0,Mauricio Riesco Droguett,echaurren,chile,2,0,0,1,0,0
https://es.wikipedia.org/wiki/Max_Luksic,1,0,0,0,0,Max Luksic,luksic,chile,1,1,0,0,0,0
https://es.wikipedia.org/wiki/Maximiano_Err%C3%A1zuriz_Valdivieso,4,0,2,3,0,Maximiano Errázuriz Valdivieso,errázuriz,chile,9,0.4444444444444444,0,0.2222222222222222,0.3333333333333333,0
https://es.wikipedia.org/wiki/Maximiliano_Duque,0,0,0,0,0,Maximiliano Duque,ospina,colombia,0,0,0,0,0,0
https://es.wikipedia.org/wiki/Maya_Fern%C3%A1ndez,0,0,0,0,0,Maya Fernández,allende,chile,0,0,0,0,0,0
https://es.wikipedia.org/wiki/Maya_Fernández,0,0,0,0,0,Maya Fernández,allende,chile,0,0,0,0,0,0
https://es.wikipedia.org/wiki/Medardo_Rivas,0,0,0,0,0,Medardo Rivas,groot,colombia,0,0,0,0,0,0
https://es.wikipedia.org/wiki/Melania_Urbina,2,0,0,0,0,Melania Urbina,lavalle,peru,2,1,0,0,0,0
https://es.wikipedia.org/wiki/Melanie_Zichy-Ferraris,0,0,0,0,0,Melanie Zichy-Ferraris,carvajal_y_vargas,chile,0,0,0,0,0,0
https://es.wikipedia.org/wiki/Melanie_von_Zichy-Ferraris_de_Zich_et_V%C3%A1sonyke%C3%B6,0,0,0,0,0,Melanie von Zichy-Ferraris de Zich et Vásonykeö,carvajal_y_vargas,chile,0,0,0,0,0,0
https://es.wikipedia.org/wiki/Melchor_Concha_y_Toro,12,0,0,0,0,Melchor Concha y Toro,concha_chile,chile,12,1,0,0,0,0
https://es.wikipedia.org/wiki/Melchor_de_Santiago_Concha_y_Cerda,0,0,0,0,0,Melchor de Santiago Concha y Cerda,concha_chile,chile,0,0,0,0,0,0
https://es.wikipedia.org/wiki/Melchor_de_Santiago_Concha_y_Errazquin,0,0,0,0,0,Melchor de Santiago Concha y Errazquin,santiago_concha,peru,0,0,0,0,0,0
https://es.wikipedia.org/wiki/Melit%C3%B3n_F._Porras_Osores,0,0,0,0,0,Melitón Porras Osores,porras,peru,0,0,0,0,0,0
https://es.wikipedia.org/wiki/Melit%C3%B3n_Pedraza,0,0,0,0,0,Melitón Pedraza,pedraza,argentina,0,0,0,0,0,0
https://es.wikipedia.org/wiki/Melit%C3%B3n_Pedraza_y_Pereyra,0,0,0,0,0,Melitón Pedraza,billinghurst,argentina,0,0,0,0,0,0
https://es.wikipedia.org/wiki/Melit%C3%B3n_Porras_D%C3%ADaz,1,0,0,0,0,Melitón Porras Díaz,porras,peru,1,1,0,0,0,0
https://es.wikipedia.org/wiki/Melit%C3%B3n_Porras_Osores,0,0,0,0,0,Melitón Porras Osores,porras,peru,0,0,0,0,0,0
https://es.wikipedia.org/wiki/Melit%C3%B3n_Reyes_Andrade,2,0,0,0,0,Melitón Reyes Andrade,reyes_larios,mexico,2,1,0,0,0,0
https://es.wikipedia.org/wiki/Melit%C3%B3n_Reyes_Larios,0,0,0,0,0,Melitón Reyes Larios,reyes_larios,mexico,0,0,0,0,0,0
https://es.wikipedia.org/wiki/Mercedes_%C3%81lvarez_de_Flores,2,0,0,0,0,Mercedes Álvarez de Flores,álvarez_del_casal,colombia,2,1,0,0,0,0
https://es.wikipedia.org/wiki/Mercedes_Belz%C3%BA_Gorriti,1,0,0,0,0,Mercedes Belzu,zuviría,bolivia,1,1,0,0,0,0
https://es.wikipedia.org/wiki/Mercedes_Belz%C3%BA_de_Dorado,1,0,0,0,0,Mercedes Belzu,zuviría,bolivia,1,1,0,0,0,0
https://es.wikipedia.org/wiki/Mercedes_Belzu,0,0,0,0,0,Mercedes Belzu,gorriti,bolivia,0,0,0,0,0,0
https://es.wikipedia.org/wiki/Mercedes_Bulnes,0,0,0,0,0,Mercedes Bulnes,bulnes,chile,0,0,0,0,0,0
https://es.wikipedia.org/wiki/Mercedes_Castellanos_de_Anchorena,0,0,0,0,0,Mercedes Castellanos de Anchorena,anchorena,argentina,0,0,0,0,0,0
https://es.wikipedia.org/wiki/Mercedes_Delgado_Mallarino,2,0,0,0,0,Mercedes Delgado Mallarino,mallarino,colombia,2,1,0,0,0,0
https://es.wikipedia.org/wiki/Mercedes_Ducci,0,0,0,0,0,Mercedes Ducci,fontaine,chile,0,0,0,0,0,0
https://es.wikipedia.org/wiki/Mercedes_Fontecilla,1,2,3,4,2,Mercedes Fontecilla,pinto_chile,chile,12,0.08333333333333333,0.16666666666666666,0.25,0.3333333333333333,0.16666666666666666
https://es.wikipedia.org/wiki/Mercedes_Hurtado_de_%C3%81lvarez,0,0,1,0,0,Mercedes Hurtado de Álvarez,álvarez_del_casal,colombia,1,0,0,1,0,0
https://es.wikipedia.org/wiki/Mercedes_Mar%C3%ADn_del_Solar,0,0,0,2,0,Mercedes Marín del Solar,claro_chile,chile,2,0,0,0,1,0
https://es.wikipedia.org/wiki/Mercedes_Menafra,0,0,1,0,0,Mercedes Menafra,saavedra,uruguay,1,0,0,1,0,0
https://es.wikipedia.org/wiki/Mercedes_Ortiz_de_Rozas,0,2,0,0,2,Mercedes Ortiz de Rozas,ortiz_de_rozas,argentina,4,0,0.5,0,0,0.5
https://es.wikipedia.org/wiki/Mercedes_Soler_%28actriz%29,6,0,0,0,0,Mercedes Soler (actriz),soler,mexico,6,1,0,0,0,0
https://es.wikipedia.org/wiki/Mercedes_Tijero_de_Alayza,0,0,0,0,0,Mercedes Tijero de Alayza,alayza,peru,0,0,0,0,0,0
https://es.wikipedia.org/wiki/Mercedes_Tomasa_San_Mart%C3%ADn_y_Escalada,9,0,4,0,0,Mercedes Tomasa San Martín y Escalada,balcarce,argentina,13,0.6923076923076923,0,0.3076923076923077,0,0
https://es.wikipedia.org/wiki/Mercedes_Tomasa_de_San_Mart%C3%ADn_y_Escalada,9,0,0,0,0,Mercedes Tomasa San Martín y Escalada,balcarce,argentina,9,1,0,0,0,0
https://es.wikipedia.org/wiki/Mercedes_Vald%C3%A9s,0,0,0,0,0,Mercedes Valdés,valdés_chile,chile,0,0,0,0,0,0
https://es.wikipedia.org/wiki/Mercedes_Vald%C3%A9s_Cuevas,0,0,0,0,0,Mercedes Valdés,valdés_chile,chile,0,0,0,0,0,0
https://es.wikipedia.org/wiki/Merlina_Licht,0,0,0,0,0,Merlina Licht,borensztein,argentina,0,0,0,0,0,0
https://es.wikipedia.org/wiki/Michael_Kast,4,0,0,0,0,Michael Kast,kast,chile,4,1,0,0,0,0
https://es.wikipedia.org/wiki/Michael_Kast_Schindele,1,0,0,0,0,Michael Kast,kast,chile,1,1,0,0,0,0
https://es.wikipedia.org/wiki/Michael_Lindsay-Hogg,0,0,0,0,0,Michael Lindsay-Hogg,lópez_negrete,mexico,0,0,0,0,0,0
https://es.wikipedia.org/wiki/Michelle_Bachelet,4,0,0,0,0,Michelle Bachelet,bachelet,chile,4,1,0,0,0,0
https://es.wikipedia.org/wiki/Michelle_Bachelet_Jeria,2,0,0,0,0,Michelle Bachelet,bachelet,chile,2,1,0,0,0,0
https://es.wikipedia.org/wiki/Micky_Rospigliosi,0,0,0,0,0,Micky Rospigliosi,rospigliosi,peru,0,0,0,0,0,0
https://es.wikipedia.org/wiki/Miguel_%C3%81ngel_Yunes_Linares,2,0,0,0,0,Miguel Ángel Yunes Linares,yunes,mexico,2,1,0,0,0,0
https://es.wikipedia.org/wiki/Miguel_%C3%81ngel_Yunes_M%C3%A1rquez,2,0,0,0,0,Miguel Ángel Yunes Márquez,yunes,mexico,2,1,0,0,0,0
https://es.wikipedia.org/wiki/Miguel_Abad%C3%ADa_M%C3%A9ndez,0,0,0,0,0,Miguel Abadía Méndez,álvarez_del_casal,colombia,0,0,0,0,0,0
https://es.wikipedia.org/wiki/Miguel_Alem%C3%A1n_Gonz%C3%A1lez,0,0,0,0,0,Miguel Alemán González,alemán,mexico,0,0,0,0,0,0
https://es.wikipedia.org/wiki/Miguel_Alem%C3%A1n_Magnani,2,0,0,0,0,Miguel Alemán Magnani,alemán,mexico,2,1,0,0,0,0
https://es.wikipedia.org/wiki/Miguel_Alem%C3%A1n_Vald%C3%A9s,6,0,0,0,0,Miguel Alemán Valdés,alemán,mexico,6,1,0,0,0,0
https://es.wikipedia.org/wiki/Miguel_Alem%C3%A1n_Velasco,12,0,0,0,0,Miguel Alemán Velasco,alemán,mexico,12,1,0,0,0,0
https://es.wikipedia.org/wiki/Miguel_Allamand,0,0,0,1,0,Miguel Allamand,allamand,chile,1,0,0,0,1,0
https://es.wikipedia.org/wiki/Miguel_Alva_Orlandini,0,0,0,0,0,Miguel Alva Orlandini,alva,peru,0,0,0,0,0,0
https://es.wikipedia.org/wiki/Miguel_Antonio_Caro,2,2,4,4,0,Miguel Antonio Caro,azuola,colombia,12,0.16666666666666666,0.16666666666666666,0.3333333333333333,0.3333333333333333,0
https://es.wikipedia.org/wiki/Miguel_Antonio_Checa_Eguiguren,2,0,0,0,0,Miguel Antonio Checa Eguiguren,eguiguren,peru,2,1,0,0,0,0
https://es.wikipedia.org/wiki/Miguel_Ar%C3%A1oz_y_Arce,1,0,0,0,0,Miguel Aráoz y Arce,aráoz,peru,1,1,0,0,0,0
https://es.wikipedia.org/wiki/Miguel_Arce,0,2,2,2,0,Miguel Arce,acuña,peru,6,0,0.3333333333333333,0.3333333333333333,0.3333333333333333,0
https://es.wikipedia.org/wiki/Miguel_Arroyo_Diez,4,0,0,0,0,Miguel Arroyo Diez,arroyo,colombia,4,1,0,0,0,0
https://es.wikipedia.org/wiki/Miguel_Arroyo_Hurtado,9,0,0,0,0,Miguel Arroyo Hurtado,arroyo,colombia,9,1,0,0,0,0
https://es.wikipedia.org/wiki/Miguel_Aylwin,6,0,0,0,0,Miguel Aylwin,aylwin,chile,6,1,0,0,0,0
https://es.wikipedia.org/wiki/Miguel_Aylwin_Gajardo,2,0,0,0,0,Miguel Aylwin,aylwin,chile,2,1,0,0,0,0
https://es.wikipedia.org/wiki/Miguel_Boyer,0,0,0,0,0,Miguel Boyer,vargas_llosa,peru,0,0,0,0,0,0
https://es.wikipedia.org/wiki/Miguel_Braun,0,0,0,0,0,Miguel Braun,braun,argentina,0,0,0,0,0,0
https://es.wikipedia.org/wiki/Miguel_Checa_y_Checa,6,0,0,0,0,Miguel Checa y Checa,eguiguren,peru,6,1,0,0,0,0
https://es.wikipedia.org/wiki/Miguel_Emilio_Luna_y_Peralta,2,0,0,0,0,Miguel Emilio Luna y Peralta,luna,peru,2,1,0,0,0,0
https://es.wikipedia.org/wiki/Miguel_Escalada,2,0,0,0,0,Miguel Escalada,escalada_(de_burgos),argentina,2,1,0,0,0,0
https://es.wikipedia.org/wiki/Miguel_Francisco_de_Villegas,2,0,0,0,0,Miguel Francisco de Villegas,villegas,argentina,2,1,0,0,0,0
https://es.wikipedia.org/wiki/Miguel_Francisco_de_Villegas#Matrimonio_y_descendencia,2,0,0,0,0,Miguel Francisco de Villegas,villegas,argentina,2,1,0,0,0,0
https://es.wikipedia.org/wiki/Miguel_G%C3%B3mez-Mont_Urueta,0,0,0,0,0,Miguel Gómez-Mont Urueta,gómez-mont,mexico,0,0,0,0,0,0
https://es.wikipedia.org/wiki/Miguel_G%C3%B3mez_Mart%C3%ADnez,0,0,0,0,0,Miguel Gómez Martínez,gómez,colombia,0,0,0,0,0,0
https://es.wikipedia.org/wiki/Miguel_Garc%C3%ADa_Granados,0,0,0,0,0,Miguel García Granados,garcía_granados,mexico,0,0,0,0,0,0
https://es.wikipedia.org/wiki/Miguel_Ger%C3%B3nimo_Seminario_y_Jaime,2,0,0,0,0,Miguel Gerónimo Seminario y Jaime,seminario,peru,2,1,0,0,0,0
https://es.wikipedia.org/wiki/Miguel_Grau,1,0,0,0,0,Miguel Grau,grau,peru,1,1,0,0,0,0
https://es.wikipedia.org/wiki/Miguel_Kast,16,0,0,0,0,Miguel Kast,kast,chile,16,1,0,0,0,0
https://es.wikipedia.org/wiki/Miguel_Kast_Rist,3,0,0,0,0,Miguel Kast,kast,chile,3,1,0,0,0,0
https://es.wikipedia.org/wiki/Miguel_L%C3%B3pez_Pumarejo,6,0,0,0,0,Miguel López Pumarejo,lópez,colombia,6,1,0,0,0,0
https://es.wikipedia.org/wiki/Miguel_Lawner_Steiman,0,0,0,0,0,Miguel Lawner,barrenechea_chile,chile,0,0,0,0,0,0
https://es.wikipedia.org/wiki/Miguel_Luis_Amun%C3%A1tegui,0,0,0,0,0,Miguel Luis Amunátegui,amunátegui,chile,0,0,0,0,0,0
https://es.wikipedia.org/wiki/Miguel_Luis_Amun%C3%A1tegui_Johnson,0,0,0,0,0,Miguel Luis Amunátegui Johnson,amunátegui,chile,0,0,0,0,0,0
https://es.wikipedia.org/wiki/Miguel_Luis_Amun%C3%A1tegui_Reyes,1,0,0,0,0,Miguel Luis Amunátegui Reyes,amunátegui,chile,1,1,0,0,0,0
https://es.wikipedia.org/wiki/Miguel_Luis_Amunategui,1,0,0,0,0,Miguel Luis Amunátegui,amunátegui,chile,1,1,0,0,0,0
https://es.wikipedia.org/wiki/Miguel_Mariano_de_Villegas,6,0,0,0,0,Miguel Mariano de Villegas,villegas,argentina,6,1,0,0,0,0
https://es.wikipedia.org/wiki/Miguel_Mariano_de_Villegas#Matrimonio_y_descendencia,9,0,0,0,0,Miguel Mariano de Villegas,villegas,argentina,9,1,0,0,0,0
https://es.wikipedia.org/wiki/Miguel_Mujica_Gallo,1,0,0,0,0,Miguel Mujica Gallo,mujica,peru,1,1,0,0,0,0
https://es.wikipedia.org/wiki/Miguel_Ocampo,0,0,0,0,0,Miguel Ocampo,ocampo,argentina,0,0,0,0,0,0
https://es.wikipedia.org/wiki/Miguel_Pi%C3%B1era,2,0,2,0,0,Miguel Piñera,echenique,chile,4,0.5,0,0.5,0,0
https://es.wikipedia.org/wiki/Miguel_Rinc%C3%B3n_Rinc%C3%B3n,0,0,0,0,0,Miguel Rincón Rincón,rincón,peru,0,0,0,0,0,0
https://es.wikipedia.org/wiki/Miguel_Samper,0,0,0,0,0,Miguel Samper,samper,colombia,0,0,0,0,0,0
https://es.wikipedia.org/wiki/Miguel_Samper_Strouss,2,0,2,2,0,Miguel Samper Strouss,gnecco,colombia,6,0.3333333333333333,0,0.3333333333333333,0.3333333333333333,0
https://es.wikipedia.org/wiki/Miguel_Toro_Ram%C3%ADrez,0,0,0,0,0,Miguel Toro Ramírez,toro_venezuela,venezuela,0,0,0,0,0,0
https://es.wikipedia.org/wiki/Miguel_Uribe_Londo%C3%B1o,2,0,2,2,0,Miguel Uribe Londoño,quintero,colombia,6,0.3333333333333333,0,0.3333333333333333,0.3333333333333333,0
https://es.wikipedia.org/wiki/Miguel_Uribe_Turbay,2,0,2,0,0,Miguel Uribe Turbay,quintero,colombia,4,0.5,0,0.5,0,0
https://es.wikipedia.org/wiki/Miguel_Urrutia_Montoya,2,0,0,0,0,Miguel Urrutia Montoya,arboleda,colombia,2,1,0,0,0,0
https://es.wikipedia.org/wiki/Miguel_V%C3%A1squez,0,0,0,0,0,Miguel Vásquez Barrientos,barrientos,colombia,0,0,0,0,0,0
https://es.wikipedia.org/wiki/Miguel_V%C3%A1squez_Barrientos,0,0,0,0,0,Miguel Vásquez Barrientos,barrientos,colombia,0,0,0,0,0,0
https://es.wikipedia.org/wiki/Miguel_Vega_Uribe,0,0,0,0,0,Miguel Vega Uribe,vega,colombia,0,0,0,0,0,0
https://es.wikipedia.org/wiki/Miguel_Wenceslao_de_Angulo,0,0,1,0,0,Miguel Wenceslao de Angulo,angulo,colombia,1,0,0,1,0,0
https://es.wikipedia.org/wiki/Miguel_de_Azcu%C3%A9naga,0,0,0,0,0,Miguel de Azcuénaga,azcuénaga,argentina,0,0,0,0,0,0
https://es.wikipedia.org/wiki/Misael_Pastrana,17,0,0,0,0,Misael Pastrana,borrero,colombia,17,1,0,0,0,0
https://es.wikipedia.org/wiki/Misael_Pastrana_Borrero,9,0,0,0,0,Misael Pastrana,borrero,colombia,9,1,0,0,0,0
https://es.wikipedia.org/wiki/Misael_Pastrana_Pastrana,4,0,0,0,0,Misael Pastrana Pastrana,borrero,colombia,4,1,0,0,0,0
https://es.wikipedia.org/wiki/Misi,0,0,0,0,0,Misi,samper,colombia,0,0,0,0,0,0
https://es.wikipedia.org/wiki/Moctezuma_Xocoyotzin,0,0,0,0,0,Moctezuma Xocoyotzin,moctezuma,mexico,0,0,0,0,0,0
https://es.wikipedia.org/wiki/Modesto_Basadre,0,0,0,0,0,Modesto Basadre,basadre,peru,0,0,0,0,0,0
https://es.wikipedia.org/wiki/Morgana_Vargas_Llosa,0,0,0,0,0,Morgana Vargas Llosa,vargas_llosa,peru,0,0,0,0,0,0
https://es.wikipedia.org/wiki/Myriam_Stefford,2,0,0,0,0,Myriam Stefford,sabattini,argentina,2,1,0,0,0,0
https://es.wikipedia.org/wiki/N%C3%A9stor_Kirchner,2,0,0,0,0,Néstor Kirchner,kirchner,argentina,2,1,0,0,0,0
https://es.wikipedia.org/wiki/N%C3%A9stor_Morales,0,0,0,0,0,Néstor Morales,duque,colombia,0,0,0,0,0,0
https://es.wikipedia.org/wiki/Nadine_Heredia,1,0,0,0,0,Nadine Heredia,humala,peru,1,1,0,0,0,0
https://es.wikipedia.org/wiki/Nancy_Colmenares,4,0,0,0,0,Nancy Colmenares,chávez,venezuela,4,1,0,0,0,0
https://es.wikipedia.org/wiki/Nancy_Colmenares_Luciani,1,0,0,0,0,Nancy Colmenares,chávez,venezuela,1,1,0,0,0,0
https://es.wikipedia.org/wiki/Napole%C3%B3n_Uriburu,4,0,0,0,0,Napoleón Uriburu,álvarez_de_arenales,argentina,4,1,0,0,0,0
https://es.wikipedia.org/wiki/Narciso_Campero,0,0,0,0,0,Narciso Campero,campero,bolivia,0,0,0,0,0,0
https://es.wikipedia.org/wiki/Natalia_Chac%C3%B3n,2,0,0,0,0,Natalia Chacón,elías-calles,mexico,2,1,0,0,0,0
https://es.wikipedia.org/wiki/Natalia_Toledo_Paz,0,0,0,1,0,Natalia Toledo Paz,pinal_hidalgo,mexico,1,0,0,0,1,0
https://es.wikipedia.org/wiki/Natalie_V%C3%A9rtiz,0,0,0,0,0,Natalie Vértiz,vértiz,peru,0,0,0,0,0,0
https://es.wikipedia.org/wiki/Natalio_F%C3%A9lix_Botana,0,0,0,0,0,Natalio Félix Botana,botana,argentina,0,0,0,0,0,0
https://es.wikipedia.org/wiki/Nathalia_Aragonese,0,0,0,0,0,Nathalia Aragonese,walker_chile,chile,0,0,0,0,0,0
https://es.wikipedia.org/wiki/Nelly_Meruane,0,0,0,0,0,Nelly Meruane,meruane,chile,0,0,0,0,0,0
https://es.wikipedia.org/wiki/Nemecio_Orbegoso,0,0,0,0,0,Nemecio Orbegoso,orbegoso,peru,0,0,0,0,0,0
https://es.wikipedia.org/wiki/Nemesio_Vargas_Valdivieso,0,0,0,0,0,Nemesio Vargas Valdivieso,ugarte,peru,0,0,0,0,0,0
https://es.wikipedia.org/wiki/Nemesio_Vicu%C3%B1a_Mackenna,0,0,0,0,0,Nemesio Vicuña Mackenna,mackenna,chile,0,0,0,0,0,0
https://es.wikipedia.org/wiki/Nestor_Morales,0,0,0,0,0,Néstor Morales,duque,colombia,0,0,0,0,0,0
https://es.wikipedia.org/wiki/Niall_Garve_O%27Donnell,0,0,0,0,0,Niall Garve O'Donnell,o'donnell,colombia,0,0,0,0,0,0
https://es.wikipedia.org/wiki/Nicanor_%C3%81lvarez-Calder%C3%B3n,0,0,0,0,0,Nicanor Álvarez-Calderón,álvarez_calderón,peru,0,0,0,0,0,0
https://es.wikipedia.org/wiki/Nicanor_Mujica_%C3%81lvarez-Calder%C3%B3n,0,0,1,0,0,Nicanor Mujica Álvarez-Calderón,álvarez_calderón,peru,1,0,0,1,0,0
https://es.wikipedia.org/wiki/Nicanor_Parra,2,0,0,0,0,Nicanor Parra,parra_chile,chile,2,1,0,0,0,0
https://es.wikipedia.org/wiki/Nicanor_Restrepo_Restrepo,6,0,0,0,0,Nicanor Restrepo Restrepo,jaramillo_colombia,colombia,6,1,0,0,0,0
https://es.wikipedia.org/wiki/Nicanor_Restrepo_Santamar%C3%ADa,0,0,0,0,0,Nicanor Restrepo Santamaría,restrepo,colombia,0,0,0,0,0,0
https://es.wikipedia.org/wiki/Nicol%C3%A1s_Avellaneda,2,0,0,0,0,Nicolás Avellaneda,avellaneda,argentina,2,1,0,0,0,0
https://es.wikipedia.org/wiki/Nicol%C3%A1s_Avellaneda_y_Tula,0,0,0,0,0,Nicolás Avellaneda y Tula,avellaneda,argentina,0,0,0,0,0,0
https://es.wikipedia.org/wiki/Nicol%C3%A1s_Cabr%C3%A9,0,0,0,0,0,Nicolás Cabré,vicuña,argentina,0,0,0,0,0,0
https://es.wikipedia.org/wiki/Nicol%C3%A1s_Caputo,0,0,0,0,0,Nicolás Caputo,caputo,argentina,0,0,0,0,0,0
https://es.wikipedia.org/wiki/Nicol%C3%A1s_Fern%C3%A1ndez_de_Pi%C3%A9rola_y_Flores,4,0,0,0,0,Nicolás Fernández de Piérola y Flores,piérola,peru,4,1,0,0,0,0
https://es.wikipedia.org/wiki/Nicol%C3%A1s_Freire,0,0,0,0,0,Nicolás Freire,freire,peru,0,0,0,0,0,0
https://es.wikipedia.org/wiki/Nicol%C3%A1s_Freire_Gonz%C3%A1lez,2,0,0,0,0,Nicolás Freire,freire,peru,2,1,0,0,0,0
https://es.wikipedia.org/wiki/Nicol%C3%A1s_Grau,1,0,0,0,0,Nicolás Grau,veloso,chile,1,1,0,0,0,0
https://es.wikipedia.org/wiki/Nicol%C3%A1s_Jim%C3%A9nez_de_Lobat%C3%B3n_y_Aza%C3%B1a,2,0,0,0,0,Nicolás Jiménez de Lobatón y Azaña,jiménez_de_lobatón,peru,2,1,0,0,0,0
https://es.wikipedia.org/wiki/Nicol%C3%A1s_Maduro,1,0,0,0,0,Nicolás Maduro,maduro,venezuela,1,1,0,0,0,0
https://es.wikipedia.org/wiki/Nicol%C3%A1s_Maduro_Guerra,1,0,0,0,0,Nicolás Maduro Guerra,maduro,venezuela,1,1,0,0,0,0
https://es.wikipedia.org/wiki/Nicol%C3%A1s_Maduro_Moros,1,0,0,0,0,Nicolás Maduro,maduro,venezuela,1,1,0,0,0,0
https://es.wikipedia.org/wiki/Nicol%C3%A1s_Marambio_Montt,0,0,0,0,0,Nicolás Marambio Montt,montt,chile,0,0,0,0,0,0
https://es.wikipedia.org/wiki/Nicol%C3%A1s_Petro,0,0,0,0,0,Nicolás Petro,petro,colombia,0,0,0,0,0,0
https://es.wikipedia.org/wiki/Nicol%C3%A1s_Rodr%C3%ADguez_Sa%C3%A1,0,0,0,0,0,Nicolás Rodríguez Saá,rodríguez_saá,argentina,0,0,0,0,0,0
https://es.wikipedia.org/wiki/Nicol%C3%A1s_Sanz_de_Santamar%C3%ADa,0,2,0,0,2,Nicolás Sanz de Santamaría,prieto,chile,4,0,0.5,0,0,0.5
https://es.wikipedia.org/wiki/Nicol%C3%A1s_Tanco,2,0,0,0,0,Nicolás Tanco,argáez,colombia,2,1,0,0,0,0
https://es.wikipedia.org/wiki/Nicol%C3%A1s_Tanco_Bosmeniel,2,0,0,0,0,Nicolás Tanco Bosmeniel,argáez,colombia,2,1,0,0,0,0
https://es.wikipedia.org/wiki/Nicol%C3%A1s_Yerovi,0,3,2,2,0,Nicolás Yerovi,cano,peru,7,0,0.42857142857142855,0.2857142857142857,0.2857142857142857,0
https://es.wikipedia.org/wiki/Nicol%C3%A1s_de_Aran%C3%ADbar,0,0,0,0,0,Nicolás de Araníbar,araníbar,peru,0,0,0,0,0,0
https://es.wikipedia.org/wiki/Nicol%C3%A1s_de_Pi%C3%A9rola,2,0,0,0,0,Nicolás de Piérola,piérola,peru,2,1,0,0,0,0
https://es.wikipedia.org/wiki/Nicol%C3%A1s_de_Pi%C3%A9rola_Villena,4,0,0,0,0,Nicolás de Piérola,piérola,peru,4,1,0,0,0,0
https://es.wikipedia.org/wiki/Nicolasa_Montt_de_Marambio,0,0,0,0,0,Nicolasa Montt de Marambio,montt,chile,0,0,0,0,0,0
https://es.wikipedia.org/wiki/Nicole_Faver%C3%B3n,0,0,0,0,0,Nicole Faverón,cayo,peru,0,0,0,0,0,0
https://es.wikipedia.org/wiki/Nilda_Garr%C3%A9,0,0,0,0,0,Nilda Garré,abal_medina,argentina,0,0,0,0,0,0
https://es.wikipedia.org/wiki/Noel_Werthein,2,0,0,0,0,Noel Werthein,werthein,argentina,2,1,0,0,0,0
https://es.wikipedia.org/wiki/Nohra_Puyana_de_Pastrana,2,0,0,0,0,Nohra Puyana de Pastrana,borrero,colombia,2,1,0,0,0,0
https://es.wikipedia.org/wiki/Nora_Lilian_Nazar,1,0,0,0,0,Nora Nazar,romero_feris,argentina,1,1,0,0,0,0
https://es.wikipedia.org/wiki/Nora_Nazar,0,0,0,0,0,Nora Nazar,romero_feris,argentina,0,0,0,0,0,0
https://es.wikipedia.org/wiki/Norah_Borges,2,0,0,0,0,Norah Borges,lafinur,argentina,2,1,0,0,0,0
https://es.wikipedia.org/wiki/Norberto_El%C3%A9spuru,6,0,0,0,0,Norberto Eléspuru,eléspuru,peru,6,1,0,0,0,0
https://es.wikipedia.org/wiki/Norma_Arrostito,0,0,0,0,0,Norma Arrostito,abal_medina,argentina,0,0,0,0,0,0
https://es.wikipedia.org/wiki/Numa_Pompilio_Llona,2,0,0,0,0,Numa Pompilio Llona,llona,ecuador,2,1,0,0,0,0
https://es.wikipedia.org/wiki/Nydia_Quintero,20,0,5,0,0,Nydia Quintero,quintero,colombia,25,0.8,0,0.2,0,0
https://es.wikipedia.org/wiki/Octavio_Bunge,6,0,0,0,0,Octavio Bunge,bunge,argentina,6,1,0,0,0,0
https://es.wikipedia.org/wiki/Octavio_Frigerio,2,0,0,0,0,Octavio Frigerio,frigerio,argentina,2,1,0,0,0,0
https://es.wikipedia.org/wiki/Odiseo_Bichir,2,0,0,0,0,Odiseo Bichir,bichir,mexico,2,1,0,0,0,0
https://es.wikipedia.org/wiki/Oja_Kodar,0,0,0,0,0,Oja Kodar,lópez_negrete,mexico,0,0,0,0,0,0
https://es.wikipedia.org/wiki/Olga_Duque_de_Ospina,2,0,0,0,0,Olga Duque de Ospina,ospina,colombia,2,1,0,0,0,0
https://es.wikipedia.org/wiki/Olga_de_Grecia,0,0,0,0,0,Olga de Grecia,ulloa,peru,0,0,0,0,0,0
https://es.wikipedia.org/wiki/Olinda_Boz%C3%A1n,6,0,0,0,0,Olinda Bozán,podestá,argentina,6,1,0,0,0,0
https://es.wikipedia.org/wiki/Oliverio_Lara_Borrero,0,0,0,0,0,Oliverio Lara Borrero,borrero,colombia,0,0,0,0,0,0
https://es.wikipedia.org/wiki/Olivia_Revueltas,0,0,0,0,0,Olivia Revueltas,revueltas_sánchez,mexico,0,0,0,0,0,0
https://es.wikipedia.org/wiki/Ollanta_Humala,1,0,0,0,0,Ollanta Humala,humala,peru,1,1,0,0,0,0
https://es.wikipedia.org/wiki/Ollanta_Humala_Tasso,1,0,0,0,0,Ollanta Humala,humala,peru,1,1,0,0,0,0
https://es.wikipedia.org/wiki/Omar_Acedo,0,0,0,0,0,Omar Acedo,cabello,venezuela,0,0,0,0,0,0
https://es.wikipedia.org/wiki/Omar_Chab%C3%A1n,0,0,0,0,0,Omar Chabán,alemann,argentina,0,0,0,0,0,0
https://es.wikipedia.org/wiki/Omar_Fayad_Meneses,0,0,0,0,0,Omar Fayad,derbez,mexico,0,0,0,0,0,0
https://es.wikipedia.org/wiki/Onofre_Betbeder,0,0,0,0,0,Onofre Betbeder,avellaneda,argentina,0,0,0,0,0,0
https://es.wikipedia.org/wiki/Oriana_Cicconi,0,0,0,0,0,Oriana Cicconi,alarco,peru,0,0,0,0,0,0
https://es.wikipedia.org/wiki/Orlando_Fals_Borda,0,0,0,0,0,Orlando Fals Borda,camacho,colombia,0,0,0,0,0,0
https://es.wikipedia.org/wiki/Orson_Welles,12,0,0,0,0,Orson Welles,lópez_negrete,mexico,12,1,0,0,0,0
https://es.wikipedia.org/wiki/Oscar_Braun,0,0,0,0,0,Oscar Braun,braun,argentina,0,0,0,0,0,0
https://es.wikipedia.org/wiki/Oscar_Valicelli,2,0,0,0,0,Oscar Valicelli,podestá,argentina,2,1,0,0,0,0
https://es.wikipedia.org/wiki/Osvaldo_Cattone,0,0,0,0,0,Osvaldo Cattone,salazar_y_meléndez,argentina,0,0,0,0,0,0
https://es.wikipedia.org/wiki/Osvaldo_Hiriart,1,0,0,0,0,Osvaldo Hiriart,pinochet,chile,1,1,0,0,0,0
https://es.wikipedia.org/wiki/Osvaldo_Rengifo,0,0,0,0,0,Osvaldo Rengifo,vial,chile,0,0,0,0,0,0
https://es.wikipedia.org/wiki/Oswaldo_Seminario_y_Arambur%C3%BA,0,0,0,0,0,Oswaldo Seminario y Aramburú,seminario,peru,0,0,0,0,0,0
https://es.wikipedia.org/wiki/Otilia_Larra%C3%B1aga,2,0,0,0,0,Otilia Larrañaga,aguilar,mexico,2,1,0,0,0,0
https://es.wikipedia.org/wiki/Otto_Bemberg,0,0,0,0,0,Otto Bemberg,ocampo,argentina,0,0,0,0,0,0
https://es.wikipedia.org/wiki/Ovidio_Guzm%C3%A1n_L%C3%B3pez,0,0,0,0,0,Ovidio Guzmán López,coronel_méxico,mexico,0,0,0,0,0,0
https://es.wikipedia.org/wiki/P%C3%ADo_Isaac_Acu%C3%B1a,0,0,0,0,0,Pío Isaac Acuña,acuña_argentina,argentina,0,0,0,0,0,0
https://es.wikipedia.org/wiki/P%C3%ADo_Trist%C3%A1n,0,0,0,1,0,Pío Tristán,tristán_del_pozo,peru,1,0,0,0,1,0
https://es.wikipedia.org/wiki/P%C3%ADo_Uriburu,0,0,0,0,0,Pío Uriburu,uriburu,argentina,0,0,0,0,0,0
https://es.wikipedia.org/wiki/Pablo_Blanco_Acevedo,0,0,0,0,0,Pablo Blanco Acevedo,blanco,uruguay,0,0,0,0,0,0
https://es.wikipedia.org/wiki/Pablo_Echaurren,0,0,0,0,0,Pablo Echaurren,echaurren,chile,0,0,0,0,0,0
https://es.wikipedia.org/wiki/Pablo_Emilio_Escobar_Gaviria,0,0,0,0,0,Pablo Escobar,escobar_gaviria,colombia,0,0,0,0,0,0
https://es.wikipedia.org/wiki/Pablo_Emilio_Madero,0,0,0,0,0,Pablo Emilio Madero,madero,mexico,0,0,0,0,0,0
https://es.wikipedia.org/wiki/Pablo_Escobar,0,0,0,0,0,Pablo Escobar,escobar_gaviria,colombia,0,0,0,0,0,0
https://es.wikipedia.org/wiki/Pablo_Kast,1,0,0,0,0,Pablo Kast,kast,chile,1,1,0,0,0,0
https://es.wikipedia.org/wiki/Pablo_Larra%C3%ADn,9,0,0,0,0,Pablo Larraín,matte,chile,9,1,0,0,0,0
https://es.wikipedia.org/wiki/Pablo_Mackenna,0,0,0,1,0,Pablo Mackenna,mackenna,chile,1,0,0,0,1,0
https://es.wikipedia.org/wiki/Pablo_Mouche,0,0,0,0,0,Pablo Mouche,saravia,argentina,0,0,0,0,0,0
https://es.wikipedia.org/wiki/Pablo_Neruda,6,0,0,0,0,Pablo Neruda,del_carril,chile,6,1,0,0,0,0
https://es.wikipedia.org/wiki/Pablo_Pi%C3%B1era,0,0,0,0,0,Pablo Piñera,echenique,chile,0,0,0,0,0,0
https://es.wikipedia.org/wiki/Pablo_Podest%C3%A1_%28actor%29,6,0,0,0,0,Pablo Podestá (actor),podestá,argentina,6,1,0,0,0,0
https://es.wikipedia.org/wiki/Pablo_Valenzuela,0,0,0,0,0,Pablo Valenzuela,sanfuentes,chile,0,0,0,0,0,0
https://es.wikipedia.org/wiki/Pablo_de_Metternich,6,0,0,0,0,Paul von Metternich,carvajal_y_vargas,chile,6,1,0,0,0,0
https://es.wikipedia.org/wiki/Paco_Malgesto,0,0,0,1,0,Paco Malgesto,aguilar,mexico,1,0,0,0,1,0
https://es.wikipedia.org/wiki/Paloma_Valencia,0,0,0,0,0,Paloma Valencia,laserna,colombia,0,0,0,0,0,0
https://es.wikipedia.org/wiki/Paloma_Valencia_Laserna,0,0,0,0,0,Paloma Valencia,laserna,colombia,0,0,0,0,0,0
https://es.wikipedia.org/wiki/Paloma_Yerovi_Cisneros,0,0,0,0,0,Paloma Yerovi Cisneros,yerovi,peru,0,0,0,0,0,0
https://es.wikipedia.org/wiki/Pamela_D%C3%ADaz,12,0,0,0,0,Pamela Díaz,kast,chile,12,1,0,0,0,0
https://es.wikipedia.org/wiki/Pamela_V%C3%A9rtiz,0,0,0,0,0,Pamela Vértiz,vértiz,peru,0,0,0,0,0,0
https://es.wikipedia.org/wiki/Pampita,0,0,0,0,0,Pampita,aylwin,argentina,0,0,0,0,0,0
https://es.wikipedia.org/wiki/Pantale%C3%B3n_Guti%C3%A9rrez,0,0,0,0,0,Pantaleón Gutiérrez,gutiérrez_díaz,colombia,0,0,0,0,0,0
https://es.wikipedia.org/wiki/Pantale%C3%B3n_Guti%C3%A9rrez_D%C3%ADaz_de_Quijano,0,0,1,1,0,Pantaleón Gutiérrez,gutiérrez_díaz,colombia,2,0,0,0.5,0.5,0
https://es.wikipedia.org/wiki/Pantale%C3%B3n_Sanz_de_Santamar%C3%ADa,0,0,0,0,0,Pantaleón Sanz de Santamaría,sanz_de_santamaría,colombia,0,0,0,0,0,0
https://es.wikipedia.org/wiki/Paolo_Rocca,0,0,0,0,0,Paolo Rocca,rocca,argentina,0,0,0,0,0,0
https://es.wikipedia.org/wiki/Paquita_Vehil,0,0,0,0,0,Paquita Vehil,bullrich,uruguay,0,0,0,0,0,0
https://es.wikipedia.org/wiki/Pastor_Obligado,0,0,0,0,0,Pastor Obligado,obligado,argentina,0,0,0,0,0,0
https://es.wikipedia.org/wiki/Pastor_Ospina_Rodr%C3%ADguez,0,0,0,0,0,Pastor Ospina Rodríguez,ospina,colombia,0,0,0,0,0,0
https://es.wikipedia.org/wiki/Pastor_S._Obligado,0,0,0,0,0,Pastor S. Obligado,obligado,argentina,0,0,0,0,0,0
https://es.wikipedia.org/wiki/Patricia_Bullrich,0,0,0,0,0,Patricia Bullrich,bullrich,argentina,0,0,0,0,0,0
https://es.wikipedia.org/wiki/Patricia_Chirinos,0,0,0,0,0,Patty Chirinos,chirinos,peru,0,0,0,0,0,0
https://es.wikipedia.org/wiki/Patricia_Frayssinet,9,0,4,3,0,Patricia Frayssinet,cano,peru,16,0.5625,0,0.25,0.1875,0
https://es.wikipedia.org/wiki/Patricia_Lobeira_Rodr%C3%ADguez,0,0,0,0,0,Patricia Lobeira Rodríguez,yunes,mexico,0,0,0,0,0,0
https://es.wikipedia.org/wiki/Patricia_Matte,6,0,3,0,0,Patricia Matte,bunster,chile,9,0.6666666666666666,0,0.3333333333333333,0,0
https://es.wikipedia.org/wiki/Patricia_Phelps_de_Cisneros,2,0,0,0,0,Patricia Phelps de Cisneros,cisneros_venezuela,venezuela,2,1,0,0,0,0
https://es.wikipedia.org/wiki/Patricia_Ruiz_Bravo,0,0,0,0,0,Patricia Ruiz Bravo,portocarrero_perú,peru,0,0,0,0,0,0
https://es.wikipedia.org/wiki/Patricia_Vaca_Narvaja,0,0,0,0,0,Patricia Vaca Narvaja,vaca_narvaja,argentina,0,0,0,0,0,0
https://es.wikipedia.org/wiki/Patricia_Verdugo,1,0,0,0,0,Patricia Verdugo,matte,chile,1,1,0,0,0,0
https://es.wikipedia.org/wiki/Patricio_Aylwin,16,0,0,0,0,Patricio Aylwin,aylwin,chile,16,1,0,0,0,0
https://es.wikipedia.org/wiki/Patricio_Fern%C3%A1ndez,0,0,0,0,0,Patricio Fernández,chadwick,chile,0,0,0,0,0,0
https://es.wikipedia.org/wiki/Patricio_Hales,0,0,0,0,0,Patricio Hales,hales,chile,0,0,0,0,0,0
https://es.wikipedia.org/wiki/Patricio_Larra%C3%ADn_Alcalde,0,0,0,0,0,Patricio Larraín Alcalde,gandarillas,chile,0,0,0,0,0,0
https://es.wikipedia.org/wiki/Patricio_Peralta_Ramos,0,0,0,0,0,Patricio Peralta Ramos,peralta_ramos,argentina,0,0,0,0,0,0
https://es.wikipedia.org/wiki/Patricio_Vald%C3%A9s,0,0,0,0,0,Patricio Valdés,valdés_chile,chile,0,0,0,0,0,0
https://es.wikipedia.org/wiki/Patrick_Bouvier_Kennedy,2,0,0,0,0,Patrick Bouvier Kennedy,onassis,argentina,2,1,0,0,0,0
https://es.wikipedia.org/wiki/Patrick_Wayne,0,0,0,0,0,Patrick Wayne,díaz_ceballos,mexico,0,0,0,0,0,0
https://es.wikipedia.org/wiki/Patrocinio_Gonz%C3%A1lez_Garrido,2,0,0,0,0,Patrocinio González Garrido,ortiz_mena,mexico,2,1,0,0,0,0
https://es.wikipedia.org/wiki/Patty_Chirinos,0,0,0,0,0,Patty Chirinos,chirinos,peru,0,0,0,0,0,0
https://es.wikipedia.org/wiki/Paula_Bevilacqua,2,0,0,0,0,Paula Bevilacqua,lander,venezuela,2,1,0,0,0,0
https://es.wikipedia.org/wiki/Paula_Fr%C3%ADas_Allende,0,0,0,0,0,Paula Frías Allende,allende,chile,0,0,0,0,0,0
https://es.wikipedia.org/wiki/Paula_Frías_Allende,0,0,0,0,0,Paula Frías Allende,allende,chile,0,0,0,0,0,0
https://es.wikipedia.org/wiki/Paula_Siero,2,0,0,0,0,Paula Siero,borensztein,argentina,2,1,0,0,0,0
https://es.wikipedia.org/wiki/Paulina_N%C3%BA%C3%B1ez,0,0,0,0,0,Paulina Núñez,monckeberg,chile,0,0,0,0,0,0
https://es.wikipedia.org/wiki/Paulina_Rubio,0,0,0,0,0,Paulina Rubio,dosamantes_rul,mexico,0,0,0,0,0,0
https://es.wikipedia.org/wiki/Paulina_Veloso,1,0,0,0,0,Paulina Veloso Valenzuela,veloso,chile,1,1,0,0,0,0
https://es.wikipedia.org/wiki/Paulina_Veloso_Valenzuela,0,0,0,0,0,Paulina Veloso Valenzuela,veloso,chile,0,0,0,0,0,0
https://es.wikipedia.org/wiki/Paulina_Vodanovic,0,0,0,0,0,Paulina Vodanovic,vodanovic,chile,0,0,0,0,0,0
https://es.wikipedia.org/wiki/Paullu_Inca,1,0,0,0,0,Paullu Inca,pizarro,chile,1,1,0,0,0,0
https://es.wikipedia.org/wiki/Paz_Bascu%C3%B1%C3%A1n,4,0,0,0,0,Paz Bascuñán,aylwin,chile,4,1,0,0,0,0
https://es.wikipedia.org/wiki/Paz_Undurraga,0,0,1,0,0,Paz Undurraga,undurraga,chile,1,0,0,1,0,0
https://es.wikipedia.org/wiki/Pedro_%C3%8D%C3%B1iguez_Larra%C3%ADn,12,0,4,0,0,Pedro Íñiguez Larraín,bello,chile,16,0.75,0,0.25,0,0
https://es.wikipedia.org/wiki/Pedro_A._L%C3%B3pez,6,0,0,0,0,Pedro Aquilino López,lópez,colombia,6,1,0,0,0,0
https://es.wikipedia.org/wiki/Pedro_Acevedo_y_Tejada,0,0,0,0,0,Pedro Acevedo y Tejada,acevedo_colombia,colombia,0,0,0,0,0,0
https://es.wikipedia.org/wiki/Pedro_Alc%C3%A1ntara_Herr%C3%A1n,0,0,0,0,0,Pedro Alcántara Herrán,arboleda,colombia,0,0,0,0,0,0
https://es.wikipedia.org/wiki/Pedro_Alejandrino_del_Solar,2,0,0,0,0,Pedro Alejandrino del Solar,del_solar,peru,2,1,0,0,0,0
https://es.wikipedia.org/wiki/Pedro_Andr%C3%A9s_Garc%C3%ADa,0,0,0,0,0,Pedro Andrés García,garcía_de_sobrecasa,argentina,0,0,0,0,0,0
https://es.wikipedia.org/wiki/Pedro_Antonio_Restrepo,0,0,1,1,0,Pedro Antonio Restrepo,jaramillo_colombia,colombia,2,0,0,0.5,0.5,0
https://es.wikipedia.org/wiki/Pedro_Aquilino_L%C3%B3pez,6,0,0,0,0,Pedro Aquilino López,lópez,colombia,6,1,0,0,0,0
https://es.wikipedia.org/wiki/Pedro_Aquilino_L%C3%B3pez_Medina,3,0,0,0,0,Pedro Aquilino López,lópez,colombia,3,1,0,0,0,0
https://es.wikipedia.org/wiki/Pedro_Astete_N%C3%BA%C3%B1ez,2,0,0,0,0,Pedro Astete Núñez,astete,peru,2,1,0,0,0,0
https://es.wikipedia.org/wiki/Pedro_Balmaceda,4,0,0,0,0,Pedro Balmaceda,balmaceda,chile,4,1,0,0,0,0
https://es.wikipedia.org/wiki/Pedro_Bordaberry,2,0,0,2,0,Pedro Bordaberry,bordaberry,uruguay,4,0.5,0,0,0.5,0
https://es.wikipedia.org/wiki/Pedro_Campos_Di_Girolamo,6,0,0,0,0,Pedro Campos Di Girolamo,di_girolamo,chile,6,1,0,0,0,0
https://es.wikipedia.org/wiki/Pedro_Castelli,0,0,0,0,0,Pedro Castelli,castelli,argentina,0,0,0,0,0,0
https://es.wikipedia.org/wiki/Pedro_Cort%C3%A9s_de_Monroy,0,0,0,0,0,Pedro Cortés de Monroy,cortés_de_monroy,chile,0,0,0,0,0,0
https://es.wikipedia.org/wiki/Pedro_Demetrio_O%27Higgins,2,0,0,0,0,Pedro Demetrio O'Higgins,cruz_chile,chile,2,1,0,0,0,0
https://es.wikipedia.org/wiki/Pedro_F%C3%A9lix_Vicu%C3%B1a,9,0,0,0,0,Pedro Félix Vicuña,mackenna,chile,9,1,0,0,0,0
https://es.wikipedia.org/wiki/Pedro_Felipe_Valencia,4,0,0,0,0,Pedro Felipe Valencia,laserna,colombia,4,1,0,0,0,0
https://es.wikipedia.org/wiki/Pedro_Felipe_de_Valencia,0,0,0,0,0,Pedro Felipe de Valencia,valencia,colombia,0,0,0,0,0,0
https://es.wikipedia.org/wiki/Pedro_G%C3%A1lvez_Eg%C3%BAsquiza,0,0,0,0,0,Pedro Gálvez Egúsquiza,gálvez,peru,0,0,0,0,0,0
https://es.wikipedia.org/wiki/Pedro_Galav%C3%ADs_M%C3%A9ndez,0,0,0,0,0,Pedro Galavís Méndez,lozano,colombia,0,0,0,0,0,0
https://es.wikipedia.org/wiki/Pedro_Garc%C3%ADa_de_la_Huerta_Izquierdo,0,0,0,0,0,Pedro García de la Huerta Izquierdo,matte,chile,0,0,0,0,0,0
https://es.wikipedia.org/wiki/Pedro_Garc%C3%ADa_de_la_Huerta_Matte,0,0,0,0,0,Pedro García de la Huerta Matte,matte,chile,0,0,0,0,0,0
https://es.wikipedia.org/wiki/Pedro_Groot,0,0,0,0,0,Pedro Groot,groot,colombia,0,0,0,0,0,0
https://es.wikipedia.org/wiki/Pedro_Hermosa,0,0,0,0,0,Pedro Hermosa,lópez_carrillo,paraguay,0,0,0,0,0,0
https://es.wikipedia.org/wiki/Pedro_Ib%C3%A1%C3%B1ez_Ojeda,6,0,0,0,0,Pedro Ibáñez Ojeda,ibáñez,chile,6,1,0,0,0,0
https://es.wikipedia.org/wiki/Pedro_Ignacio_Lizarzaburu,0,0,0,0,0,Pedro Ignacio Lizarzaburu,borja,ecuador,0,0,0,0,0,0
https://es.wikipedia.org/wiki/Pedro_Jos%C3%A9_Berr%C3%ADo,2,0,0,0,0,Pedro José Berrío,berrío,colombia,2,1,0,0,0,0
https://es.wikipedia.org/wiki/Pedro_Jos%C3%A9_de_Zavala_y_Bravo_del_Ribero,0,0,0,0,0,Pedro José de Zavala y Bravo del Ribero,de_la_puente,peru,0,0,0,0,0,0
https://es.wikipedia.org/wiki/Pedro_Justo_Berr%C3%ADo,0,0,0,0,0,Pedro Justo Berrío,berrío,colombia,0,0,0,0,0,0
https://es.wikipedia.org/wiki/Pedro_Lucas_de_Allende,1,0,0,0,0,Pedro Lucas de Allende,allende_argentina,argentina,1,1,0,0,0,0
https://es.wikipedia.org/wiki/Pedro_Luis_de_Borja,1,0,0,0,0,Pedro Luis de Borja,borja,colombia,1,1,0,0,0,0
https://es.wikipedia.org/wiki/Pedro_Manrique_de_Castilla,0,0,0,0,0,Pedro Manrique de Castilla,manrique,colombia,0,0,0,0,0,0
https://es.wikipedia.org/wiki/Pedro_Mar%C3%ADa_Carre%C3%B1o,0,0,0,0,0,Pedro María Carreño,carreño,colombia,0,0,0,0,0,0
https://es.wikipedia.org/wiki/Pedro_Montt,9,0,0,0,0,Pedro Montt,montt,chile,9,1,0,0,0,0
https://es.wikipedia.org/wiki/Pedro_Nel_Ospina,2,5,4,6,0,Pedro Nel Ospina,lleras,colombia,17,0.11764705882352941,0.29411764705882354,0.23529411764705882,0.35294117647058826,0
https://es.wikipedia.org/wiki/Pedro_Nel_Ospina_V%C3%A1squez,12,0,0,8,0,Pedro Nel Ospina,ospina,colombia,20,0.6,0,0,0.4,0
https://es.wikipedia.org/wiki/Pedro_Nolasco_Cruz_Vergara,0,0,0,0,0,Pedro Nolasco Cruz Vergara,cruz_chile,chile,0,0,0,0,0,0
https://es.wikipedia.org/wiki/Pedro_Pablo_Alayza_Tijero,0,0,0,0,0,Pedro Pablo Alayza Tijero,alayza,peru,0,0,0,0,0,0
https://es.wikipedia.org/wiki/Pedro_Pablo_Mujica_Carassa,0,0,0,0,0,Pedro Pablo Mujica Carassa,mujica,peru,0,0,0,0,0,0
https://es.wikipedia.org/wiki/Pedro_Pablo_Rosas_y_Belgrano,1,0,2,0,0,Pedro Rosas y Belgrano,belgrano,argentina,3,0.3333333333333333,0,0.6666666666666666,0,0
https://es.wikipedia.org/wiki/Pedro_Paz-Sold%C3%A1n_Ureta,0,0,0,0,0,Pedro Paz-Soldán Ureta,paz_soldán,peru,0,0,0,0,0,0
https://es.wikipedia.org/wiki/Pedro_Paz_Sold%C3%A1n_Ureta,2,0,0,0,0,Pedro Paz-Soldán Ureta,paz_soldán,peru,2,1,0,0,0,0
https://es.wikipedia.org/wiki/Pedro_Paz_Sold%C3%A1n_y_Unanue,2,0,0,0,0,Juan de Arona,paz_soldán,peru,2,1,0,0,0,0
https://es.wikipedia.org/wiki/Pedro_Podest%C3%A1,30,0,0,0,0,Pedro Podestá,podestá,argentina,30,1,0,0,0,0
https://es.wikipedia.org/wiki/Pedro_Rosas_y_Belgrano,2,0,2,0,0,Pedro Rosas y Belgrano,belgrano,argentina,4,0.5,0,0.5,0,0
https://es.wikipedia.org/wiki/Pedro_Subercaseaux,0,0,0,0,0,Pedro Subercaseaux,errázuriz,chile,0,0,0,0,0,0
https://es.wikipedia.org/wiki/Pedro_Vicu%C3%B1a,1,0,0,0,0,Pedro Vicuña,vicuña,chile,1,1,0,0,0,0
https://es.wikipedia.org/wiki/Pedro_Yrigoyen_Diez_Canseco,2,0,0,0,0,Pedro Yrigoyen Diez Canseco,diez_canseco,peru,2,1,0,0,0,0
https://es.wikipedia.org/wiki/Pedro_de_Cisternas,0,0,0,1,0,Pedro de Cisternas,cortés_de_monroy,chile,1,0,0,0,1,0
https://es.wikipedia.org/wiki/Pedro_de_Toledo_y_Leiva,2,0,0,0,0,Pedro de Toledo y Leiva,leyva,colombia,2,1,0,0,0,0
https://es.wikipedia.org/wiki/Pedro_de_Yrigoyen_y_Loyola,0,0,0,0,0,Pedro de Yrigoyen y Loyola,diez_canseco,peru,0,0,0,0,0,0
https://es.wikipedia.org/wiki/Pedro_del_Solar_C%C3%A1rdenas,0,0,0,0,0,Pedro del Solar Cárdenas,del_solar,peru,0,0,0,0,0,0
https://es.wikipedia.org/wiki/Pedropiedra,2,0,0,0,0,Pedropiedra,subercaseaux,chile,2,1,0,0,0,0
https://es.wikipedia.org/wiki/Pepe_Aguilar,20,0,0,0,0,Pepe Aguilar,aguilar,mexico,20,1,0,0,0,0
https://es.wikipedia.org/wiki/Pepe_V%C3%A1squez,0,0,0,0,0,Pepe Vásquez,vásquez,peru,0,0,0,0,0,0
https://es.wikipedia.org/wiki/Percy_Gibson,2,0,0,0,0,Percy Gibson,gibson,peru,2,1,0,0,0,0
https://es.wikipedia.org/wiki/Percy_Gibson_Parra,0,0,0,0,0,Percy Gibson Parra,gibson,peru,0,0,0,0,0,0
https://es.wikipedia.org/wiki/Petronila_Riquelme,0,0,0,0,0,Petronila Riquelme,cruz_chile,chile,0,0,0,0,0,0
https://es.wikipedia.org/wiki/Pilar_Brescia,0,0,0,0,0,Pilar Brescia,brescia,peru,0,0,0,0,0,0
https://es.wikipedia.org/wiki/Pilar_Casta%C3%B1o,6,0,0,0,0,Pilar Castaño,lópez,colombia,6,1,0,0,0,0
https://es.wikipedia.org/wiki/Pilar_de_la_Hidalga,0,0,0,0,0,Pilar de la Hidalga,garcía_icazbalceta,mexico,0,0,0,0,0,0
https://es.wikipedia.org/wiki/Pina_Bausch,0,0,0,0,0,Pina Bausch,parra_chile,chile,0,0,0,0,0,0
https://es.wikipedia.org/wiki/Pir%C3%AD_Lugones,0,0,0,0,0,Pirí Lugones,lugones,argentina,0,0,0,0,0,0
https://es.wikipedia.org/wiki/Plutarco_El%C3%ADas_Calles,2,0,0,0,0,Plutarco Elías Calles,elías-calles,mexico,2,1,0,0,0,0
https://es.wikipedia.org/wiki/Plutarco_El%C3%ADas_Calles_Chac%C3%B3n,2,0,0,0,0,Plutarco Elías Calles Chacón,elías-calles,mexico,2,1,0,0,0,0
https://es.wikipedia.org/wiki/Pocho_Rospigliosi,0,0,0,0,0,Pocho Rospigliosi,rospigliosi,peru,0,0,0,0,0,0
https://es.wikipedia.org/wiki/Polo_Lugones,4,0,0,0,0,Polo Lugones,lugones,argentina,4,1,0,0,0,0
https://es.wikipedia.org/wiki/Porfirio_D%C3%ADaz,12,0,0,0,0,Porfirio Díaz,díaz,mexico,12,1,0,0,0,0
https://es.wikipedia.org/wiki/Porfirio_D%C3%ADaz_Ortega,2,0,0,0,0,Porfirio Díaz Ortega,díaz,mexico,2,1,0,0,0,0
https://es.wikipedia.org/wiki/Porfirio_Mu%C3%B1oz_Ledo,0,0,0,0,0,Porfirio Muñoz Ledo,muñoz_ledo,mexico,0,0,0,0,0,0
https://es.wikipedia.org/wiki/Porfirio_Thierry_Mu%C3%B1oz_Ledo,0,0,0,0,0,Porfirio Thierry Muñoz Ledo,muñoz_ledo,mexico,0,0,0,0,0,0
https://es.wikipedia.org/wiki/Porfirio_V%C3%A1squez,1,0,0,0,0,Porfirio Vásquez,vásquez,peru,1,1,0,0,0,0
https://es.wikipedia.org/wiki/Prilidiano_Pueyrred%C3%B3n,0,0,0,0,0,Prilidiano Pueyrredón,pueyrredón,argentina,0,0,0,0,0,0
https://es.wikipedia.org/wiki/Primo_F._Villa_Michel,0,0,0,0,0,Primo F. Villa Michel,villa_michel,mexico,0,0,0,0,0,0
https://es.wikipedia.org/wiki/Primo_Groot,2,0,0,0,0,Primo Groot,groot,colombia,2,1,0,0,0,0
https://es.wikipedia.org/wiki/Primo_Villa_Michel,0,0,0,0,0,Primo Villa Michel,villa_michel,mexico,0,0,0,0,0,0
https://es.wikipedia.org/wiki/Prudencio_Lazcano_Echaurren,0,0,0,0,0,Prudencio Lazcano Echaurren,echaurren,chile,0,0,0,0,0,0
https://es.wikipedia.org/wiki/Prudencio_Ortiz_de_Rozas,0,2,0,0,0,Prudencio Rosas,ortiz_de_rozas,argentina,2,0,1,0,0,0
https://es.wikipedia.org/wiki/Prudencio_Rosas,0,0,0,0,0,Prudencio Rosas,ortiz_de_rozas,argentina,0,0,0,0,0,0
https://es.wikipedia.org/wiki/Quispe_Sisa,9,0,0,0,0,Quispe Sisa,pizarro,chile,9,1,0,0,0,0
https://es.wikipedia.org/wiki/Ra%C3%BAl_Baill%C3%A8res_Ch%C3%A1vez,0,0,0,0,0,Raúl Baillères Chávez,baillères,mexico,0,0,0,0,0,0
https://es.wikipedia.org/wiki/Ra%C3%BAl_Bar%C3%B3n_Biza,4,0,0,0,0,Raúl Barón Biza,sabattini,argentina,4,1,0,0,0,0
https://es.wikipedia.org/wiki/Ra%C3%BAl_Baron_Biza,4,0,0,0,0,Raúl Barón Biza,sabattini,argentina,4,1,0,0,0,0
https://es.wikipedia.org/wiki/Ra%C3%BAl_Bola%C3%B1os-Cacho_G%C3%BCendulain,0,0,0,0,0,Raúl Bolaños-Cacho Güendulain,bolaños_cacho,mexico,0,0,0,0,0,0
https://es.wikipedia.org/wiki/Ra%C3%BAl_Bola%C3%B1os_Cacho_Cu%C3%A9,0,0,0,0,0,Raúl Bolaños Cacho Cué,bolaños_cacho,mexico,0,0,0,0,0,0
https://es.wikipedia.org/wiki/Ra%C3%BAl_Bola%C3%B1os_Cacho_Guzm%C3%A1n,2,0,0,0,0,Raúl Bolaños Cacho Guzmán,bolaños_cacho,mexico,2,1,0,0,0,0
https://es.wikipedia.org/wiki/Ra%C3%BAl_Damonte_Taborda,2,0,0,0,0,Raúl Damonte Taborda,botana,argentina,2,1,0,0,0,0
https://es.wikipedia.org/wiki/Ra%C3%BAl_Edwards_Mac-Clure,0,0,0,0,0,Raúl Edwards Mac-Clure,edwards,chile,0,0,0,0,0,0
https://es.wikipedia.org/wiki/Ra%C3%BAl_Fajardo_Moreno,0,0,0,0,0,Raúl Fajardo Moreno,holguín,colombia,0,0,0,0,0,0
https://es.wikipedia.org/wiki/Ra%C3%BAl_Ferrero_Costa,0,0,0,0,0,Raúl Ferrero Costa,ferrero,peru,0,0,0,0,0,0
https://es.wikipedia.org/wiki/Ra%C3%BAl_Ferrero_Rebagliati,2,0,0,0,0,Raúl Ferrero Rebagliati,ferrero,peru,2,1,0,0,0,0
https://es.wikipedia.org/wiki/Ra%C3%BAl_Fontaina,0,0,0,0,0,Raúl Fontaina Islas,fontaina,uruguay,0,0,0,0,0,0
https://es.wikipedia.org/wiki/Ra%C3%BAl_Fontaina_D%27Oliveira,2,0,0,0,0,Raúl Fontaina D'Oliveira,fontaina,uruguay,2,1,0,0,0,0
https://es.wikipedia.org/wiki/Ra%C3%BAl_Fontaina_Islas,0,0,0,0,0,Raúl Fontaina Islas,fontaina,uruguay,0,0,0,0,0,0
https://es.wikipedia.org/wiki/Ra%C3%BAl_Isa%C3%ADas_Baduel,2,0,0,0,0,Raúl Isaías Baduel,baduel,venezuela,2,1,0,0,0,0
https://es.wikipedia.org/wiki/Ra%C3%BAl_Lorenzo_Batlle,0,0,0,0,0,Raúl Lorenzo Batlle,batlle,uruguay,0,0,0,0,0,0
https://es.wikipedia.org/wiki/Ra%C3%BAl_Madero,0,0,0,0,0,Raúl Madero,madero,mexico,0,0,0,0,0,0
https://es.wikipedia.org/wiki/Ra%C3%BAl_Rolando_Romero_Feris,0,0,0,0,0,Raúl Rolando Romero Feris,romero_feris,argentina,0,0,0,0,0,0
https://es.wikipedia.org/wiki/Ra%C3%BAl_Salinas_Lozano,2,0,0,0,0,Raúl Salinas Lozano,salinas,mexico,2,1,0,0,0,0
https://es.wikipedia.org/wiki/Ra%C3%BAl_Salinas_de_Gortari,1,0,0,0,0,Raúl Salinas de Gortari,salinas,mexico,1,1,0,0,0,0
https://es.wikipedia.org/wiki/Radomiro_Tomic,6,0,0,0,0,Radomiro Tomic,errázuriz,chile,6,1,0,0,0,0
https://es.wikipedia.org/wiki/Rafael_Ayala_y_Lozano,6,0,0,0,0,Rafael Ayala y Lozano,ayala,colombia,6,1,0,0,0,0
https://es.wikipedia.org/wiki/Rafael_Ballivi%C3%A1n,0,0,0,0,0,Rafael Ballivián,ballivián,bolivia,0,0,0,0,0,0
https://es.wikipedia.org/wiki/Rafael_Banquells,20,0,0,0,0,Rafael Banquells,pinal_hidalgo,mexico,20,1,0,0,0,0
https://es.wikipedia.org/wiki/Rafael_Batlle_Pacheco,2,0,0,0,0,Rafael Batlle Pacheco,batlle,uruguay,2,1,0,0,0,0
https://es.wikipedia.org/wiki/Rafael_Bela%C3%BAnde_Aubry,2,0,0,0,0,Rafael Belaúnde Aubry,belaúnde,peru,2,1,0,0,0,0
https://es.wikipedia.org/wiki/Rafael_Bela%C3%BAnde_Diez-Canseco,2,0,0,0,0,Rafael Belaúnde Diez-Canseco,belaúnde,peru,2,1,0,0,0,0
https://es.wikipedia.org/wiki/Rafael_Bela%C3%BAnde_Diez_Canseco,6,0,0,0,0,Rafael Belaúnde Diez-Canseco,belaúnde,peru,6,1,0,0,0,0
https://es.wikipedia.org/wiki/Rafael_Bela%C3%BAnde_Llosa,0,0,0,0,0,Rafael Belaúnde Llosa,belaúnde,peru,0,0,0,0,0,0
https://es.wikipedia.org/wiki/Rafael_Belaunde_Diez_Canseco,6,0,0,0,0,Rafael Belaúnde Diez-Canseco,belaúnde,peru,6,1,0,0,0,0
https://es.wikipedia.org/wiki/Rafael_Bielsa_%28jurista%29,0,0,0,2,0,Rafael Bielsa (jurista),bielsa,argentina,2,0,0,0,1,0
https://es.wikipedia.org/wiki/Rafael_Carranza_Hern%C3%A1ndez,0,0,0,0,0,Rafael Carranza Hernández,carranza,mexico,0,0,0,0,0,0
https://es.wikipedia.org/wiki/Rafael_Err%C3%A1zuriz_Echaurren,6,0,0,0,0,Rafael Errázuriz Echaurren,echaurren,chile,6,1,0,0,0,0
https://es.wikipedia.org/wiki/Rafael_Err%C3%A1zuriz_Urmeneta,0,0,0,0,0,Rafael Errázuriz Urmeneta,errázuriz,chile,0,0,0,0,0,0
https://es.wikipedia.org/wiki/Rafael_Garc%C3%ADa-Mansilla,1,0,0,0,0,Rafael García Mansilla,garcía-mansilla,argentina,1,1,0,0,0,0
https://es.wikipedia.org/wiki/Rafael_Garc%C3%ADa-_Mansilla,3,0,0,0,0,Rafael García Mansilla,garcía-mansilla,argentina,3,1,0,0,0,0
https://es.wikipedia.org/wiki/Rafael_Garc%C3%ADa_Mansilla,0,0,0,0,0,Rafael García Mansilla,garcía-mansilla,argentina,0,0,0,0,0,0
https://es.wikipedia.org/wiki/Rafael_Grau,0,0,0,0,0,Rafael Grau,grau,peru,0,0,0,0,0,0
https://es.wikipedia.org/wiki/Rafael_Guillermo_Urdaneta_Vargas,0,0,1,1,0,Rafael Urdaneta Vargas,parís,venezuela,2,0,0,0.5,0.5,0
https://es.wikipedia.org/wiki/Rafael_L%C3%B3pez_Ray%C3%B3n,0,0,0,0,0,Rafael López Rayón,lópez-rayón,mexico,0,0,0,0,0,0
https://es.wikipedia.org/wiki/Rafael_Larco_Herrera,0,0,0,0,0,Rafael Larco Herrera,larco,peru,0,0,0,0,0,0
https://es.wikipedia.org/wiki/Rafael_Larco_Hoyle,2,0,0,0,0,Rafael Larco Hoyle,larco,peru,2,1,0,0,0,0
https://es.wikipedia.org/wiki/Rafael_Loret_de_Mola,0,0,0,0,0,Rafael Loret de Mola,loret_de_mola,mexico,0,0,0,0,0,0
https://es.wikipedia.org/wiki/Rafael_Mallarino_Holgu%C3%ADn,0,0,0,0,0,Rafael Mallarino Holguín,holguín,colombia,0,0,0,0,0,0
https://es.wikipedia.org/wiki/Rafael_Mar%C3%ADa_Carrasquilla,0,0,0,0,0,Rafael María Carrasquilla,nariño,colombia,0,0,0,0,0,0
https://es.wikipedia.org/wiki/Rafael_Moreno_Valle_Rosas,0,0,0,0,0,Rafael Moreno Valle Rosas,moreno_valle,mexico,0,0,0,0,0,0
https://es.wikipedia.org/wiki/Rafael_Obligado,0,0,0,0,0,Rafael Obligado,obligado,argentina,0,0,0,0,0,0
https://es.wikipedia.org/wiki/Rafael_Pardo,1,0,2,0,0,Rafael Pardo,pardo,colombia,3,0.3333333333333333,0,0.6666666666666666,0,0
https://es.wikipedia.org/wiki/Rafael_Pardo_Rueda,1,0,0,0,0,Rafael Pardo,pardo,colombia,1,1,0,0,0,0
https://es.wikipedia.org/wiki/Rafael_Pombo,2,0,0,0,0,Rafael Pombo,o'donnell,colombia,2,1,0,0,0,0
https://es.wikipedia.org/wiki/Rafael_Roncagliolo,0,0,0,0,0,Rafael Roncagliolo,orbegoso,peru,0,0,0,0,0,0
https://es.wikipedia.org/wiki/Rafael_Santa_Cruz_%28artista%29,0,0,0,0,0,Rafael Santa Cruz (artista),santa_cruz,peru,0,0,0,0,0,0
https://es.wikipedia.org/wiki/Rafael_Santa_Cruz_%28torero%29,0,0,0,1,0,Rafael Santa Cruz (torero),santa_cruz,peru,1,0,0,0,1,0
https://es.wikipedia.org/wiki/Rafael_Santos_Calder%C3%B3n,0,0,0,0,0,Rafael Santos Calderón,calderón_colombia,colombia,0,0,0,0,0,0
https://es.wikipedia.org/wiki/Rafael_Urdaneta,6,1,6,3,0,Rafael Urdaneta,parís,venezuela,16,0.375,0.0625,0.375,0.1875,0
https://es.wikipedia.org/wiki/Rafael_Urdaneta_Vargas,0,0,0,1,0,Rafael Urdaneta Vargas,urdaneta,venezuela,1,0,0,0,1,0
https://es.wikipedia.org/wiki/Rafael_Zea,0,0,0,0,0,Rafael Zea,zea,colombia,0,0,0,0,0,0
https://es.wikipedia.org/wiki/Rafaela_L%C3%B3pez_Aguado_de_Ray%C3%B3n,20,0,0,0,0,Rafaela López Aguado de Rayón,lópez-rayón,mexico,20,1,0,0,0,0
https://es.wikipedia.org/wiki/Rafaela_de_Vera_Mujica_y_L%C3%B3pez_Pintado,0,0,0,0,0,Rafaela de Vera Mujica y López Pintado,otálora,argentina,0,0,0,0,0,0
https://es.wikipedia.org/wiki/Raimundo_Fern%C3%A1ndez_Villaverde,0,0,0,0,0,Raimundo Fernández Villaverde,carvajal_y_vargas,chile,0,0,0,0,0,0
https://es.wikipedia.org/wiki/Raimundo_Larra%C3%ADn_Covarrubias,0,0,0,0,0,Raimundo Larraín Covarrubias,valdés_chile,chile,0,0,0,0,0,0
https://es.wikipedia.org/wiki/Ram%C3%B3n_Allende,0,0,0,0,0,Ramón Allende,allende,chile,0,0,0,0,0,0
https://es.wikipedia.org/wiki/Ram%C3%B3n_Barros_Luco,2,0,0,0,0,Ramón Barros Luco,valdés_chile,chile,2,1,0,0,0,0
https://es.wikipedia.org/wiki/Ram%C3%B3n_Castilla,0,0,0,0,0,Ramón Castilla,diez_canseco,peru,0,0,0,0,0,0
https://es.wikipedia.org/wiki/Ram%C3%B3n_Eduardo_Saadi,0,0,0,0,0,Ramón Saadi,saadi,argentina,0,0,0,0,0,0
https://es.wikipedia.org/wiki/Ram%C3%B3n_Err%C3%A1zuriz,0,0,0,0,0,Ramón Errázuriz,errázuriz,chile,0,0,0,0,0,0
https://es.wikipedia.org/wiki/Ram%C3%B3n_Freire,10,0,0,0,0,Ramón Freire,freire,chile,10,1,0,0,0,0
https://es.wikipedia.org/wiki/Ram%C3%B3n_Freire_%28marino%29,0,0,0,0,0,Ramón Freire (marino),freire,peru,0,0,0,0,0,0
https://es.wikipedia.org/wiki/Ram%C3%B3n_Freire_Goytizolo,2,0,0,0,0,Ramón Freire (marino),freire,peru,2,1,0,0,0,0
https://es.wikipedia.org/wiki/Ram%C3%B3n_Freire_Serrano,9,0,0,0,0,Ramón Freire,freire,chile,9,1,0,0,0,0
https://es.wikipedia.org/wiki/Ram%C3%B3n_L%C3%B3pez_Ray%C3%B3n,0,0,0,0,0,Ramón López Rayón,lópez-rayón,mexico,0,0,0,0,0,0
https://es.wikipedia.org/wiki/Ram%C3%B3n_Maza,0,0,0,0,0,Ramón Maza,maza,argentina,0,0,0,0,0,0
https://es.wikipedia.org/wiki/Ram%C3%B3n_Mujica_Pinilla,0,0,0,0,0,Ramón Mujica Pinilla,mujica,peru,0,0,0,0,0,0
https://es.wikipedia.org/wiki/Ram%C3%B3n_Ribeyro,6,0,0,0,0,Ramón Ribeyro,ribeyro,peru,6,1,0,0,0,0
https://es.wikipedia.org/wiki/Ram%C3%B3n_Saadi,0,0,0,0,0,Ramón Saadi,saadi,argentina,0,0,0,0,0,0
https://es.wikipedia.org/wiki/Ram%C3%B3n_Santamarina,12,0,0,0,0,Ramón Santamarina,santamarina,argentina,12,1,0,0,0,0
https://es.wikipedia.org/wiki/Ram%C3%B3n_Subercaseaux_Mercado,2,6,6,6,0,Ramón Subercaseaux Mercado,errázuriz,chile,20,0.1,0.3,0.3,0.3,0
https://es.wikipedia.org/wiki/Ram%C3%B3n_Subercaseaux_Vicu%C3%B1a,16,0,0,0,0,Ramón Subercaseaux Vicuña,errázuriz,chile,16,1,0,0,0,0
https://es.wikipedia.org/wiki/Ram%C3%B3n_Vald%C3%A9s,0,0,0,0,0,Ramón Valdés,valdés,mexico,0,0,0,0,0,0
https://es.wikipedia.org/wiki/Ramón_Allende,0,0,0,0,0,Ramón Allende,allende,chile,0,0,0,0,0,0
https://es.wikipedia.org/wiki/Raquel_D%C3%ADaz,0,0,0,0,0,Shaul Guerrero,guerrero,mexico,0,0,0,0,0,0
https://es.wikipedia.org/wiki/Raquel_Se%C3%B1oret,0,0,0,0,0,Raquel Señoret,garcía-huidobro,chile,0,0,0,0,0,0
https://es.wikipedia.org/wiki/Raul_Salinas_Lozano,4,0,0,0,0,Raúl Salinas Lozano,salinas,mexico,4,1,0,0,0,0
https://es.wikipedia.org/wiki/Raymundo_Morales_de_la_Torre,0,0,0,0,0,Raymundo Morales de la Torre,benavides_perú,peru,0,0,0,0,0,0
https://es.wikipedia.org/wiki/Raymundo_Riva_Palacio,0,0,0,0,0,Raymundo Riva Palacio,riva_palacio,mexico,0,0,0,0,0,0
https://es.wikipedia.org/wiki/Rebeca_Matte,12,0,0,0,0,Rebeca Matte,bello,chile,12,1,0,0,0,0
https://es.wikipedia.org/wiki/Rebeca_Matte_Bello,2,0,0,0,0,Rebeca Matte,bello,chile,2,1,0,0,0,0
https://es.wikipedia.org/wiki/Rebecca_Jones,0,0,0,0,0,Rebecca Jones,fuentes_berain,mexico,0,0,0,0,0,0
https://es.wikipedia.org/wiki/Regina_Pacini,0,0,0,0,0,Regina Pacini,alvear,argentina,0,0,0,0,0,0
https://es.wikipedia.org/wiki/Remigio_Morales_Berm%C3%BAdez,2,0,0,0,0,Remigio Morales Bermúdez,llosa,peru,2,1,0,0,0,0
https://es.wikipedia.org/wiki/Remigio_Morales_Berm%C3%BAdez_Pedraglio,2,0,0,0,0,Remigio Morales Bermúdez Pedraglio,morales_bermúdez,peru,2,1,0,0,0,0
https://es.wikipedia.org/wiki/Remigio_Morales_Berm%C3%BAdez_S%C3%A1nchez,0,0,1,1,0,Remigio Morales Bermúdez Sánchez,llosa,peru,2,0,0,0.5,0.5,0
https://es.wikipedia.org/wiki/Ren%C3%A9_Benavides,0,0,0,0,0,René Benavides,benavides_chile,chile,0,0,0,0,0,0
https://es.wikipedia.org/wiki/Renato_Cisneros,0,0,0,0,0,Renato Cisneros,cisneros,peru,0,0,0,0,0,0
https://es.wikipedia.org/wiki/Renzo_Costa,0,0,1,0,0,Renzo Costa,acuña,peru,1,0,0,1,0,0
https://es.wikipedia.org/wiki/Ricardo_Bent%C3%ADn_Mujica,0,0,0,0,0,Ricardo Bentín Mujica,mujica,peru,0,0,0,0,0,0
https://es.wikipedia.org/wiki/Ricardo_Bent%C3%ADn_S%C3%A1nchez,2,0,0,0,0,Ricardo Bentín Sánchez,mujica,peru,2,1,0,0,0,0
https://es.wikipedia.org/wiki/Ricardo_Carrasquilla,0,0,0,0,0,Ricardo Carrasquilla,nariño,colombia,0,0,0,0,0,0
https://es.wikipedia.org/wiki/Ricardo_Flores_Mag%C3%B3n,2,0,0,0,0,Ricardo Flores Magón,flores_magón,mexico,2,1,0,0,0,0
https://es.wikipedia.org/wiki/Ricardo_G%C3%BCiraldes,0,0,0,0,0,Ricardo Güiraldes,güiraldes,argentina,0,0,0,0,0,0
https://es.wikipedia.org/wiki/Ricardo_Jaxa-Malachowski_Benavides,0,0,0,0,0,Ricardo Jaxa-Malachowski Benavides,benavides_perú,peru,0,0,0,0,0,0
https://es.wikipedia.org/wiki/Ricardo_Le%C3%B3n_Velarde,2,0,0,0,0,Ricardo León Velarde,león-velarde,peru,2,1,0,0,0,0
https://es.wikipedia.org/wiki/Ricardo_Matte_P%C3%A9rez,0,0,0,0,0,Ricardo Matte Pérez,matte,chile,0,0,0,0,0,0
https://es.wikipedia.org/wiki/Ricardo_Ortiz_de_Zevallos_y_Tagle,6,0,0,0,0,Ricardo Ortiz de Zevallos y Tagle,del_solar,peru,6,1,0,0,0,0
https://es.wikipedia.org/wiki/Ricardo_Portocarrero_Caicedo,0,0,0,0,0,Ricardo Portocarrero Caicedo,soublette,colombia,0,0,0,0,0,0
https://es.wikipedia.org/wiki/Ricardo_Salas_Edwards,0,0,0,0,0,Ricardo Salas Edwards,edwards,chile,0,0,0,0,0,0
https://es.wikipedia.org/wiki/Ricardo_Seminario_y_Arambur%C3%BA,0,0,0,0,0,Ricardo Seminario y Aramburú,seminario,peru,0,0,0,0,0,0
https://es.wikipedia.org/wiki/Ricardo_Vald%C3%A9s_Bustamante,0,0,0,0,0,Ricardo Valdés Bustamante,valdés_chile,chile,0,0,0,0,0,0
https://es.wikipedia.org/wiki/Ricardo_Vicu%C3%B1a,2,0,0,0,0,Ricardo Vicuña,vicuña,chile,2,1,0,0,0,0
https://es.wikipedia.org/wiki/Ricardo_de_Jaxa_Malachowski,0,0,0,0,0,Ricardo de Jaxa Malachowski,benavides_perú,peru,0,0,0,0,0,0
https://es.wikipedia.org/wiki/Richard_Acu%C3%B1a,6,0,0,0,0,Richard Acuña,acuña,peru,6,1,0,0,0,0
https://es.wikipedia.org/wiki/Rigny,0,0,0,0,0,Rigny,zea,colombia,0,0,0,0,0,0
https://es.wikipedia.org/wiki/Rita_Hayworth,0,0,0,0,0,Rita Hayworth,lópez_negrete,mexico,0,0,0,0,0,0
https://es.wikipedia.org/wiki/Rito_Antonio_Mart%C3%ADnez_G%C3%B3mez,0,0,0,0,0,Rito Martínez Gómez,martínez-silva,colombia,0,0,0,0,0,0
https://es.wikipedia.org/wiki/Rito_Mart%C3%ADnez_G%C3%B3mez,0,0,0,0,0,Rito Martínez Gómez,martínez-silva,colombia,0,0,0,0,0,0
https://es.wikipedia.org/wiki/Robert_Duvall,0,0,0,0,0,Robert Duvall,billinghurst,argentina,0,0,0,0,0,0
https://es.wikipedia.org/wiki/Roberto_%C3%81lvarez_Calder%C3%B3n_Rey,0,0,0,0,0,Roberto Álvarez Calderón Rey,álvarez_calderón,peru,0,0,0,0,0,0
https://es.wikipedia.org/wiki/Roberto_Alemann,0,0,0,0,0,Roberto Alemann,alemann,argentina,0,0,0,0,0,0
https://es.wikipedia.org/wiki/Roberto_Angelini,0,0,0,1,0,Roberto Angelini,angelini,chile,1,0,0,0,1,0
https://es.wikipedia.org/wiki/Roberto_Camacho_Weberberg,0,0,0,0,0,Roberto Camacho Weberberg,camacho,colombia,0,0,0,0,0,0
https://es.wikipedia.org/wiki/Roberto_Celed%C3%B3n_Fern%C3%A1ndez,0,0,0,0,0,Roberto Celedón Fernández,bulnes,chile,0,0,0,0,0,0
https://es.wikipedia.org/wiki/Roberto_Drago_Maturo,0,0,0,0,0,Roberto Drago Maturo,drago,peru,0,0,0,0,0,0
https://es.wikipedia.org/wiki/Roberto_Edwards_Eastman,0,0,0,0,0,Roberto Edwards Eastman,edwards,chile,0,0,0,0,0,0
https://es.wikipedia.org/wiki/Roberto_G%C3%B3mez_Bola%C3%B1os,2,0,0,0,0,Roberto Gómez Bolaños,bolaños_cacho,mexico,2,1,0,0,0,0
https://es.wikipedia.org/wiki/Roberto_G%C3%B3mez_Fern%C3%A1ndez,6,0,0,0,0,Roberto Gómez Fernández,bolaños_cacho,mexico,6,1,0,0,0,0
https://es.wikipedia.org/wiki/Roberto_Garret%C3%B3n,0,0,0,0,0,Roberto Garretón,garretón,chile,0,0,0,0,0,0
https://es.wikipedia.org/wiki/Roberto_Garza_Sada,2,0,0,0,0,Roberto Garza Sada,garza_sada,mexico,2,1,0,0,0,0
https://es.wikipedia.org/wiki/Roberto_Guzm%C3%A1n_Montt,0,0,0,0,0,Roberto Guzmán Montt,montt,chile,0,0,0,0,0,0
https://es.wikipedia.org/wiki/Roberto_Matta,2,0,2,0,0,Roberto Matta,echaurren,chile,4,0.5,0,0.5,0,0
https://es.wikipedia.org/wiki/Roberto_Noble,0,0,0,0,0,Roberto Noble,noble,argentina,0,0,0,0,0,0
https://es.wikipedia.org/wiki/Roberto_Pizano,0,0,0,0,0,Roberto Pizano,brigard,colombia,0,0,0,0,0,0
https://es.wikipedia.org/wiki/Roberto_Rocca,1,0,2,0,0,Roberto Rocca,rocca,argentina,3,0.3333333333333333,0,0.6666666666666666,0,0
https://es.wikipedia.org/wiki/Roberto_Thieme,0,0,0,0,0,Roberto Thieme,pinochet,chile,0,0,0,0,0,0
https://es.wikipedia.org/wiki/Roberto_Urdaneta,2,0,2,0,0,Roberto Urdaneta,caro,colombia,4,0.5,0,0.5,0,0
https://es.wikipedia.org/wiki/Roberto_Urdaneta_Arbel%C3%A1ez,0,0,0,2,0,Roberto Urdaneta,urdaneta,colombia,2,0,0,0,1,0
https://es.wikipedia.org/wiki/Roberto_Urdaneta_G%C3%B3mez_%28militar%29,0,0,0,0,0,Roberto Urdaneta Gómez (militar),urdaneta,colombia,0,0,0,0,0,0
https://es.wikipedia.org/wiki/Roc%C3%ADo_Banquells,2,0,0,0,0,Rocío Banquells,pinal_hidalgo,mexico,2,1,0,0,0,0
https://es.wikipedia.org/wiki/Roc%C3%ADo_Silva-Santisteban,2,0,0,0,0,Rocío Silva-Santisteban,silva_santisteban,peru,2,1,0,0,0,0
https://es.wikipedia.org/wiki/Rodolfo_D%27Onofrio,1,0,0,0,0,Rodolfo D'Onofrio,yoma,argentina,1,1,0,0,0,0
https://es.wikipedia.org/wiki/Rodrigo_Borja_Cevallos,0,0,0,0,0,Rodrigo Borja Cevallos,borja,ecuador,0,0,0,0,0,0
https://es.wikipedia.org/wiki/Rodrigo_Casta%C3%B1o,2,0,0,0,0,Rodrigo Castaño,lópez,colombia,2,1,0,0,0,0
https://es.wikipedia.org/wiki/Rodrigo_Lloreda,0,2,0,0,0,Rodrigo Lloreda Caicedo,caicedo,colombia,2,0,1,0,0,0
https://es.wikipedia.org/wiki/Rodrigo_Lloreda_Caicedo,6,0,0,0,0,Rodrigo Lloreda Caicedo,cabal,colombia,6,1,0,0,0,0
https://es.wikipedia.org/wiki/Rodrigo_Ni%C3%B1o_Zapata,0,0,0,0,0,Rodrigo Niño Zapata,niño,colombia,0,0,0,0,0,0
https://es.wikipedia.org/wiki/Rodrigo_Obreg%C3%B3n,2,0,0,0,0,Rodrigo Obregón,obregón,colombia,2,1,0,0,0,0
https://es.wikipedia.org/wiki/Rodrigo_Wainraihgt,0,0,0,0,0,Rodrigo Wainraihgt,kast,chile,0,0,0,0,0,0
https://es.wikipedia.org/wiki/Rodulfo_Amando_Philippi,0,0,0,0,0,Rodulfo Amando Philippi,philippi,chile,0,0,0,0,0,0
https://es.wikipedia.org/wiki/Rogelio_Frigerio_%28nieto%29,0,0,0,0,0,Rogelio Frigerio (nieto),frigerio,argentina,0,0,0,0,0,0
https://es.wikipedia.org/wiki/Rogelio_Guerra,0,0,0,0,0,Rogelio Guerra,aguilar,mexico,0,0,0,0,0,0
https://es.wikipedia.org/wiki/Rogelio_Julio_Frigerio,0,0,0,0,0,Rogelio Julio Frigerio,frigerio,argentina,0,0,0,0,0,0
https://es.wikipedia.org/wiki/Roger_C%C3%A1ceres_P%C3%A9rez,0,0,0,0,0,Roger Cáceres Pérez,cáceres_velásquez,peru,0,0,0,0,0,0
https://es.wikipedia.org/wiki/Rollin_Thorne_Sologuren,0,0,0,0,0,Rollin Thorne Sologuren,thorne,peru,0,0,0,0,0,0
https://es.wikipedia.org/wiki/Romina_Ricci,0,0,0,0,0,Romina Ricci,pueyrredón,argentina,0,0,0,0,0,0
https://es.wikipedia.org/wiki/Romina_Yan,2,0,0,0,0,Romina Yan,yankelevich,argentina,2,1,0,0,0,0
https://es.wikipedia.org/wiki/Romy_Schmidt,0,0,0,0,0,Romy Schmidt,schmidt,chile,0,0,0,0,0,0
https://es.wikipedia.org/wiki/Ronald_Kay,2,0,0,0,0,Ronald Kay,parra_chile,chile,2,1,0,0,0,0
https://es.wikipedia.org/wiki/Roque_Benavides,0,0,0,0,0,Roque Benavides,benavides_perú,peru,0,0,0,0,0,0
https://es.wikipedia.org/wiki/Roque_Benavides_Ganoza,0,0,0,0,0,Roque Benavides,benavides_perú,peru,0,0,0,0,0,0
https://es.wikipedia.org/wiki/Roque_S%C3%A1enz_Pe%C3%B1a,0,0,0,0,0,Roque Sáenz Peña,sáenz_peña,argentina,0,0,0,0,0,0
https://es.wikipedia.org/wiki/Rosa_Borja_de_Icaza,0,0,0,0,0,Rosa Borja de Icaza,borja,ecuador,0,0,0,0,0,0
https://es.wikipedia.org/wiki/Rosa_Boz%C3%A1n,0,0,0,0,0,Rosa Bozán,podestá,uruguay,0,0,0,0,0,0
https://es.wikipedia.org/wiki/Rosa_Clotilde_Sabattini,9,0,0,0,0,Rosa Clotilde Sabattini,sabattini,argentina,9,1,0,0,0,0
https://es.wikipedia.org/wiki/Rosa_Ester_Rodr%C3%ADguez_Velasco,2,4,2,8,0,Rosa Rodríguez (primera dama),morandé,chile,16,0.125,0.25,0.125,0.5,0
https://es.wikipedia.org/wiki/Rosa_Gra%C3%B1a_Garland,0,0,0,0,0,Rosa Graña Garland,graña,peru,0,0,0,0,0,0
https://es.wikipedia.org/wiki/Rosa_Markmann_Reijer,0,0,1,0,0,Rosa Markmann,videla,chile,1,0,0,1,0,0
https://es.wikipedia.org/wiki/Rosa_Merino,0,0,0,0,0,Rosa Merino,arenas,peru,0,0,0,0,0,0
https://es.wikipedia.org/wiki/Rosa_N%C3%BA%C3%B1ez,1,0,0,0,0,Rosa Núñez,acuña,peru,1,1,0,0,0,0
https://es.wikipedia.org/wiki/Rosa_Pedraglio,2,0,0,0,0,Rosa Pedraglio,morales_bermúdez,peru,2,1,0,0,0,0
https://es.wikipedia.org/wiki/Rosa_Rodr%C3%ADguez_%28primera_dama%29,12,0,0,8,0,Rosa Rodríguez (primera dama),velasco_chile,chile,20,0.6,0,0,0.4,0
https://es.wikipedia.org/wiki/Rosa_Vicu%C3%B1a,0,0,0,0,0,Rosa Vicuña,vicuña,chile,0,0,0,0,0,0
https://es.wikipedia.org/wiki/Rosal%C3%ADa_Juli%C3%A1n,2,0,0,0,0,Rosalía Julián,valdés,mexico,2,1,0,0,0,0
https://es.wikipedia.org/wiki/Rosal%C3%ADa_Vald%C3%A9s,2,0,0,0,0,Rosalía Valdés,valdés,mexico,2,1,0,0,0,0
https://es.wikipedia.org/wiki/Rosario_Garza_Sada,0,0,0,0,0,Rosario Garza Sada,garza_sada,mexico,0,0,0,0,0,0
https://es.wikipedia.org/wiki/Rosario_Montt,12,0,0,0,0,Rosario Montt,montt,chile,12,1,0,0,0,0
https://es.wikipedia.org/wiki/Rosario_Montt_Goyenechea,8,0,0,0,0,Rosario Montt,montt,chile,8,1,0,0,0,0
https://es.wikipedia.org/wiki/Rosario_Puga,2,0,0,0,0,Rosario Puga,cruz_chile,chile,2,1,0,0,0,0
https://es.wikipedia.org/wiki/Rosario_Pumarejo,16,0,0,0,0,Rosario Pumarejo,lópez,colombia,16,1,0,0,0,0
https://es.wikipedia.org/wiki/Rose_Kennedy,2,0,0,0,0,Rose Kennedy,onassis,argentina,2,1,0,0,0,0
https://es.wikipedia.org/wiki/Rosenda_Monteros,0,0,0,0,0,Rosenda Monteros,bracho,mexico,0,0,0,0,0,0
https://es.wikipedia.org/wiki/Rosin%C3%A9s_Ch%C3%A1vez,4,0,0,0,0,Rosinés Chávez,chávez,venezuela,4,1,0,0,0,0
https://es.wikipedia.org/wiki/Rosita_Pelayo,0,0,0,0,0,Rosita Pelayo,pinal_hidalgo,mexico,0,0,0,0,0,0
https://es.wikipedia.org/wiki/Rub%C3%A9n_Vargas_Ugarte,0,0,0,0,0,Rubén Vargas Ugarte,ugarte,peru,0,0,0,0,0,0
https://es.wikipedia.org/wiki/Rudecindo_Roca,0,0,1,1,0,Rudecindo Roca,paz,argentina,2,0,0,0.5,0.5,0
https://es.wikipedia.org/wiki/Rudecindo_Rojo,0,0,0,0,0,Rudecindo Rojo,rojo,argentina,0,0,0,0,0,0
https://es.wikipedia.org/wiki/Rudy_Ventura,0,0,0,0,0,Rudy Ventura,bichir,mexico,0,0,0,0,0,0
https://es.wikipedia.org/wiki/Rufina_Cambaceres,2,0,0,0,0,Rufina Cambaceres,cambaceres,argentina,2,1,0,0,0,0
https://es.wikipedia.org/wiki/Rufino_Cuervo,6,0,0,0,0,Rufino Cuervo,cuervo,colombia,6,1,0,0,0,0
https://es.wikipedia.org/wiki/Rufino_Cuervo_Barreto,2,0,0,0,0,Rufino Cuervo,cuervo,colombia,2,1,0,0,0,0
https://es.wikipedia.org/wiki/Rufino_Jos%C3%A9_Cuervo,1,0,0,0,0,Rufino José Cuervo,cuervo,colombia,1,1,0,0,0,0
https://es.wikipedia.org/wiki/Rufino_Torrico,0,0,0,0,0,Rufino Torrico,torrico,peru,0,0,0,0,0,0
https://es.wikipedia.org/wiki/Sabina_de_Iturbide_y_Huarte,0,0,0,0,0,Sabina de Iturbide y Huarte,iturbide,mexico,0,0,0,0,0,0
https://es.wikipedia.org/wiki/Sabino_Vaca_Narvaja,0,0,0,0,0,Sabino Vaca Narvaja,vaca_narvaja,argentina,0,0,0,0,0,0
https://es.wikipedia.org/wiki/Sabrina_Farji,0,0,0,0,0,Sabrina Farji,awada,argentina,0,0,0,0,0,0
https://es.wikipedia.org/wiki/Salom%C3%B3n_Gonz%C3%A1lez_Blanco,0,0,0,0,0,Salomón González Blanco,ortiz_mena,mexico,0,0,0,0,0,0
https://es.wikipedia.org/wiki/Salvador_Abascal_Infante,2,0,0,0,0,Salvador Abascal Infante,carranza,mexico,2,1,0,0,0,0
https://es.wikipedia.org/wiki/Salvador_Alberdi,0,0,0,0,0,Salvador Alberdi,aráoz,argentina,0,0,0,0,0,0
https://es.wikipedia.org/wiki/Salvador_Allende,12,0,0,0,0,Salvador Allende,allende,chile,12,1,0,0,0,0
https://es.wikipedia.org/wiki/Salvador_Allende_Castro,16,0,0,0,0,Salvador Allende Castro,allende,chile,16,1,0,0,0,0
https://es.wikipedia.org/wiki/Salvador_Allende_Gossens,3,0,0,0,0,Salvador Allende,allende,chile,3,1,0,0,0,0
https://es.wikipedia.org/wiki/Salvador_Camacho_Rold%C3%A1n,0,0,0,0,0,Salvador Camacho Roldán,camacho,colombia,0,0,0,0,0,0
https://es.wikipedia.org/wiki/Salvador_Guerrero,0,0,0,0,0,Salvador Guerrero,guerrero,mexico,0,0,0,0,0,0
https://es.wikipedia.org/wiki/Salvador_Mar%C3%ADa_del_Carril,0,0,0,0,0,Salvador María del Carril,del_carril,argentina,0,0,0,0,0,0
https://es.wikipedia.org/wiki/Salvador_Sanfuentes,1,0,0,0,0,Salvador Sanfuentes,sanfuentes,chile,1,1,0,0,0,0
https://es.wikipedia.org/wiki/Salvador_Sanfuentes_Torres,2,0,0,0,0,Salvador Sanfuentes,sanfuentes,chile,2,1,0,0,0,0
https://es.wikipedia.org/wiki/Salvador_de_Iturbide_y_Huarte,1,0,0,0,0,Salvador de Iturbide y Huarte,iturbide,mexico,1,1,0,0,0,0
https://es.wikipedia.org/wiki/Salvador_de_Iturbide_y_Marz%C3%A1n,0,0,0,0,0,Salvador de Iturbide y Marzán,iturbide,mexico,0,0,0,0,0,0
https://es.wikipedia.org/wiki/Salvador_del_Solar,0,0,0,0,0,Salvador del Solar,del_solar,peru,0,0,0,0,0,0
https://es.wikipedia.org/wiki/Salvadora_Medina_Onrubia,0,0,0,0,0,Salvadora Medina Onrubia,botana,argentina,0,0,0,0,0,0
https://es.wikipedia.org/wiki/Samuel_Moreno,2,0,0,0,0,Samuel Moreno,rojas,colombia,2,1,0,0,0,0
https://es.wikipedia.org/wiki/Samuel_Moreno_D%C3%ADaz,12,0,0,0,0,Samuel Moreno Díaz,rojas,colombia,12,1,0,0,0,0
https://es.wikipedia.org/wiki/Samuel_Moreno_Rojas,2,0,0,0,0,Samuel Moreno,rojas,colombia,2,1,0,0,0,0
https://es.wikipedia.org/wiki/Samuel_Yankelevich,2,0,0,0,0,Samuel Yankelevich,yankelevich,argentina,2,1,0,0,0,0
https://es.wikipedia.org/wiki/Sandra_O%27Ryan,0,0,0,1,0,Sandra O'Ryan,di_girolamo,chile,1,0,0,0,1,0
https://es.wikipedia.org/wiki/Sandro_Mari%C3%A1tegui,2,0,0,0,0,Sandro Mariátegui,mariátegui,peru,2,1,0,0,0,0
https://es.wikipedia.org/wiki/Sandro_Mari%C3%A1tegui_Chiappe,1,0,0,0,0,Sandro Mariátegui,mariátegui,peru,1,1,0,0,0,0
https://es.wikipedia.org/wiki/Santiago_Alarc%C3%B3n,0,0,0,0,0,Santiago Alarcón,navia,colombia,0,0,0,0,0,0
https://es.wikipedia.org/wiki/Santiago_Albarrac%C3%ADn,0,0,0,0,0,Santiago Albarracín,rojo,argentina,0,0,0,0,0,0
https://es.wikipedia.org/wiki/Santiago_Alberto_de_Estrada,0,0,0,0,0,Santiago Alberto de Estrada,estrada,argentina,0,0,0,0,0,0
https://es.wikipedia.org/wiki/Santiago_Ant%C3%BAnez_de_Mayolo,6,0,0,0,0,Santiago Antúnez de Mayolo,antúnez,peru,6,1,0,0,0,0
https://es.wikipedia.org/wiki/Santiago_Ant%C3%BAnez_de_Mayolo_Rynning,2,0,0,0,0,Santiago Antúnez de Mayolo Rynning,antúnez,peru,2,1,0,0,0,0
https://es.wikipedia.org/wiki/Santiago_Arroyo_y_Valencia,0,0,0,0,0,Santiago Arroyo y Valencia,arroyo,colombia,0,0,0,0,0,0
https://es.wikipedia.org/wiki/Santiago_Betbeder,0,0,0,0,0,Santiago Betbeder,avellaneda,argentina,0,0,0,0,0,0
https://es.wikipedia.org/wiki/Santiago_Cafiero,0,0,0,0,0,Santiago Cafiero,cafiero,argentina,0,0,0,0,0,0
https://es.wikipedia.org/wiki/Santiago_Cueto_Caballero,2,0,0,0,0,Santiago Cueto Caballero,cueto_caballero,peru,2,1,0,0,0,0
https://es.wikipedia.org/wiki/Santiago_Eder,0,0,0,0,0,Santiago Eder,eder,colombia,0,0,0,0,0,0
https://es.wikipedia.org/wiki/Santiago_M%C3%A1rquez_Zorrilla,0,0,0,0,0,Santiago Márquez Zorrilla,rincón,peru,0,0,0,0,0,0
https://es.wikipedia.org/wiki/Santiago_Mart%C3%ADnez_Delgado,0,0,0,0,0,Santiago Martínez Delgado,mallarino,colombia,0,0,0,0,0,0
https://es.wikipedia.org/wiki/Santiago_Montt_Albano,0,0,0,0,0,Santiago Montt Albano,montt,chile,0,0,0,0,0,0
https://es.wikipedia.org/wiki/Santiago_Mutis,0,0,0,0,0,Santiago Mutis,mutis,colombia,0,0,0,0,0,0
https://es.wikipedia.org/wiki/Santiago_P%C3%A9rez_Manosalva,0,0,0,0,0,Santiago Pérez Manosalva,lleras,colombia,0,0,0,0,0,0
https://es.wikipedia.org/wiki/Santiago_P%C3%A9rez_Triana,0,0,0,0,0,Santiago Pérez Triana,lleras,colombia,0,0,0,0,0,0
https://es.wikipedia.org/wiki/Santiago_Rivadavia,1,0,0,0,0,Santiago Rivadavia,otálora,argentina,1,1,0,0,0,0
https://es.wikipedia.org/wiki/Santiago_Roncagliolo,0,0,0,0,0,Santiago Roncagliolo,orbegoso,peru,0,0,0,0,0,0
https://es.wikipedia.org/wiki/Santiago_Sierra_M%C3%A9ndez,0,0,0,0,0,Santiago Sierra Méndez,sierra_méndez,mexico,0,0,0,0,0,0
https://es.wikipedia.org/wiki/Santiago_Uribe_V%C3%A9lez,0,0,0,0,0,Santiago Uribe Vélez,uribe,colombia,0,0,0,0,0,0
https://es.wikipedia.org/wiki/Santiago_de_Err%C3%A1zuriz_Madariaga,0,0,0,0,0,Santiago de Errázuriz Madariaga,errázuriz,chile,0,0,0,0,0,0
https://es.wikipedia.org/wiki/Santiago_de_Estrada,0,0,0,0,0,Santiago de Estrada,estrada,argentina,0,0,0,0,0,0
https://es.wikipedia.org/wiki/Santiago_de_Liniers,0,0,0,0,0,Santiago de Liniers,o'gorman,argentina,0,0,0,0,0,0
https://es.wikipedia.org/wiki/Santos_D%C3%ADaz_de_Vald%C3%A9s_Carrera,0,0,0,0,0,Santos Díaz de Valdés Carrera,valdés_chile,chile,0,0,0,0,0,0
https://es.wikipedia.org/wiki/Sara_Gallardo,2,0,0,0,0,Sara Gallardo,gallardo,argentina,2,1,0,0,0,0
https://es.wikipedia.org/wiki/Sara_P%C3%A9rez_Romero,0,0,0,0,0,Sara Pérez Romero,madero,mexico,0,0,0,0,0,0
https://es.wikipedia.org/wiki/Sara_del_Campo_Y%C3%A1var,0,0,1,0,0,Sara del Campo,montt,chile,1,0,0,1,0,0
https://es.wikipedia.org/wiki/Sarah_Jessica_Parker,0,0,0,0,0,Sarah Jessica Parker,onassis,argentina,0,0,0,0,0,0
https://es.wikipedia.org/wiki/Sasha_Montenegro,0,0,0,0,0,Sasha Montenegro,lópez-portillo,mexico,0,0,0,0,0,0
https://es.wikipedia.org/wiki/Saturnina_Burgos,0,0,0,0,0,Saturnina Burgos,lópez_carrillo,paraguay,0,0,0,0,0,0
https://es.wikipedia.org/wiki/Saturnino_Segurola,0,0,0,0,0,Saturnino Segurola,segurola,argentina,0,0,0,0,0,0
https://es.wikipedia.org/wiki/Scipi%C3%B3n_Llona,0,0,0,0,0,Scipión Llona,llona,peru,0,0,0,0,0,0
https://es.wikipedia.org/wiki/Sebasti%C3%A1n_Borensztein,2,0,0,0,0,Sebastián Borensztein,borensztein,argentina,2,1,0,0,0,0
https://es.wikipedia.org/wiki/Sebasti%C3%A1n_D%C3%A1valos,1,0,1,0,0,Sebastián Dávalos,bachelet,chile,2,0.5,0,0.5,0,0
https://es.wikipedia.org/wiki/Sebasti%C3%A1n_Pi%C3%B1era,0,0,1,1,0,Sebastián Piñera,echenique,chile,2,0,0,0.5,0.5,0
https://es.wikipedia.org/wiki/Sebasti%C3%A1n_Salazar_Bondy,0,0,0,0,0,Sebastián Salazar Bondy,salazar_y_meléndez,peru,0,0,0,0,0,0
https://es.wikipedia.org/wiki/Sebasti%C3%A1n_Zurita,2,0,0,0,0,Sebastián Zurita,pinal_hidalgo,mexico,2,1,0,0,0,0
https://es.wikipedia.org/wiki/Sebasti%C3%A1n_de_Aliaga_y_Colmenares,2,0,0,0,0,Sebastián de Aliaga y Colmenares,aliaga,peru,2,1,0,0,0,0
https://es.wikipedia.org/wiki/Sebasti%C3%A1n_de_Segurola,0,0,0,0,0,Sebastián de Segurola,segurola,argentina,0,0,0,0,0,0
https://es.wikipedia.org/wiki/Segundo_Cernadas,0,0,0,0,0,Segundo Cernadas,neyra,argentina,0,0,0,0,0,0
https://es.wikipedia.org/wiki/Segundo_Pomar,0,0,0,0,0,Segundo Pomar,podestá,argentina,0,0,0,0,0,0
https://es.wikipedia.org/wiki/Segundo_Roca,12,0,4,4,1,Segundo Roca,paz,argentina,21,0.5714285714285714,0,0.19047619047619047,0.19047619047619047,0.047619047619047616
https://es.wikipedia.org/wiki/Serafina_Quinteras,0,0,0,0,0,Serafina Quinteras,varela,peru,0,0,0,0,0,0
https://es.wikipedia.org/wiki/Serapio_de_Tezanos_Pinto,0,0,0,1,0,Serapio de Tezanos Pinto,pinto_chile,argentina,1,0,0,0,1,0
https://es.wikipedia.org/wiki/Sergio_Arboleda,1,0,0,0,0,Sergio Arboleda,arboleda,colombia,1,1,0,0,0,0
https://es.wikipedia.org/wiki/Sergio_Bitar,2,0,0,0,0,Sergio Bitar,bitar,chile,2,1,0,0,0,0
https://es.wikipedia.org/wiki/Sergio_Fajardo,2,0,0,0,0,Sergio Fajardo,holguín,colombia,2,1,0,0,0,0
https://es.wikipedia.org/wiki/Sergio_Freire,0,0,0,0,0,Sergio Freire,freire,chile,0,0,0,0,0,0
https://es.wikipedia.org/wiki/Sergio_Saavedra_Viollier,0,0,0,0,0,Sergio Saavedra,velasco_chile,chile,0,0,0,0,0,0
https://es.wikipedia.org/wiki/Shakira,2,0,0,0,0,Shakira,de_la_rúa,colombia,2,1,0,0,0,0
https://es.wikipedia.org/wiki/Shantall,0,0,0,0,0,Shantall,oneto,peru,0,0,0,0,0,0
https://es.wikipedia.org/wiki/Shaul_Guerrero,4,0,0,0,0,Shaul Guerrero,guerrero,mexico,4,1,0,0,0,0
https://es.wikipedia.org/wiki/Siad_Char,0,0,0,0,0,Siad Char,char,colombia,0,0,0,0,0,0
https://es.wikipedia.org/wiki/Sigrid_Alegr%C3%ADa,0,1,1,1,0,Sigrid Alegría,portales,chile,3,0,0.3333333333333333,0.3333333333333333,0.3333333333333333,0
https://es.wikipedia.org/wiki/Silvestre_Ochagav%C3%ADa_Echaurren,0,0,0,0,0,Silvestre Ochagavía Echaurren,echaurren,chile,0,0,0,0,0,0
https://es.wikipedia.org/wiki/Silvestre_Ochagav%C3%ADa_Err%C3%A1zuriz,0,0,0,0,0,Silvestre Ochagavía Errázuriz,echaurren,chile,0,0,0,0,0,0
https://es.wikipedia.org/wiki/Silvestre_Revueltas,0,0,0,0,0,Silvestre Revueltas,revueltas_sánchez,mexico,0,0,0,0,0,0
https://es.wikipedia.org/wiki/Silvia_Alessandri,0,0,0,0,0,Silvia Alessandri,morandé,chile,0,0,0,0,0,0
https://es.wikipedia.org/wiki/Silvia_Derbez,6,0,0,0,0,Silvia Derbez,derbez,mexico,6,1,0,0,0,0
https://es.wikipedia.org/wiki/Silvia_Eugenia_Derbez,0,0,0,0,0,Silvia Eugenia Derbez,derbez,mexico,0,0,0,0,0,0
https://es.wikipedia.org/wiki/Silvia_Galvis,2,0,0,0,0,Silvia Galvis,galvis_galavís,colombia,2,1,0,0,0,0
https://es.wikipedia.org/wiki/Silvia_Martorell,0,0,0,0,0,Silvia Martorell,illia,argentina,0,0,0,0,0,0
https://es.wikipedia.org/wiki/Silvia_N%C3%BA%C3%B1ez_del_Arco,0,0,0,0,0,Silvia Núñez del Arco,santiago_concha,peru,0,0,0,0,0,0
https://es.wikipedia.org/wiki/Silvia_Pinal,30,0,0,0,0,Silvia Pinal,pinal_hidalgo,mexico,30,1,0,0,0,0
https://es.wikipedia.org/wiki/Silvia_Sapag,0,0,0,0,0,Silvia Sapag,sapag,argentina,0,0,0,0,0,0
https://es.wikipedia.org/wiki/Silvina_Ocampo,0,0,0,0,0,Silvina Ocampo,ocampo,argentina,0,0,0,0,0,0
https://es.wikipedia.org/wiki/Sim%C3%B3n_Arboleda,1,0,0,0,0,Simón Arboleda,arboleda,colombia,1,1,0,0,0,0
https://es.wikipedia.org/wiki/Sim%C3%B3n_Bol%C3%ADvar,0,12,0,0,4,Simón Bolívar,bolívar,colombia,16,0,0.75,0,0,0.25
https://es.wikipedia.org/wiki/Sim%C3%B3n_Gonz%C3%A1lez_Restrepo,0,0,0,0,0,Simón González Restrepo,restrepo,colombia,0,0,0,0,0,0
https://es.wikipedia.org/wiki/Sim%C3%B3n_O%27Leary_Soublette,0,0,0,0,0,Simón O'Leary Soublette,ospina,venezuela,0,0,0,0,0,0
https://es.wikipedia.org/wiki/Sim%C3%B3n_Pesutic,0,0,0,0,0,Simón Pešutić,pinto_chile,chile,0,0,0,0,0,0
https://es.wikipedia.org/wiki/Sim%C3%B3n_de_Iriondo,0,0,0,0,0,Simón de Iriondo,candioti,argentina,0,0,0,0,0,0
https://es.wikipedia.org/wiki/Simona_de_Sucre_Bravo,0,0,0,0,0,Simona de Sucre Bravo,sucre,ecuador,0,0,0,0,0,0
https://es.wikipedia.org/wiki/Sixto_Villegas,1,0,0,0,0,Sixto Villegas,villegas,argentina,1,1,0,0,0,0
https://es.wikipedia.org/wiki/Sof%C3%ADa_Garc%C3%ADa,0,0,0,1,0,Sofía García,di_girolamo,chile,1,0,0,0,1,0
https://es.wikipedia.org/wiki/Sof%C3%ADa_Mosquera_de_Arboleda,12,0,0,0,0,Sofía Mosquera de Arboleda,arboleda,colombia,12,1,0,0,0,0
https://es.wikipedia.org/wiki/Sof%C3%ADa_Ospina_de_Navarro,1,0,0,0,0,Sofía Ospina de Navarro,ospina,colombia,1,1,0,0,0,0
https://es.wikipedia.org/wiki/Sof%C3%ADa_Petro,0,0,0,0,0,Sofía Petro,petro,colombia,0,0,0,0,0,0
https://es.wikipedia.org/wiki/Sof%C3%ADa_Reca,0,0,0,0,0,Sofía Reca,yankelevich,argentina,0,0,0,0,0,0
https://es.wikipedia.org/wiki/Sof%C3%ADa_Vergara,0,0,0,0,0,Sofía Vergara,vergara-azcárate,colombia,0,0,0,0,0,0
https://es.wikipedia.org/wiki/Soledad_Acosta_de_Samper,6,0,0,0,0,Soledad Acosta de Samper,samper,colombia,6,1,0,0,0,0
https://es.wikipedia.org/wiki/Soledad_Alonso,0,0,0,0,0,Soledad Alonso,vicuña,chile,0,0,0,0,0,0
https://es.wikipedia.org/wiki/Soledad_Orozco,0,0,0,0,0,Soledad Orozco,ávila_camacho,mexico,0,0,0,0,0,0
https://es.wikipedia.org/wiki/Sonia_Infante,0,0,0,0,0,Sonia Infante,pinal_hidalgo,mexico,0,0,0,0,0,0
https://es.wikipedia.org/wiki/Sonia_Oquendo,2,0,0,0,0,Sonia Oquendo,pinasco,peru,2,1,0,0,0,0
https://es.wikipedia.org/wiki/Sonia_Osorio,6,0,0,0,0,Sonia Osorio,obregón,colombia,6,1,0,0,0,0
https://es.wikipedia.org/wiki/Sophia_Vari,0,0,0,0,0,Sophia Vari,zea,colombia,0,0,0,0,0,0
https://es.wikipedia.org/wiki/Squillace,0,0,0,0,0,Squillace,borja,colombia,0,0,0,0,0,0
https://es.wikipedia.org/wiki/Stavros_Niarchos,0,0,0,0,0,Stavros Niarchos,onassis,argentina,0,0,0,0,0,0
https://es.wikipedia.org/wiki/Stefano_Salvini,6,0,0,0,0,Stefano Salvini,alarco,peru,6,1,0,0,0,0
https://es.wikipedia.org/wiki/Stephanie_Salas,6,0,0,0,0,Stephanie Salas,pinal_hidalgo,mexico,6,1,0,0,0,0
https://es.wikipedia.org/wiki/Sully_S%C3%A1enz,0,0,0,1,0,Sully Sáenz,vértiz,peru,1,0,0,0,1,0
https://es.wikipedia.org/wiki/Susana_Correa,0,0,0,0,0,Susana Correa,borrero,colombia,0,0,0,0,0,0
https://es.wikipedia.org/wiki/Susana_Dosamantes,0,0,0,0,0,Susana Dosamantes,dosamantes_rul,mexico,0,0,0,0,0,0
https://es.wikipedia.org/wiki/Susana_Ferrari_Billinghurst,0,0,0,0,0,Susana Ferrari Billinghurst,billinghurst,argentina,0,0,0,0,0,0
https://es.wikipedia.org/wiki/Susana_Freydoz,6,0,0,0,0,Susana Freydoz,soria,argentina,6,1,0,0,0,0
https://es.wikipedia.org/wiki/Susana_Higuchi,6,0,0,0,0,Susana Higuchi,fujimori,peru,6,1,0,0,0,0
https://es.wikipedia.org/wiki/Susana_L%C3%B3pez_Navia,4,0,0,0,0,Susana López de Valencia,laserna,colombia,4,1,0,0,0,0
https://es.wikipedia.org/wiki/Susana_L%C3%B3pez_de_Valencia,2,0,0,0,0,Susana López de Valencia,laserna,colombia,2,1,0,0,0,0
https://es.wikipedia.org/wiki/Susana_Lugones,0,0,0,0,0,Pirí Lugones,lugones,argentina,0,0,0,0,0,0
https://es.wikipedia.org/wiki/Susana_Villar%C3%A1n,0,0,0,0,0,Susana Villarán,lavalle,peru,0,0,0,0,0,0
https://es.wikipedia.org/wiki/Susana_de_la_Puente_Wiese,0,0,0,0,0,Susana de la Puente Wiese,lavalle,peru,0,0,0,0,0,0
https://es.wikipedia.org/wiki/Sybila_Arredondo,0,6,3,3,0,Sybila Arredondo,bustamante,chile,12,0,0.5,0.25,0.25,0
https://es.wikipedia.org/wiki/Sylvia_Pasquel,6,0,0,0,0,Sylvia Pasquel,pinal_hidalgo,mexico,6,1,0,0,0,0
https://es.wikipedia.org/wiki/Sylvia_Soublette,4,0,0,0,0,Sylvia Soublette,subercaseaux,chile,4,1,0,0,0,0
https://es.wikipedia.org/wiki/Tadea_Gonz%C3%A1lez_Manrique,20,0,0,0,0,Tadea González Manrique,álvarez_del_casal,colombia,20,1,0,0,0,0
https://es.wikipedia.org/wiki/Tadea_Lozano_de_Peralta,0,2,0,0,0,Tadea Lozano e Isasi,lozano,colombia,2,0,1,0,0,0
https://es.wikipedia.org/wiki/Tadea_Lozano_e_Isasi,0,0,0,0,0,Tadea Lozano e Isasi,lozano,colombia,0,0,0,0,0,0
https://es.wikipedia.org/wiki/Tadeo_Acu%C3%B1a,1,0,0,0,0,Tadeo Acuña,acuña_argentina,argentina,1,1,0,0,0,0
https://es.wikipedia.org/wiki/Tadeo_Vergara,0,0,0,0,0,Tadeo Vergara,sanz_de_santamaría,colombia,0,0,0,0,0,0
https://es.wikipedia.org/wiki/Taira_Court,2,0,0,0,0,Taira Court,concha_chile,chile,2,1,0,0,0,0
https://es.wikipedia.org/wiki/Taliana_Vargas,0,0,1,1,0,Taliana Vargas,caicedo,colombia,2,0,0,0.5,0.5,0
https://es.wikipedia.org/wiki/Talina_Fern%C3%A1ndez,2,0,0,0,0,Talina Fernández,fernández_veraud,mexico,2,1,0,0,0,0
https://es.wikipedia.org/wiki/Tamara_Falc%C3%B3,1,0,0,0,0,Tamara Falcó,vargas_llosa,peru,1,1,0,0,0,0
https://es.wikipedia.org/wiki/Tancredo_Pinochet,0,0,0,0,0,Tancredo Pinochet,pinochet,chile,0,0,0,0,0,0
https://es.wikipedia.org/wiki/Tancredo_Pinochet_LeBrun,0,0,0,0,0,Tancredo Pinochet,pinochet,chile,0,0,0,0,0,0
https://es.wikipedia.org/wiki/Tatiana_Santo_Domingo,0,0,1,1,0,Tatiana Santo Domingo,pumarejo,colombia,2,0,0,0.5,0.5,0
https://es.wikipedia.org/wiki/Tatiana_Schlossberg,1,0,0,0,0,Tatiana Schlossberg,onassis,argentina,1,1,0,0,0,0
https://es.wikipedia.org/wiki/Tato_Bores,2,0,0,0,0,Tato Bores,borensztein,argentina,2,1,0,0,0,0
https://es.wikipedia.org/wiki/Tato_Romero_Feris,1,0,0,0,0,Raúl Rolando Romero Feris,romero_feris,argentina,1,1,0,0,0,0
https://es.wikipedia.org/wiki/Te%C3%B3filo_S%C3%A1nchez_de_Bustamante,0,0,0,0,0,Teófilo Sánchez de Bustamante,sánchez_de_bustamante,argentina,0,0,0,0,0,0
https://es.wikipedia.org/wiki/Te%C3%B3filo_Sa%C3%A1,0,0,0,0,0,Teófilo Saá,saá,argentina,0,0,0,0,0,0
https://es.wikipedia.org/wiki/Tel%C3%A9maco_Orihuela,2,0,0,0,0,Telémaco Orihuela,orihuela,peru,2,1,0,0,0,0
https://es.wikipedia.org/wiki/Teodoro_Elmore,2,0,0,0,0,Teodoro Elmore,elmore,peru,2,1,0,0,0,0
https://es.wikipedia.org/wiki/Teodoro_Flores,6,0,0,0,0,Teodoro Flores,flores_magón,mexico,6,1,0,0,0,0
https://es.wikipedia.org/wiki/Teodoro_Schmidt_Quezada,0,0,0,0,0,Teodoro Schmidt Quezada,schmidt,chile,0,0,0,0,0,0
https://es.wikipedia.org/wiki/Teodoro_Schmidt_Weichsel,2,0,0,0,0,Teodoro Schmidt Weichsel,schmidt,chile,2,1,0,0,0,0
https://es.wikipedia.org/wiki/Teresa_Carre%C3%B1o,0,0,1,1,0,Teresa Carreño,carreño,venezuela,2,0,0,0.5,0.5,0
https://es.wikipedia.org/wiki/Teresa_Cuervo_Borda,0,0,0,0,0,Teresa Cuervo Borda,cuervo,colombia,0,0,0,0,0,0
https://es.wikipedia.org/wiki/Teresa_Hales,0,0,0,0,0,Teresa Hales,hales,chile,0,0,0,0,0,0
https://es.wikipedia.org/wiki/Teresa_L%C3%B3pez_Bustamante,0,0,0,0,0,Teresa López Bustamante,urdaneta,venezuela,0,0,0,0,0,0
https://es.wikipedia.org/wiki/Teresa_Lozano_e_Isasi,2,0,2,2,0,Teresa Lozano e Isasi,ayala,colombia,6,0.3333333333333333,0,0.3333333333333333,0.3333333333333333,0
https://es.wikipedia.org/wiki/Teresa_Mar%C3%ADa_Llona,0,0,0,0,0,Teresa María Llona,llona,peru,0,0,0,0,0,0
https://es.wikipedia.org/wiki/Teresa_Marinovic,0,0,0,0,0,Teresa Marinovic,vial,chile,0,0,0,0,0,0
https://es.wikipedia.org/wiki/Teresa_Morales_de_G%C3%B3mez,0,0,0,0,0,Teresa Morales de Gómez,barrientos,colombia,0,0,0,0,0,0
https://es.wikipedia.org/wiki/Teresa_Piossek_Prebisch,0,0,0,0,0,Teresa Piossek Prebisch,prebisch,argentina,0,0,0,0,0,0
https://es.wikipedia.org/wiki/Teresa_Tanco_Cordovez_de_Herrera,0,0,0,0,0,Teresa Tanco de Herrera,cordovéz,colombia,0,0,0,0,0,0
https://es.wikipedia.org/wiki/Teresa_Tanco_de_Herrera,0,0,0,0,0,Teresa Tanco de Herrera,cordovéz,colombia,0,0,0,0,0,0
https://es.wikipedia.org/wiki/Teresa_Vicu%C3%B1a,0,0,0,0,0,Teresa Vicuña,vicuña,chile,0,0,0,0,0,0
https://es.wikipedia.org/wiki/Thal%C3%ADa,2,0,0,0,0,Thalía,díaz_ordaz,mexico,2,1,0,0,0,0
https://es.wikipedia.org/wiki/Thania_Vega,6,0,0,0,0,Thania Vega,vega,colombia,6,1,0,0,0,0
https://es.wikipedia.org/wiki/Tiago_Correa,0,0,1,0,0,Tiago Correa,allamand,chile,1,0,0,1,0,0
https://es.wikipedia.org/wiki/Tiburcia_Haedo,0,0,0,0,0,Tiburcia Haedo,paz,argentina,0,0,0,0,0,0
https://es.wikipedia.org/wiki/Tilsa_Lozano,0,0,0,1,0,Tilsa Lozano,vértiz,argentina,1,0,0,0,1,0
https://es.wikipedia.org/wiki/Tita_Parra,0,0,0,0,0,Tita Parra,parra_chile,chile,0,0,0,0,0,0
https://es.wikipedia.org/wiki/Tlapalizquixochtzin,0,0,0,0,0,Tlapalizquixochtzin,moctezuma,mexico,0,0,0,0,0,0
https://es.wikipedia.org/wiki/Tolita_Figueroa,0,0,0,0,0,Tolita Figueroa,mateos,mexico,0,0,0,0,0,0
https://es.wikipedia.org/wiki/Tom%C3%A1s_Cipriano_de_Mosquera,1,0,0,0,0,Tomás Cipriano de Mosquera,arboleda,colombia,1,1,0,0,0,0
https://es.wikipedia.org/wiki/Tom%C3%A1s_Garc%C3%ADa_de_Z%C3%BA%C3%B1iga,0,0,0,0,0,Tomás García de Zúñiga,garcía_de_zúñiga,argentina,0,0,0,0,0,0
https://es.wikipedia.org/wiki/Tom%C3%A1s_Herr%C3%A1n,0,0,0,0,0,Tomás Herrán,arboleda,colombia,0,0,0,0,0,0
https://es.wikipedia.org/wiki/Tom%C3%A1s_Joaqu%C3%ADn_de_Anchorena,0,0,0,0,0,Tomás Joaquín de Anchorena,anchorena,argentina,0,0,0,0,0,0
https://es.wikipedia.org/wiki/Tom%C3%A1s_Jos%C3%A9_Sanabria_y_Mele%C3%A1n,0,0,0,0,0,Tomás José Sanabria y Meleán,toro_venezuela,venezuela,0,0,0,0,0,0
https://es.wikipedia.org/wiki/Tom%C3%A1s_Kast,2,0,0,0,0,Tomás Kast,kast,chile,2,1,0,0,0,0
https://es.wikipedia.org/wiki/Tom%C3%A1s_O%27Gorman,0,0,0,0,0,Tomás O'Gorman,o'gorman,argentina,0,0,0,0,0,0
https://es.wikipedia.org/wiki/Tom%C3%A1s_Prieto_de_Salazar,0,0,0,0,0,Tomás Prieto de Salazar,ricaurte,colombia,0,0,0,0,0,0
https://es.wikipedia.org/wiki/Tom%C3%A1s_Rueda_Vargas,0,0,0,0,0,Tomás Rueda Vargas,caro,colombia,0,0,0,0,0,0
https://es.wikipedia.org/wiki/Tom%C3%A1s_Uribe,2,0,0,0,0,Tomás Uribe,uribe,colombia,2,1,0,0,0,0
https://es.wikipedia.org/wiki/Tom%C3%A1s_Yankelevich,6,0,0,0,0,Tomás Yankelevich,yankelevich,argentina,6,1,0,0,0,0
https://es.wikipedia.org/wiki/Tom%C3%A1s_de_Allende,0,0,0,0,0,Tomás de Allende,allende_argentina,argentina,0,0,0,0,0,0
https://es.wikipedia.org/wiki/Tomasa_Carbo_y_Noboa,0,0,0,0,0,Tomasa Carbo y Noboa,noboa,ecuador,0,0,0,0,0,0
https://es.wikipedia.org/wiki/Tomasa_Francisca_de_la_Quintana,0,2,0,0,7,Tomasa de la Quintana,escalada,argentina,9,0,0.2222222222222222,0,0,0.7777777777777778
https://es.wikipedia.org/wiki/Tomasa_de_la_Quintana,4,1,3,4,0,Tomasa de la Quintana,san_martín,argentina,12,0.3333333333333333,0.08333333333333333,0.25,0.3333333333333333,0
https://es.wikipedia.org/wiki/Tomasa_de_la_Quintana_y_Aoiz,1,6,6,3,0,Tomasa de la Quintana,balcarce,argentina,16,0.0625,0.375,0.375,0.1875,0
https://es.wikipedia.org/wiki/Tommy_Mottola,0,0,1,1,0,Tommy Mottola,díaz_ordaz,mexico,2,0,0,0.5,0.5,0
https://es.wikipedia.org/wiki/Torcuato_Di_Tella,2,0,0,0,0,Torcuato Di Tella,di_tella,argentina,2,1,0,0,0,0
https://es.wikipedia.org/wiki/Torcuato_Di_Tella_%28hijo%29,0,0,0,0,0,Torcuato Di Tella (hijo),di_tella,argentina,0,0,0,0,0,0
https://es.wikipedia.org/wiki/Torcuato_de_Alvear,9,0,0,0,0,Torcuato de Alvear,alvear,argentina,9,1,0,0,0,0
https://es.wikipedia.org/wiki/Toribio_Alarco,0,0,0,0,0,Toribio Alarco,alarco,peru,0,0,0,0,0,0
https://es.wikipedia.org/wiki/Tot%C3%B3n_Podest%C3%A1,2,0,0,0,0,Totón Podestá,podestá,argentina,2,1,0,0,0,0
https://es.wikipedia.org/wiki/Trinidad_Gonz%C3%A1lez_Balcarce,2,0,0,0,0,Trinidad González Balcarce,balcarce,argentina,2,1,0,0,0,0
https://es.wikipedia.org/wiki/Trist%C3%A1n_Matta,0,0,0,0,0,Tristán Matta,matta,chile,0,0,0,0,0,0
https://es.wikipedia.org/wiki/Tulio_Febres-Cordero,0,0,0,0,0,Tulio Febres-Cordero,febres-cordero,venezuela,0,0,0,0,0,0
https://es.wikipedia.org/wiki/Tulio_Hern%C3%A1ndez_G%C3%B3mez,2,0,0,0,0,Tulio Hernández Gómez,pinal_hidalgo,mexico,2,1,0,0,0,0
https://es.wikipedia.org/wiki/Tulio_Ospina,8,0,0,0,0,Tulio Ospina,ospina,colombia,8,1,0,0,0,0
https://es.wikipedia.org/wiki/Tulio_Ospina_P%C3%A9rez,1,0,0,0,0,Tulio Ospina Pérez,ospina,colombia,1,1,0,0,0,0
https://es.wikipedia.org/wiki/Tulio_Ospina_V%C3%A1squez,25,0,0,0,0,Tulio Ospina,ospina,colombia,25,1,0,0,0,0
https://es.wikipedia.org/wiki/Ulises_Humala,0,0,0,0,0,Ulises Humala,humala,peru,0,0,0,0,0,0
https://es.wikipedia.org/wiki/Urbano_de_Iriondo,1,0,0,0,0,Urbano de Iriondo,candioti,argentina,1,1,0,0,0,0
https://es.wikipedia.org/wiki/Usuario%3ALamder/Taller,0,0,0,0,0,Usuario:Lamder/Taller,polar,peru,0,0,0,0,0,0
https://es.wikipedia.org/wiki/V%C3%ADctor_Andr%C3%A9s_Bela%C3%BAnde,0,0,0,0,0,Víctor Andrés Belaúnde,belaúnde,peru,0,0,0,0,0,0
https://es.wikipedia.org/wiki/V%C3%ADctor_Andr%C3%A9s_Bela%C3%BAnde_Diez_Canseco,4,0,0,0,0,Víctor Andrés Belaúnde,belaúnde,peru,4,1,0,0,0,0
https://es.wikipedia.org/wiki/V%C3%ADctor_Andr%C3%A9s_Belaunde,2,0,0,0,0,Víctor Andrés Belaúnde,belaúnde,peru,2,1,0,0,0,0
https://es.wikipedia.org/wiki/V%C3%ADctor_Andr%C3%A9s_Garc%C3%ADa-Bela%C3%BAnde_Velarde,0,0,0,0,0,Víctor García-Belaúnde Velarde,belaúnde,peru,0,0,0,0,0,0
https://es.wikipedia.org/wiki/V%C3%ADctor_Andr%C3%A9s_Garc%C3%ADa_Bela%C3%BAnde,6,0,0,0,0,Víctor Andrés García Belaúnde,belaúnde,peru,6,1,0,0,0,0
https://es.wikipedia.org/wiki/V%C3%ADctor_Castro_Iglesias,0,0,0,0,0,Víctor Castro Iglesias,castro_taboada,peru,0,0,0,0,0,0
https://es.wikipedia.org/wiki/V%C3%ADctor_Eguiguren_Escudero,2,0,0,0,0,Víctor Eguiguren Escudero,eguiguren,peru,2,1,0,0,0,0
https://es.wikipedia.org/wiki/V%C3%ADctor_Emilio_Estrada,4,0,0,0,0,Victor Emilio Estrada,estrada_ecuador,ecuador,4,1,0,0,0,0
https://es.wikipedia.org/wiki/V%C3%ADctor_Garc%C3%ADa-Bela%C3%BAnde_Velarde,0,0,0,0,0,Víctor García-Belaúnde Velarde,belaúnde,peru,0,0,0,0,0,0
https://es.wikipedia.org/wiki/V%C3%ADctor_Gonz%C3%A1lez_Herrera,0,0,0,0,0,Víctor González Herrera,gonzález_torres,mexico,0,0,0,0,0,0
https://es.wikipedia.org/wiki/V%C3%ADctor_Gonz%C3%A1lez_Torres,0,0,0,0,0,Víctor González Torres,gonzález_torres,mexico,0,0,0,0,0,0
https://es.wikipedia.org/wiki/Vadhir_Derbez,0,0,0,0,0,Vadhir Derbez,derbez,mexico,0,0,0,0,0,0
https://es.wikipedia.org/wiki/Valent%C3%ADn_Alsina,4,0,0,0,0,Valentín Alsina,maza,argentina,4,1,0,0,0,0
https://es.wikipedia.org/wiki/Valent%C3%ADn_G%C3%B3mez_Far%C3%ADas,0,0,0,0,0,Valentín Gómez Farías,gómez_farías,mexico,0,0,0,0,0,0
https://es.wikipedia.org/wiki/Valeria_Bringas,0,0,0,0,0,Valeria Bringas,lavalle,peru,0,0,0,0,0,0
https://es.wikipedia.org/wiki/Valeria_Valle,0,0,0,0,0,Valeria Valle,capriles,venezuela,0,0,0,0,0,0
https://es.wikipedia.org/wiki/Vanessa_Ciangherotti,0,0,0,1,0,Vanessa Ciangherotti,soler,mexico,1,0,0,0,1,0
https://es.wikipedia.org/wiki/Vania_Torres,0,0,0,0,0,Vania Torres,frayssinet,peru,0,0,0,0,0,0
https://es.wikipedia.org/wiki/Vannozza_Cattanei,20,0,0,0,0,Vannozza Cattanei,borja,colombia,20,1,0,0,0,0
https://es.wikipedia.org/wiki/Vasco_de_Contreras_y_Valverde,0,0,0,0,0,Vasco de Contreras y Valverde,de_valverde,peru,0,0,0,0,0,0
https://es.wikipedia.org/wiki/Venancio_L%C3%B3pez,6,0,0,0,0,Venancio López,lópez_carrillo,paraguay,6,1,0,0,0,0
https://es.wikipedia.org/wiki/Ventura_Garc%C3%ADa_Calder%C3%B3n,0,0,0,0,0,Ventura García Calderón,garcía_calderón,peru,0,0,0,0,0,0
https://es.wikipedia.org/wiki/Venustiano_Carranza,6,0,0,0,0,Venustiano Carranza,carranza,mexico,6,1,0,0,0,0
https://es.wikipedia.org/wiki/Ver%C3%B3nica_Alcocer,1,0,0,0,0,Verónica Alcocer,petro,colombia,1,1,0,0,0,0
https://es.wikipedia.org/wiki/Ver%C3%B3nica_Castro,0,0,0,0,0,Verónica Castro,valdés,mexico,0,0,0,0,0,0
https://es.wikipedia.org/wiki/Ver%C3%B3nica_Wiese,0,0,0,0,0,Verónica Wiese,lavalle,peru,0,0,0,0,0,0
https://es.wikipedia.org/wiki/Vicente_Augier,0,0,0,0,0,Vicente Augier,augier,argentina,0,0,0,0,0,0
https://es.wikipedia.org/wiki/Vicente_Eguiguren_Riofr%C3%ADo,4,0,0,0,0,Vicente Eguiguren Riofrío,eguiguren,peru,4,1,0,0,0,0
https://es.wikipedia.org/wiki/Vicente_Holgu%C3%ADn,2,0,2,2,0,Vicente Holguín,arboleda,colombia,6,0.3333333333333333,0,0.3333333333333333,0.3333333333333333,0
https://es.wikipedia.org/wiki/Vicente_Huidobro,0,0,1,1,0,Vicente Huidobro,concha_chile,chile,2,0,0,0.5,0.5,0
https://es.wikipedia.org/wiki/Vicente_Ram%C3%B3n_Roca,2,0,0,0,0,Vicente Ramón Roca,roca_y_rodríguez,ecuador,2,1,0,0,0,0
https://es.wikipedia.org/wiki/Vicente_Riva_Palacio,0,0,0,0,0,Vicente Riva Palacio,riva_palacio,mexico,0,0,0,0,0,0
https://es.wikipedia.org/wiki/Vicente_Saadi,6,0,0,3,0,Vicente Saadi,saadi,argentina,9,0.6666666666666666,0,0,0.3333333333333333,0
https://es.wikipedia.org/wiki/Vicente_Sabatini,2,0,0,0,0,Vicente Sabatini,di_girolamo,chile,2,1,0,0,0,0
https://es.wikipedia.org/wiki/Vicente_Sanfuentes_%28m%C3%BAsico%29,0,0,0,0,0,Vicente Sanfuentes (músico),sanfuentes,chile,0,0,0,0,0,0
https://es.wikipedia.org/wiki/Vicente_de_Azcu%C3%A9naga,6,0,0,0,0,Vicente de Azcuénaga,azcuénaga,argentina,6,1,0,0,0,0
https://es.wikipedia.org/wiki/Vicente_de_la_Cruz,2,0,0,0,0,Vicente de la Cruz,cruz_chile,chile,2,1,0,0,0,0
https://es.wikipedia.org/wiki/Vickie_Guerrero,4,0,0,0,0,Vickie Guerrero,guerrero,mexico,4,1,0,0,0,0
https://es.wikipedia.org/wiki/Victor_Caro,0,0,1,1,0,Victor Caro,azuola,colombia,2,0,0,0.5,0.5,0
https://es.wikipedia.org/wiki/Victor_Emilio_Estrada,2,0,0,0,0,Victor Emilio Estrada,estrada_ecuador,ecuador,2,1,0,0,0,0
https://es.wikipedia.org/wiki/Victoria_Morales_Etchevers,2,0,0,0,0,Victoria Morales Etchevers,tohá,chile,2,1,0,0,0,0
https://es.wikipedia.org/wiki/Victoria_Ruffo,2,0,0,0,0,Victoria Ruffo,derbez,mexico,2,1,0,0,0,0
https://es.wikipedia.org/wiki/Victoria_Saravia,12,0,0,0,0,Victoria Saravia,saravia,uruguay,12,1,0,0,0,0
https://es.wikipedia.org/wiki/Victoria_Subercaseaux_Vicu%C3%B1a,0,2,3,3,4,Victoria Subercaseaux Vicuña,subercaseaux,chile,12,0,0.16666666666666666,0.25,0.25,0.3333333333333333
https://es.wikipedia.org/wiki/Victoria_Trist%C3%A1n_Flores,10,0,0,0,0,Victoria Tristán de Echenique,tristán_del_pozo,peru,10,1,0,0,0,0
https://es.wikipedia.org/wiki/Victoria_Trist%C3%A1n_de_Echenique,0,12,0,0,0,Victoria Tristán de Echenique,echenique,peru,12,0,1,0,0,0
https://es.wikipedia.org/wiki/Victorio_Garc%C3%ADa_de_Z%C3%BA%C3%B1iga,0,0,0,0,0,Victorio García de Zúñiga,garcía_de_zúñiga,argentina,0,0,0,0,0,0
https://es.wikipedia.org/wiki/Villanueva_Saravia,2,0,0,0,0,Villanueva Saravia,saravia,uruguay,2,1,0,0,0,0
https://es.wikipedia.org/wiki/Violeta_Correa,2,0,0,0,0,Violeta Correa,belaúnde,peru,2,1,0,0,0,0
https://es.wikipedia.org/wiki/Violeta_Parra,2,0,0,0,0,Violeta Parra,parra_chile,chile,2,1,0,0,0,0
https://es.wikipedia.org/wiki/Virgilio_Barco,2,0,0,0,0,Virgilio Barco,barco,colombia,2,1,0,0,0,0
https://es.wikipedia.org/wiki/Virgilio_Galvis,0,0,0,0,0,Virgilio Galvis,galvis_galavís,colombia,0,0,0,0,0,0
https://es.wikipedia.org/wiki/Virginia_Salinas,0,0,0,0,0,Virginia Salinas,carranza,mexico,0,0,0,0,0,0
https://es.wikipedia.org/wiki/Viridiana_Alatriste,6,0,0,0,0,Viridiana Alatriste,pinal_hidalgo,mexico,6,1,0,0,0,0
https://es.wikipedia.org/wiki/Vittorio_di_Girolamo,0,0,0,0,0,Vittorio di Girolamo,di_girolamo,chile,0,0,0,0,0,0
https://es.wikipedia.org/wiki/Viviana_Canosa,0,0,0,0,0,Viviana Canosa,borensztein,argentina,0,0,0,0,0,0
https://es.wikipedia.org/wiki/Vladimir_Cerr%C3%B3n,2,0,0,0,0,Vladimir Cerrón,cerrón,peru,2,1,0,0,0,0
https://es.wikipedia.org/wiki/Waldemar_Cerr%C3%B3n,2,0,0,0,0,Waldemar Cerrón,cerrón,peru,2,1,0,0,0,0
https://es.wikipedia.org/wiki/Waldemar_M%C3%A9ndez,0,0,0,0,0,Waldemar Méndez,subercaseaux,argentina,0,0,0,0,0,0
https://es.wikipedia.org/wiki/Walter_Villegas,0,0,0,0,0,Walter Villegas,villegas,argentina,0,0,0,0,0,0
https://es.wikipedia.org/wiki/Xicot%C3%A9ncatl_Leyva_Alem%C3%A1n,0,0,0,0,0,Xicoténcatl Leyva Alemán,alemán,mexico,0,0,0,0,0,0
https://es.wikipedia.org/wiki/Xicot%C3%A9ncatl_Leyva_Mortera,0,0,0,0,0,Xicoténcatl Leyva Mortera,alemán,mexico,0,0,0,0,0,0
https://es.wikipedia.org/wiki/Ximena_Morla_Lynch,2,0,0,0,0,Ximena Morla Lynch,vicuña,chile,2,1,0,0,0,0
https://es.wikipedia.org/wiki/Xiomy_Kanashiro,0,0,0,0,0,Xiomy Kanashiro,farfán,peru,0,0,0,0,0,0
https://es.wikipedia.org/wiki/Yaco_Eskenazi,6,0,0,0,0,Yaco Eskenazi,vértiz,peru,6,1,0,0,0,0
https://es.wikipedia.org/wiki/Yahaira_Plasencia,2,0,0,0,0,Yahaira Plasencia,farfán,peru,2,1,0,0,0,0
https://es.wikipedia.org/wiki/Yalena_J%C3%A1come,0,0,0,0,0,Yalena Jácome,pachón,colombia,0,0,0,0,0,0
https://es.wikipedia.org/wiki/Yesid_Reyes,0,0,0,0,0,Yesid Reyes,echandía,colombia,0,0,0,0,0,0
https://es.wikipedia.org/wiki/Yolanda_Ventura,6,0,0,0,0,Yolanda Ventura,bichir,mexico,6,1,0,0,0,0
https://es.wikipedia.org/wiki/Yvonne_Frayssinet,2,0,0,0,0,Yvonne Frayssinet,frayssinet,peru,2,1,0,0,0,0
https://es.wikipedia.org/wiki/Zen%C3%B3n_Freire_Caldera,6,0,0,0,0,Zenón Freire Caldera,freire,chile,6,1,0,0,0,0
https://es.wikipedia.org/wiki/Zen%C3%B3n_de_Pombo,0,0,0,0,0,Zenón de Pombo,o'donnell,colombia,0,0,0,0,0,0
https://es.wikipedia.org/wiki/Zulema_F%C3%A1tima_Yoma,20,0,0,0,0,Zulema Fátima Yoma,yoma,argentina,20,1,0,0,0,0
https://es.wikipedia.org/wiki/Zulema_Jattin,2,0,0,0,0,Zulema Jattin Corrales,jattin,colombia,2,1,0,0,0,0
https://es.wikipedia.org/wiki/Zulema_Jattin_Corrales,0,0,0,0,0,Zulema Jattin Corrales,jattin,colombia,0,0,0,0,0,0
https://es.wikipedia.org/wiki/Zulema_Mar%C3%ADa_Eva_Menem,4,0,0,0,0,Zulema Menem,yoma,argentina,4,1,0,0,0,0
https://es.wikipedia.org/wiki/Zulema_Menem,6,0,0,0,0,Zulema Menem,yoma,argentina,6,1,0,0,0,0
